cdr_id,case_id,caller_id,receiver_id,date_time,duration_seconds,tower_id,call_type
CDR_000001,FIR_0007,P040,P042,2026-02-16 14:32:00,476,TOWER_022,voice
CDR_000002,FIR_0012,P036,P005,2026-01-23 05:03:00,361,TOWER_025,sms
CDR_000003,FIR_0013,P014,P002,2026-04-26 05:48:00,237,TOWER_027,voice
CDR_000004,FIR_0005,P025,P032,2026-01-31 12:11:00,566,TOWER_023,sms
CDR_000005,FIR_0002,P054,P010,2026-04-04 03:13:00,703,TOWER_013,voice
CDR_000006,FIR_0003,P012,P051,2026-04-01 20:18:00,782,TOWER_030,voice
CDR_000007,FIR_0013,P060,P013,2026-01-16 11:14:00,403,TOWER_027,voice
CDR_000008,FIR_0013,P044,P004,2026-08-25 16:41:00,534,TOWER_024,voice
CDR_000009,FIR_0006,P009,P010,2026-08-13 19:54:00,281,TOWER_019,sms
CDR_000010,FIR_0015,P047,P035,2026-01-01 19:46:00,195,TOWER_023,voice
CDR_000011,FIR_0010,P048,P039,2026-05-18 19:36:00,597,TOWER_024,sms
CDR_000012,FIR_0015,P005,P036,2026-03-04 09:57:00,161,TOWER_023,sms
CDR_000013,FIR_0020,P043,P050,2026-02-21 01:07:00,604,TOWER_007,sms
CDR_000014,FIR_0030,P042,P054,2026-03-24 14:58:00,619,TOWER_002,sms
CDR_000015,FIR_0003,P042,P054,2026-05-07 19:12:00,58,TOWER_009,sms
CDR_000016,FIR_0018,P007,P022,2026-06-10 17:36:00,421,TOWER_029,sms
CDR_000017,FIR_0018,P034,P054,2026-02-17 18:14:00,762,TOWER_016,sms
CDR_000018,FIR_0003,P032,P053,2026-02-12 00:19:00,801,TOWER_007,voice
CDR_000019,FIR_0019,P048,P002,2026-03-10 11:18:00,597,TOWER_014,sms
CDR_000020,FIR_0028,P041,P005,2026-08-22 18:54:00,304,TOWER_019,sms
CDR_000021,FIR_0015,P013,P001,2026-03-14 06:24:00,365,TOWER_014,sms
CDR_000022,FIR_0014,P051,P036,2026-06-20 05:14:00,566,TOWER_009,voice
CDR_000023,FIR_0023,P033,P052,2026-06-29 00:27:00,722,TOWER_024,voice
CDR_000024,FIR_0004,P042,P038,2026-07-03 21:29:00,778,TOWER_020,sms
CDR_000025,FIR_0025,P051,P052,2026-07-22 09:57:00,841,TOWER_003,sms
CDR_000026,FIR_0020,P020,P028,2026-08-07 12:05:00,364,TOWER_006,sms
CDR_000027,FIR_0006,P053,P013,2026-04-03 04:54:00,688,TOWER_020,sms
CDR_000028,FIR_0019,P004,P051,2026-02-16 09:21:00,684,TOWER_030,voice
CDR_000029,FIR_0004,P050,P036,2026-01-22 07:43:00,580,TOWER_019,sms
CDR_000030,FIR_0004,P050,P049,2026-08-13 23:35:00,340,TOWER_006,voice
CDR_000031,FIR_0022,P056,P012,2026-07-10 16:19:00,265,TOWER_019,voice
CDR_000032,FIR_0014,P007,P052,2026-05-07 16:42:00,189,TOWER_011,voice
CDR_000033,FIR_0012,P044,P009,2026-05-22 04:15:00,107,TOWER_018,voice
CDR_000034,FIR_0029,P042,P014,2026-01-12 14:52:00,33,TOWER_027,sms
CDR_000035,FIR_0018,P017,P023,2026-01-07 09:29:00,47,TOWER_019,sms
CDR_000036,FIR_0024,P011,P005,2026-04-20 17:46:00,790,TOWER_002,voice
CDR_000037,FIR_0011,P011,P051,2026-08-04 23:10:00,548,TOWER_014,sms
CDR_000038,FIR_0016,P059,P035,2026-06-13 14:51:00,483,TOWER_029,sms
CDR_000039,FIR_0023,P058,P026,2026-05-09 11:10:00,370,TOWER_006,voice
CDR_000040,FIR_0003,P003,P029,2026-08-08 12:30:00,691,TOWER_020,voice
CDR_000041,FIR_0019,P005,P013,2026-05-28 18:46:00,760,TOWER_010,voice
CDR_000042,FIR_0011,P003,P022,2026-06-15 15:49:00,646,TOWER_024,voice
CDR_000043,FIR_0021,P030,P037,2026-07-23 17:47:00,136,TOWER_017,voice
CDR_000044,FIR_0002,P039,P011,2026-05-02 11:03:00,574,TOWER_014,sms
CDR_000045,FIR_0007,P025,P010,2026-08-01 02:07:00,477,TOWER_008,voice
CDR_000046,FIR_0020,P037,P042,2026-04-19 20:16:00,793,TOWER_002,sms
CDR_000047,FIR_0004,P027,P009,2026-01-21 14:13:00,601,TOWER_013,voice
CDR_000048,FIR_0007,P051,P036,2026-01-04 11:15:00,333,TOWER_021,voice
CDR_000049,FIR_0014,P020,P052,2026-07-14 14:10:00,18,TOWER_020,voice
CDR_000050,FIR_0028,P019,P023,2026-04-17 00:19:00,233,TOWER_026,voice
CDR_000051,FIR_0001,P007,P048,2026-05-03 22:16:00,743,TOWER_004,voice
CDR_000052,FIR_0003,P003,P017,2026-01-03 02:51:00,831,TOWER_018,sms
CDR_000053,FIR_0015,P039,P051,2026-08-21 21:21:00,261,TOWER_012,voice
CDR_000054,FIR_0020,P050,P034,2026-06-06 04:23:00,197,TOWER_005,voice
CDR_000055,FIR_0030,P057,P032,2026-07-16 07:33:00,442,TOWER_015,sms
CDR_000056,FIR_0029,P029,P043,2026-03-02 12:01:00,840,TOWER_010,sms
CDR_000057,FIR_0008,P024,P023,2026-05-16 21:05:00,150,TOWER_016,voice
CDR_000058,FIR_0004,P039,P004,2026-06-26 21:02:00,859,TOWER_019,voice
CDR_000059,FIR_0003,P031,P027,2026-03-29 02:18:00,175,TOWER_028,sms
CDR_000060,FIR_0015,P020,P045,2026-01-15 21:20:00,646,TOWER_021,sms
CDR_000061,FIR_0008,P060,P052,2026-03-14 21:13:00,499,TOWER_021,voice
CDR_000062,FIR_0020,P043,P051,2026-02-04 19:12:00,10,TOWER_008,sms
CDR_000063,FIR_0019,P002,P028,2026-04-05 03:00:00,803,TOWER_020,sms
CDR_000064,FIR_0013,P049,P021,2026-04-16 09:22:00,273,TOWER_008,sms
CDR_000065,FIR_0007,P015,P030,2026-04-06 07:22:00,320,TOWER_004,sms
CDR_000066,FIR_0010,P045,P016,2026-06-02 20:16:00,851,TOWER_015,sms
CDR_000067,FIR_0011,P052,P021,2026-02-01 19:41:00,646,TOWER_028,sms
CDR_000068,FIR_0022,P002,P033,2026-03-18 01:23:00,266,TOWER_025,sms
CDR_000069,FIR_0004,P005,P037,2026-01-17 05:35:00,31,TOWER_015,voice
CDR_000070,FIR_0020,P056,P038,2026-04-26 22:25:00,450,TOWER_001,voice
CDR_000071,FIR_0027,P010,P020,2026-02-12 01:50:00,117,TOWER_007,sms
CDR_000072,FIR_0008,P038,P060,2026-06-02 11:23:00,827,TOWER_010,voice
CDR_000073,FIR_0002,P009,P024,2026-05-05 08:41:00,109,TOWER_022,sms
CDR_000074,FIR_0001,P056,P006,2026-02-21 01:35:00,707,TOWER_004,voice
CDR_000075,FIR_0014,P021,P026,2026-04-02 13:53:00,552,TOWER_001,voice
CDR_000076,FIR_0004,P049,P048,2026-01-21 02:04:00,600,TOWER_012,voice
CDR_000077,FIR_0005,P056,P005,2026-07-24 14:19:00,793,TOWER_015,sms
CDR_000078,FIR_0017,P046,P057,2026-07-03 03:00:00,390,TOWER_029,sms
CDR_000079,FIR_0012,P002,P003,2026-03-21 04:20:00,139,TOWER_015,sms
CDR_000080,FIR_0022,P015,P022,2026-06-04 18:53:00,539,TOWER_004,voice
CDR_000081,FIR_0003,P025,P008,2026-05-27 15:08:00,66,TOWER_013,voice
CDR_000082,FIR_0003,P015,P003,2026-07-19 03:00:00,769,TOWER_012,sms
CDR_000083,FIR_0007,P008,P012,2026-08-01 00:41:00,155,TOWER_015,sms
CDR_000084,FIR_0021,P013,P053,2026-04-08 23:51:00,797,TOWER_017,sms
CDR_000085,FIR_0002,P051,P037,2026-01-17 20:43:00,277,TOWER_007,voice
CDR_000086,FIR_0026,P012,P045,2026-05-26 15:41:00,640,TOWER_019,sms
CDR_000087,FIR_0017,P013,P043,2026-08-21 08:33:00,19,TOWER_030,voice
CDR_000088,FIR_0018,P031,P022,2026-02-07 18:26:00,488,TOWER_018,sms
CDR_000089,FIR_0014,P029,P036,2026-08-28 08:50:00,802,TOWER_004,voice
CDR_000090,FIR_0029,P006,P024,2026-03-06 23:09:00,527,TOWER_012,voice
CDR_000091,FIR_0015,P025,P029,2026-07-31 07:13:00,486,TOWER_010,voice
CDR_000092,FIR_0002,P059,P006,2026-03-14 03:12:00,138,TOWER_030,sms
CDR_000093,FIR_0011,P032,P040,2026-02-14 16:27:00,233,TOWER_008,voice
CDR_000094,FIR_0025,P009,P022,2026-04-22 00:21:00,267,TOWER_018,sms
CDR_000095,FIR_0003,P049,P057,2026-02-04 18:31:00,125,TOWER_003,sms
CDR_000096,FIR_0030,P029,P006,2026-08-05 05:45:00,497,TOWER_026,voice
CDR_000097,FIR_0001,P011,P015,2026-02-04 13:26:00,399,TOWER_013,sms
CDR_000098,FIR_0019,P052,P006,2026-04-15 16:07:00,17,TOWER_003,voice
CDR_000099,FIR_0014,P026,P014,2026-02-23 07:32:00,740,TOWER_004,voice
CDR_000100,FIR_0006,P040,P036,2026-01-05 14:40:00,443,TOWER_012,sms
CDR_000101,FIR_0029,P046,P017,2026-03-03 10:17:00,671,TOWER_018,sms
CDR_000102,FIR_0028,P046,P044,2026-04-12 00:59:00,480,TOWER_002,voice
CDR_000103,FIR_0023,P048,P024,2026-02-14 05:33:00,856,TOWER_012,sms
CDR_000104,FIR_0008,P059,P039,2026-01-14 06:18:00,733,TOWER_012,voice
CDR_000105,FIR_0023,P031,P006,2026-06-26 15:27:00,363,TOWER_013,sms
CDR_000106,FIR_0003,P058,P050,2026-01-04 09:46:00,576,TOWER_002,voice
CDR_000107,FIR_0027,P025,P045,2026-03-01 07:30:00,566,TOWER_026,sms
CDR_000108,FIR_0009,P015,P057,2026-06-16 17:17:00,893,TOWER_029,voice
CDR_000109,FIR_0013,P039,P010,2026-07-23 03:52:00,724,TOWER_015,voice
CDR_000110,FIR_0011,P036,P041,2026-06-04 18:16:00,840,TOWER_002,sms
CDR_000111,FIR_0009,P012,P042,2026-01-08 03:14:00,485,TOWER_028,sms
CDR_000112,FIR_0021,P024,P037,2026-08-15 10:52:00,404,TOWER_024,voice
CDR_000113,FIR_0024,P051,P009,2026-06-23 19:52:00,866,TOWER_018,sms
CDR_000114,FIR_0011,P007,P034,2026-05-19 15:44:00,716,TOWER_003,sms
CDR_000115,FIR_0024,P015,P049,2026-03-09 17:45:00,689,TOWER_024,sms
CDR_000116,FIR_0025,P052,P030,2026-03-13 18:34:00,575,TOWER_028,voice
CDR_000117,FIR_0018,P030,P033,2026-08-22 02:47:00,296,TOWER_022,voice
CDR_000118,FIR_0011,P059,P049,2026-06-25 08:44:00,63,TOWER_014,voice
CDR_000119,FIR_0007,P037,P012,2026-06-15 05:20:00,572,TOWER_027,voice
CDR_000120,FIR_0006,P046,P037,2026-08-05 19:04:00,853,TOWER_030,voice
CDR_000121,FIR_0022,P014,P047,2026-04-19 08:53:00,581,TOWER_005,voice
CDR_000122,FIR_0026,P055,P011,2026-04-28 02:18:00,656,TOWER_008,sms
CDR_000123,FIR_0017,P045,P013,2026-03-20 19:34:00,38,TOWER_015,sms
CDR_000124,FIR_0020,P057,P009,2026-07-17 21:45:00,322,TOWER_007,voice
CDR_000125,FIR_0030,P021,P034,2026-06-27 14:01:00,593,TOWER_015,voice
CDR_000126,FIR_0027,P007,P023,2026-02-25 04:42:00,668,TOWER_011,voice
CDR_000127,FIR_0013,P040,P047,2026-03-16 21:02:00,45,TOWER_019,sms
CDR_000128,FIR_0005,P038,P040,2026-05-09 20:28:00,888,TOWER_006,voice
CDR_000129,FIR_0019,P033,P032,2026-03-23 14:34:00,70,TOWER_027,voice
CDR_000130,FIR_0030,P043,P047,2026-07-25 21:19:00,890,TOWER_020,sms
CDR_000131,FIR_0014,P058,P011,2026-04-27 03:09:00,107,TOWER_014,voice
CDR_000132,FIR_0012,P021,P018,2026-07-01 09:20:00,173,TOWER_007,voice
CDR_000133,FIR_0014,P010,P005,2026-08-02 14:21:00,829,TOWER_022,voice
CDR_000134,FIR_0019,P060,P058,2026-04-18 14:39:00,72,TOWER_005,sms
CDR_000135,FIR_0003,P026,P047,2026-05-14 12:23:00,504,TOWER_005,sms
CDR_000136,FIR_0011,P023,P059,2026-06-04 15:55:00,89,TOWER_020,voice
CDR_000137,FIR_0015,P001,P040,2026-03-20 08:37:00,780,TOWER_011,sms
CDR_000138,FIR_0028,P059,P044,2026-02-09 14:42:00,772,TOWER_018,sms
CDR_000139,FIR_0023,P007,P008,2026-03-19 04:26:00,682,TOWER_011,voice
CDR_000140,FIR_0019,P048,P006,2026-05-22 12:37:00,655,TOWER_030,voice
CDR_000141,FIR_0010,P048,P049,2026-06-13 18:42:00,455,TOWER_009,sms
CDR_000142,FIR_0004,P048,P039,2026-05-18 14:12:00,798,TOWER_015,voice
CDR_000143,FIR_0025,P001,P032,2026-05-18 02:28:00,372,TOWER_027,sms
CDR_000144,FIR_0029,P054,P020,2026-04-07 20:20:00,239,TOWER_007,voice
CDR_000145,FIR_0021,P006,P060,2026-07-14 21:17:00,235,TOWER_014,sms
CDR_000146,FIR_0013,P058,P041,2026-08-28 01:29:00,511,TOWER_018,sms
CDR_000147,FIR_0014,P028,P019,2026-05-05 23:10:00,881,TOWER_029,voice
CDR_000148,FIR_0008,P008,P042,2026-01-03 04:49:00,262,TOWER_001,sms
CDR_000149,FIR_0008,P039,P002,2026-06-30 09:02:00,671,TOWER_030,sms
CDR_000150,FIR_0003,P026,P058,2026-02-26 01:05:00,797,TOWER_008,sms
CDR_000151,FIR_0009,P045,P058,2026-04-02 16:12:00,90,TOWER_013,voice
CDR_000152,FIR_0010,P023,P049,2026-07-27 23:45:00,846,TOWER_020,sms
CDR_000153,FIR_0015,P060,P040,2026-05-31 03:50:00,548,TOWER_011,sms
CDR_000154,FIR_0025,P030,P047,2026-03-15 23:39:00,516,TOWER_027,sms
CDR_000155,FIR_0012,P005,P032,2026-08-20 16:32:00,262,TOWER_016,voice
CDR_000156,FIR_0014,P016,P032,2026-05-06 00:58:00,359,TOWER_009,sms
CDR_000157,FIR_0011,P047,P026,2026-04-25 17:01:00,87,TOWER_022,voice
CDR_000158,FIR_0016,P015,P011,2026-03-24 16:03:00,212,TOWER_019,voice
CDR_000159,FIR_0009,P056,P025,2026-07-11 08:24:00,631,TOWER_011,sms
CDR_000160,FIR_0018,P060,P034,2026-01-09 03:54:00,332,TOWER_007,voice
CDR_000161,FIR_0017,P023,P042,2026-01-29 18:33:00,706,TOWER_029,sms
CDR_000162,FIR_0004,P019,P039,2026-07-28 00:43:00,102,TOWER_007,voice
CDR_000163,FIR_0029,P042,P051,2026-03-22 22:13:00,394,TOWER_017,sms
CDR_000164,FIR_0007,P029,P002,2026-04-17 23:52:00,283,TOWER_005,sms
CDR_000165,FIR_0017,P014,P045,2026-02-15 21:30:00,523,TOWER_029,sms
CDR_000166,FIR_0020,P043,P003,2026-06-12 13:44:00,631,TOWER_014,voice
CDR_000167,FIR_0003,P009,P014,2026-02-10 22:56:00,630,TOWER_015,voice
CDR_000168,FIR_0008,P053,P040,2026-08-24 12:25:00,472,TOWER_006,voice
CDR_000169,FIR_0020,P041,P054,2026-03-25 17:40:00,507,TOWER_016,sms
CDR_000170,FIR_0027,P055,P003,2026-06-23 01:51:00,417,TOWER_025,sms
CDR_000171,FIR_0025,P033,P047,2026-04-30 07:44:00,559,TOWER_006,voice
CDR_000172,FIR_0026,P004,P002,2026-02-26 18:58:00,42,TOWER_016,sms
CDR_000173,FIR_0011,P020,P018,2026-01-17 08:33:00,579,TOWER_006,sms
CDR_000174,FIR_0021,P054,P008,2026-01-26 19:23:00,479,TOWER_025,sms
CDR_000175,FIR_0011,P024,P059,2026-07-26 09:31:00,834,TOWER_022,voice
CDR_000176,FIR_0017,P018,P026,2026-02-09 06:13:00,870,TOWER_018,voice
CDR_000177,FIR_0012,P011,P041,2026-05-05 16:51:00,638,TOWER_025,sms
CDR_000178,FIR_0028,P035,P006,2026-08-17 19:08:00,861,TOWER_002,sms
CDR_000179,FIR_0025,P034,P044,2026-08-08 09:46:00,370,TOWER_027,voice
CDR_000180,FIR_0010,P003,P001,2026-08-18 16:42:00,810,TOWER_007,voice
CDR_000181,FIR_0024,P026,P012,2026-03-12 21:26:00,436,TOWER_009,sms
CDR_000182,FIR_0017,P039,P025,2026-05-13 12:20:00,90,TOWER_024,voice
CDR_000183,FIR_0026,P055,P057,2026-04-05 00:25:00,886,TOWER_008,voice
CDR_000184,FIR_0006,P007,P039,2026-06-15 00:30:00,513,TOWER_007,sms
CDR_000185,FIR_0002,P043,P037,2026-08-16 07:07:00,484,TOWER_026,voice
CDR_000186,FIR_0005,P034,P008,2026-04-21 12:24:00,729,TOWER_008,voice
CDR_000187,FIR_0025,P024,P021,2026-06-08 22:24:00,288,TOWER_007,sms
CDR_000188,FIR_0023,P042,P052,2026-01-03 13:44:00,789,TOWER_007,voice
CDR_000189,FIR_0029,P035,P050,2026-08-19 08:12:00,51,TOWER_025,voice
CDR_000190,FIR_0028,P017,P023,2026-01-20 17:23:00,658,TOWER_002,voice
CDR_000191,FIR_0023,P038,P004,2026-02-18 14:08:00,91,TOWER_024,voice
CDR_000192,FIR_0015,P025,P030,2026-02-19 22:15:00,337,TOWER_003,voice
CDR_000193,FIR_0003,P058,P007,2026-05-25 19:50:00,646,TOWER_002,sms
CDR_000194,FIR_0013,P044,P006,2026-01-02 15:27:00,201,TOWER_024,sms
CDR_000195,FIR_0014,P044,P017,2026-02-08 15:20:00,664,TOWER_011,sms
CDR_000196,FIR_0011,P015,P035,2026-01-01 21:21:00,500,TOWER_002,sms
CDR_000197,FIR_0021,P021,P045,2026-02-16 19:17:00,314,TOWER_024,voice
CDR_000198,FIR_0006,P008,P017,2026-07-25 14:27:00,354,TOWER_014,voice
CDR_000199,FIR_0001,P041,P039,2026-02-19 17:22:00,377,TOWER_021,sms
CDR_000200,FIR_0019,P026,P024,2026-07-06 06:51:00,572,TOWER_007,voice
CDR_000201,FIR_0013,P034,P050,2026-05-01 03:55:00,371,TOWER_028,sms
CDR_000202,FIR_0030,P050,P054,2026-04-03 20:43:00,830,TOWER_018,voice
CDR_000203,FIR_0005,P035,P036,2026-04-09 00:38:00,440,TOWER_002,voice
CDR_000204,FIR_0018,P051,P037,2026-07-17 19:04:00,628,TOWER_004,sms
CDR_000205,FIR_0019,P057,P023,2026-05-29 15:14:00,781,TOWER_020,sms
CDR_000206,FIR_0022,P038,P016,2026-07-11 12:54:00,369,TOWER_010,voice
CDR_000207,FIR_0023,P039,P048,2026-07-22 01:00:00,46,TOWER_024,voice
CDR_000208,FIR_0015,P060,P007,2026-01-06 10:41:00,725,TOWER_004,voice
CDR_000209,FIR_0015,P050,P037,2026-05-04 13:13:00,617,TOWER_022,sms
CDR_000210,FIR_0021,P054,P029,2026-01-09 22:55:00,705,TOWER_006,sms
CDR_000211,FIR_0005,P014,P052,2026-01-08 02:04:00,875,TOWER_027,sms
CDR_000212,FIR_0029,P055,P028,2026-08-16 20:47:00,787,TOWER_012,sms
CDR_000213,FIR_0025,P024,P041,2026-03-25 15:40:00,418,TOWER_017,voice
CDR_000214,FIR_0001,P036,P046,2026-07-20 21:49:00,744,TOWER_021,sms
CDR_000215,FIR_0025,P029,P040,2026-03-30 23:09:00,269,TOWER_014,voice
CDR_000216,FIR_0010,P047,P023,2026-08-05 10:52:00,658,TOWER_023,voice
CDR_000217,FIR_0009,P049,P045,2026-06-03 05:13:00,318,TOWER_028,sms
CDR_000218,FIR_0028,P028,P045,2026-07-01 13:44:00,652,TOWER_011,sms
CDR_000219,FIR_0017,P022,P026,2026-04-08 10:04:00,172,TOWER_008,sms
CDR_000220,FIR_0026,P010,P015,2026-05-06 16:11:00,662,TOWER_021,voice
CDR_000221,FIR_0011,P052,P031,2026-04-08 21:50:00,848,TOWER_016,voice
CDR_000222,FIR_0024,P049,P016,2026-07-05 05:32:00,495,TOWER_019,voice
CDR_000223,FIR_0030,P008,P018,2026-07-27 16:08:00,663,TOWER_017,voice
CDR_000224,FIR_0025,P038,P049,2026-06-10 07:50:00,571,TOWER_003,sms
CDR_000225,FIR_0030,P046,P027,2026-05-06 18:25:00,136,TOWER_008,voice
CDR_000226,FIR_0016,P024,P050,2026-08-31 14:31:00,129,TOWER_024,voice
CDR_000227,FIR_0003,P050,P058,2026-03-21 12:50:00,460,TOWER_006,sms
CDR_000228,FIR_0027,P045,P023,2026-03-16 03:22:00,898,TOWER_001,voice
CDR_000229,FIR_0016,P024,P017,2026-05-23 21:42:00,811,TOWER_016,voice
CDR_000230,FIR_0016,P002,P012,2026-05-19 01:21:00,717,TOWER_003,voice
CDR_000231,FIR_0017,P055,P045,2026-02-08 16:53:00,49,TOWER_015,voice
CDR_000232,FIR_0004,P059,P001,2026-05-13 12:49:00,119,TOWER_010,sms
CDR_000233,FIR_0006,P038,P034,2026-03-27 06:32:00,67,TOWER_030,sms
CDR_000234,FIR_0004,P047,P024,2026-06-11 02:11:00,91,TOWER_021,voice
CDR_000235,FIR_0012,P054,P041,2026-01-25 05:00:00,170,TOWER_024,voice
CDR_000236,FIR_0008,P027,P024,2026-03-07 07:16:00,393,TOWER_028,voice
CDR_000237,FIR_0020,P037,P038,2026-01-29 10:22:00,63,TOWER_010,voice
CDR_000238,FIR_0023,P060,P057,2026-06-02 11:05:00,779,TOWER_025,voice
CDR_000239,FIR_0009,P047,P001,2026-07-20 20:53:00,821,TOWER_025,sms
CDR_000240,FIR_0013,P045,P043,2026-01-16 11:18:00,776,TOWER_002,sms
CDR_000241,FIR_0014,P008,P016,2026-01-12 03:28:00,863,TOWER_025,sms
CDR_000242,FIR_0023,P008,P030,2026-01-12 08:58:00,728,TOWER_028,voice
CDR_000243,FIR_0019,P060,P037,2026-02-01 09:23:00,882,TOWER_014,voice
CDR_000244,FIR_0022,P027,P044,2026-02-07 00:13:00,744,TOWER_029,voice
CDR_000245,FIR_0014,P018,P060,2026-08-05 09:20:00,772,TOWER_026,voice
CDR_000246,FIR_0011,P005,P001,2026-08-17 21:21:00,160,TOWER_020,voice
CDR_000247,FIR_0003,P060,P019,2026-08-10 13:39:00,185,TOWER_025,sms
CDR_000248,FIR_0019,P019,P014,2026-01-24 22:08:00,121,TOWER_019,sms
CDR_000249,FIR_0003,P047,P027,2026-05-06 11:16:00,629,TOWER_008,voice
CDR_000250,FIR_0023,P006,P010,2026-02-02 02:27:00,845,TOWER_003,sms
CDR_000251,FIR_0017,P049,P040,2026-02-02 10:27:00,431,TOWER_021,sms
CDR_000252,FIR_0015,P015,P011,2026-03-19 10:23:00,206,TOWER_024,voice
CDR_000253,FIR_0013,P026,P020,2026-01-14 02:19:00,312,TOWER_018,sms
CDR_000254,FIR_0006,P015,P060,2026-05-05 02:27:00,597,TOWER_021,voice
CDR_000255,FIR_0014,P060,P058,2026-08-24 16:53:00,33,TOWER_028,sms
CDR_000256,FIR_0014,P006,P026,2026-03-30 20:13:00,676,TOWER_028,voice
CDR_000257,FIR_0011,P036,P039,2026-04-12 01:06:00,342,TOWER_027,sms
CDR_000258,FIR_0013,P053,P020,2026-08-12 15:44:00,782,TOWER_012,voice
CDR_000259,FIR_0013,P040,P054,2026-01-05 01:31:00,782,TOWER_022,voice
CDR_000260,FIR_0002,P014,P017,2026-05-01 06:40:00,301,TOWER_009,sms
CDR_000261,FIR_0027,P050,P008,2026-04-26 19:47:00,353,TOWER_012,sms
CDR_000262,FIR_0013,P002,P028,2026-07-03 04:34:00,888,TOWER_023,sms
CDR_000263,FIR_0003,P026,P019,2026-04-03 11:15:00,184,TOWER_015,voice
CDR_000264,FIR_0019,P045,P016,2026-07-02 19:01:00,103,TOWER_029,voice
CDR_000265,FIR_0016,P014,P016,2026-07-25 23:28:00,347,TOWER_023,voice
CDR_000266,FIR_0013,P036,P008,2026-06-24 13:04:00,449,TOWER_012,voice
CDR_000267,FIR_0010,P010,P034,2026-05-04 06:32:00,817,TOWER_020,sms
CDR_000268,FIR_0005,P013,P040,2026-05-12 12:26:00,742,TOWER_019,sms
CDR_000269,FIR_0018,P023,P060,2026-06-25 12:22:00,471,TOWER_020,voice
CDR_000270,FIR_0017,P030,P038,2026-07-28 06:19:00,651,TOWER_006,voice
CDR_000271,FIR_0018,P014,P051,2026-05-23 13:07:00,509,TOWER_021,sms
CDR_000272,FIR_0030,P020,P039,2026-04-23 21:25:00,665,TOWER_026,sms
CDR_000273,FIR_0009,P011,P016,2026-02-03 00:15:00,398,TOWER_008,sms
CDR_000274,FIR_0010,P040,P029,2026-01-21 13:24:00,858,TOWER_027,sms
CDR_000275,FIR_0015,P048,P002,2026-06-13 12:42:00,139,TOWER_022,sms
CDR_000276,FIR_0028,P003,P031,2026-07-30 07:00:00,748,TOWER_026,sms
CDR_000277,FIR_0003,P041,P040,2026-05-09 08:16:00,857,TOWER_013,voice
CDR_000278,FIR_0023,P054,P044,2026-01-16 07:03:00,799,TOWER_015,voice
CDR_000279,FIR_0023,P013,P029,2026-04-15 02:58:00,573,TOWER_012,sms
CDR_000280,FIR_0024,P038,P051,2026-06-02 06:18:00,609,TOWER_020,sms
CDR_000281,FIR_0003,P029,P055,2026-03-02 05:45:00,545,TOWER_011,sms
CDR_000282,FIR_0005,P019,P003,2026-06-22 01:04:00,570,TOWER_001,voice
CDR_000283,FIR_0007,P037,P029,2026-08-10 20:12:00,348,TOWER_025,sms
CDR_000284,FIR_0006,P029,P044,2026-02-06 05:45:00,29,TOWER_030,sms
CDR_000285,FIR_0016,P006,P045,2026-04-16 15:11:00,769,TOWER_013,voice
CDR_000286,FIR_0022,P008,P019,2026-06-08 22:50:00,156,TOWER_008,voice
CDR_000287,FIR_0022,P022,P031,2026-08-22 05:47:00,816,TOWER_022,sms
CDR_000288,FIR_0011,P051,P035,2026-03-09 05:05:00,583,TOWER_023,voice
CDR_000289,FIR_0029,P006,P010,2026-05-28 18:22:00,756,TOWER_019,voice
CDR_000290,FIR_0027,P025,P042,2026-01-13 22:14:00,14,TOWER_012,sms
CDR_000291,FIR_0022,P054,P049,2026-04-24 08:31:00,478,TOWER_017,voice
CDR_000292,FIR_0028,P018,P039,2026-02-06 10:55:00,385,TOWER_027,sms
CDR_000293,FIR_0025,P046,P037,2026-01-21 23:04:00,899,TOWER_003,voice
CDR_000294,FIR_0018,P025,P028,2026-07-04 19:51:00,202,TOWER_010,sms
CDR_000295,FIR_0025,P037,P056,2026-05-31 23:33:00,272,TOWER_027,voice
CDR_000296,FIR_0026,P053,P045,2026-01-07 20:19:00,511,TOWER_013,sms
CDR_000297,FIR_0008,P038,P028,2026-05-21 21:48:00,549,TOWER_011,voice
CDR_000298,FIR_0014,P031,P006,2026-02-21 14:52:00,821,TOWER_003,sms
CDR_000299,FIR_0015,P046,P030,2026-03-26 16:06:00,458,TOWER_019,sms
CDR_000300,FIR_0022,P006,P031,2026-01-28 12:23:00,406,TOWER_030,sms
CDR_000301,FIR_0008,P033,P032,2026-04-11 12:58:00,42,TOWER_020,sms
CDR_000302,FIR_0021,P014,P032,2026-07-31 19:06:00,256,TOWER_005,voice
CDR_000303,FIR_0011,P021,P040,2026-08-30 17:10:00,701,TOWER_029,sms
CDR_000304,FIR_0015,P040,P046,2026-03-19 22:44:00,46,TOWER_013,voice
CDR_000305,FIR_0026,P003,P046,2026-08-31 19:02:00,612,TOWER_013,voice
CDR_000306,FIR_0003,P027,P014,2026-08-29 09:40:00,381,TOWER_007,voice
CDR_000307,FIR_0028,P031,P004,2026-01-18 07:49:00,194,TOWER_013,voice
CDR_000308,FIR_0024,P033,P021,2026-02-18 20:25:00,489,TOWER_010,sms
CDR_000309,FIR_0019,P032,P037,2026-07-23 17:19:00,636,TOWER_003,sms
CDR_000310,FIR_0017,P034,P031,2026-07-09 23:55:00,889,TOWER_011,sms
CDR_000311,FIR_0021,P009,P007,2026-03-20 20:53:00,666,TOWER_011,voice
CDR_000312,FIR_0024,P044,P030,2026-08-17 07:55:00,504,TOWER_021,sms
CDR_000313,FIR_0021,P030,P048,2026-02-14 18:14:00,240,TOWER_023,voice
CDR_000314,FIR_0007,P008,P011,2026-02-13 13:58:00,787,TOWER_003,voice
CDR_000315,FIR_0018,P024,P035,2026-04-12 06:12:00,378,TOWER_002,voice
CDR_000316,FIR_0023,P054,P024,2026-01-01 23:11:00,70,TOWER_012,sms
CDR_000317,FIR_0022,P014,P035,2026-01-23 00:19:00,413,TOWER_027,voice
CDR_000318,FIR_0008,P019,P058,2026-02-18 22:49:00,305,TOWER_002,sms
CDR_000319,FIR_0015,P019,P003,2026-03-27 04:39:00,259,TOWER_026,sms
CDR_000320,FIR_0030,P041,P060,2026-07-11 11:19:00,715,TOWER_026,sms
CDR_000321,FIR_0010,P018,P032,2026-07-17 09:09:00,518,TOWER_001,voice
CDR_000322,FIR_0001,P012,P014,2026-04-03 04:59:00,300,TOWER_007,voice
CDR_000323,FIR_0006,P040,P014,2026-06-17 04:05:00,574,TOWER_003,sms
CDR_000324,FIR_0009,P001,P031,2026-03-26 23:36:00,681,TOWER_026,voice
CDR_000325,FIR_0030,P057,P038,2026-08-10 12:45:00,623,TOWER_026,voice
CDR_000326,FIR_0027,P017,P048,2026-03-02 19:16:00,891,TOWER_010,sms
CDR_000327,FIR_0010,P004,P014,2026-08-02 15:41:00,745,TOWER_022,voice
CDR_000328,FIR_0001,P034,P031,2026-07-28 11:19:00,508,TOWER_008,sms
CDR_000329,FIR_0003,P019,P042,2026-03-04 22:42:00,280,TOWER_011,sms
CDR_000330,FIR_0006,P026,P058,2026-04-29 03:48:00,558,TOWER_027,sms
CDR_000331,FIR_0018,P026,P012,2026-05-08 23:49:00,475,TOWER_025,sms
CDR_000332,FIR_0004,P005,P001,2026-02-04 11:58:00,76,TOWER_022,voice
CDR_000333,FIR_0008,P024,P052,2026-04-23 17:40:00,137,TOWER_021,sms
CDR_000334,FIR_0030,P060,P051,2026-04-09 13:41:00,891,TOWER_007,sms
CDR_000335,FIR_0013,P039,P046,2026-07-16 08:49:00,590,TOWER_021,voice
CDR_000336,FIR_0025,P032,P022,2026-04-28 15:51:00,351,TOWER_012,voice
CDR_000337,FIR_0017,P017,P039,2026-08-02 21:20:00,361,TOWER_024,sms
CDR_000338,FIR_0005,P026,P007,2026-01-11 09:15:00,638,TOWER_005,sms
CDR_000339,FIR_0002,P004,P010,2026-06-16 01:19:00,829,TOWER_010,voice
CDR_000340,FIR_0008,P031,P045,2026-07-20 21:09:00,876,TOWER_018,sms
CDR_000341,FIR_0010,P046,P039,2026-05-17 19:16:00,491,TOWER_013,voice
CDR_000342,FIR_0014,P001,P036,2026-08-25 14:57:00,559,TOWER_013,sms
CDR_000343,FIR_0020,P014,P026,2026-03-22 01:19:00,772,TOWER_022,voice
CDR_000344,FIR_0030,P055,P059,2026-01-05 09:34:00,517,TOWER_017,voice
CDR_000345,FIR_0007,P005,P009,2026-03-25 12:35:00,876,TOWER_001,sms
CDR_000346,FIR_0002,P026,P023,2026-02-19 15:54:00,693,TOWER_011,sms
CDR_000347,FIR_0008,P058,P036,2026-01-20 22:47:00,70,TOWER_029,sms
CDR_000348,FIR_0028,P054,P026,2026-01-12 19:39:00,140,TOWER_028,sms
CDR_000349,FIR_0006,P034,P046,2026-02-23 21:09:00,813,TOWER_019,sms
CDR_000350,FIR_0008,P033,P013,2026-03-27 09:57:00,858,TOWER_012,sms
CDR_000351,FIR_0023,P026,P005,2026-06-05 19:45:00,819,TOWER_026,sms
CDR_000352,FIR_0014,P041,P011,2026-02-27 05:09:00,441,TOWER_002,sms
CDR_000353,FIR_0019,P032,P005,2026-06-01 13:51:00,226,TOWER_009,voice
CDR_000354,FIR_0030,P026,P002,2026-01-06 08:31:00,653,TOWER_019,voice
CDR_000355,FIR_0002,P027,P029,2026-02-16 23:45:00,493,TOWER_010,sms
CDR_000356,FIR_0004,P032,P005,2026-03-07 14:43:00,538,TOWER_009,sms
CDR_000357,FIR_0030,P017,P005,2026-07-10 18:49:00,126,TOWER_024,sms
CDR_000358,FIR_0010,P006,P016,2026-05-19 20:49:00,479,TOWER_007,voice
CDR_000359,FIR_0017,P004,P031,2026-07-21 15:07:00,646,TOWER_007,sms
CDR_000360,FIR_0024,P008,P014,2026-04-16 15:20:00,768,TOWER_024,sms
CDR_000361,FIR_0025,P002,P027,2026-06-04 01:37:00,120,TOWER_008,sms
CDR_000362,FIR_0023,P017,P018,2026-01-16 22:10:00,300,TOWER_028,sms
CDR_000363,FIR_0002,P022,P045,2026-04-04 12:20:00,719,TOWER_017,voice
CDR_000364,FIR_0029,P057,P031,2026-03-29 14:23:00,483,TOWER_023,sms
CDR_000365,FIR_0017,P022,P056,2026-08-07 07:25:00,840,TOWER_020,voice
CDR_000366,FIR_0017,P048,P059,2026-07-25 16:00:00,400,TOWER_012,voice
CDR_000367,FIR_0030,P027,P002,2026-05-30 11:48:00,579,TOWER_004,voice
CDR_000368,FIR_0018,P028,P007,2026-08-26 07:51:00,809,TOWER_027,voice
CDR_000369,FIR_0019,P056,P012,2026-03-27 03:24:00,106,TOWER_027,sms
CDR_000370,FIR_0027,P051,P017,2026-01-25 17:27:00,725,TOWER_021,voice
CDR_000371,FIR_0019,P020,P060,2026-07-21 21:07:00,349,TOWER_002,sms
CDR_000372,FIR_0029,P025,P024,2026-02-09 15:51:00,640,TOWER_008,voice
CDR_000373,FIR_0011,P038,P040,2026-02-09 09:17:00,177,TOWER_002,voice
CDR_000374,FIR_0028,P038,P011,2026-08-05 07:16:00,587,TOWER_006,voice
CDR_000375,FIR_0028,P021,P010,2026-01-25 21:35:00,522,TOWER_007,voice
CDR_000376,FIR_0004,P018,P030,2026-02-01 00:41:00,418,TOWER_021,voice
CDR_000377,FIR_0019,P008,P018,2026-06-10 04:00:00,15,TOWER_005,sms
CDR_000378,FIR_0014,P030,P044,2026-01-06 22:03:00,701,TOWER_010,sms
CDR_000379,FIR_0027,P023,P030,2026-05-12 06:01:00,808,TOWER_012,sms
CDR_000380,FIR_0016,P024,P050,2026-08-27 18:32:00,715,TOWER_009,voice
CDR_000381,FIR_0009,P013,P022,2026-07-23 22:37:00,330,TOWER_020,voice
CDR_000382,FIR_0002,P027,P059,2026-07-25 16:34:00,888,TOWER_014,voice
CDR_000383,FIR_0009,P013,P056,2026-07-29 21:35:00,688,TOWER_025,voice
CDR_000384,FIR_0022,P021,P048,2026-08-31 20:29:00,857,TOWER_001,voice
CDR_000385,FIR_0023,P012,P030,2026-03-06 23:30:00,475,TOWER_005,sms
CDR_000386,FIR_0018,P006,P060,2026-07-15 07:29:00,836,TOWER_027,voice
CDR_000387,FIR_0019,P033,P052,2026-08-12 09:19:00,531,TOWER_006,sms
CDR_000388,FIR_0003,P056,P031,2026-01-08 07:44:00,831,TOWER_006,sms
CDR_000389,FIR_0005,P041,P043,2026-07-16 11:23:00,139,TOWER_005,sms
CDR_000390,FIR_0005,P058,P021,2026-08-12 06:09:00,771,TOWER_011,sms
CDR_000391,FIR_0008,P027,P054,2026-04-16 19:20:00,451,TOWER_022,sms
CDR_000392,FIR_0015,P008,P031,2026-02-04 09:01:00,520,TOWER_009,voice
CDR_000393,FIR_0007,P030,P006,2026-03-29 19:15:00,795,TOWER_013,voice
CDR_000394,FIR_0027,P029,P041,2026-03-21 01:49:00,391,TOWER_021,sms
CDR_000395,FIR_0008,P045,P006,2026-06-21 05:08:00,486,TOWER_019,sms
CDR_000396,FIR_0023,P045,P019,2026-07-01 22:15:00,139,TOWER_010,sms
CDR_000397,FIR_0013,P057,P037,2026-05-13 09:12:00,284,TOWER_030,voice
CDR_000398,FIR_0021,P011,P054,2026-06-27 14:10:00,388,TOWER_004,sms
CDR_000399,FIR_0006,P036,P052,2026-02-01 16:54:00,434,TOWER_024,sms
CDR_000400,FIR_0010,P058,P009,2026-02-16 12:04:00,583,TOWER_021,voice
CDR_000401,FIR_0011,P057,P007,2026-03-31 06:57:00,45,TOWER_011,voice
CDR_000402,FIR_0029,P050,P003,2026-05-04 22:39:00,547,TOWER_002,sms
CDR_000403,FIR_0006,P004,P017,2026-05-30 10:20:00,235,TOWER_023,voice
CDR_000404,FIR_0022,P049,P037,2026-03-21 05:50:00,509,TOWER_013,voice
CDR_000405,FIR_0028,P049,P022,2026-08-10 04:56:00,755,TOWER_029,voice
CDR_000406,FIR_0001,P038,P050,2026-02-01 09:37:00,780,TOWER_014,voice
CDR_000407,FIR_0025,P049,P007,2026-08-31 23:17:00,85,TOWER_009,voice
CDR_000408,FIR_0002,P033,P053,2026-02-10 19:16:00,876,TOWER_024,voice
CDR_000409,FIR_0004,P041,P045,2026-01-24 00:39:00,560,TOWER_028,sms
CDR_000410,FIR_0005,P045,P055,2026-03-16 21:21:00,542,TOWER_011,sms
CDR_000411,FIR_0003,P012,P017,2026-08-24 13:48:00,839,TOWER_008,voice
CDR_000412,FIR_0022,P025,P058,2026-04-24 06:51:00,14,TOWER_030,voice
CDR_000413,FIR_0010,P020,P029,2026-04-09 00:32:00,402,TOWER_028,sms
CDR_000414,FIR_0014,P002,P025,2026-07-27 10:10:00,323,TOWER_005,sms
CDR_000415,FIR_0017,P056,P025,2026-06-21 02:38:00,859,TOWER_024,voice
CDR_000416,FIR_0026,P051,P041,2026-07-04 21:28:00,638,TOWER_009,voice
CDR_000417,FIR_0015,P054,P017,2026-05-30 20:16:00,121,TOWER_002,voice
CDR_000418,FIR_0029,P037,P006,2026-01-12 06:18:00,793,TOWER_004,sms
CDR_000419,FIR_0006,P026,P037,2026-01-04 14:20:00,347,TOWER_027,voice
CDR_000420,FIR_0026,P045,P060,2026-08-19 14:07:00,149,TOWER_014,voice
CDR_000421,FIR_0030,P025,P047,2026-02-18 13:47:00,305,TOWER_017,sms
CDR_000422,FIR_0023,P001,P021,2026-07-26 13:28:00,654,TOWER_030,sms
CDR_000423,FIR_0012,P038,P039,2026-07-04 14:33:00,772,TOWER_024,voice
CDR_000424,FIR_0011,P010,P034,2026-01-25 23:57:00,78,TOWER_001,voice
CDR_000425,FIR_0019,P054,P010,2026-02-13 07:42:00,260,TOWER_030,voice
CDR_000426,FIR_0028,P040,P052,2026-01-02 01:17:00,665,TOWER_004,voice
CDR_000427,FIR_0004,P011,P027,2026-07-12 07:27:00,572,TOWER_025,voice
CDR_000428,FIR_0020,P041,P018,2026-05-20 13:55:00,487,TOWER_006,voice
CDR_000429,FIR_0002,P048,P039,2026-05-09 13:02:00,886,TOWER_017,voice
CDR_000430,FIR_0017,P027,P026,2026-07-10 22:19:00,746,TOWER_029,sms
CDR_000431,FIR_0016,P001,P026,2026-03-16 04:07:00,404,TOWER_017,voice
CDR_000432,FIR_0001,P001,P011,2026-03-01 23:36:00,654,TOWER_004,sms
CDR_000433,FIR_0014,P048,P014,2026-08-18 01:00:00,227,TOWER_006,voice
CDR_000434,FIR_0009,P018,P023,2026-06-25 21:17:00,26,TOWER_028,sms
CDR_000435,FIR_0024,P006,P037,2026-06-12 12:08:00,749,TOWER_022,voice
CDR_000436,FIR_0015,P039,P057,2026-07-31 11:15:00,311,TOWER_004,voice
CDR_000437,FIR_0024,P027,P056,2026-03-08 06:24:00,900,TOWER_029,sms
CDR_000438,FIR_0021,P055,P012,2026-06-21 06:10:00,556,TOWER_023,sms
CDR_000439,FIR_0017,P057,P021,2026-07-16 16:07:00,478,TOWER_008,sms
CDR_000440,FIR_0027,P005,P042,2026-07-02 19:41:00,869,TOWER_003,voice
CDR_000441,FIR_0016,P060,P057,2026-04-16 01:59:00,84,TOWER_001,sms
CDR_000442,FIR_0021,P031,P030,2026-02-25 05:58:00,162,TOWER_025,voice
CDR_000443,FIR_0017,P002,P051,2026-07-12 15:45:00,647,TOWER_003,voice
CDR_000444,FIR_0021,P006,P049,2026-06-17 03:00:00,675,TOWER_011,voice
CDR_000445,FIR_0009,P021,P028,2026-08-23 06:33:00,321,TOWER_027,voice
CDR_000446,FIR_0020,P037,P018,2026-02-09 12:59:00,614,TOWER_024,voice
CDR_000447,FIR_0018,P048,P007,2026-05-04 09:05:00,611,TOWER_028,voice
CDR_000448,FIR_0028,P049,P035,2026-02-07 06:48:00,308,TOWER_011,voice
CDR_000449,FIR_0023,P027,P037,2026-04-20 09:07:00,580,TOWER_002,voice
CDR_000450,FIR_0009,P035,P043,2026-02-17 07:03:00,158,TOWER_028,sms
CDR_000451,FIR_0027,P040,P038,2026-01-02 08:42:00,72,TOWER_012,voice
CDR_000452,FIR_0002,P028,P051,2026-04-10 01:33:00,228,TOWER_014,voice
CDR_000453,FIR_0025,P022,P051,2026-06-18 21:10:00,407,TOWER_006,voice
CDR_000454,FIR_0030,P021,P041,2026-04-19 20:31:00,166,TOWER_009,voice
CDR_000455,FIR_0011,P049,P011,2026-02-08 15:31:00,889,TOWER_024,voice
CDR_000456,FIR_0007,P023,P003,2026-05-02 06:31:00,869,TOWER_012,sms
CDR_000457,FIR_0010,P047,P001,2026-06-26 11:18:00,771,TOWER_003,voice
CDR_000458,FIR_0030,P048,P058,2026-05-18 12:27:00,650,TOWER_007,voice
CDR_000459,FIR_0025,P054,P052,2026-06-04 18:46:00,188,TOWER_022,sms
CDR_000460,FIR_0003,P019,P015,2026-08-18 04:03:00,477,TOWER_003,sms
CDR_000461,FIR_0026,P043,P059,2026-07-24 14:42:00,742,TOWER_002,sms
CDR_000462,FIR_0003,P013,P015,2026-04-16 23:18:00,67,TOWER_007,voice
CDR_000463,FIR_0020,P026,P046,2026-07-16 14:00:00,620,TOWER_007,voice
CDR_000464,FIR_0020,P003,P050,2026-09-01 03:07:00,621,TOWER_020,sms
CDR_000465,FIR_0021,P022,P027,2026-05-10 17:21:00,302,TOWER_011,voice
CDR_000466,FIR_0013,P042,P023,2026-06-18 18:43:00,618,TOWER_024,sms
CDR_000467,FIR_0014,P003,P039,2026-04-09 21:41:00,689,TOWER_028,voice
CDR_000468,FIR_0009,P030,P040,2026-04-02 02:15:00,812,TOWER_007,sms
CDR_000469,FIR_0018,P054,P058,2026-06-12 03:53:00,410,TOWER_002,voice
CDR_000470,FIR_0004,P028,P053,2026-06-24 12:30:00,210,TOWER_006,sms
CDR_000471,FIR_0003,P056,P024,2026-02-20 16:11:00,102,TOWER_017,voice
CDR_000472,FIR_0027,P025,P018,2026-03-20 17:10:00,521,TOWER_002,sms
CDR_000473,FIR_0008,P057,P034,2026-08-24 03:16:00,672,TOWER_004,voice
CDR_000474,FIR_0023,P048,P006,2026-07-21 19:47:00,632,TOWER_020,voice
CDR_000475,FIR_0017,P045,P047,2026-08-12 19:03:00,271,TOWER_030,voice
CDR_000476,FIR_0026,P027,P008,2026-05-06 13:58:00,774,TOWER_020,voice
CDR_000477,FIR_0011,P038,P033,2026-01-21 21:21:00,777,TOWER_024,voice
CDR_000478,FIR_0020,P026,P038,2026-03-27 23:39:00,202,TOWER_014,sms
CDR_000479,FIR_0011,P056,P040,2026-07-31 03:56:00,737,TOWER_009,voice
CDR_000480,FIR_0012,P060,P010,2026-03-05 06:40:00,88,TOWER_018,voice
CDR_000481,FIR_0020,P023,P035,2026-08-20 04:42:00,716,TOWER_016,voice
CDR_000482,FIR_0008,P003,P049,2026-03-21 15:14:00,165,TOWER_027,sms
CDR_000483,FIR_0023,P049,P046,2026-07-29 07:40:00,619,TOWER_001,voice
CDR_000484,FIR_0025,P041,P010,2026-06-17 11:51:00,777,TOWER_016,voice
CDR_000485,FIR_0019,P049,P041,2026-06-24 15:32:00,671,TOWER_021,voice
CDR_000486,FIR_0001,P059,P054,2026-03-04 13:12:00,624,TOWER_024,sms
CDR_000487,FIR_0018,P008,P028,2026-06-13 23:54:00,93,TOWER_022,sms
CDR_000488,FIR_0023,P009,P023,2026-08-06 15:24:00,588,TOWER_019,voice
CDR_000489,FIR_0026,P024,P050,2026-02-11 00:56:00,687,TOWER_007,voice
CDR_000490,FIR_0019,P047,P051,2026-05-28 06:32:00,397,TOWER_004,voice
CDR_000491,FIR_0026,P051,P023,2026-02-22 08:45:00,643,TOWER_002,sms
CDR_000492,FIR_0016,P035,P034,2026-07-28 10:14:00,656,TOWER_001,sms
CDR_000493,FIR_0024,P013,P057,2026-02-15 19:53:00,450,TOWER_030,voice
CDR_000494,FIR_0011,P007,P001,2026-03-22 04:42:00,207,TOWER_024,voice
CDR_000495,FIR_0023,P054,P018,2026-03-13 02:47:00,699,TOWER_015,sms
CDR_000496,FIR_0004,P049,P029,2026-07-02 18:50:00,402,TOWER_006,voice
CDR_000497,FIR_0018,P005,P002,2026-05-20 10:50:00,159,TOWER_019,sms
CDR_000498,FIR_0010,P012,P046,2026-01-11 22:12:00,17,TOWER_011,voice
CDR_000499,FIR_0006,P048,P019,2026-03-21 04:18:00,360,TOWER_008,voice
CDR_000500,FIR_0006,P023,P038,2026-04-12 15:19:00,205,TOWER_017,voice
CDR_000501,FIR_0017,P002,P012,2026-06-19 06:15:00,599,TOWER_018,voice
CDR_000502,FIR_0004,P037,P015,2026-04-07 01:45:00,522,TOWER_020,voice
CDR_000503,FIR_0016,P022,P016,2026-01-11 19:58:00,419,TOWER_023,voice
CDR_000504,FIR_0025,P042,P048,2026-02-26 17:08:00,12,TOWER_011,sms
CDR_000505,FIR_0002,P055,P012,2026-07-29 15:41:00,628,TOWER_027,voice
CDR_000506,FIR_0021,P028,P057,2026-01-26 20:48:00,533,TOWER_020,voice
CDR_000507,FIR_0001,P010,P039,2026-08-15 00:40:00,711,TOWER_018,voice
CDR_000508,FIR_0028,P018,P032,2026-07-10 17:53:00,824,TOWER_007,sms
CDR_000509,FIR_0026,P060,P048,2026-07-02 01:16:00,350,TOWER_029,sms
CDR_000510,FIR_0002,P014,P037,2026-05-09 04:48:00,879,TOWER_014,voice
CDR_000511,FIR_0015,P009,P039,2026-06-20 22:29:00,744,TOWER_010,sms
CDR_000512,FIR_0020,P050,P035,2026-05-17 08:25:00,55,TOWER_012,voice
CDR_000513,FIR_0025,P011,P025,2026-06-15 22:16:00,79,TOWER_009,voice
CDR_000514,FIR_0027,P030,P020,2026-03-31 04:39:00,165,TOWER_018,voice
CDR_000515,FIR_0015,P040,P026,2026-07-14 18:12:00,176,TOWER_015,sms
CDR_000516,FIR_0009,P041,P029,2026-03-28 14:06:00,842,TOWER_011,voice
CDR_000517,FIR_0010,P027,P025,2026-08-21 22:07:00,319,TOWER_008,sms
CDR_000518,FIR_0030,P022,P011,2026-03-23 09:53:00,244,TOWER_026,sms
CDR_000519,FIR_0005,P013,P004,2026-06-09 17:44:00,668,TOWER_019,voice
CDR_000520,FIR_0028,P049,P051,2026-07-14 15:09:00,827,TOWER_016,voice
CDR_000521,FIR_0020,P007,P045,2026-01-09 08:20:00,163,TOWER_026,sms
CDR_000522,FIR_0025,P016,P010,2026-04-20 04:43:00,697,TOWER_011,sms
CDR_000523,FIR_0010,P040,P029,2026-03-19 06:22:00,314,TOWER_020,sms
CDR_000524,FIR_0018,P051,P054,2026-07-04 03:29:00,671,TOWER_027,sms
CDR_000525,FIR_0023,P057,P058,2026-06-06 03:44:00,635,TOWER_008,sms
CDR_000526,FIR_0030,P006,P032,2026-04-09 11:33:00,618,TOWER_005,sms
CDR_000527,FIR_0019,P048,P041,2026-06-11 03:48:00,23,TOWER_021,voice
CDR_000528,FIR_0012,P060,P037,2026-06-09 10:52:00,426,TOWER_008,voice
CDR_000529,FIR_0022,P030,P010,2026-06-16 22:28:00,777,TOWER_001,sms
CDR_000530,FIR_0021,P005,P053,2026-07-01 21:44:00,213,TOWER_021,voice
CDR_000531,FIR_0006,P027,P047,2026-04-12 10:11:00,652,TOWER_011,voice
CDR_000532,FIR_0030,P008,P030,2026-04-05 01:06:00,335,TOWER_018,voice
CDR_000533,FIR_0020,P048,P052,2026-07-07 10:23:00,343,TOWER_029,sms
CDR_000534,FIR_0023,P005,P036,2026-02-10 01:37:00,276,TOWER_027,sms
CDR_000535,FIR_0017,P039,P032,2026-06-26 04:17:00,767,TOWER_018,voice
CDR_000536,FIR_0026,P040,P016,2026-03-13 02:18:00,189,TOWER_019,sms
CDR_000537,FIR_0016,P058,P045,2026-07-09 17:39:00,412,TOWER_014,sms
CDR_000538,FIR_0023,P050,P021,2026-02-26 06:36:00,14,TOWER_015,sms
CDR_000539,FIR_0013,P050,P029,2026-04-16 03:42:00,799,TOWER_026,sms
CDR_000540,FIR_0007,P025,P053,2026-08-18 12:17:00,426,TOWER_029,voice
CDR_000541,FIR_0029,P005,P047,2026-07-02 01:32:00,196,TOWER_010,voice
CDR_000542,FIR_0020,P001,P035,2026-04-26 01:54:00,896,TOWER_013,voice
CDR_000543,FIR_0017,P004,P014,2026-05-14 16:15:00,615,TOWER_015,sms
CDR_000544,FIR_0020,P030,P043,2026-06-03 05:52:00,641,TOWER_009,sms
CDR_000545,FIR_0001,P037,P038,2026-05-19 00:54:00,51,TOWER_004,sms
CDR_000546,FIR_0003,P042,P038,2026-03-01 19:17:00,36,TOWER_007,sms
CDR_000547,FIR_0005,P023,P056,2026-03-21 15:47:00,48,TOWER_026,voice
CDR_000548,FIR_0020,P042,P027,2026-08-05 21:38:00,709,TOWER_008,voice
CDR_000549,FIR_0024,P045,P017,2026-02-24 05:31:00,19,TOWER_004,sms
CDR_000550,FIR_0012,P054,P008,2026-07-23 11:47:00,704,TOWER_028,voice
CDR_000551,FIR_0005,P056,P039,2026-02-12 07:13:00,686,TOWER_007,voice
CDR_000552,FIR_0019,P043,P010,2026-07-16 01:17:00,318,TOWER_027,voice
CDR_000553,FIR_0006,P060,P033,2026-08-23 08:30:00,606,TOWER_010,sms
CDR_000554,FIR_0001,P027,P031,2026-07-28 22:26:00,823,TOWER_019,voice
CDR_000555,FIR_0006,P020,P008,2026-01-19 09:31:00,421,TOWER_020,voice
CDR_000556,FIR_0021,P057,P034,2026-01-18 13:07:00,241,TOWER_001,sms
CDR_000557,FIR_0007,P046,P054,2026-02-12 08:25:00,82,TOWER_025,sms
CDR_000558,FIR_0021,P050,P021,2026-04-16 04:10:00,314,TOWER_003,voice
CDR_000559,FIR_0026,P035,P055,2026-02-22 23:46:00,269,TOWER_015,voice
CDR_000560,FIR_0001,P017,P004,2026-04-10 20:17:00,237,TOWER_015,voice
CDR_000561,FIR_0029,P055,P003,2026-05-07 06:23:00,17,TOWER_028,voice
CDR_000562,FIR_0011,P024,P025,2026-05-14 12:45:00,718,TOWER_003,voice
CDR_000563,FIR_0030,P013,P023,2026-05-26 18:33:00,512,TOWER_005,sms
CDR_000564,FIR_0023,P011,P022,2026-03-01 21:09:00,392,TOWER_013,voice
CDR_000565,FIR_0002,P025,P039,2026-06-23 10:44:00,582,TOWER_007,voice
CDR_000566,FIR_0025,P007,P028,2026-05-19 03:08:00,719,TOWER_030,voice
CDR_000567,FIR_0016,P040,P003,2026-06-05 15:00:00,895,TOWER_028,sms
CDR_000568,FIR_0019,P016,P022,2026-08-19 11:32:00,378,TOWER_030,sms
CDR_000569,FIR_0024,P040,P004,2026-04-09 23:14:00,751,TOWER_016,voice
CDR_000570,FIR_0004,P013,P052,2026-05-23 18:24:00,482,TOWER_010,voice
CDR_000571,FIR_0022,P019,P041,2026-06-21 03:06:00,500,TOWER_016,voice
CDR_000572,FIR_0007,P028,P054,2026-06-28 22:31:00,185,TOWER_008,voice
CDR_000573,FIR_0021,P050,P024,2026-02-17 02:29:00,31,TOWER_017,voice
CDR_000574,FIR_0001,P021,P058,2026-02-21 08:57:00,491,TOWER_020,sms
CDR_000575,FIR_0029,P027,P054,2026-03-21 15:55:00,51,TOWER_030,sms
CDR_000576,FIR_0006,P042,P021,2026-01-26 08:10:00,877,TOWER_003,voice
CDR_000577,FIR_0009,P047,P024,2026-07-15 23:14:00,20,TOWER_007,voice
CDR_000578,FIR_0015,P043,P025,2026-02-10 13:46:00,847,TOWER_012,voice
CDR_000579,FIR_0001,P023,P055,2026-03-20 21:10:00,636,TOWER_012,sms
CDR_000580,FIR_0006,P014,P050,2026-07-27 02:48:00,77,TOWER_003,voice
CDR_000581,FIR_0027,P016,P039,2026-05-26 17:44:00,710,TOWER_007,voice
CDR_000582,FIR_0030,P043,P029,2026-07-23 13:04:00,875,TOWER_013,voice
CDR_000583,FIR_0026,P054,P041,2026-02-03 14:26:00,36,TOWER_013,sms
CDR_000584,FIR_0009,P056,P035,2026-05-02 08:10:00,590,TOWER_013,voice
CDR_000585,FIR_0008,P005,P025,2026-07-21 16:09:00,546,TOWER_026,sms
CDR_000586,FIR_0027,P030,P004,2026-02-20 20:24:00,757,TOWER_007,sms
CDR_000587,FIR_0025,P051,P034,2026-01-13 02:24:00,392,TOWER_022,sms
CDR_000588,FIR_0005,P034,P060,2026-01-14 13:39:00,406,TOWER_004,voice
CDR_000589,FIR_0026,P017,P022,2026-03-29 20:23:00,479,TOWER_028,voice
CDR_000590,FIR_0014,P017,P032,2026-03-31 20:00:00,853,TOWER_008,sms
CDR_000591,FIR_0013,P054,P033,2026-07-26 21:37:00,499,TOWER_002,voice
CDR_000592,FIR_0013,P045,P025,2026-07-03 21:35:00,681,TOWER_008,voice
CDR_000593,FIR_0024,P038,P049,2026-03-15 06:09:00,752,TOWER_019,voice
CDR_000594,FIR_0019,P039,P055,2026-01-01 21:42:00,390,TOWER_001,sms
CDR_000595,FIR_0019,P037,P041,2026-01-10 06:58:00,34,TOWER_003,voice
CDR_000596,FIR_0002,P016,P045,2026-06-12 11:31:00,308,TOWER_015,voice
CDR_000597,FIR_0029,P038,P005,2026-04-02 06:12:00,795,TOWER_017,voice
CDR_000598,FIR_0012,P057,P047,2026-07-26 02:57:00,660,TOWER_017,voice
CDR_000599,FIR_0005,P028,P012,2026-07-07 07:44:00,361,TOWER_022,sms
CDR_000600,FIR_0017,P021,P022,2026-01-17 08:54:00,733,TOWER_012,voice
CDR_000601,FIR_0028,P022,P026,2026-02-02 04:45:00,18,TOWER_013,sms
CDR_000602,FIR_0022,P017,P049,2026-04-19 00:47:00,418,TOWER_005,sms
CDR_000603,FIR_0027,P046,P039,2026-05-26 10:31:00,837,TOWER_002,sms
CDR_000604,FIR_0028,P030,P005,2026-07-05 09:41:00,210,TOWER_004,sms
CDR_000605,FIR_0004,P047,P025,2026-01-06 23:49:00,496,TOWER_025,sms
CDR_000606,FIR_0001,P049,P009,2026-05-11 02:06:00,234,TOWER_022,sms
CDR_000607,FIR_0027,P035,P040,2026-01-14 19:59:00,529,TOWER_005,sms
CDR_000608,FIR_0015,P019,P002,2026-03-07 02:08:00,470,TOWER_022,sms
CDR_000609,FIR_0026,P014,P025,2026-04-24 10:35:00,166,TOWER_023,sms
CDR_000610,FIR_0015,P026,P014,2026-08-05 02:03:00,514,TOWER_022,voice
CDR_000611,FIR_0015,P038,P014,2026-08-25 15:55:00,346,TOWER_030,voice
CDR_000612,FIR_0004,P060,P037,2026-04-04 13:38:00,330,TOWER_029,voice
CDR_000613,FIR_0005,P045,P004,2026-02-07 07:29:00,341,TOWER_014,voice
CDR_000614,FIR_0009,P026,P053,2026-08-03 14:38:00,720,TOWER_010,voice
CDR_000615,FIR_0027,P007,P019,2026-01-12 13:37:00,250,TOWER_012,voice
CDR_000616,FIR_0020,P046,P024,2026-07-07 09:34:00,388,TOWER_011,voice
CDR_000617,FIR_0026,P006,P047,2026-07-18 13:04:00,491,TOWER_029,sms
CDR_000618,FIR_0012,P005,P011,2026-03-01 15:29:00,837,TOWER_005,sms
CDR_000619,FIR_0009,P027,P040,2026-02-06 03:04:00,418,TOWER_020,voice
CDR_000620,FIR_0028,P018,P002,2026-03-10 18:19:00,412,TOWER_006,voice
CDR_000621,FIR_0007,P002,P060,2026-06-20 05:59:00,321,TOWER_030,sms
CDR_000622,FIR_0010,P045,P003,2026-03-06 11:12:00,224,TOWER_009,sms
CDR_000623,FIR_0021,P007,P045,2026-07-01 21:43:00,109,TOWER_008,sms
CDR_000624,FIR_0002,P022,P034,2026-06-09 16:18:00,853,TOWER_027,sms
CDR_000625,FIR_0013,P006,P042,2026-07-23 19:28:00,744,TOWER_025,voice
CDR_000626,FIR_0026,P044,P057,2026-02-01 22:29:00,304,TOWER_023,voice
CDR_000627,FIR_0027,P030,P058,2026-02-28 18:49:00,591,TOWER_012,voice
CDR_000628,FIR_0030,P011,P030,2026-08-19 15:32:00,628,TOWER_007,sms
CDR_000629,FIR_0003,P044,P057,2026-05-15 19:41:00,242,TOWER_023,voice
CDR_000630,FIR_0027,P056,P009,2026-07-26 03:42:00,282,TOWER_023,sms
CDR_000631,FIR_0028,P019,P038,2026-02-18 18:46:00,820,TOWER_025,sms
CDR_000632,FIR_0006,P056,P039,2026-01-12 09:13:00,327,TOWER_024,sms
CDR_000633,FIR_0023,P025,P021,2026-07-05 19:28:00,111,TOWER_013,voice
CDR_000634,FIR_0003,P017,P008,2026-03-30 21:30:00,605,TOWER_002,sms
CDR_000635,FIR_0010,P057,P044,2026-07-13 14:59:00,844,TOWER_018,sms
CDR_000636,FIR_0004,P050,P032,2026-08-02 04:25:00,194,TOWER_008,voice
CDR_000637,FIR_0006,P030,P015,2026-04-13 20:12:00,177,TOWER_003,voice
CDR_000638,FIR_0023,P016,P004,2026-05-18 02:55:00,308,TOWER_014,sms
CDR_000639,FIR_0006,P018,P049,2026-02-07 13:21:00,223,TOWER_013,voice
CDR_000640,FIR_0001,P041,P034,2026-04-01 04:05:00,613,TOWER_006,voice
CDR_000641,FIR_0011,P055,P008,2026-02-11 04:14:00,552,TOWER_011,voice
CDR_000642,FIR_0015,P056,P048,2026-07-21 06:48:00,255,TOWER_019,sms
CDR_000643,FIR_0019,P006,P037,2026-03-17 07:45:00,772,TOWER_027,voice
CDR_000644,FIR_0015,P008,P013,2026-07-13 03:09:00,779,TOWER_020,sms
CDR_000645,FIR_0017,P044,P015,2026-06-25 21:04:00,580,TOWER_015,sms
CDR_000646,FIR_0015,P012,P026,2026-04-21 07:07:00,373,TOWER_015,sms
CDR_000647,FIR_0010,P032,P047,2026-01-06 12:32:00,738,TOWER_011,sms
CDR_000648,FIR_0015,P049,P043,2026-08-05 06:49:00,655,TOWER_013,sms
CDR_000649,FIR_0026,P054,P024,2026-05-27 16:43:00,714,TOWER_022,voice
CDR_000650,FIR_0012,P005,P010,2026-05-09 10:05:00,37,TOWER_026,sms
CDR_000651,FIR_0008,P028,P035,2026-03-10 19:20:00,391,TOWER_010,voice
CDR_000652,FIR_0018,P040,P060,2026-04-19 00:03:00,785,TOWER_007,sms
CDR_000653,FIR_0023,P057,P006,2026-04-16 05:27:00,37,TOWER_010,voice
CDR_000654,FIR_0013,P029,P052,2026-04-07 13:02:00,556,TOWER_009,voice
CDR_000655,FIR_0028,P006,P022,2026-02-15 00:12:00,169,TOWER_007,voice
CDR_000656,FIR_0017,P030,P050,2026-03-08 21:14:00,246,TOWER_025,sms
CDR_000657,FIR_0004,P028,P013,2026-04-27 11:48:00,671,TOWER_017,voice
CDR_000658,FIR_0004,P020,P030,2026-03-18 03:10:00,839,TOWER_009,sms
CDR_000659,FIR_0007,P021,P025,2026-06-16 03:33:00,626,TOWER_026,voice
CDR_000660,FIR_0011,P036,P048,2026-07-11 07:51:00,129,TOWER_024,voice
CDR_000661,FIR_0028,P054,P029,2026-05-26 03:28:00,134,TOWER_004,sms
CDR_000662,FIR_0003,P031,P040,2026-05-29 02:44:00,224,TOWER_023,sms
CDR_000663,FIR_0007,P027,P030,2026-04-05 10:45:00,533,TOWER_019,voice
CDR_000664,FIR_0020,P049,P003,2026-04-02 20:34:00,134,TOWER_022,sms
CDR_000665,FIR_0014,P043,P029,2026-07-20 13:59:00,266,TOWER_023,voice
CDR_000666,FIR_0029,P017,P054,2026-06-26 22:28:00,85,TOWER_028,sms
CDR_000667,FIR_0025,P041,P018,2026-07-25 04:52:00,577,TOWER_025,voice
CDR_000668,FIR_0023,P055,P048,2026-06-18 12:52:00,263,TOWER_028,voice
CDR_000669,FIR_0023,P008,P038,2026-02-14 04:55:00,28,TOWER_002,voice
CDR_000670,FIR_0018,P053,P028,2026-05-21 02:54:00,777,TOWER_029,sms
CDR_000671,FIR_0017,P051,P005,2026-05-17 08:48:00,499,TOWER_029,voice
CDR_000672,FIR_0030,P028,P025,2026-06-16 06:16:00,479,TOWER_023,voice
CDR_000673,FIR_0023,P056,P037,2026-07-09 23:15:00,142,TOWER_028,voice
CDR_000674,FIR_0003,P029,P019,2026-01-23 16:08:00,756,TOWER_005,sms
CDR_000675,FIR_0011,P009,P029,2026-04-14 02:14:00,60,TOWER_013,sms
CDR_000676,FIR_0020,P013,P004,2026-05-21 12:16:00,363,TOWER_022,voice
CDR_000677,FIR_0004,P038,P054,2026-04-14 10:05:00,46,TOWER_029,sms
CDR_000678,FIR_0020,P015,P023,2026-03-13 13:11:00,457,TOWER_023,sms
CDR_000679,FIR_0023,P010,P011,2026-02-02 02:52:00,714,TOWER_002,voice
CDR_000680,FIR_0030,P007,P058,2026-02-09 22:08:00,520,TOWER_022,voice
CDR_000681,FIR_0029,P018,P001,2026-04-18 17:25:00,250,TOWER_023,voice
CDR_000682,FIR_0024,P039,P018,2026-02-28 14:27:00,239,TOWER_015,sms
CDR_000683,FIR_0005,P036,P026,2026-06-02 21:57:00,311,TOWER_020,voice
CDR_000684,FIR_0017,P055,P021,2026-03-20 16:21:00,328,TOWER_005,voice
CDR_000685,FIR_0006,P035,P013,2026-02-14 21:52:00,401,TOWER_028,sms
CDR_000686,FIR_0013,P032,P023,2026-04-15 14:42:00,472,TOWER_028,sms
CDR_000687,FIR_0011,P027,P010,2026-08-28 00:36:00,252,TOWER_006,sms
CDR_000688,FIR_0002,P055,P031,2026-08-09 18:36:00,270,TOWER_008,sms
CDR_000689,FIR_0027,P053,P048,2026-03-19 23:33:00,707,TOWER_006,sms
CDR_000690,FIR_0010,P012,P032,2026-06-28 19:55:00,27,TOWER_007,voice
CDR_000691,FIR_0006,P005,P001,2026-08-17 09:10:00,767,TOWER_024,voice
CDR_000692,FIR_0022,P009,P060,2026-03-23 12:23:00,101,TOWER_019,voice
CDR_000693,FIR_0015,P060,P053,2026-05-14 05:32:00,849,TOWER_020,voice
CDR_000694,FIR_0006,P001,P002,2026-08-21 18:00:00,389,TOWER_030,sms
CDR_000695,FIR_0019,P023,P016,2026-06-08 13:58:00,292,TOWER_030,sms
CDR_000696,FIR_0019,P020,P055,2026-08-23 20:09:00,557,TOWER_006,sms
CDR_000697,FIR_0023,P048,P058,2026-01-30 10:25:00,456,TOWER_003,voice
CDR_000698,FIR_0015,P019,P014,2026-02-06 04:44:00,203,TOWER_013,sms
CDR_000699,FIR_0026,P039,P049,2026-05-16 13:23:00,757,TOWER_004,voice
CDR_000700,FIR_0004,P026,P025,2026-04-13 14:32:00,821,TOWER_009,voice
CDR_000701,FIR_0008,P015,P051,2026-05-20 21:43:00,53,TOWER_026,voice
CDR_000702,FIR_0016,P020,P053,2026-01-20 02:02:00,223,TOWER_028,voice
CDR_000703,FIR_0026,P039,P048,2026-06-24 16:02:00,549,TOWER_024,voice
CDR_000704,FIR_0026,P021,P053,2026-01-05 07:22:00,514,TOWER_025,voice
CDR_000705,FIR_0005,P051,P049,2026-07-01 15:14:00,409,TOWER_009,sms
CDR_000706,FIR_0018,P020,P012,2026-07-03 07:06:00,292,TOWER_025,voice
CDR_000707,FIR_0014,P046,P031,2026-07-31 03:26:00,161,TOWER_024,voice
CDR_000708,FIR_0020,P002,P055,2026-02-12 19:46:00,754,TOWER_014,sms
CDR_000709,FIR_0014,P050,P040,2026-08-24 09:54:00,247,TOWER_023,sms
CDR_000710,FIR_0012,P021,P036,2026-03-12 05:00:00,116,TOWER_022,sms
CDR_000711,FIR_0012,P050,P032,2026-05-05 16:08:00,441,TOWER_014,voice
CDR_000712,FIR_0006,P011,P008,2026-01-04 04:37:00,396,TOWER_018,voice
CDR_000713,FIR_0001,P020,P024,2026-01-08 13:06:00,448,TOWER_018,voice
CDR_000714,FIR_0012,P034,P019,2026-02-05 20:19:00,440,TOWER_016,sms
CDR_000715,FIR_0017,P014,P033,2026-07-10 10:18:00,704,TOWER_018,voice
CDR_000716,FIR_0006,P053,P036,2026-06-07 17:07:00,853,TOWER_002,sms
CDR_000717,FIR_0027,P060,P009,2026-04-08 16:46:00,288,TOWER_029,voice
CDR_000718,FIR_0028,P041,P018,2026-08-28 09:08:00,850,TOWER_027,voice
CDR_000719,FIR_0010,P037,P044,2026-07-01 17:39:00,255,TOWER_011,sms
CDR_000720,FIR_0026,P030,P025,2026-08-11 07:57:00,237,TOWER_019,sms
CDR_000721,FIR_0016,P055,P013,2026-05-15 21:56:00,648,TOWER_022,sms
CDR_000722,FIR_0021,P012,P008,2026-06-22 18:50:00,754,TOWER_030,voice
CDR_000723,FIR_0012,P049,P022,2026-02-13 03:21:00,26,TOWER_024,sms
CDR_000724,FIR_0026,P039,P022,2026-02-04 07:25:00,800,TOWER_002,sms
CDR_000725,FIR_0002,P017,P021,2026-01-30 19:56:00,562,TOWER_022,sms
CDR_000726,FIR_0019,P031,P002,2026-01-08 23:54:00,483,TOWER_004,voice
CDR_000727,FIR_0012,P040,P011,2026-03-06 17:27:00,669,TOWER_029,sms
CDR_000728,FIR_0026,P037,P034,2026-01-24 19:15:00,248,TOWER_028,sms
CDR_000729,FIR_0002,P022,P009,2026-06-03 11:46:00,173,TOWER_024,sms
CDR_000730,FIR_0005,P007,P056,2026-04-20 21:25:00,440,TOWER_016,sms
CDR_000731,FIR_0002,P025,P001,2026-07-13 03:31:00,341,TOWER_024,sms
CDR_000732,FIR_0007,P023,P009,2026-04-18 02:43:00,432,TOWER_016,sms
CDR_000733,FIR_0010,P021,P037,2026-02-23 00:25:00,380,TOWER_021,sms
CDR_000734,FIR_0013,P010,P046,2026-05-07 00:26:00,682,TOWER_024,sms
CDR_000735,FIR_0013,P017,P004,2026-03-26 12:58:00,64,TOWER_015,sms
CDR_000736,FIR_0010,P032,P002,2026-04-04 22:16:00,386,TOWER_020,sms
CDR_000737,FIR_0014,P001,P004,2026-01-15 03:49:00,90,TOWER_030,voice
CDR_000738,FIR_0018,P012,P033,2026-01-09 09:03:00,522,TOWER_015,voice
CDR_000739,FIR_0024,P010,P030,2026-08-22 10:29:00,422,TOWER_016,sms
CDR_000740,FIR_0028,P055,P032,2026-04-25 10:51:00,625,TOWER_016,sms
CDR_000741,FIR_0016,P003,P021,2026-06-12 11:29:00,395,TOWER_015,sms
CDR_000742,FIR_0027,P012,P042,2026-07-18 12:00:00,845,TOWER_004,sms
CDR_000743,FIR_0007,P004,P036,2026-02-04 08:52:00,99,TOWER_016,sms
CDR_000744,FIR_0007,P024,P058,2026-07-16 20:35:00,177,TOWER_021,voice
CDR_000745,FIR_0028,P003,P028,2026-08-18 19:28:00,691,TOWER_009,sms
CDR_000746,FIR_0030,P058,P009,2026-04-30 05:04:00,805,TOWER_005,voice
CDR_000747,FIR_0029,P031,P047,2026-03-07 17:04:00,893,TOWER_028,voice
CDR_000748,FIR_0027,P021,P006,2026-05-11 21:06:00,119,TOWER_021,voice
CDR_000749,FIR_0002,P034,P030,2026-05-24 07:15:00,490,TOWER_012,voice
CDR_000750,FIR_0013,P007,P027,2026-06-29 02:25:00,488,TOWER_009,sms
CDR_000751,FIR_0003,P024,P044,2026-01-15 02:23:00,315,TOWER_002,voice
CDR_000752,FIR_0025,P011,P040,2026-06-18 16:27:00,120,TOWER_004,sms
CDR_000753,FIR_0003,P060,P005,2026-03-16 17:48:00,332,TOWER_007,voice
CDR_000754,FIR_0027,P049,P029,2026-06-13 17:19:00,403,TOWER_008,voice
CDR_000755,FIR_0011,P016,P002,2026-03-29 21:18:00,245,TOWER_028,sms
CDR_000756,FIR_0028,P005,P023,2026-07-15 20:25:00,140,TOWER_017,sms
CDR_000757,FIR_0020,P009,P034,2026-05-06 04:25:00,682,TOWER_016,sms
CDR_000758,FIR_0017,P009,P007,2026-01-28 23:58:00,81,TOWER_027,sms
CDR_000759,FIR_0022,P028,P011,2026-07-23 01:43:00,826,TOWER_007,sms
CDR_000760,FIR_0009,P046,P045,2026-04-19 19:49:00,403,TOWER_001,voice
CDR_000761,FIR_0027,P047,P044,2026-07-07 03:02:00,781,TOWER_022,sms
CDR_000762,FIR_0008,P035,P050,2026-04-07 01:19:00,572,TOWER_013,sms
CDR_000763,FIR_0003,P020,P001,2026-03-22 06:57:00,168,TOWER_006,sms
CDR_000764,FIR_0025,P040,P016,2026-07-05 19:25:00,45,TOWER_003,sms
CDR_000765,FIR_0028,P016,P004,2026-05-09 06:51:00,562,TOWER_004,voice
CDR_000766,FIR_0007,P057,P059,2026-04-28 14:55:00,328,TOWER_010,voice
CDR_000767,FIR_0028,P034,P005,2026-06-14 03:51:00,139,TOWER_018,sms
CDR_000768,FIR_0013,P012,P022,2026-08-20 07:17:00,217,TOWER_022,sms
CDR_000769,FIR_0009,P033,P054,2026-05-05 18:21:00,492,TOWER_025,voice
CDR_000770,FIR_0006,P042,P057,2026-01-08 04:37:00,487,TOWER_008,voice
CDR_000771,FIR_0009,P032,P050,2026-04-26 12:11:00,541,TOWER_026,voice
CDR_000772,FIR_0029,P030,P060,2026-02-17 18:14:00,853,TOWER_026,sms
CDR_000773,FIR_0018,P022,P052,2026-04-18 05:52:00,203,TOWER_010,sms
CDR_000774,FIR_0019,P047,P018,2026-07-07 02:55:00,350,TOWER_025,voice
CDR_000775,FIR_0007,P037,P042,2026-06-07 21:09:00,784,TOWER_008,sms
CDR_000776,FIR_0026,P036,P023,2026-05-02 21:22:00,269,TOWER_005,sms
CDR_000777,FIR_0018,P050,P002,2026-02-18 19:54:00,130,TOWER_030,sms
CDR_000778,FIR_0025,P013,P060,2026-01-07 23:17:00,718,TOWER_024,voice
CDR_000779,FIR_0013,P044,P026,2026-07-16 10:30:00,158,TOWER_012,sms
CDR_000780,FIR_0004,P013,P048,2026-06-21 00:23:00,748,TOWER_017,sms
CDR_000781,FIR_0028,P003,P043,2026-07-01 03:25:00,489,TOWER_024,voice
CDR_000782,FIR_0016,P057,P038,2026-02-15 12:34:00,831,TOWER_010,voice
CDR_000783,FIR_0011,P005,P043,2026-08-23 11:59:00,458,TOWER_016,sms
CDR_000784,FIR_0023,P037,P043,2026-01-16 22:29:00,124,TOWER_018,voice
CDR_000785,FIR_0018,P056,P050,2026-04-13 14:51:00,305,TOWER_004,voice
CDR_000786,FIR_0018,P008,P021,2026-02-13 20:50:00,278,TOWER_013,voice
CDR_000787,FIR_0004,P051,P007,2026-04-30 23:43:00,193,TOWER_029,sms
CDR_000788,FIR_0016,P030,P053,2026-03-09 07:21:00,170,TOWER_005,voice
CDR_000789,FIR_0004,P037,P038,2026-02-23 23:14:00,160,TOWER_007,sms
CDR_000790,FIR_0016,P045,P009,2026-07-10 18:33:00,606,TOWER_003,voice
CDR_000791,FIR_0030,P002,P014,2026-08-18 20:19:00,18,TOWER_003,sms
CDR_000792,FIR_0006,P018,P050,2026-06-02 20:27:00,844,TOWER_016,sms
CDR_000793,FIR_0019,P023,P056,2026-01-05 11:50:00,129,TOWER_004,sms
CDR_000794,FIR_0016,P032,P001,2026-07-08 14:20:00,279,TOWER_017,sms
CDR_000795,FIR_0025,P029,P022,2026-07-05 20:40:00,473,TOWER_021,sms
CDR_000796,FIR_0005,P038,P037,2026-07-10 07:52:00,827,TOWER_006,sms
CDR_000797,FIR_0002,P001,P049,2026-07-01 00:53:00,468,TOWER_006,voice
CDR_000798,FIR_0006,P059,P004,2026-04-10 05:14:00,477,TOWER_009,voice
CDR_000799,FIR_0017,P024,P051,2026-03-18 06:54:00,773,TOWER_012,voice
CDR_000800,FIR_0017,P001,P008,2026-08-17 11:10:00,306,TOWER_011,voice
CDR_000801,FIR_0020,P039,P023,2026-01-08 09:25:00,393,TOWER_017,sms
CDR_000802,FIR_0021,P039,P004,2026-07-30 00:54:00,177,TOWER_003,sms
CDR_000803,FIR_0030,P005,P040,2026-06-25 18:31:00,860,TOWER_021,voice
CDR_000804,FIR_0029,P051,P028,2026-05-24 22:44:00,225,TOWER_011,voice
CDR_000805,FIR_0021,P053,P005,2026-04-02 22:54:00,628,TOWER_002,voice
CDR_000806,FIR_0002,P058,P060,2026-08-30 18:32:00,571,TOWER_023,voice
CDR_000807,FIR_0014,P059,P027,2026-01-31 06:44:00,572,TOWER_021,sms
CDR_000808,FIR_0028,P045,P003,2026-04-14 06:13:00,38,TOWER_007,sms
CDR_000809,FIR_0019,P025,P009,2026-03-29 17:11:00,833,TOWER_021,voice
CDR_000810,FIR_0012,P039,P011,2026-04-15 23:27:00,60,TOWER_021,voice
CDR_000811,FIR_0021,P054,P028,2026-02-23 00:01:00,433,TOWER_029,sms
CDR_000812,FIR_0022,P056,P028,2026-06-29 11:20:00,468,TOWER_020,sms
CDR_000813,FIR_0008,P030,P048,2026-02-15 18:00:00,305,TOWER_001,voice
CDR_000814,FIR_0007,P020,P017,2026-07-02 15:50:00,512,TOWER_021,sms
CDR_000815,FIR_0014,P055,P007,2026-05-18 13:48:00,564,TOWER_010,sms
CDR_000816,FIR_0005,P053,P059,2026-07-16 15:38:00,532,TOWER_018,voice
CDR_000817,FIR_0002,P048,P013,2026-08-02 23:21:00,835,TOWER_003,sms
CDR_000818,FIR_0013,P006,P022,2026-05-26 15:55:00,175,TOWER_023,sms
CDR_000819,FIR_0002,P010,P005,2026-07-23 18:42:00,817,TOWER_026,voice
CDR_000820,FIR_0028,P042,P008,2026-06-29 23:58:00,857,TOWER_009,sms
CDR_000821,FIR_0028,P012,P040,2026-03-11 22:49:00,206,TOWER_028,sms
CDR_000822,FIR_0008,P027,P048,2026-04-08 13:41:00,812,TOWER_006,sms
CDR_000823,FIR_0010,P039,P035,2026-06-23 16:57:00,107,TOWER_015,voice
CDR_000824,FIR_0020,P027,P059,2026-06-13 00:44:00,783,TOWER_007,sms
CDR_000825,FIR_0029,P046,P018,2026-07-22 01:32:00,769,TOWER_007,voice
CDR_000826,FIR_0004,P004,P034,2026-03-31 00:49:00,791,TOWER_002,sms
CDR_000827,FIR_0019,P035,P044,2026-08-05 09:15:00,151,TOWER_028,voice
CDR_000828,FIR_0015,P041,P013,2026-04-27 10:42:00,517,TOWER_013,voice
CDR_000829,FIR_0021,P018,P042,2026-06-29 01:59:00,551,TOWER_021,voice
CDR_000830,FIR_0002,P029,P034,2026-02-04 14:00:00,163,TOWER_024,voice
CDR_000831,FIR_0017,P042,P013,2026-02-03 05:24:00,178,TOWER_030,sms
CDR_000832,FIR_0004,P016,P039,2026-02-04 06:12:00,322,TOWER_021,sms
CDR_000833,FIR_0006,P042,P010,2026-07-05 02:33:00,457,TOWER_017,sms
CDR_000834,FIR_0014,P054,P014,2026-05-30 02:13:00,39,TOWER_019,sms
CDR_000835,FIR_0015,P018,P040,2026-09-01 08:17:00,815,TOWER_005,voice
CDR_000836,FIR_0026,P046,P019,2026-08-06 00:57:00,107,TOWER_027,voice
CDR_000837,FIR_0016,P057,P045,2026-06-17 08:56:00,854,TOWER_025,sms
CDR_000838,FIR_0013,P016,P041,2026-05-03 10:44:00,110,TOWER_009,sms
CDR_000839,FIR_0017,P058,P044,2026-05-20 03:47:00,165,TOWER_003,sms
CDR_000840,FIR_0021,P038,P011,2026-03-10 09:03:00,575,TOWER_004,voice
CDR_000841,FIR_0002,P020,P051,2026-01-27 15:57:00,429,TOWER_017,sms
CDR_000842,FIR_0004,P044,P024,2026-03-30 00:44:00,124,TOWER_012,voice
CDR_000843,FIR_0011,P028,P014,2026-01-30 20:30:00,345,TOWER_021,sms
CDR_000844,FIR_0014,P007,P008,2026-03-19 19:51:00,625,TOWER_020,sms
CDR_000845,FIR_0022,P027,P022,2026-01-31 10:37:00,350,TOWER_006,sms
CDR_000846,FIR_0016,P018,P048,2026-04-20 18:33:00,812,TOWER_016,voice
CDR_000847,FIR_0009,P028,P013,2026-08-18 23:07:00,564,TOWER_027,voice
CDR_000848,FIR_0011,P051,P060,2026-01-05 00:49:00,668,TOWER_029,voice
CDR_000849,FIR_0028,P036,P019,2026-07-28 23:08:00,143,TOWER_002,sms
CDR_000850,FIR_0009,P030,P060,2026-07-24 08:51:00,172,TOWER_002,voice
CDR_000851,FIR_0025,P059,P058,2026-01-09 06:19:00,235,TOWER_014,sms
CDR_000852,FIR_0001,P044,P035,2026-01-29 00:08:00,475,TOWER_004,voice
CDR_000853,FIR_0005,P029,P024,2026-08-03 02:40:00,604,TOWER_017,sms
CDR_000854,FIR_0003,P015,P046,2026-02-27 02:21:00,27,TOWER_010,sms
CDR_000855,FIR_0014,P038,P003,2026-06-10 03:21:00,466,TOWER_013,sms
CDR_000856,FIR_0011,P006,P053,2026-01-28 04:07:00,208,TOWER_006,sms
CDR_000857,FIR_0002,P041,P049,2026-02-11 03:28:00,51,TOWER_026,voice
CDR_000858,FIR_0030,P050,P016,2026-03-27 23:11:00,125,TOWER_023,sms
CDR_000859,FIR_0030,P051,P002,2026-08-08 02:18:00,366,TOWER_024,voice
CDR_000860,FIR_0007,P015,P031,2026-01-10 18:45:00,296,TOWER_001,voice
CDR_000861,FIR_0026,P050,P012,2026-04-10 18:55:00,322,TOWER_011,sms
CDR_000862,FIR_0015,P014,P022,2026-08-01 16:49:00,64,TOWER_023,voice
CDR_000863,FIR_0024,P011,P008,2026-06-18 14:39:00,434,TOWER_009,sms
CDR_000864,FIR_0015,P023,P048,2026-03-15 02:45:00,598,TOWER_004,sms
CDR_000865,FIR_0029,P027,P058,2026-01-05 11:51:00,357,TOWER_021,sms
CDR_000866,FIR_0029,P005,P036,2026-01-01 08:07:00,595,TOWER_006,voice
CDR_000867,FIR_0027,P013,P040,2026-06-19 18:03:00,99,TOWER_012,voice
CDR_000868,FIR_0014,P046,P014,2026-03-23 07:14:00,182,TOWER_015,sms
CDR_000869,FIR_0013,P004,P001,2026-07-19 20:59:00,176,TOWER_026,voice
CDR_000870,FIR_0011,P012,P023,2026-01-28 06:06:00,550,TOWER_027,voice
CDR_000871,FIR_0022,P013,P023,2026-07-02 22:54:00,212,TOWER_016,voice
CDR_000872,FIR_0008,P038,P032,2026-06-05 23:43:00,140,TOWER_015,voice
CDR_000873,FIR_0012,P023,P029,2026-05-03 11:19:00,667,TOWER_009,voice
CDR_000874,FIR_0026,P014,P028,2026-08-03 20:04:00,46,TOWER_028,voice
CDR_000875,FIR_0007,P001,P057,2026-08-22 03:58:00,410,TOWER_018,sms
CDR_000876,FIR_0004,P053,P058,2026-03-03 14:42:00,503,TOWER_029,voice
CDR_000877,FIR_0002,P033,P028,2026-03-08 09:35:00,72,TOWER_025,sms
CDR_000878,FIR_0025,P016,P025,2026-04-25 09:32:00,409,TOWER_030,sms
CDR_000879,FIR_0008,P054,P038,2026-01-27 02:59:00,88,TOWER_001,voice
CDR_000880,FIR_0004,P004,P025,2026-03-15 21:51:00,43,TOWER_006,sms
CDR_000881,FIR_0011,P026,P051,2026-08-31 17:57:00,818,TOWER_029,voice
CDR_000882,FIR_0010,P044,P033,2026-02-22 09:12:00,563,TOWER_002,sms
CDR_000883,FIR_0004,P038,P001,2026-01-16 05:37:00,603,TOWER_021,sms
CDR_000884,FIR_0022,P055,P002,2026-05-14 09:49:00,760,TOWER_020,sms
CDR_000885,FIR_0002,P045,P030,2026-01-19 14:24:00,657,TOWER_019,voice
CDR_000886,FIR_0028,P016,P002,2026-03-19 18:44:00,276,TOWER_018,sms
CDR_000887,FIR_0013,P050,P058,2026-04-24 16:38:00,61,TOWER_005,sms
CDR_000888,FIR_0020,P026,P008,2026-08-15 15:23:00,827,TOWER_009,voice
CDR_000889,FIR_0018,P008,P049,2026-06-07 20:02:00,305,TOWER_007,sms
CDR_000890,FIR_0006,P019,P035,2026-04-27 17:47:00,158,TOWER_007,sms
CDR_000891,FIR_0018,P056,P006,2026-06-20 19:44:00,222,TOWER_013,sms
CDR_000892,FIR_0014,P005,P054,2026-01-09 11:31:00,319,TOWER_001,voice
CDR_000893,FIR_0001,P038,P030,2026-01-11 09:56:00,106,TOWER_002,sms
CDR_000894,FIR_0001,P007,P054,2026-08-19 05:11:00,157,TOWER_014,voice
CDR_000895,FIR_0024,P016,P010,2026-07-21 14:58:00,481,TOWER_026,voice
CDR_000896,FIR_0008,P048,P007,2026-04-03 00:16:00,585,TOWER_022,voice
CDR_000897,FIR_0023,P034,P033,2026-01-22 19:04:00,468,TOWER_018,voice
CDR_000898,FIR_0005,P033,P056,2026-01-16 15:58:00,599,TOWER_011,voice
CDR_000899,FIR_0016,P048,P059,2026-08-24 02:35:00,892,TOWER_024,voice
CDR_000900,FIR_0026,P048,P053,2026-01-28 00:27:00,559,TOWER_028,voice
CDR_000901,FIR_0020,P048,P026,2026-04-29 02:33:00,121,TOWER_015,voice
CDR_000902,FIR_0029,P051,P048,2026-02-01 10:12:00,369,TOWER_027,voice
CDR_000903,FIR_0004,P039,P015,2026-07-28 02:57:00,761,TOWER_005,voice
CDR_000904,FIR_0005,P060,P007,2026-08-22 00:40:00,470,TOWER_004,voice
CDR_000905,FIR_0025,P059,P038,2026-07-21 17:16:00,899,TOWER_024,voice
CDR_000906,FIR_0016,P056,P038,2026-03-28 15:51:00,119,TOWER_011,voice
CDR_000907,FIR_0010,P003,P059,2026-06-18 00:14:00,671,TOWER_024,voice
CDR_000908,FIR_0013,P002,P034,2026-05-31 18:57:00,113,TOWER_011,sms
CDR_000909,FIR_0020,P011,P050,2026-06-01 14:49:00,133,TOWER_021,voice
CDR_000910,FIR_0003,P020,P024,2026-04-30 14:22:00,64,TOWER_024,voice
CDR_000911,FIR_0024,P012,P014,2026-03-01 09:41:00,136,TOWER_012,voice
CDR_000912,FIR_0007,P046,P021,2026-01-15 17:50:00,499,TOWER_004,sms
CDR_000913,FIR_0013,P040,P044,2026-03-25 14:21:00,68,TOWER_015,voice
CDR_000914,FIR_0016,P042,P036,2026-03-03 01:06:00,482,TOWER_027,voice
CDR_000915,FIR_0007,P037,P018,2026-04-21 19:41:00,534,TOWER_001,sms
CDR_000916,FIR_0022,P057,P030,2026-06-09 06:06:00,361,TOWER_018,sms
CDR_000917,FIR_0020,P042,P021,2026-04-22 01:13:00,273,TOWER_012,voice
CDR_000918,FIR_0023,P024,P012,2026-03-07 18:37:00,187,TOWER_019,sms
CDR_000919,FIR_0014,P040,P052,2026-07-11 13:00:00,663,TOWER_020,sms
CDR_000920,FIR_0011,P037,P046,2026-06-15 15:38:00,669,TOWER_021,sms
CDR_000921,FIR_0004,P028,P021,2026-06-23 00:58:00,109,TOWER_004,voice
CDR_000922,FIR_0018,P057,P004,2026-02-01 14:53:00,443,TOWER_005,sms
CDR_000923,FIR_0003,P053,P012,2026-08-13 06:44:00,469,TOWER_001,voice
CDR_000924,FIR_0012,P029,P016,2026-08-21 04:04:00,415,TOWER_016,voice
CDR_000925,FIR_0027,P033,P023,2026-07-27 12:48:00,413,TOWER_030,sms
CDR_000926,FIR_0024,P004,P050,2026-08-04 04:31:00,413,TOWER_004,sms
CDR_000927,FIR_0009,P026,P041,2026-06-12 05:26:00,688,TOWER_027,sms
CDR_000928,FIR_0030,P033,P043,2026-04-26 11:42:00,723,TOWER_002,sms
CDR_000929,FIR_0001,P033,P022,2026-07-31 13:06:00,825,TOWER_005,sms
CDR_000930,FIR_0030,P025,P013,2026-04-12 22:42:00,72,TOWER_017,sms
CDR_000931,FIR_0021,P048,P012,2026-04-05 18:27:00,409,TOWER_028,voice
CDR_000932,FIR_0027,P016,P028,2026-07-04 19:45:00,615,TOWER_014,sms
CDR_000933,FIR_0013,P011,P052,2026-08-08 22:52:00,534,TOWER_005,voice
CDR_000934,FIR_0024,P037,P045,2026-01-06 13:15:00,454,TOWER_001,sms
CDR_000935,FIR_0008,P055,P005,2026-03-11 14:29:00,541,TOWER_028,voice
CDR_000936,FIR_0001,P005,P032,2026-03-24 20:18:00,478,TOWER_016,sms
CDR_000937,FIR_0026,P026,P013,2026-02-23 15:39:00,432,TOWER_006,voice
CDR_000938,FIR_0001,P043,P024,2026-04-02 23:55:00,900,TOWER_006,sms
CDR_000939,FIR_0020,P049,P041,2026-08-25 15:52:00,563,TOWER_024,sms
CDR_000940,FIR_0026,P051,P042,2026-02-09 05:54:00,824,TOWER_029,voice
CDR_000941,FIR_0004,P012,P056,2026-08-01 15:57:00,851,TOWER_010,voice
CDR_000942,FIR_0013,P022,P026,2026-04-10 15:22:00,325,TOWER_005,voice
CDR_000943,FIR_0003,P005,P036,2026-02-09 05:50:00,816,TOWER_017,voice
CDR_000944,FIR_0016,P001,P043,2026-02-18 16:30:00,160,TOWER_009,voice
CDR_000945,FIR_0012,P049,P024,2026-01-26 14:09:00,534,TOWER_030,voice
CDR_000946,FIR_0025,P046,P002,2026-08-26 19:43:00,533,TOWER_029,voice
CDR_000947,FIR_0022,P048,P041,2026-07-20 21:24:00,439,TOWER_029,voice
CDR_000948,FIR_0002,P022,P039,2026-06-23 09:13:00,368,TOWER_012,sms
CDR_000949,FIR_0009,P016,P032,2026-06-13 08:17:00,499,TOWER_020,voice
CDR_000950,FIR_0001,P033,P045,2026-04-26 02:34:00,359,TOWER_012,voice
CDR_000951,FIR_0015,P060,P005,2026-03-08 08:48:00,291,TOWER_014,sms
CDR_000952,FIR_0013,P023,P050,2026-05-07 18:10:00,429,TOWER_028,voice
CDR_000953,FIR_0004,P056,P017,2026-01-04 22:01:00,665,TOWER_023,voice
CDR_000954,FIR_0022,P006,P050,2026-04-25 15:25:00,288,TOWER_018,voice
CDR_000955,FIR_0026,P031,P040,2026-03-20 21:01:00,488,TOWER_010,sms
CDR_000956,FIR_0007,P034,P053,2026-05-27 14:16:00,714,TOWER_002,voice
CDR_000957,FIR_0021,P045,P048,2026-04-24 20:44:00,266,TOWER_020,voice
CDR_000958,FIR_0019,P031,P025,2026-05-21 19:03:00,853,TOWER_011,voice
CDR_000959,FIR_0029,P036,P049,2026-03-30 22:09:00,732,TOWER_019,voice
CDR_000960,FIR_0002,P051,P045,2026-06-15 08:51:00,152,TOWER_018,sms
CDR_000961,FIR_0030,P028,P021,2026-08-29 10:24:00,149,TOWER_001,sms
CDR_000962,FIR_0019,P029,P023,2026-08-07 20:51:00,784,TOWER_011,voice
CDR_000963,FIR_0026,P002,P007,2026-03-27 15:41:00,273,TOWER_024,voice
CDR_000964,FIR_0006,P035,P019,2026-02-18 03:02:00,572,TOWER_014,sms
CDR_000965,FIR_0012,P034,P054,2026-07-01 18:03:00,562,TOWER_014,sms
CDR_000966,FIR_0026,P028,P027,2026-07-01 22:28:00,724,TOWER_011,sms
CDR_000967,FIR_0007,P028,P052,2026-01-03 15:35:00,775,TOWER_029,voice
CDR_000968,FIR_0004,P027,P006,2026-02-02 06:55:00,119,TOWER_011,voice
CDR_000969,FIR_0030,P045,P060,2026-04-26 02:30:00,493,TOWER_005,voice
CDR_000970,FIR_0022,P031,P060,2026-01-29 22:34:00,492,TOWER_023,voice
CDR_000971,FIR_0015,P057,P046,2026-08-22 07:12:00,724,TOWER_017,voice
CDR_000972,FIR_0006,P038,P027,2026-05-29 03:23:00,384,TOWER_029,voice
CDR_000973,FIR_0002,P033,P030,2026-05-15 10:00:00,25,TOWER_004,sms
CDR_000974,FIR_0020,P017,P020,2026-03-04 15:19:00,876,TOWER_001,sms
CDR_000975,FIR_0025,P027,P017,2026-05-15 22:55:00,597,TOWER_011,sms
CDR_000976,FIR_0004,P020,P026,2026-04-04 11:28:00,74,TOWER_022,sms
CDR_000977,FIR_0022,P008,P033,2026-01-24 10:14:00,158,TOWER_001,voice
CDR_000978,FIR_0018,P030,P044,2026-02-10 14:04:00,667,TOWER_018,sms
CDR_000979,FIR_0009,P021,P046,2026-01-03 18:36:00,775,TOWER_003,sms
CDR_000980,FIR_0014,P029,P053,2026-03-26 07:01:00,802,TOWER_016,sms
CDR_000981,FIR_0012,P054,P053,2026-07-31 12:24:00,211,TOWER_022,voice
CDR_000982,FIR_0021,P054,P035,2026-02-08 03:53:00,460,TOWER_007,sms
CDR_000983,FIR_0003,P010,P058,2026-02-10 15:54:00,559,TOWER_007,sms
CDR_000984,FIR_0026,P014,P033,2026-04-08 23:27:00,883,TOWER_007,voice
CDR_000985,FIR_0008,P011,P014,2026-06-30 00:58:00,26,TOWER_018,voice
CDR_000986,FIR_0023,P022,P037,2026-04-12 23:24:00,661,TOWER_023,sms
CDR_000987,FIR_0026,P053,P058,2026-03-04 03:34:00,457,TOWER_014,voice
CDR_000988,FIR_0006,P048,P038,2026-02-19 10:43:00,223,TOWER_025,voice
CDR_000989,FIR_0010,P050,P001,2026-04-09 17:45:00,47,TOWER_013,sms
CDR_000990,FIR_0004,P010,P025,2026-03-27 07:32:00,718,TOWER_017,sms
CDR_000991,FIR_0007,P034,P046,2026-02-15 10:30:00,454,TOWER_022,sms
CDR_000992,FIR_0028,P051,P041,2026-08-06 19:30:00,563,TOWER_022,voice
CDR_000993,FIR_0013,P047,P014,2026-05-27 13:40:00,192,TOWER_029,voice
CDR_000994,FIR_0007,P047,P018,2026-03-10 04:44:00,115,TOWER_004,voice
CDR_000995,FIR_0012,P034,P023,2026-06-06 05:01:00,810,TOWER_013,voice
CDR_000996,FIR_0023,P042,P021,2026-09-01 09:16:00,190,TOWER_019,sms
CDR_000997,FIR_0002,P002,P022,2026-06-11 05:14:00,533,TOWER_011,voice
CDR_000998,FIR_0004,P058,P055,2026-05-02 00:13:00,792,TOWER_021,voice
CDR_000999,FIR_0009,P030,P003,2026-03-16 12:00:00,157,TOWER_029,voice
CDR_001000,FIR_0004,P033,P043,2026-07-04 19:40:00,874,TOWER_001,voice
CDR_001001,FIR_0003,P026,P022,2026-06-05 06:47:00,563,TOWER_020,voice
CDR_001002,FIR_0027,P053,P023,2026-04-18 06:42:00,76,TOWER_023,voice
CDR_001003,FIR_0013,P058,P014,2026-08-05 02:25:00,200,TOWER_007,sms
CDR_001004,FIR_0007,P030,P057,2026-02-10 07:08:00,325,TOWER_010,voice
CDR_001005,FIR_0020,P037,P016,2026-04-23 07:29:00,557,TOWER_013,sms
CDR_001006,FIR_0002,P042,P010,2026-03-01 12:05:00,855,TOWER_017,sms
CDR_001007,FIR_0007,P014,P004,2026-03-31 22:09:00,264,TOWER_011,sms
CDR_001008,FIR_0021,P025,P044,2026-05-24 20:56:00,786,TOWER_002,sms
CDR_001009,FIR_0019,P048,P045,2026-07-07 03:28:00,601,TOWER_023,sms
CDR_001010,FIR_0023,P026,P032,2026-03-04 10:30:00,830,TOWER_012,sms
CDR_001011,FIR_0014,P045,P001,2026-02-12 12:21:00,386,TOWER_030,sms
CDR_001012,FIR_0030,P005,P013,2026-05-14 14:30:00,584,TOWER_030,voice
CDR_001013,FIR_0029,P024,P020,2026-05-31 14:56:00,262,TOWER_015,sms
CDR_001014,FIR_0001,P021,P057,2026-03-09 03:49:00,57,TOWER_009,voice
CDR_001015,FIR_0012,P016,P013,2026-07-12 22:58:00,774,TOWER_008,sms
CDR_001016,FIR_0003,P008,P001,2026-07-20 17:15:00,213,TOWER_006,voice
CDR_001017,FIR_0006,P016,P023,2026-04-23 15:36:00,608,TOWER_024,voice
CDR_001018,FIR_0013,P039,P006,2026-03-13 08:35:00,785,TOWER_028,voice
CDR_001019,FIR_0028,P005,P012,2026-07-08 00:13:00,852,TOWER_024,voice
CDR_001020,FIR_0016,P042,P043,2026-03-17 12:34:00,627,TOWER_018,sms
CDR_001021,FIR_0017,P027,P039,2026-03-09 02:13:00,389,TOWER_028,sms
CDR_001022,FIR_0030,P008,P026,2026-01-11 16:38:00,521,TOWER_024,sms
CDR_001023,FIR_0001,P005,P046,2026-08-17 13:24:00,704,TOWER_004,voice
CDR_001024,FIR_0027,P006,P025,2026-02-08 13:01:00,227,TOWER_016,sms
CDR_001025,FIR_0003,P011,P050,2026-02-28 00:52:00,118,TOWER_024,sms
CDR_001026,FIR_0029,P022,P004,2026-07-16 17:30:00,412,TOWER_015,voice
CDR_001027,FIR_0015,P004,P021,2026-03-19 07:57:00,740,TOWER_001,voice
CDR_001028,FIR_0030,P058,P031,2026-07-25 04:01:00,362,TOWER_003,sms
CDR_001029,FIR_0002,P007,P044,2026-08-02 02:47:00,780,TOWER_013,sms
CDR_001030,FIR_0004,P058,P060,2026-05-12 17:35:00,33,TOWER_002,sms
CDR_001031,FIR_0021,P050,P060,2026-08-17 20:18:00,125,TOWER_007,sms
CDR_001032,FIR_0004,P037,P056,2026-08-26 09:02:00,661,TOWER_009,voice
CDR_001033,FIR_0028,P054,P049,2026-03-02 11:46:00,205,TOWER_012,sms
CDR_001034,FIR_0013,P058,P041,2026-02-04 22:21:00,204,TOWER_020,voice
CDR_001035,FIR_0016,P052,P036,2026-05-15 20:34:00,745,TOWER_008,sms
CDR_001036,FIR_0022,P049,P044,2026-08-19 11:43:00,319,TOWER_007,voice
CDR_001037,FIR_0004,P012,P029,2026-06-02 00:46:00,703,TOWER_014,voice
CDR_001038,FIR_0012,P059,P058,2026-07-21 11:33:00,765,TOWER_025,sms
CDR_001039,FIR_0018,P031,P026,2026-07-30 21:07:00,211,TOWER_017,voice
CDR_001040,FIR_0026,P032,P010,2026-03-26 13:22:00,335,TOWER_015,voice
CDR_001041,FIR_0018,P031,P059,2026-06-16 16:06:00,756,TOWER_017,voice
CDR_001042,FIR_0002,P034,P008,2026-02-07 12:15:00,157,TOWER_007,sms
CDR_001043,FIR_0002,P040,P002,2026-02-26 15:01:00,377,TOWER_001,voice
CDR_001044,FIR_0023,P004,P029,2026-04-27 03:01:00,113,TOWER_009,sms
CDR_001045,FIR_0020,P013,P038,2026-01-11 15:36:00,79,TOWER_006,sms
CDR_001046,FIR_0003,P030,P004,2026-09-01 08:29:00,633,TOWER_002,voice
CDR_001047,FIR_0022,P017,P033,2026-02-26 08:57:00,375,TOWER_008,voice
CDR_001048,FIR_0005,P050,P014,2026-02-24 05:14:00,202,TOWER_002,sms
CDR_001049,FIR_0023,P034,P060,2026-06-30 06:31:00,176,TOWER_021,voice
CDR_001050,FIR_0026,P053,P033,2026-02-03 15:03:00,824,TOWER_025,voice
CDR_001051,FIR_0028,P060,P017,2026-04-11 12:18:00,512,TOWER_022,sms
CDR_001052,FIR_0016,P046,P031,2026-07-18 16:16:00,853,TOWER_017,sms
CDR_001053,FIR_0030,P007,P042,2026-01-27 01:43:00,612,TOWER_010,voice
CDR_001054,FIR_0005,P054,P029,2026-04-03 16:04:00,807,TOWER_006,sms
CDR_001055,FIR_0017,P026,P013,2026-02-07 22:15:00,770,TOWER_008,voice
CDR_001056,FIR_0009,P050,P060,2026-05-18 19:53:00,521,TOWER_028,voice
CDR_001057,FIR_0001,P031,P007,2026-08-23 08:23:00,363,TOWER_030,sms
CDR_001058,FIR_0024,P009,P058,2026-06-14 01:05:00,447,TOWER_030,sms
CDR_001059,FIR_0023,P019,P028,2026-05-04 18:34:00,770,TOWER_015,voice
CDR_001060,FIR_0011,P038,P049,2026-04-19 04:50:00,514,TOWER_029,sms
CDR_001061,FIR_0021,P036,P042,2026-07-23 21:42:00,774,TOWER_014,sms
CDR_001062,FIR_0013,P045,P024,2026-06-07 14:48:00,49,TOWER_020,voice
CDR_001063,FIR_0017,P015,P008,2026-01-07 12:57:00,371,TOWER_016,sms
CDR_001064,FIR_0009,P055,P023,2026-01-10 15:16:00,736,TOWER_030,sms
CDR_001065,FIR_0008,P032,P047,2026-04-22 23:15:00,637,TOWER_010,sms
CDR_001066,FIR_0016,P010,P019,2026-01-19 14:21:00,481,TOWER_005,voice
CDR_001067,FIR_0025,P020,P022,2026-04-25 02:51:00,816,TOWER_009,sms
CDR_001068,FIR_0002,P040,P009,2026-07-04 20:58:00,556,TOWER_004,sms
CDR_001069,FIR_0009,P024,P058,2026-02-11 10:33:00,342,TOWER_016,sms
CDR_001070,FIR_0030,P028,P016,2026-01-03 16:23:00,526,TOWER_024,voice
CDR_001071,FIR_0015,P004,P053,2026-05-19 15:08:00,653,TOWER_017,voice
CDR_001072,FIR_0030,P026,P043,2026-02-15 23:09:00,360,TOWER_010,voice
CDR_001073,FIR_0019,P038,P060,2026-02-09 20:35:00,347,TOWER_030,voice
CDR_001074,FIR_0018,P008,P036,2026-05-06 18:00:00,255,TOWER_016,voice
CDR_001075,FIR_0021,P021,P058,2026-03-01 20:32:00,728,TOWER_006,sms
CDR_001076,FIR_0014,P050,P007,2026-01-28 07:19:00,566,TOWER_008,sms
CDR_001077,FIR_0003,P013,P057,2026-06-25 05:14:00,343,TOWER_028,voice
CDR_001078,FIR_0021,P060,P045,2026-07-09 17:41:00,364,TOWER_029,voice
CDR_001079,FIR_0008,P045,P047,2026-05-03 04:18:00,77,TOWER_007,voice
CDR_001080,FIR_0004,P003,P037,2026-01-18 13:10:00,754,TOWER_006,sms
CDR_001081,FIR_0010,P014,P040,2026-01-29 10:32:00,49,TOWER_029,sms
CDR_001082,FIR_0001,P011,P056,2026-05-23 11:05:00,741,TOWER_016,voice
CDR_001083,FIR_0009,P048,P054,2026-08-12 06:37:00,713,TOWER_009,sms
CDR_001084,FIR_0004,P037,P013,2026-03-08 23:49:00,564,TOWER_010,sms
CDR_001085,FIR_0014,P014,P006,2026-08-20 20:46:00,55,TOWER_026,voice
CDR_001086,FIR_0009,P042,P040,2026-02-28 08:38:00,740,TOWER_008,voice
CDR_001087,FIR_0002,P046,P047,2026-07-18 02:35:00,133,TOWER_023,voice
CDR_001088,FIR_0017,P015,P004,2026-05-31 21:20:00,101,TOWER_004,sms
CDR_001089,FIR_0017,P017,P028,2026-05-30 04:41:00,701,TOWER_008,voice
CDR_001090,FIR_0030,P001,P036,2026-06-02 09:05:00,369,TOWER_016,sms
CDR_001091,FIR_0029,P047,P060,2026-05-26 21:07:00,49,TOWER_016,voice
CDR_001092,FIR_0006,P018,P009,2026-03-01 07:50:00,30,TOWER_027,voice
CDR_001093,FIR_0008,P037,P040,2026-01-08 20:24:00,537,TOWER_018,sms
CDR_001094,FIR_0023,P042,P029,2026-03-12 14:50:00,772,TOWER_013,voice
CDR_001095,FIR_0003,P028,P014,2026-01-22 06:57:00,324,TOWER_001,voice
CDR_001096,FIR_0013,P007,P056,2026-01-26 01:54:00,458,TOWER_029,sms
CDR_001097,FIR_0015,P053,P010,2026-07-12 13:48:00,686,TOWER_004,voice
CDR_001098,FIR_0016,P058,P008,2026-02-27 17:10:00,452,TOWER_007,sms
CDR_001099,FIR_0002,P058,P037,2026-05-18 17:47:00,487,TOWER_006,sms
CDR_001100,FIR_0013,P004,P032,2026-08-14 11:24:00,571,TOWER_028,voice
CDR_001101,FIR_0011,P019,P022,2026-02-21 10:32:00,649,TOWER_005,sms
CDR_001102,FIR_0002,P055,P041,2026-01-07 03:30:00,132,TOWER_030,voice
CDR_001103,FIR_0029,P010,P058,2026-06-04 03:21:00,659,TOWER_016,sms
CDR_001104,FIR_0024,P031,P023,2026-02-22 11:03:00,639,TOWER_010,sms
CDR_001105,FIR_0009,P006,P040,2026-03-01 14:22:00,11,TOWER_026,sms
CDR_001106,FIR_0020,P054,P001,2026-08-28 00:09:00,710,TOWER_022,sms
CDR_001107,FIR_0011,P007,P039,2026-02-07 03:45:00,194,TOWER_016,sms
CDR_001108,FIR_0021,P005,P004,2026-01-09 20:12:00,431,TOWER_009,sms
CDR_001109,FIR_0024,P035,P014,2026-04-28 23:48:00,660,TOWER_019,voice
CDR_001110,FIR_0011,P038,P005,2026-02-17 11:57:00,396,TOWER_018,voice
CDR_001111,FIR_0012,P013,P002,2026-08-31 01:34:00,515,TOWER_011,voice
CDR_001112,FIR_0027,P004,P009,2026-01-13 11:00:00,56,TOWER_018,sms
CDR_001113,FIR_0018,P060,P023,2026-08-03 00:42:00,60,TOWER_009,voice
CDR_001114,FIR_0027,P010,P014,2026-05-11 09:31:00,463,TOWER_016,sms
CDR_001115,FIR_0025,P043,P012,2026-08-07 07:49:00,784,TOWER_004,sms
CDR_001116,FIR_0020,P056,P018,2026-06-21 06:22:00,749,TOWER_026,voice
CDR_001117,FIR_0030,P038,P004,2026-01-06 11:33:00,41,TOWER_013,voice
CDR_001118,FIR_0021,P015,P036,2026-01-12 05:41:00,557,TOWER_010,voice
CDR_001119,FIR_0010,P025,P010,2026-03-28 12:58:00,654,TOWER_009,sms
CDR_001120,FIR_0005,P031,P019,2026-04-19 07:39:00,533,TOWER_012,voice
CDR_001121,FIR_0012,P059,P042,2026-02-12 12:33:00,560,TOWER_026,sms
CDR_001122,FIR_0016,P052,P038,2026-04-13 23:40:00,830,TOWER_012,voice
CDR_001123,FIR_0024,P034,P053,2026-01-22 20:50:00,293,TOWER_018,sms
CDR_001124,FIR_0004,P009,P037,2026-03-13 23:11:00,619,TOWER_016,voice
CDR_001125,FIR_0004,P048,P025,2026-02-14 16:28:00,657,TOWER_030,voice
CDR_001126,FIR_0006,P001,P017,2026-02-04 04:09:00,258,TOWER_004,voice
CDR_001127,FIR_0019,P040,P033,2026-03-02 21:55:00,335,TOWER_017,voice
CDR_001128,FIR_0014,P029,P013,2026-07-23 03:45:00,498,TOWER_007,voice
CDR_001129,FIR_0013,P012,P013,2026-03-29 01:37:00,109,TOWER_024,sms
CDR_001130,FIR_0004,P033,P003,2026-08-12 20:00:00,215,TOWER_011,sms
CDR_001131,FIR_0001,P009,P004,2026-06-16 03:29:00,452,TOWER_015,voice
CDR_001132,FIR_0024,P013,P030,2026-04-19 03:20:00,751,TOWER_030,voice
CDR_001133,FIR_0030,P015,P052,2026-01-03 23:41:00,68,TOWER_018,voice
CDR_001134,FIR_0011,P038,P008,2026-07-18 21:01:00,642,TOWER_006,voice
CDR_001135,FIR_0028,P055,P034,2026-08-14 15:06:00,394,TOWER_007,voice
CDR_001136,FIR_0026,P051,P036,2026-01-18 15:20:00,753,TOWER_013,voice
CDR_001137,FIR_0007,P021,P025,2026-04-03 20:05:00,445,TOWER_016,sms
CDR_001138,FIR_0014,P025,P031,2026-01-23 11:13:00,782,TOWER_021,voice
CDR_001139,FIR_0006,P036,P012,2026-03-20 19:21:00,885,TOWER_016,sms
CDR_001140,FIR_0016,P050,P027,2026-05-06 06:53:00,504,TOWER_026,voice
CDR_001141,FIR_0024,P006,P055,2026-08-05 00:54:00,68,TOWER_012,voice
CDR_001142,FIR_0004,P057,P021,2026-07-04 01:19:00,681,TOWER_004,voice
CDR_001143,FIR_0021,P021,P059,2026-04-29 06:00:00,777,TOWER_017,sms
CDR_001144,FIR_0010,P039,P045,2026-07-05 15:03:00,19,TOWER_027,voice
CDR_001145,FIR_0026,P041,P051,2026-07-27 14:13:00,74,TOWER_026,sms
CDR_001146,FIR_0028,P027,P023,2026-04-29 07:58:00,759,TOWER_014,voice
CDR_001147,FIR_0023,P044,P008,2026-04-21 20:25:00,471,TOWER_021,voice
CDR_001148,FIR_0017,P037,P015,2026-07-26 09:25:00,166,TOWER_004,voice
CDR_001149,FIR_0014,P042,P002,2026-07-19 10:07:00,553,TOWER_013,sms
CDR_001150,FIR_0014,P014,P050,2026-03-26 14:06:00,874,TOWER_014,voice
CDR_001151,FIR_0027,P023,P051,2026-02-23 08:16:00,495,TOWER_003,voice
CDR_001152,FIR_0001,P039,P049,2026-04-30 02:22:00,138,TOWER_001,sms
CDR_001153,FIR_0011,P046,P038,2026-01-13 02:16:00,498,TOWER_008,voice
CDR_001154,FIR_0008,P060,P023,2026-02-26 09:30:00,205,TOWER_021,voice
CDR_001155,FIR_0022,P017,P009,2026-08-23 16:32:00,802,TOWER_006,voice
CDR_001156,FIR_0026,P019,P020,2026-02-01 17:53:00,117,TOWER_003,sms
CDR_001157,FIR_0027,P042,P058,2026-08-23 01:19:00,111,TOWER_009,sms
CDR_001158,FIR_0011,P024,P004,2026-08-17 01:45:00,653,TOWER_016,sms
CDR_001159,FIR_0015,P002,P045,2026-08-26 02:39:00,469,TOWER_012,voice
CDR_001160,FIR_0029,P054,P005,2026-08-01 13:33:00,656,TOWER_024,sms
CDR_001161,FIR_0028,P059,P052,2026-06-16 02:43:00,379,TOWER_014,voice
CDR_001162,FIR_0004,P026,P039,2026-07-05 08:34:00,485,TOWER_028,voice
CDR_001163,FIR_0021,P031,P049,2026-01-04 23:34:00,576,TOWER_014,sms
CDR_001164,FIR_0012,P006,P015,2026-08-02 15:11:00,876,TOWER_024,voice
CDR_001165,FIR_0002,P040,P025,2026-03-10 23:30:00,288,TOWER_028,voice
CDR_001166,FIR_0022,P030,P056,2026-04-30 22:37:00,89,TOWER_005,sms
CDR_001167,FIR_0005,P016,P058,2026-01-09 10:09:00,566,TOWER_021,voice
CDR_001168,FIR_0023,P026,P017,2026-04-02 01:18:00,278,TOWER_026,voice
CDR_001169,FIR_0009,P059,P020,2026-07-20 16:55:00,291,TOWER_002,voice
CDR_001170,FIR_0012,P006,P026,2026-06-21 00:24:00,865,TOWER_017,sms
CDR_001171,FIR_0010,P002,P019,2026-01-13 12:26:00,264,TOWER_015,sms
CDR_001172,FIR_0024,P001,P011,2026-01-08 23:42:00,233,TOWER_001,voice
CDR_001173,FIR_0029,P018,P032,2026-01-21 09:54:00,797,TOWER_020,voice
CDR_001174,FIR_0015,P012,P030,2026-04-26 18:54:00,396,TOWER_019,sms
CDR_001175,FIR_0022,P021,P009,2026-06-26 12:49:00,40,TOWER_006,voice
CDR_001176,FIR_0028,P039,P047,2026-04-29 08:21:00,189,TOWER_030,voice
CDR_001177,FIR_0006,P034,P012,2026-01-02 15:53:00,719,TOWER_003,voice
CDR_001178,FIR_0008,P030,P040,2026-01-17 14:02:00,395,TOWER_009,voice
CDR_001179,FIR_0026,P041,P018,2026-07-15 22:36:00,395,TOWER_028,voice
CDR_001180,FIR_0026,P030,P001,2026-06-14 22:18:00,297,TOWER_001,sms
CDR_001181,FIR_0022,P007,P027,2026-08-16 06:38:00,439,TOWER_001,voice
CDR_001182,FIR_0006,P003,P043,2026-07-22 11:59:00,48,TOWER_023,voice
CDR_001183,FIR_0009,P059,P005,2026-07-13 00:05:00,141,TOWER_005,sms
CDR_001184,FIR_0013,P034,P005,2026-08-05 05:28:00,665,TOWER_005,sms
CDR_001185,FIR_0020,P026,P058,2026-02-02 02:39:00,651,TOWER_017,sms
CDR_001186,FIR_0019,P050,P006,2026-07-18 17:36:00,695,TOWER_027,voice
CDR_001187,FIR_0025,P038,P059,2026-07-15 05:32:00,787,TOWER_027,voice
CDR_001188,FIR_0010,P012,P046,2026-03-26 23:56:00,302,TOWER_015,voice
CDR_001189,FIR_0025,P059,P021,2026-07-05 21:31:00,343,TOWER_004,voice
CDR_001190,FIR_0018,P010,P028,2026-01-13 11:11:00,549,TOWER_016,voice
CDR_001191,FIR_0028,P053,P024,2026-03-13 07:35:00,766,TOWER_008,voice
CDR_001192,FIR_0022,P048,P054,2026-07-12 18:32:00,826,TOWER_004,sms
CDR_001193,FIR_0002,P008,P018,2026-08-24 06:30:00,222,TOWER_030,sms
CDR_001194,FIR_0004,P043,P044,2026-05-04 03:09:00,617,TOWER_030,sms
CDR_001195,FIR_0019,P038,P034,2026-08-22 03:43:00,843,TOWER_011,sms
CDR_001196,FIR_0029,P040,P015,2026-03-27 09:55:00,72,TOWER_013,voice
CDR_001197,FIR_0002,P010,P030,2026-02-27 00:33:00,18,TOWER_007,sms
CDR_001198,FIR_0025,P060,P055,2026-07-19 21:39:00,120,TOWER_006,sms
CDR_001199,FIR_0021,P014,P017,2026-05-07 17:42:00,522,TOWER_010,voice
CDR_001200,FIR_0003,P006,P033,2026-07-13 00:03:00,596,TOWER_021,sms
CDR_001201,FIR_0019,P012,P035,2026-01-05 00:49:00,561,TOWER_015,sms
CDR_001202,FIR_0022,P008,P006,2026-01-02 07:15:00,851,TOWER_009,voice
CDR_001203,FIR_0012,P010,P002,2026-08-03 02:06:00,186,TOWER_026,sms
CDR_001204,FIR_0017,P002,P041,2026-01-29 02:02:00,394,TOWER_008,sms
CDR_001205,FIR_0015,P055,P059,2026-06-28 06:25:00,333,TOWER_024,voice
CDR_001206,FIR_0009,P029,P019,2026-06-26 05:45:00,541,TOWER_016,voice
CDR_001207,FIR_0004,P031,P006,2026-02-22 10:14:00,666,TOWER_028,sms
CDR_001208,FIR_0022,P055,P040,2026-03-20 20:45:00,422,TOWER_003,sms
CDR_001209,FIR_0010,P012,P048,2026-02-06 08:56:00,466,TOWER_023,voice
CDR_001210,FIR_0023,P026,P058,2026-02-25 12:26:00,670,TOWER_008,voice
CDR_001211,FIR_0017,P031,P056,2026-08-19 08:12:00,206,TOWER_001,sms
CDR_001212,FIR_0026,P021,P034,2026-03-23 02:38:00,610,TOWER_019,voice
CDR_001213,FIR_0030,P049,P029,2026-04-07 18:16:00,332,TOWER_022,voice
CDR_001214,FIR_0015,P015,P059,2026-05-13 13:53:00,213,TOWER_030,voice
CDR_001215,FIR_0002,P038,P020,2026-03-24 08:51:00,642,TOWER_006,sms
CDR_001216,FIR_0024,P023,P005,2026-01-25 00:09:00,554,TOWER_002,voice
CDR_001217,FIR_0018,P012,P032,2026-01-29 21:11:00,416,TOWER_026,voice
CDR_001218,FIR_0021,P020,P002,2026-05-04 13:53:00,150,TOWER_021,sms
CDR_001219,FIR_0020,P039,P049,2026-04-06 19:41:00,598,TOWER_023,voice
CDR_001220,FIR_0017,P041,P044,2026-02-22 15:45:00,243,TOWER_026,voice
CDR_001221,FIR_0006,P041,P048,2026-03-26 15:56:00,289,TOWER_004,voice
CDR_001222,FIR_0011,P010,P037,2026-07-16 03:39:00,572,TOWER_003,sms
CDR_001223,FIR_0009,P038,P042,2026-06-28 11:02:00,824,TOWER_009,voice
CDR_001224,FIR_0008,P025,P054,2026-03-21 12:30:00,36,TOWER_018,sms
CDR_001225,FIR_0025,P060,P013,2026-08-20 19:37:00,875,TOWER_016,voice
CDR_001226,FIR_0011,P021,P038,2026-02-20 03:05:00,698,TOWER_010,voice
CDR_001227,FIR_0023,P012,P047,2026-08-10 11:58:00,25,TOWER_008,voice
CDR_001228,FIR_0029,P051,P056,2026-02-13 16:41:00,170,TOWER_025,sms
CDR_001229,FIR_0028,P040,P008,2026-06-08 01:51:00,586,TOWER_029,sms
CDR_001230,FIR_0021,P055,P038,2026-04-19 16:10:00,330,TOWER_012,sms
CDR_001231,FIR_0026,P020,P005,2026-01-22 07:43:00,458,TOWER_019,voice
CDR_001232,FIR_0026,P036,P025,2026-01-04 03:12:00,560,TOWER_024,voice
CDR_001233,FIR_0028,P047,P050,2026-01-04 23:22:00,250,TOWER_013,sms
CDR_001234,FIR_0023,P007,P037,2026-06-24 08:27:00,39,TOWER_013,sms
CDR_001235,FIR_0014,P034,P052,2026-05-26 01:12:00,392,TOWER_028,voice
CDR_001236,FIR_0013,P033,P020,2026-04-20 20:42:00,802,TOWER_024,voice
CDR_001237,FIR_0010,P059,P018,2026-01-21 07:59:00,98,TOWER_011,sms
CDR_001238,FIR_0012,P038,P033,2026-02-18 20:45:00,697,TOWER_024,sms
CDR_001239,FIR_0001,P022,P009,2026-02-24 18:57:00,335,TOWER_013,sms
CDR_001240,FIR_0026,P001,P045,2026-02-23 01:39:00,771,TOWER_016,voice
CDR_001241,FIR_0010,P049,P051,2026-01-28 16:41:00,203,TOWER_005,sms
CDR_001242,FIR_0017,P026,P002,2026-08-21 12:14:00,245,TOWER_016,sms
CDR_001243,FIR_0029,P056,P019,2026-05-24 17:16:00,462,TOWER_019,sms
CDR_001244,FIR_0020,P003,P033,2026-08-29 10:37:00,426,TOWER_020,voice
CDR_001245,FIR_0013,P052,P029,2026-06-03 01:35:00,173,TOWER_025,sms
CDR_001246,FIR_0006,P017,P042,2026-04-10 16:32:00,213,TOWER_024,sms
CDR_001247,FIR_0010,P054,P021,2026-01-24 07:46:00,346,TOWER_005,voice
CDR_001248,FIR_0013,P025,P032,2026-05-27 19:26:00,137,TOWER_017,sms
CDR_001249,FIR_0003,P040,P049,2026-01-30 13:46:00,213,TOWER_004,sms
CDR_001250,FIR_0023,P057,P015,2026-03-09 03:50:00,632,TOWER_007,voice
CDR_001251,FIR_0021,P022,P053,2026-02-13 20:02:00,328,TOWER_029,sms
CDR_001252,FIR_0019,P022,P021,2026-05-21 00:46:00,332,TOWER_002,sms
CDR_001253,FIR_0014,P033,P018,2026-06-22 14:16:00,483,TOWER_010,sms
CDR_001254,FIR_0014,P025,P028,2026-08-08 14:42:00,299,TOWER_010,voice
CDR_001255,FIR_0016,P010,P031,2026-04-13 18:45:00,505,TOWER_012,sms
CDR_001256,FIR_0022,P053,P024,2026-03-27 05:33:00,833,TOWER_014,voice
CDR_001257,FIR_0003,P020,P016,2026-07-05 16:25:00,576,TOWER_020,voice
CDR_001258,FIR_0001,P036,P021,2026-08-29 03:28:00,751,TOWER_010,voice
CDR_001259,FIR_0027,P036,P049,2026-01-05 17:16:00,297,TOWER_020,sms
CDR_001260,FIR_0029,P043,P032,2026-03-08 02:54:00,576,TOWER_012,voice
CDR_001261,FIR_0015,P010,P038,2026-04-22 08:03:00,49,TOWER_027,sms
CDR_001262,FIR_0015,P001,P005,2026-01-27 07:15:00,190,TOWER_013,sms
CDR_001263,FIR_0030,P036,P004,2026-04-23 05:47:00,635,TOWER_030,voice
CDR_001264,FIR_0004,P024,P037,2026-08-16 08:34:00,229,TOWER_022,voice
CDR_001265,FIR_0026,P049,P006,2026-05-05 21:25:00,399,TOWER_028,sms
CDR_001266,FIR_0023,P039,P047,2026-05-24 10:35:00,385,TOWER_019,sms
CDR_001267,FIR_0025,P004,P043,2026-01-18 01:20:00,545,TOWER_023,sms
CDR_001268,FIR_0016,P034,P051,2026-03-29 16:09:00,287,TOWER_024,sms
CDR_001269,FIR_0026,P010,P022,2026-03-08 15:48:00,234,TOWER_019,voice
CDR_001270,FIR_0023,P005,P012,2026-01-11 15:43:00,757,TOWER_030,voice
CDR_001271,FIR_0021,P057,P014,2026-04-06 07:51:00,311,TOWER_019,voice
CDR_001272,FIR_0020,P010,P060,2026-04-16 10:15:00,408,TOWER_028,sms
CDR_001273,FIR_0011,P049,P025,2026-06-24 03:29:00,553,TOWER_020,sms
CDR_001274,FIR_0006,P054,P027,2026-05-19 05:04:00,687,TOWER_020,sms
CDR_001275,FIR_0021,P003,P032,2026-02-03 20:48:00,32,TOWER_015,sms
CDR_001276,FIR_0007,P017,P035,2026-07-14 16:29:00,40,TOWER_002,voice
CDR_001277,FIR_0030,P034,P032,2026-03-17 15:53:00,474,TOWER_011,voice
CDR_001278,FIR_0003,P028,P044,2026-06-14 19:19:00,452,TOWER_010,voice
CDR_001279,FIR_0027,P013,P020,2026-06-03 22:35:00,610,TOWER_028,voice
CDR_001280,FIR_0027,P035,P054,2026-03-25 06:52:00,322,TOWER_011,sms
CDR_001281,FIR_0017,P028,P053,2026-02-24 22:56:00,43,TOWER_008,voice
CDR_001282,FIR_0010,P013,P022,2026-07-15 12:31:00,169,TOWER_010,sms
CDR_001283,FIR_0021,P046,P051,2026-05-20 16:26:00,794,TOWER_021,voice
CDR_001284,FIR_0011,P017,P022,2026-08-27 11:16:00,462,TOWER_002,voice
CDR_001285,FIR_0013,P009,P030,2026-08-10 15:19:00,616,TOWER_029,sms
CDR_001286,FIR_0025,P040,P037,2026-05-14 22:09:00,749,TOWER_016,voice
CDR_001287,FIR_0008,P023,P049,2026-08-20 02:53:00,187,TOWER_021,voice
CDR_001288,FIR_0001,P005,P039,2026-08-26 10:41:00,644,TOWER_012,voice
CDR_001289,FIR_0021,P049,P059,2026-07-18 16:44:00,240,TOWER_001,sms
CDR_001290,FIR_0003,P046,P005,2026-03-03 22:12:00,650,TOWER_001,sms
CDR_001291,FIR_0025,P012,P027,2026-08-14 10:02:00,702,TOWER_021,voice
CDR_001292,FIR_0009,P021,P048,2026-07-28 14:31:00,816,TOWER_009,sms
CDR_001293,FIR_0026,P016,P015,2026-08-29 10:17:00,531,TOWER_008,sms
CDR_001294,FIR_0014,P028,P032,2026-04-17 20:44:00,125,TOWER_007,sms
CDR_001295,FIR_0004,P030,P015,2026-05-30 18:23:00,503,TOWER_009,sms
CDR_001296,FIR_0005,P023,P009,2026-01-06 05:36:00,886,TOWER_001,voice
CDR_001297,FIR_0024,P021,P004,2026-05-09 21:54:00,563,TOWER_024,voice
CDR_001298,FIR_0022,P021,P004,2026-01-06 20:47:00,665,TOWER_024,sms
CDR_001299,FIR_0027,P015,P056,2026-07-29 10:28:00,855,TOWER_014,voice
CDR_001300,FIR_0013,P043,P044,2026-02-21 22:49:00,820,TOWER_021,voice
CDR_001301,FIR_0012,P033,P036,2026-05-23 23:00:00,73,TOWER_024,sms
CDR_001302,FIR_0006,P035,P023,2026-01-19 21:51:00,504,TOWER_027,voice
CDR_001303,FIR_0019,P051,P055,2026-04-26 19:13:00,323,TOWER_028,sms
CDR_001304,FIR_0022,P039,P048,2026-07-18 01:27:00,440,TOWER_007,sms
CDR_001305,FIR_0024,P042,P037,2026-08-07 19:03:00,481,TOWER_016,voice
CDR_001306,FIR_0015,P004,P014,2026-03-07 12:53:00,124,TOWER_012,sms
CDR_001307,FIR_0023,P036,P016,2026-08-16 07:11:00,114,TOWER_009,voice
CDR_001308,FIR_0002,P057,P010,2026-05-27 02:55:00,133,TOWER_016,sms
CDR_001309,FIR_0012,P032,P025,2026-02-01 09:56:00,287,TOWER_027,sms
CDR_001310,FIR_0013,P041,P017,2026-07-27 16:23:00,535,TOWER_011,sms
CDR_001311,FIR_0013,P025,P027,2026-08-22 18:00:00,659,TOWER_026,sms
CDR_001312,FIR_0022,P041,P053,2026-03-04 18:08:00,175,TOWER_004,sms
CDR_001313,FIR_0022,P050,P058,2026-01-17 20:52:00,542,TOWER_009,voice
CDR_001314,FIR_0011,P020,P054,2026-04-20 22:55:00,179,TOWER_013,sms
CDR_001315,FIR_0015,P041,P021,2026-01-17 07:09:00,616,TOWER_028,voice
CDR_001316,FIR_0030,P028,P045,2026-04-17 08:03:00,178,TOWER_007,voice
CDR_001317,FIR_0022,P042,P030,2026-08-27 01:55:00,649,TOWER_028,sms
CDR_001318,FIR_0022,P008,P013,2026-08-22 08:52:00,541,TOWER_008,voice
CDR_001319,FIR_0004,P008,P054,2026-06-10 11:46:00,501,TOWER_008,voice
CDR_001320,FIR_0026,P009,P006,2026-05-25 03:15:00,559,TOWER_027,voice
CDR_001321,FIR_0002,P002,P047,2026-06-07 14:57:00,678,TOWER_004,voice
CDR_001322,FIR_0026,P011,P028,2026-07-29 19:29:00,292,TOWER_029,sms
CDR_001323,FIR_0012,P005,P029,2026-02-12 07:10:00,615,TOWER_030,voice
CDR_001324,FIR_0010,P035,P048,2026-07-22 16:01:00,383,TOWER_006,sms
CDR_001325,FIR_0013,P057,P005,2026-04-29 23:19:00,485,TOWER_004,sms
CDR_001326,FIR_0027,P049,P030,2026-04-14 08:07:00,383,TOWER_027,voice
CDR_001327,FIR_0008,P037,P032,2026-08-06 23:06:00,34,TOWER_008,voice
CDR_001328,FIR_0018,P036,P033,2026-08-04 06:54:00,13,TOWER_017,voice
CDR_001329,FIR_0025,P050,P056,2026-01-30 17:22:00,849,TOWER_009,voice
CDR_001330,FIR_0012,P054,P004,2026-01-05 13:12:00,730,TOWER_024,voice
CDR_001331,FIR_0003,P022,P014,2026-05-19 00:40:00,523,TOWER_022,sms
CDR_001332,FIR_0008,P002,P034,2026-01-06 13:32:00,476,TOWER_010,sms
CDR_001333,FIR_0030,P044,P008,2026-02-14 21:03:00,196,TOWER_017,sms
CDR_001334,FIR_0030,P015,P060,2026-03-14 22:33:00,660,TOWER_008,voice
CDR_001335,FIR_0004,P041,P058,2026-07-03 12:49:00,589,TOWER_026,sms
CDR_001336,FIR_0009,P053,P056,2026-04-14 17:14:00,884,TOWER_009,sms
CDR_001337,FIR_0027,P057,P007,2026-03-30 21:26:00,413,TOWER_002,sms
CDR_001338,FIR_0003,P028,P020,2026-08-13 12:04:00,344,TOWER_013,voice
CDR_001339,FIR_0006,P009,P044,2026-01-28 08:35:00,615,TOWER_028,voice
CDR_001340,FIR_0013,P011,P013,2026-04-18 15:39:00,38,TOWER_007,sms
CDR_001341,FIR_0004,P003,P002,2026-07-12 18:06:00,370,TOWER_005,sms
CDR_001342,FIR_0012,P025,P024,2026-06-24 05:28:00,61,TOWER_016,sms
CDR_001343,FIR_0024,P013,P020,2026-03-24 19:05:00,768,TOWER_022,voice
CDR_001344,FIR_0004,P030,P044,2026-08-15 19:07:00,93,TOWER_029,voice
CDR_001345,FIR_0029,P001,P045,2026-06-28 15:33:00,804,TOWER_021,voice
CDR_001346,FIR_0012,P009,P021,2026-02-04 06:10:00,27,TOWER_006,sms
CDR_001347,FIR_0014,P008,P001,2026-02-21 03:05:00,833,TOWER_012,voice
CDR_001348,FIR_0022,P038,P053,2026-06-01 00:02:00,567,TOWER_006,voice
CDR_001349,FIR_0027,P007,P052,2026-08-14 04:16:00,263,TOWER_020,sms
CDR_001350,FIR_0018,P049,P059,2026-01-14 06:20:00,551,TOWER_010,voice
CDR_001351,FIR_0027,P007,P028,2026-02-20 07:38:00,353,TOWER_026,sms
CDR_001352,FIR_0013,P006,P014,2026-03-21 06:51:00,684,TOWER_002,sms
CDR_001353,FIR_0019,P057,P030,2026-06-29 11:49:00,813,TOWER_023,voice
CDR_001354,FIR_0022,P048,P055,2026-05-07 03:57:00,405,TOWER_013,sms
CDR_001355,FIR_0014,P035,P018,2026-08-09 15:33:00,896,TOWER_010,sms
CDR_001356,FIR_0020,P011,P053,2026-08-27 14:47:00,397,TOWER_003,voice
CDR_001357,FIR_0027,P012,P054,2026-02-11 13:45:00,287,TOWER_005,voice
CDR_001358,FIR_0017,P023,P056,2026-01-19 20:21:00,272,TOWER_012,voice
CDR_001359,FIR_0015,P029,P036,2026-06-17 05:10:00,399,TOWER_012,sms
CDR_001360,FIR_0013,P050,P039,2026-01-12 12:52:00,442,TOWER_016,sms
CDR_001361,FIR_0001,P018,P060,2026-02-16 22:08:00,687,TOWER_003,sms
CDR_001362,FIR_0026,P044,P039,2026-01-20 00:51:00,675,TOWER_016,voice
CDR_001363,FIR_0017,P047,P017,2026-08-10 21:40:00,756,TOWER_019,sms
CDR_001364,FIR_0025,P008,P040,2026-05-13 22:54:00,393,TOWER_014,sms
CDR_001365,FIR_0003,P015,P039,2026-07-19 14:48:00,480,TOWER_016,voice
CDR_001366,FIR_0002,P009,P031,2026-01-11 20:43:00,555,TOWER_011,sms
CDR_001367,FIR_0020,P009,P050,2026-08-11 16:15:00,212,TOWER_020,voice
CDR_001368,FIR_0017,P038,P029,2026-03-11 11:20:00,849,TOWER_009,sms
CDR_001369,FIR_0001,P060,P010,2026-03-27 00:14:00,579,TOWER_006,sms
CDR_001370,FIR_0010,P047,P033,2026-08-17 09:48:00,248,TOWER_010,sms
CDR_001371,FIR_0005,P046,P049,2026-08-30 20:50:00,113,TOWER_007,sms
CDR_001372,FIR_0022,P035,P026,2026-05-31 17:33:00,819,TOWER_016,sms
CDR_001373,FIR_0013,P005,P040,2026-04-12 06:19:00,289,TOWER_001,sms
CDR_001374,FIR_0029,P043,P006,2026-08-10 14:46:00,321,TOWER_021,voice
CDR_001375,FIR_0024,P005,P014,2026-04-01 16:27:00,477,TOWER_002,sms
CDR_001376,FIR_0029,P055,P035,2026-08-18 00:56:00,381,TOWER_014,sms
CDR_001377,FIR_0013,P046,P036,2026-01-08 14:48:00,76,TOWER_018,voice
CDR_001378,FIR_0013,P030,P017,2026-04-11 05:15:00,177,TOWER_023,voice
CDR_001379,FIR_0005,P045,P015,2026-07-15 03:45:00,631,TOWER_007,voice
CDR_001380,FIR_0013,P052,P022,2026-03-29 09:04:00,326,TOWER_022,sms
CDR_001381,FIR_0019,P010,P022,2026-08-05 04:18:00,694,TOWER_024,sms
CDR_001382,FIR_0008,P041,P009,2026-05-12 03:42:00,836,TOWER_022,sms
CDR_001383,FIR_0014,P002,P021,2026-03-08 15:56:00,156,TOWER_005,sms
CDR_001384,FIR_0011,P050,P013,2026-01-03 21:40:00,440,TOWER_011,voice
CDR_001385,FIR_0026,P027,P018,2026-06-24 00:02:00,878,TOWER_007,sms
CDR_001386,FIR_0007,P040,P059,2026-02-01 21:26:00,571,TOWER_017,sms
CDR_001387,FIR_0018,P034,P010,2026-07-07 12:12:00,530,TOWER_026,voice
CDR_001388,FIR_0020,P034,P056,2026-03-07 01:00:00,591,TOWER_010,voice
CDR_001389,FIR_0006,P026,P018,2026-08-02 09:21:00,522,TOWER_018,sms
CDR_001390,FIR_0012,P037,P002,2026-08-16 08:20:00,665,TOWER_025,sms
CDR_001391,FIR_0024,P011,P009,2026-06-29 10:14:00,796,TOWER_006,sms
CDR_001392,FIR_0027,P023,P050,2026-07-15 13:03:00,715,TOWER_014,voice
CDR_001393,FIR_0007,P011,P010,2026-04-14 18:36:00,195,TOWER_023,sms
CDR_001394,FIR_0021,P055,P034,2026-05-15 05:54:00,394,TOWER_026,voice
CDR_001395,FIR_0016,P007,P035,2026-05-13 03:12:00,854,TOWER_008,voice
CDR_001396,FIR_0015,P024,P038,2026-03-27 16:02:00,537,TOWER_024,voice
CDR_001397,FIR_0027,P022,P056,2026-08-30 03:36:00,770,TOWER_015,voice
CDR_001398,FIR_0022,P007,P035,2026-01-09 16:47:00,797,TOWER_025,sms
CDR_001399,FIR_0027,P017,P027,2026-01-10 03:02:00,791,TOWER_027,voice
CDR_001400,FIR_0030,P036,P017,2026-08-13 12:51:00,434,TOWER_003,voice
CDR_001401,FIR_0017,P060,P014,2026-05-12 07:23:00,699,TOWER_022,sms
CDR_001402,FIR_0012,P010,P041,2026-06-05 06:07:00,551,TOWER_002,sms
CDR_001403,FIR_0005,P020,P018,2026-05-01 21:08:00,636,TOWER_021,voice
CDR_001404,FIR_0010,P009,P059,2026-05-29 19:48:00,738,TOWER_008,sms
CDR_001405,FIR_0025,P009,P016,2026-01-01 08:04:00,688,TOWER_018,voice
CDR_001406,FIR_0020,P013,P035,2026-06-10 18:02:00,187,TOWER_017,sms
CDR_001407,FIR_0018,P024,P044,2026-04-05 02:17:00,881,TOWER_007,voice
CDR_001408,FIR_0025,P010,P022,2026-01-14 10:47:00,898,TOWER_024,sms
CDR_001409,FIR_0012,P040,P035,2026-01-01 09:57:00,175,TOWER_017,sms
CDR_001410,FIR_0002,P005,P059,2026-05-23 13:01:00,258,TOWER_005,voice
CDR_001411,FIR_0020,P025,P055,2026-08-05 20:45:00,264,TOWER_029,voice
CDR_001412,FIR_0008,P003,P039,2026-02-21 11:02:00,228,TOWER_029,sms
CDR_001413,FIR_0004,P040,P004,2026-07-02 15:48:00,56,TOWER_008,voice
CDR_001414,FIR_0020,P001,P053,2026-01-20 08:32:00,585,TOWER_001,sms
CDR_001415,FIR_0011,P043,P007,2026-07-09 18:19:00,474,TOWER_002,sms
CDR_001416,FIR_0006,P035,P036,2026-04-30 01:24:00,110,TOWER_022,sms
CDR_001417,FIR_0017,P012,P008,2026-08-07 10:25:00,666,TOWER_004,sms
CDR_001418,FIR_0015,P006,P004,2026-04-13 13:15:00,349,TOWER_007,voice
CDR_001419,FIR_0023,P005,P047,2026-01-15 03:50:00,884,TOWER_027,sms
CDR_001420,FIR_0008,P036,P013,2026-03-26 09:38:00,277,TOWER_020,sms
CDR_001421,FIR_0009,P045,P003,2026-07-30 06:36:00,393,TOWER_013,sms
CDR_001422,FIR_0008,P051,P035,2026-06-26 17:07:00,450,TOWER_018,voice
CDR_001423,FIR_0023,P019,P059,2026-01-03 01:05:00,854,TOWER_019,sms
CDR_001424,FIR_0004,P046,P027,2026-07-01 00:06:00,812,TOWER_026,sms
CDR_001425,FIR_0006,P004,P023,2026-08-22 13:47:00,314,TOWER_009,voice
CDR_001426,FIR_0021,P054,P052,2026-02-07 21:34:00,472,TOWER_013,sms
CDR_001427,FIR_0025,P031,P048,2026-02-24 20:11:00,471,TOWER_012,voice
CDR_001428,FIR_0006,P027,P020,2026-05-10 08:17:00,152,TOWER_008,voice
CDR_001429,FIR_0023,P042,P006,2026-05-03 18:40:00,646,TOWER_014,voice
CDR_001430,FIR_0004,P003,P037,2026-01-21 16:26:00,375,TOWER_003,sms
CDR_001431,FIR_0013,P049,P009,2026-07-18 18:48:00,776,TOWER_005,voice
CDR_001432,FIR_0023,P017,P022,2026-07-26 05:35:00,656,TOWER_011,voice
CDR_001433,FIR_0021,P006,P058,2026-05-10 18:07:00,105,TOWER_009,voice
CDR_001434,FIR_0003,P057,P038,2026-05-30 20:27:00,500,TOWER_001,sms
CDR_001435,FIR_0028,P042,P040,2026-04-25 00:53:00,530,TOWER_003,voice
CDR_001436,FIR_0020,P012,P028,2026-01-04 16:46:00,630,TOWER_021,sms
CDR_001437,FIR_0026,P038,P033,2026-08-22 01:33:00,112,TOWER_002,voice
CDR_001438,FIR_0021,P033,P006,2026-04-14 03:37:00,292,TOWER_022,sms
CDR_001439,FIR_0023,P040,P024,2026-06-16 13:38:00,416,TOWER_025,sms
CDR_001440,FIR_0003,P047,P024,2026-01-16 07:52:00,775,TOWER_028,voice
CDR_001441,FIR_0013,P059,P056,2026-02-27 20:36:00,405,TOWER_016,voice
CDR_001442,FIR_0014,P036,P053,2026-02-09 14:28:00,674,TOWER_012,sms
CDR_001443,FIR_0001,P039,P034,2026-08-15 21:37:00,578,TOWER_010,voice
CDR_001444,FIR_0013,P045,P046,2026-04-26 02:23:00,401,TOWER_013,voice
CDR_001445,FIR_0003,P035,P021,2026-03-11 08:34:00,393,TOWER_022,sms
CDR_001446,FIR_0011,P043,P018,2026-08-25 00:01:00,237,TOWER_008,voice
CDR_001447,FIR_0013,P011,P041,2026-03-15 03:47:00,636,TOWER_006,voice
CDR_001448,FIR_0018,P043,P037,2026-03-28 19:25:00,536,TOWER_014,voice
CDR_001449,FIR_0019,P013,P033,2026-05-24 05:09:00,645,TOWER_024,sms
CDR_001450,FIR_0002,P025,P041,2026-02-11 16:04:00,418,TOWER_026,voice
CDR_001451,FIR_0009,P050,P002,2026-08-13 10:48:00,597,TOWER_014,voice
CDR_001452,FIR_0010,P019,P006,2026-07-31 20:04:00,654,TOWER_013,voice
CDR_001453,FIR_0029,P032,P024,2026-07-08 05:15:00,301,TOWER_030,sms
CDR_001454,FIR_0022,P056,P039,2026-01-17 16:21:00,360,TOWER_006,voice
CDR_001455,FIR_0002,P044,P037,2026-01-27 05:35:00,550,TOWER_009,sms
CDR_001456,FIR_0028,P035,P056,2026-04-21 14:18:00,66,TOWER_004,sms
CDR_001457,FIR_0007,P004,P054,2026-01-13 00:59:00,415,TOWER_008,voice
CDR_001458,FIR_0024,P047,P060,2026-06-09 22:08:00,287,TOWER_023,voice
CDR_001459,FIR_0004,P050,P047,2026-07-02 21:30:00,732,TOWER_016,voice
CDR_001460,FIR_0024,P041,P011,2026-03-30 21:20:00,292,TOWER_009,sms
CDR_001461,FIR_0018,P035,P011,2026-06-14 19:42:00,219,TOWER_023,sms
CDR_001462,FIR_0005,P025,P012,2026-07-11 17:57:00,237,TOWER_026,voice
CDR_001463,FIR_0026,P002,P038,2026-04-16 13:51:00,595,TOWER_011,sms
CDR_001464,FIR_0029,P007,P060,2026-05-31 03:36:00,163,TOWER_020,sms
CDR_001465,FIR_0019,P031,P015,2026-02-05 06:32:00,26,TOWER_019,voice
CDR_001466,FIR_0004,P059,P040,2026-07-03 23:59:00,588,TOWER_030,sms
CDR_001467,FIR_0006,P051,P041,2026-04-17 08:25:00,151,TOWER_029,sms
CDR_001468,FIR_0020,P055,P052,2026-03-27 16:52:00,881,TOWER_022,sms
CDR_001469,FIR_0001,P034,P007,2026-05-06 18:22:00,514,TOWER_026,voice
CDR_001470,FIR_0022,P029,P018,2026-04-22 01:01:00,851,TOWER_001,sms
CDR_001471,FIR_0022,P026,P036,2026-06-15 10:32:00,762,TOWER_013,sms
CDR_001472,FIR_0029,P054,P047,2026-04-11 00:20:00,494,TOWER_018,voice
CDR_001473,FIR_0013,P049,P044,2026-08-06 06:18:00,491,TOWER_026,voice
CDR_001474,FIR_0007,P049,P039,2026-02-08 15:14:00,502,TOWER_018,sms
CDR_001475,FIR_0007,P011,P003,2026-01-15 21:37:00,429,TOWER_014,sms
CDR_001476,FIR_0019,P013,P056,2026-03-05 00:38:00,432,TOWER_005,voice
CDR_001477,FIR_0001,P014,P043,2026-07-14 02:52:00,236,TOWER_007,sms
CDR_001478,FIR_0023,P007,P013,2026-02-20 02:42:00,165,TOWER_004,sms
CDR_001479,FIR_0019,P013,P050,2026-06-30 11:55:00,267,TOWER_016,voice
CDR_001480,FIR_0012,P050,P039,2026-08-08 14:03:00,90,TOWER_017,sms
CDR_001481,FIR_0011,P058,P057,2026-08-26 07:24:00,542,TOWER_008,sms
CDR_001482,FIR_0010,P049,P014,2026-02-04 04:13:00,405,TOWER_003,voice
CDR_001483,FIR_0022,P051,P054,2026-08-09 10:51:00,43,TOWER_020,voice
CDR_001484,FIR_0020,P014,P049,2026-02-04 18:21:00,726,TOWER_029,sms
CDR_001485,FIR_0007,P055,P024,2026-02-15 04:08:00,806,TOWER_029,voice
CDR_001486,FIR_0005,P014,P012,2026-08-25 19:43:00,574,TOWER_017,voice
CDR_001487,FIR_0014,P042,P007,2026-08-21 18:23:00,488,TOWER_023,sms
CDR_001488,FIR_0006,P060,P021,2026-02-06 14:22:00,561,TOWER_008,voice
CDR_001489,FIR_0025,P026,P007,2026-03-17 21:11:00,483,TOWER_015,voice
CDR_001490,FIR_0014,P044,P034,2026-05-09 20:14:00,122,TOWER_010,voice
CDR_001491,FIR_0011,P044,P014,2026-08-16 11:44:00,409,TOWER_002,voice
CDR_001492,FIR_0003,P054,P002,2026-02-26 10:01:00,46,TOWER_010,voice
CDR_001493,FIR_0029,P036,P010,2026-04-16 02:44:00,407,TOWER_020,sms
CDR_001494,FIR_0025,P006,P001,2026-05-19 20:53:00,828,TOWER_016,voice
CDR_001495,FIR_0005,P048,P023,2026-02-05 15:52:00,681,TOWER_005,sms
CDR_001496,FIR_0001,P048,P056,2026-01-18 04:19:00,486,TOWER_026,sms
CDR_001497,FIR_0022,P058,P004,2026-03-25 09:05:00,183,TOWER_018,sms
CDR_001498,FIR_0012,P035,P049,2026-06-07 00:39:00,241,TOWER_014,voice
CDR_001499,FIR_0001,P040,P057,2026-04-11 01:35:00,640,TOWER_015,sms
CDR_001500,FIR_0011,P048,P042,2026-06-09 02:38:00,74,TOWER_009,voice
CDR_001501,FIR_0017,P014,P054,2026-03-18 08:12:00,239,TOWER_013,sms
CDR_001502,FIR_0001,P036,P002,2026-06-18 23:24:00,536,TOWER_014,sms
CDR_001503,FIR_0005,P028,P013,2026-02-11 09:18:00,577,TOWER_021,sms
CDR_001504,FIR_0020,P012,P022,2026-05-19 03:26:00,216,TOWER_014,sms
CDR_001505,FIR_0002,P023,P016,2026-08-11 04:43:00,287,TOWER_002,sms
CDR_001506,FIR_0021,P052,P046,2026-01-27 21:21:00,854,TOWER_013,voice
CDR_001507,FIR_0014,P026,P015,2026-07-11 06:49:00,47,TOWER_012,voice
CDR_001508,FIR_0022,P013,P004,2026-03-21 23:26:00,246,TOWER_021,sms
CDR_001509,FIR_0020,P016,P035,2026-01-04 00:53:00,34,TOWER_008,sms
CDR_001510,FIR_0024,P018,P025,2026-08-03 07:50:00,639,TOWER_015,sms
CDR_001511,FIR_0010,P056,P039,2026-01-07 03:59:00,254,TOWER_015,sms
CDR_001512,FIR_0021,P015,P026,2026-04-05 15:34:00,612,TOWER_016,voice
CDR_001513,FIR_0025,P012,P041,2026-05-15 15:04:00,430,TOWER_027,voice
CDR_001514,FIR_0005,P014,P054,2026-02-16 08:05:00,545,TOWER_024,sms
CDR_001515,FIR_0023,P060,P014,2026-07-28 15:11:00,462,TOWER_002,sms
CDR_001516,FIR_0018,P005,P043,2026-03-23 03:22:00,588,TOWER_004,voice
CDR_001517,FIR_0013,P056,P028,2026-08-30 10:00:00,481,TOWER_026,sms
CDR_001518,FIR_0004,P002,P058,2026-05-18 04:58:00,684,TOWER_024,voice
CDR_001519,FIR_0029,P009,P012,2026-05-13 02:20:00,241,TOWER_023,voice
CDR_001520,FIR_0019,P019,P026,2026-04-26 18:05:00,644,TOWER_001,voice
CDR_001521,FIR_0029,P040,P029,2026-03-03 14:49:00,373,TOWER_003,voice
CDR_001522,FIR_0030,P054,P038,2026-05-28 02:23:00,848,TOWER_023,sms
CDR_001523,FIR_0025,P027,P021,2026-06-24 12:07:00,714,TOWER_012,voice
CDR_001524,FIR_0013,P033,P052,2026-08-20 05:06:00,113,TOWER_017,sms
CDR_001525,FIR_0006,P034,P037,2026-06-19 19:34:00,621,TOWER_030,sms
CDR_001526,FIR_0015,P016,P008,2026-01-02 21:21:00,86,TOWER_013,sms
CDR_001527,FIR_0013,P022,P027,2026-01-17 08:20:00,808,TOWER_004,voice
CDR_001528,FIR_0007,P037,P004,2026-03-19 01:26:00,522,TOWER_022,sms
CDR_001529,FIR_0001,P002,P024,2026-04-29 17:51:00,391,TOWER_025,voice
CDR_001530,FIR_0009,P037,P057,2026-08-08 16:42:00,867,TOWER_016,sms
CDR_001531,FIR_0004,P046,P057,2026-06-01 20:50:00,470,TOWER_010,sms
CDR_001532,FIR_0030,P055,P044,2026-02-19 08:45:00,586,TOWER_021,sms
CDR_001533,FIR_0008,P023,P012,2026-07-10 03:52:00,340,TOWER_011,sms
CDR_001534,FIR_0001,P023,P038,2026-04-10 19:00:00,73,TOWER_019,sms
CDR_001535,FIR_0008,P060,P016,2026-03-03 19:49:00,324,TOWER_028,sms
CDR_001536,FIR_0023,P011,P006,2026-07-06 06:33:00,513,TOWER_030,sms
CDR_001537,FIR_0017,P046,P021,2026-05-09 00:58:00,178,TOWER_020,voice
CDR_001538,FIR_0018,P058,P018,2026-06-14 03:53:00,529,TOWER_006,voice
CDR_001539,FIR_0024,P055,P048,2026-01-16 14:49:00,225,TOWER_026,voice
CDR_001540,FIR_0007,P037,P041,2026-01-19 01:20:00,198,TOWER_004,voice
CDR_001541,FIR_0022,P059,P036,2026-06-26 19:21:00,62,TOWER_006,sms
CDR_001542,FIR_0023,P041,P016,2026-03-19 04:37:00,665,TOWER_002,voice
CDR_001543,FIR_0024,P051,P040,2026-06-01 00:03:00,196,TOWER_008,voice
CDR_001544,FIR_0020,P045,P032,2026-03-24 18:40:00,167,TOWER_026,voice
CDR_001545,FIR_0016,P005,P033,2026-02-16 03:43:00,39,TOWER_017,voice
CDR_001546,FIR_0022,P004,P024,2026-01-28 03:19:00,882,TOWER_030,voice
CDR_001547,FIR_0015,P056,P040,2026-01-12 23:50:00,429,TOWER_004,sms
CDR_001548,FIR_0007,P034,P051,2026-08-17 22:27:00,698,TOWER_003,sms
CDR_001549,FIR_0015,P032,P014,2026-06-10 23:13:00,500,TOWER_028,voice
CDR_001550,FIR_0005,P058,P050,2026-03-26 01:57:00,801,TOWER_030,sms
CDR_001551,FIR_0020,P029,P039,2026-07-18 23:41:00,777,TOWER_014,sms
CDR_001552,FIR_0030,P029,P047,2026-03-31 03:16:00,839,TOWER_022,sms
CDR_001553,FIR_0009,P006,P021,2026-08-10 06:41:00,812,TOWER_013,sms
CDR_001554,FIR_0023,P054,P037,2026-07-08 04:57:00,379,TOWER_001,sms
CDR_001555,FIR_0026,P045,P025,2026-04-05 22:16:00,37,TOWER_011,voice
CDR_001556,FIR_0030,P058,P015,2026-04-04 22:26:00,215,TOWER_004,voice
CDR_001557,FIR_0026,P004,P014,2026-02-20 00:01:00,505,TOWER_026,sms
CDR_001558,FIR_0013,P001,P051,2026-05-22 22:46:00,262,TOWER_027,sms
CDR_001559,FIR_0016,P037,P009,2026-05-13 02:05:00,433,TOWER_022,sms
CDR_001560,FIR_0020,P042,P005,2026-05-28 02:24:00,672,TOWER_022,sms
CDR_001561,FIR_0003,P039,P042,2026-01-19 01:30:00,347,TOWER_024,sms
CDR_001562,FIR_0004,P054,P031,2026-08-22 07:27:00,223,TOWER_020,voice
CDR_001563,FIR_0019,P023,P047,2026-04-19 22:04:00,19,TOWER_019,voice
CDR_001564,FIR_0005,P036,P040,2026-06-08 12:02:00,596,TOWER_017,voice
CDR_001565,FIR_0028,P050,P030,2026-01-11 21:01:00,70,TOWER_004,voice
CDR_001566,FIR_0022,P030,P007,2026-05-20 12:49:00,787,TOWER_026,voice
CDR_001567,FIR_0029,P024,P025,2026-01-12 04:40:00,683,TOWER_005,voice
CDR_001568,FIR_0021,P020,P054,2026-01-02 03:53:00,586,TOWER_024,sms
CDR_001569,FIR_0030,P052,P033,2026-01-07 17:48:00,34,TOWER_004,voice
CDR_001570,FIR_0012,P041,P042,2026-05-27 06:24:00,220,TOWER_005,sms
CDR_001571,FIR_0014,P007,P024,2026-05-12 23:00:00,683,TOWER_003,sms
CDR_001572,FIR_0019,P057,P031,2026-06-04 06:07:00,92,TOWER_014,sms
CDR_001573,FIR_0024,P059,P041,2026-04-05 03:14:00,711,TOWER_002,voice
CDR_001574,FIR_0020,P005,P020,2026-05-10 19:22:00,493,TOWER_025,voice
CDR_001575,FIR_0009,P009,P021,2026-04-29 17:33:00,253,TOWER_028,sms
CDR_001576,FIR_0014,P031,P054,2026-03-23 06:17:00,428,TOWER_008,voice
CDR_001577,FIR_0019,P021,P048,2026-01-13 07:46:00,351,TOWER_017,voice
CDR_001578,FIR_0008,P015,P049,2026-01-06 12:35:00,757,TOWER_017,sms
CDR_001579,FIR_0029,P036,P037,2026-04-05 14:35:00,610,TOWER_007,voice
CDR_001580,FIR_0018,P056,P059,2026-08-05 07:25:00,875,TOWER_011,sms
CDR_001581,FIR_0005,P059,P047,2026-02-01 01:33:00,898,TOWER_009,sms
CDR_001582,FIR_0004,P027,P036,2026-01-05 21:17:00,556,TOWER_026,sms
CDR_001583,FIR_0014,P026,P030,2026-01-12 09:02:00,36,TOWER_007,sms
CDR_001584,FIR_0025,P045,P038,2026-01-05 20:40:00,551,TOWER_003,voice
CDR_001585,FIR_0014,P035,P031,2026-04-08 02:19:00,200,TOWER_017,sms
CDR_001586,FIR_0001,P038,P009,2026-03-05 11:56:00,458,TOWER_010,voice
CDR_001587,FIR_0003,P060,P041,2026-01-15 21:25:00,223,TOWER_001,voice
CDR_001588,FIR_0024,P028,P012,2026-01-08 00:20:00,820,TOWER_006,voice
CDR_001589,FIR_0003,P060,P052,2026-01-10 22:53:00,580,TOWER_020,sms
CDR_001590,FIR_0029,P006,P038,2026-05-22 20:49:00,92,TOWER_027,voice
CDR_001591,FIR_0021,P027,P032,2026-06-03 04:51:00,476,TOWER_026,sms
CDR_001592,FIR_0004,P005,P031,2026-07-29 17:05:00,209,TOWER_010,voice
CDR_001593,FIR_0020,P057,P015,2026-03-25 14:33:00,575,TOWER_013,sms
CDR_001594,FIR_0014,P008,P030,2026-03-22 17:13:00,13,TOWER_008,sms
CDR_001595,FIR_0027,P020,P039,2026-05-19 12:15:00,492,TOWER_013,voice
CDR_001596,FIR_0026,P001,P015,2026-06-22 05:21:00,144,TOWER_029,voice
CDR_001597,FIR_0008,P017,P037,2026-04-20 09:57:00,408,TOWER_003,sms
CDR_001598,FIR_0019,P052,P005,2026-01-13 00:35:00,330,TOWER_010,sms
CDR_001599,FIR_0016,P019,P058,2026-06-12 04:34:00,356,TOWER_009,sms
CDR_001600,FIR_0011,P032,P036,2026-03-07 08:55:00,641,TOWER_020,voice
CDR_001601,FIR_0007,P031,P037,2026-02-26 01:30:00,53,TOWER_006,sms
CDR_001602,FIR_0004,P056,P002,2026-02-07 04:02:00,817,TOWER_013,sms
CDR_001603,FIR_0005,P036,P007,2026-01-04 05:47:00,347,TOWER_028,sms
CDR_001604,FIR_0011,P026,P001,2026-02-15 03:04:00,827,TOWER_024,voice
CDR_001605,FIR_0005,P051,P042,2026-07-06 21:04:00,723,TOWER_014,sms
CDR_001606,FIR_0023,P026,P013,2026-08-16 22:23:00,751,TOWER_006,sms
CDR_001607,FIR_0013,P060,P049,2026-07-09 17:56:00,330,TOWER_010,voice
CDR_001608,FIR_0020,P053,P005,2026-02-06 05:00:00,895,TOWER_007,voice
CDR_001609,FIR_0025,P037,P023,2026-01-08 12:52:00,825,TOWER_026,sms
CDR_001610,FIR_0017,P059,P044,2026-06-28 18:15:00,801,TOWER_008,voice
CDR_001611,FIR_0009,P060,P058,2026-08-26 02:07:00,870,TOWER_023,sms
CDR_001612,FIR_0027,P060,P047,2026-03-13 04:35:00,225,TOWER_011,voice
CDR_001613,FIR_0011,P045,P033,2026-01-16 03:16:00,657,TOWER_001,voice
CDR_001614,FIR_0029,P037,P033,2026-03-16 06:38:00,698,TOWER_013,sms
CDR_001615,FIR_0029,P034,P037,2026-06-24 08:39:00,48,TOWER_009,sms
CDR_001616,FIR_0010,P007,P055,2026-03-13 07:43:00,589,TOWER_009,sms
CDR_001617,FIR_0020,P020,P016,2026-06-10 01:40:00,600,TOWER_028,sms
CDR_001618,FIR_0026,P019,P053,2026-03-18 14:35:00,55,TOWER_014,voice
CDR_001619,FIR_0012,P039,P055,2026-05-25 15:09:00,231,TOWER_006,voice
CDR_001620,FIR_0023,P026,P020,2026-06-28 08:17:00,363,TOWER_028,voice
CDR_001621,FIR_0024,P035,P057,2026-06-16 11:23:00,55,TOWER_023,sms
CDR_001622,FIR_0015,P009,P054,2026-08-17 16:04:00,328,TOWER_016,voice
CDR_001623,FIR_0003,P027,P035,2026-06-20 04:23:00,849,TOWER_022,sms
CDR_001624,FIR_0008,P041,P004,2026-05-12 02:30:00,833,TOWER_002,sms
CDR_001625,FIR_0028,P020,P040,2026-08-10 21:26:00,214,TOWER_003,voice
CDR_001626,FIR_0001,P026,P002,2026-05-15 05:41:00,561,TOWER_028,sms
CDR_001627,FIR_0023,P020,P049,2026-06-13 18:46:00,813,TOWER_015,sms
CDR_001628,FIR_0015,P025,P058,2026-01-04 17:49:00,258,TOWER_025,voice
CDR_001629,FIR_0022,P041,P050,2026-01-29 13:12:00,895,TOWER_008,sms
CDR_001630,FIR_0017,P021,P051,2026-06-23 04:07:00,888,TOWER_006,voice
CDR_001631,FIR_0003,P036,P054,2026-03-26 16:46:00,669,TOWER_012,sms
CDR_001632,FIR_0022,P014,P032,2026-08-23 06:42:00,864,TOWER_022,sms
CDR_001633,FIR_0020,P006,P004,2026-04-30 22:47:00,203,TOWER_015,sms
CDR_001634,FIR_0014,P037,P018,2026-06-05 23:00:00,35,TOWER_024,sms
CDR_001635,FIR_0015,P041,P045,2026-07-04 04:35:00,696,TOWER_028,voice
CDR_001636,FIR_0024,P052,P044,2026-06-06 09:59:00,643,TOWER_006,sms
CDR_001637,FIR_0004,P021,P044,2026-03-12 23:58:00,323,TOWER_012,voice
CDR_001638,FIR_0008,P023,P025,2026-08-15 10:45:00,219,TOWER_017,voice
CDR_001639,FIR_0009,P031,P003,2026-03-14 19:04:00,505,TOWER_008,sms
CDR_001640,FIR_0009,P033,P042,2026-03-18 14:52:00,671,TOWER_010,voice
CDR_001641,FIR_0030,P020,P025,2026-04-16 00:30:00,106,TOWER_023,voice
CDR_001642,FIR_0006,P038,P015,2026-06-28 07:03:00,274,TOWER_024,sms
CDR_001643,FIR_0024,P025,P043,2026-02-05 16:29:00,681,TOWER_013,voice
CDR_001644,FIR_0025,P027,P039,2026-04-19 02:10:00,653,TOWER_024,voice
CDR_001645,FIR_0029,P002,P059,2026-03-15 23:42:00,630,TOWER_018,sms
CDR_001646,FIR_0027,P015,P020,2026-08-25 22:43:00,715,TOWER_024,voice
CDR_001647,FIR_0027,P012,P040,2026-07-18 01:57:00,850,TOWER_016,voice
CDR_001648,FIR_0025,P019,P042,2026-08-20 10:11:00,440,TOWER_028,voice
CDR_001649,FIR_0009,P046,P036,2026-05-08 13:06:00,175,TOWER_022,sms
CDR_001650,FIR_0021,P050,P060,2026-01-25 23:57:00,862,TOWER_023,sms
CDR_001651,FIR_0028,P055,P043,2026-03-22 07:39:00,654,TOWER_006,sms
CDR_001652,FIR_0022,P006,P014,2026-08-10 23:13:00,706,TOWER_028,voice
CDR_001653,FIR_0017,P017,P001,2026-01-22 02:24:00,689,TOWER_026,sms
CDR_001654,FIR_0004,P026,P049,2026-02-06 02:00:00,585,TOWER_012,voice
CDR_001655,FIR_0017,P014,P001,2026-08-29 17:20:00,435,TOWER_009,sms
CDR_001656,FIR_0016,P032,P016,2026-07-02 02:09:00,383,TOWER_013,sms
CDR_001657,FIR_0013,P037,P032,2026-01-26 14:50:00,488,TOWER_004,sms
CDR_001658,FIR_0026,P057,P002,2026-08-11 12:31:00,664,TOWER_007,sms
CDR_001659,FIR_0021,P051,P041,2026-06-17 21:12:00,408,TOWER_029,sms
CDR_001660,FIR_0029,P001,P012,2026-04-23 23:24:00,131,TOWER_004,voice
CDR_001661,FIR_0018,P038,P005,2026-05-24 02:01:00,540,TOWER_006,voice
CDR_001662,FIR_0021,P020,P053,2026-05-10 22:26:00,435,TOWER_027,voice
CDR_001663,FIR_0030,P015,P027,2026-06-15 20:32:00,298,TOWER_017,voice
CDR_001664,FIR_0003,P013,P028,2026-07-06 03:43:00,635,TOWER_022,voice
CDR_001665,FIR_0030,P026,P003,2026-04-01 11:08:00,423,TOWER_017,voice
CDR_001666,FIR_0022,P023,P045,2026-04-01 03:08:00,436,TOWER_016,sms
CDR_001667,FIR_0016,P034,P014,2026-07-07 20:00:00,319,TOWER_008,sms
CDR_001668,FIR_0011,P023,P008,2026-03-10 07:29:00,613,TOWER_009,sms
CDR_001669,FIR_0013,P006,P060,2026-08-28 05:21:00,679,TOWER_018,voice
CDR_001670,FIR_0004,P017,P011,2026-03-05 14:02:00,283,TOWER_026,voice
CDR_001671,FIR_0020,P022,P043,2026-07-30 09:02:00,216,TOWER_029,sms
CDR_001672,FIR_0011,P012,P053,2026-03-05 12:35:00,349,TOWER_030,sms
CDR_001673,FIR_0022,P046,P010,2026-06-23 07:04:00,439,TOWER_004,sms
CDR_001674,FIR_0008,P011,P039,2026-04-28 22:27:00,71,TOWER_016,sms
CDR_001675,FIR_0006,P006,P012,2026-04-25 00:39:00,31,TOWER_029,voice
CDR_001676,FIR_0023,P043,P055,2026-07-14 16:06:00,65,TOWER_005,sms
CDR_001677,FIR_0001,P047,P004,2026-07-09 08:37:00,192,TOWER_028,voice
CDR_001678,FIR_0020,P047,P051,2026-04-29 07:59:00,314,TOWER_006,sms
CDR_001679,FIR_0024,P010,P055,2026-04-08 11:01:00,635,TOWER_010,voice
CDR_001680,FIR_0030,P016,P027,2026-06-27 01:38:00,269,TOWER_022,voice
CDR_001681,FIR_0028,P015,P002,2026-04-24 00:50:00,482,TOWER_002,voice
CDR_001682,FIR_0024,P024,P035,2026-02-08 17:19:00,856,TOWER_007,voice
CDR_001683,FIR_0026,P007,P017,2026-08-10 14:19:00,194,TOWER_016,voice
CDR_001684,FIR_0017,P038,P032,2026-08-21 15:59:00,78,TOWER_018,sms
CDR_001685,FIR_0010,P059,P018,2026-04-15 01:07:00,278,TOWER_026,sms
CDR_001686,FIR_0021,P058,P008,2026-04-14 09:17:00,402,TOWER_015,voice
CDR_001687,FIR_0009,P054,P051,2026-07-02 20:09:00,462,TOWER_012,sms
CDR_001688,FIR_0029,P036,P012,2026-05-07 19:19:00,274,TOWER_010,sms
CDR_001689,FIR_0026,P012,P050,2026-02-19 16:41:00,338,TOWER_013,voice
CDR_001690,FIR_0028,P019,P043,2026-03-21 23:10:00,502,TOWER_002,voice
CDR_001691,FIR_0020,P001,P042,2026-05-07 14:23:00,230,TOWER_006,voice
CDR_001692,FIR_0028,P030,P009,2026-07-22 12:43:00,416,TOWER_026,sms
CDR_001693,FIR_0011,P052,P054,2026-03-28 16:54:00,846,TOWER_027,voice
CDR_001694,FIR_0028,P035,P031,2026-01-16 22:53:00,780,TOWER_015,sms
CDR_001695,FIR_0017,P052,P042,2026-08-16 17:33:00,386,TOWER_014,voice
CDR_001696,FIR_0015,P026,P010,2026-04-16 08:14:00,244,TOWER_029,sms
CDR_001697,FIR_0020,P048,P040,2026-03-27 01:41:00,713,TOWER_006,sms
CDR_001698,FIR_0023,P055,P043,2026-07-09 18:04:00,850,TOWER_007,sms
CDR_001699,FIR_0001,P054,P033,2026-02-04 20:55:00,529,TOWER_003,sms
CDR_001700,FIR_0003,P059,P028,2026-01-11 18:33:00,116,TOWER_014,sms
CDR_001701,FIR_0021,P008,P026,2026-03-27 05:01:00,370,TOWER_012,sms
CDR_001702,FIR_0021,P004,P037,2026-05-08 11:43:00,731,TOWER_004,sms
CDR_001703,FIR_0026,P002,P022,2026-01-24 21:51:00,663,TOWER_019,sms
CDR_001704,FIR_0004,P031,P044,2026-05-08 19:20:00,716,TOWER_016,voice
CDR_001705,FIR_0006,P014,P046,2026-04-30 09:38:00,78,TOWER_015,sms
CDR_001706,FIR_0029,P016,P044,2026-03-15 03:59:00,208,TOWER_013,voice
CDR_001707,FIR_0002,P016,P001,2026-05-25 07:02:00,448,TOWER_019,sms
CDR_001708,FIR_0013,P038,P053,2026-02-27 13:41:00,86,TOWER_010,sms
CDR_001709,FIR_0018,P034,P045,2026-02-19 03:21:00,528,TOWER_007,sms
CDR_001710,FIR_0007,P032,P033,2026-03-01 20:55:00,107,TOWER_012,sms
CDR_001711,FIR_0009,P026,P044,2026-02-28 05:19:00,533,TOWER_013,sms
CDR_001712,FIR_0029,P059,P049,2026-07-12 21:51:00,868,TOWER_026,voice
CDR_001713,FIR_0001,P056,P051,2026-06-03 21:36:00,363,TOWER_029,sms
CDR_001714,FIR_0029,P022,P032,2026-06-12 11:41:00,346,TOWER_023,sms
CDR_001715,FIR_0017,P031,P016,2026-08-31 16:20:00,446,TOWER_019,sms
CDR_001716,FIR_0005,P010,P029,2026-08-03 05:40:00,518,TOWER_010,voice
CDR_001717,FIR_0018,P048,P024,2026-03-02 18:57:00,613,TOWER_007,sms
CDR_001718,FIR_0023,P017,P050,2026-03-12 12:11:00,294,TOWER_015,voice
CDR_001719,FIR_0004,P052,P046,2026-08-27 20:06:00,81,TOWER_022,voice
CDR_001720,FIR_0013,P021,P017,2026-06-13 09:54:00,457,TOWER_022,voice
CDR_001721,FIR_0024,P048,P026,2026-02-21 22:57:00,724,TOWER_025,voice
CDR_001722,FIR_0022,P031,P046,2026-07-07 14:58:00,486,TOWER_003,voice
CDR_001723,FIR_0001,P014,P038,2026-05-12 17:55:00,460,TOWER_028,sms
CDR_001724,FIR_0030,P021,P020,2026-04-08 22:56:00,305,TOWER_003,voice
CDR_001725,FIR_0026,P057,P005,2026-04-05 18:25:00,512,TOWER_015,voice
CDR_001726,FIR_0029,P042,P046,2026-03-13 20:48:00,536,TOWER_004,voice
CDR_001727,FIR_0021,P023,P009,2026-02-21 20:01:00,407,TOWER_016,voice
CDR_001728,FIR_0014,P027,P029,2026-06-02 05:14:00,369,TOWER_005,voice
CDR_001729,FIR_0022,P012,P040,2026-05-09 02:02:00,685,TOWER_009,sms
CDR_001730,FIR_0023,P009,P035,2026-04-09 05:10:00,640,TOWER_019,voice
CDR_001731,FIR_0010,P019,P042,2026-04-22 22:06:00,146,TOWER_023,sms
CDR_001732,FIR_0025,P016,P054,2026-07-27 19:12:00,644,TOWER_008,voice
CDR_001733,FIR_0025,P038,P053,2026-02-17 08:30:00,391,TOWER_021,sms
CDR_001734,FIR_0026,P006,P040,2026-07-11 06:38:00,467,TOWER_013,sms
CDR_001735,FIR_0026,P002,P039,2026-01-15 09:19:00,517,TOWER_012,sms
CDR_001736,FIR_0001,P035,P040,2026-05-06 04:35:00,149,TOWER_001,voice
CDR_001737,FIR_0028,P013,P054,2026-02-12 04:33:00,708,TOWER_010,sms
CDR_001738,FIR_0026,P044,P041,2026-02-11 12:11:00,28,TOWER_028,sms
CDR_001739,FIR_0002,P051,P025,2026-08-10 09:42:00,816,TOWER_030,voice
CDR_001740,FIR_0030,P011,P026,2026-01-25 12:02:00,898,TOWER_003,voice
CDR_001741,FIR_0012,P026,P029,2026-05-15 08:18:00,93,TOWER_009,voice
CDR_001742,FIR_0011,P050,P060,2026-07-21 05:23:00,678,TOWER_028,sms
CDR_001743,FIR_0016,P054,P045,2026-04-07 19:43:00,464,TOWER_008,voice
CDR_001744,FIR_0015,P016,P049,2026-05-12 13:23:00,207,TOWER_022,sms
CDR_001745,FIR_0007,P014,P016,2026-06-19 22:18:00,407,TOWER_018,sms
CDR_001746,FIR_0015,P051,P052,2026-02-21 22:55:00,105,TOWER_009,sms
CDR_001747,FIR_0011,P046,P021,2026-01-23 21:02:00,701,TOWER_011,voice
CDR_001748,FIR_0002,P002,P024,2026-04-22 15:24:00,195,TOWER_007,sms
CDR_001749,FIR_0008,P022,P031,2026-07-23 05:27:00,442,TOWER_015,voice
CDR_001750,FIR_0008,P045,P036,2026-01-27 17:34:00,59,TOWER_012,sms
CDR_001751,FIR_0015,P041,P001,2026-03-11 09:01:00,100,TOWER_021,voice
CDR_001752,FIR_0024,P031,P057,2026-01-14 16:24:00,543,TOWER_002,voice
CDR_001753,FIR_0027,P045,P002,2026-04-29 09:26:00,522,TOWER_025,voice
CDR_001754,FIR_0004,P055,P060,2026-03-04 12:49:00,94,TOWER_007,sms
CDR_001755,FIR_0028,P003,P052,2026-03-23 12:48:00,877,TOWER_021,sms
CDR_001756,FIR_0021,P028,P051,2026-06-13 10:16:00,121,TOWER_001,voice
CDR_001757,FIR_0015,P039,P030,2026-07-19 01:59:00,884,TOWER_027,voice
CDR_001758,FIR_0011,P028,P023,2026-07-04 11:04:00,592,TOWER_005,sms
CDR_001759,FIR_0015,P039,P022,2026-01-05 01:34:00,309,TOWER_018,voice
CDR_001760,FIR_0030,P050,P012,2026-04-26 00:20:00,591,TOWER_008,sms
CDR_001761,FIR_0011,P036,P005,2026-02-25 09:20:00,591,TOWER_012,voice
CDR_001762,FIR_0007,P001,P046,2026-01-18 18:30:00,213,TOWER_021,voice
CDR_001763,FIR_0024,P027,P014,2026-05-08 06:21:00,183,TOWER_020,voice
CDR_001764,FIR_0026,P050,P041,2026-06-20 04:24:00,504,TOWER_029,voice
CDR_001765,FIR_0020,P002,P001,2026-05-18 17:06:00,874,TOWER_017,voice
CDR_001766,FIR_0005,P043,P026,2026-03-18 12:19:00,676,TOWER_026,voice
CDR_001767,FIR_0016,P012,P055,2026-01-07 00:15:00,342,TOWER_006,voice
CDR_001768,FIR_0002,P047,P017,2026-02-04 18:46:00,152,TOWER_015,sms
CDR_001769,FIR_0024,P006,P015,2026-06-28 12:31:00,678,TOWER_027,sms
CDR_001770,FIR_0017,P013,P026,2026-07-02 21:40:00,296,TOWER_023,voice
CDR_001771,FIR_0023,P029,P053,2026-03-09 18:27:00,322,TOWER_006,sms
CDR_001772,FIR_0022,P059,P033,2026-01-29 11:34:00,453,TOWER_005,sms
CDR_001773,FIR_0017,P056,P052,2026-02-23 23:55:00,744,TOWER_026,voice
CDR_001774,FIR_0027,P023,P044,2026-02-13 01:01:00,650,TOWER_021,voice
CDR_001775,FIR_0012,P042,P049,2026-01-06 13:48:00,756,TOWER_010,voice
CDR_001776,FIR_0007,P046,P012,2026-04-07 02:42:00,29,TOWER_027,sms
CDR_001777,FIR_0021,P043,P035,2026-08-29 17:49:00,465,TOWER_004,sms
CDR_001778,FIR_0028,P044,P016,2026-07-28 14:31:00,141,TOWER_004,sms
CDR_001779,FIR_0015,P013,P041,2026-03-27 15:18:00,788,TOWER_016,sms
CDR_001780,FIR_0021,P016,P034,2026-08-01 18:56:00,386,TOWER_024,voice
CDR_001781,FIR_0012,P037,P056,2026-03-16 01:20:00,820,TOWER_012,voice
CDR_001782,FIR_0001,P046,P038,2026-05-01 21:35:00,538,TOWER_025,sms
CDR_001783,FIR_0005,P002,P044,2026-01-18 13:25:00,787,TOWER_012,voice
CDR_001784,FIR_0007,P015,P051,2026-05-19 09:08:00,125,TOWER_001,sms
CDR_001785,FIR_0004,P041,P005,2026-08-16 01:23:00,428,TOWER_023,sms
CDR_001786,FIR_0009,P022,P051,2026-06-12 13:37:00,701,TOWER_007,sms
CDR_001787,FIR_0027,P053,P002,2026-02-25 04:13:00,332,TOWER_026,voice
CDR_001788,FIR_0014,P036,P029,2026-05-03 22:30:00,596,TOWER_007,sms
CDR_001789,FIR_0012,P044,P007,2026-01-10 00:53:00,502,TOWER_026,voice
CDR_001790,FIR_0011,P030,P004,2026-03-04 16:32:00,487,TOWER_018,voice
CDR_001791,FIR_0025,P033,P052,2026-07-08 16:20:00,780,TOWER_018,sms
CDR_001792,FIR_0014,P026,P016,2026-01-14 10:46:00,383,TOWER_002,voice
CDR_001793,FIR_0015,P033,P026,2026-02-25 05:55:00,573,TOWER_019,voice
CDR_001794,FIR_0007,P022,P013,2026-05-31 15:01:00,40,TOWER_011,voice
CDR_001795,FIR_0021,P057,P005,2026-08-02 12:08:00,570,TOWER_030,voice
CDR_001796,FIR_0018,P015,P029,2026-05-12 04:33:00,852,TOWER_007,voice
CDR_001797,FIR_0016,P058,P016,2026-05-03 01:53:00,118,TOWER_021,voice
CDR_001798,FIR_0009,P034,P038,2026-06-20 22:11:00,872,TOWER_001,voice
CDR_001799,FIR_0030,P030,P047,2026-02-02 08:43:00,581,TOWER_016,sms
CDR_001800,FIR_0013,P020,P057,2026-03-03 23:44:00,349,TOWER_003,sms
CDR_001801,FIR_0013,P022,P004,2026-01-31 07:28:00,888,TOWER_024,voice
CDR_001802,FIR_0030,P009,P017,2026-07-25 14:02:00,180,TOWER_007,sms
CDR_001803,FIR_0022,P018,P003,2026-02-05 21:53:00,244,TOWER_026,sms
CDR_001804,FIR_0004,P048,P034,2026-04-05 12:48:00,210,TOWER_017,sms
CDR_001805,FIR_0009,P036,P028,2026-01-17 17:07:00,574,TOWER_025,sms
CDR_001806,FIR_0025,P008,P047,2026-04-07 01:35:00,585,TOWER_020,voice
CDR_001807,FIR_0003,P018,P019,2026-03-06 07:59:00,628,TOWER_001,sms
CDR_001808,FIR_0030,P017,P016,2026-03-14 23:29:00,62,TOWER_029,voice
CDR_001809,FIR_0019,P038,P036,2026-05-13 04:55:00,453,TOWER_001,sms
CDR_001810,FIR_0017,P011,P021,2026-01-13 12:21:00,346,TOWER_027,sms
CDR_001811,FIR_0013,P006,P022,2026-07-29 14:55:00,685,TOWER_013,voice
CDR_001812,FIR_0026,P027,P053,2026-07-08 09:17:00,335,TOWER_019,voice
CDR_001813,FIR_0019,P019,P051,2026-04-28 12:44:00,448,TOWER_003,sms
CDR_001814,FIR_0019,P013,P002,2026-02-28 08:58:00,516,TOWER_028,voice
CDR_001815,FIR_0025,P060,P022,2026-06-27 20:02:00,694,TOWER_006,sms
CDR_001816,FIR_0011,P049,P055,2026-02-13 19:05:00,533,TOWER_029,voice
CDR_001817,FIR_0001,P030,P020,2026-07-21 02:19:00,113,TOWER_001,voice
CDR_001818,FIR_0024,P034,P049,2026-08-16 04:19:00,171,TOWER_010,sms
CDR_001819,FIR_0028,P056,P027,2026-05-22 16:39:00,352,TOWER_015,voice
CDR_001820,FIR_0002,P029,P038,2026-03-16 03:05:00,833,TOWER_029,voice
CDR_001821,FIR_0020,P014,P040,2026-06-27 04:55:00,635,TOWER_009,sms
CDR_001822,FIR_0005,P015,P048,2026-03-05 03:31:00,518,TOWER_030,voice
CDR_001823,FIR_0027,P038,P039,2026-01-16 03:07:00,82,TOWER_003,voice
CDR_001824,FIR_0018,P050,P001,2026-08-05 07:16:00,803,TOWER_018,voice
CDR_001825,FIR_0018,P009,P040,2026-06-29 21:43:00,221,TOWER_001,voice
CDR_001826,FIR_0004,P024,P002,2026-06-06 19:37:00,747,TOWER_005,voice
CDR_001827,FIR_0022,P047,P041,2026-02-08 05:43:00,293,TOWER_016,sms
CDR_001828,FIR_0008,P026,P014,2026-02-17 11:55:00,103,TOWER_017,sms
CDR_001829,FIR_0009,P052,P041,2026-01-31 00:22:00,725,TOWER_018,voice
CDR_001830,FIR_0021,P013,P053,2026-06-13 00:19:00,486,TOWER_004,voice
CDR_001831,FIR_0026,P003,P035,2026-02-25 01:37:00,666,TOWER_024,sms
CDR_001832,FIR_0009,P044,P005,2026-06-04 09:02:00,703,TOWER_016,sms
CDR_001833,FIR_0013,P026,P024,2026-06-02 00:42:00,80,TOWER_013,voice
CDR_001834,FIR_0007,P031,P038,2026-05-18 23:09:00,754,TOWER_001,voice
CDR_001835,FIR_0016,P043,P034,2026-04-10 23:19:00,125,TOWER_014,sms
CDR_001836,FIR_0027,P055,P039,2026-05-03 14:42:00,80,TOWER_025,voice
CDR_001837,FIR_0001,P010,P013,2026-07-16 23:12:00,678,TOWER_006,sms
CDR_001838,FIR_0003,P041,P002,2026-02-01 20:56:00,21,TOWER_013,sms
CDR_001839,FIR_0022,P026,P059,2026-06-25 11:25:00,760,TOWER_006,voice
CDR_001840,FIR_0016,P036,P042,2026-07-22 07:08:00,471,TOWER_017,voice
CDR_001841,FIR_0023,P007,P022,2026-02-06 12:15:00,755,TOWER_028,sms
CDR_001842,FIR_0018,P023,P051,2026-03-24 11:19:00,729,TOWER_018,voice
CDR_001843,FIR_0016,P007,P043,2026-05-16 03:59:00,119,TOWER_027,voice
CDR_001844,FIR_0018,P045,P059,2026-05-27 21:40:00,227,TOWER_014,voice
CDR_001845,FIR_0002,P013,P060,2026-07-29 15:40:00,372,TOWER_029,sms
CDR_001846,FIR_0029,P017,P044,2026-05-05 23:33:00,461,TOWER_011,voice
CDR_001847,FIR_0005,P010,P027,2026-08-28 19:30:00,421,TOWER_004,voice
CDR_001848,FIR_0027,P040,P027,2026-06-30 10:09:00,263,TOWER_002,voice
CDR_001849,FIR_0029,P043,P050,2026-01-25 23:58:00,478,TOWER_022,voice
CDR_001850,FIR_0027,P020,P012,2026-05-06 03:46:00,15,TOWER_017,voice
CDR_001851,FIR_0004,P040,P017,2026-04-24 03:50:00,119,TOWER_030,sms
CDR_001852,FIR_0019,P058,P024,2026-02-15 04:45:00,46,TOWER_010,voice
CDR_001853,FIR_0005,P050,P023,2026-05-27 06:41:00,664,TOWER_024,sms
CDR_001854,FIR_0011,P057,P047,2026-06-30 07:13:00,318,TOWER_017,sms
CDR_001855,FIR_0006,P050,P010,2026-01-25 06:44:00,71,TOWER_029,voice
CDR_001856,FIR_0011,P056,P007,2026-03-12 12:09:00,643,TOWER_009,sms
CDR_001857,FIR_0028,P053,P034,2026-08-15 19:08:00,618,TOWER_030,voice
CDR_001858,FIR_0003,P046,P003,2026-02-20 16:38:00,258,TOWER_010,voice
CDR_001859,FIR_0018,P017,P049,2026-04-20 01:55:00,183,TOWER_018,voice
CDR_001860,FIR_0009,P049,P028,2026-06-08 03:58:00,817,TOWER_020,voice
CDR_001861,FIR_0012,P020,P012,2026-01-03 04:02:00,93,TOWER_028,voice
CDR_001862,FIR_0011,P017,P052,2026-04-15 06:09:00,734,TOWER_017,sms
CDR_001863,FIR_0004,P011,P007,2026-01-11 00:38:00,899,TOWER_029,voice
CDR_001864,FIR_0022,P001,P011,2026-05-29 09:55:00,255,TOWER_002,sms
CDR_001865,FIR_0012,P041,P014,2026-03-17 02:35:00,377,TOWER_010,sms
CDR_001866,FIR_0025,P051,P002,2026-07-20 10:45:00,378,TOWER_025,voice
CDR_001867,FIR_0017,P006,P003,2026-04-10 20:35:00,839,TOWER_020,voice
CDR_001868,FIR_0027,P048,P021,2026-02-24 23:31:00,833,TOWER_030,voice
CDR_001869,FIR_0016,P025,P005,2026-07-18 12:03:00,614,TOWER_017,sms
CDR_001870,FIR_0010,P038,P028,2026-07-27 13:53:00,339,TOWER_028,voice
CDR_001871,FIR_0025,P020,P034,2026-05-13 19:37:00,261,TOWER_013,sms
CDR_001872,FIR_0019,P033,P025,2026-01-18 20:37:00,616,TOWER_018,sms
CDR_001873,FIR_0011,P010,P044,2026-06-17 14:11:00,110,TOWER_017,voice
CDR_001874,FIR_0019,P059,P010,2026-05-13 12:08:00,32,TOWER_003,sms
CDR_001875,FIR_0011,P001,P009,2026-05-17 23:47:00,716,TOWER_030,sms
CDR_001876,FIR_0020,P007,P020,2026-05-24 05:42:00,391,TOWER_006,voice
CDR_001877,FIR_0030,P054,P012,2026-08-19 05:11:00,584,TOWER_020,voice
CDR_001878,FIR_0025,P035,P005,2026-08-25 10:00:00,858,TOWER_018,sms
CDR_001879,FIR_0001,P029,P016,2026-07-31 19:33:00,818,TOWER_010,sms
CDR_001880,FIR_0024,P037,P044,2026-07-14 15:10:00,127,TOWER_004,voice
CDR_001881,FIR_0024,P019,P031,2026-03-20 07:14:00,581,TOWER_019,voice
CDR_001882,FIR_0013,P055,P009,2026-01-07 20:48:00,93,TOWER_024,voice
CDR_001883,FIR_0004,P054,P020,2026-02-26 09:39:00,442,TOWER_015,voice
CDR_001884,FIR_0005,P059,P037,2026-02-23 02:19:00,869,TOWER_025,sms
CDR_001885,FIR_0004,P003,P032,2026-05-21 17:13:00,771,TOWER_017,sms
CDR_001886,FIR_0022,P019,P047,2026-03-24 21:11:00,325,TOWER_028,voice
CDR_001887,FIR_0026,P023,P050,2026-03-28 10:26:00,556,TOWER_009,sms
CDR_001888,FIR_0013,P009,P031,2026-05-23 10:55:00,723,TOWER_017,voice
CDR_001889,FIR_0024,P032,P008,2026-06-05 00:15:00,790,TOWER_024,sms
CDR_001890,FIR_0027,P050,P052,2026-06-06 12:28:00,216,TOWER_003,voice
CDR_001891,FIR_0019,P019,P049,2026-04-15 02:25:00,285,TOWER_024,voice
CDR_001892,FIR_0010,P025,P056,2026-02-10 13:35:00,780,TOWER_008,voice
CDR_001893,FIR_0009,P006,P011,2026-04-20 15:26:00,692,TOWER_025,sms
CDR_001894,FIR_0009,P037,P017,2026-08-20 15:58:00,707,TOWER_010,sms
CDR_001895,FIR_0016,P033,P003,2026-02-23 03:43:00,880,TOWER_001,sms
CDR_001896,FIR_0008,P053,P017,2026-04-19 07:35:00,280,TOWER_015,voice
CDR_001897,FIR_0011,P044,P056,2026-05-03 09:56:00,718,TOWER_010,voice
CDR_001898,FIR_0012,P042,P001,2026-08-12 22:33:00,564,TOWER_015,sms
CDR_001899,FIR_0022,P013,P033,2026-06-07 05:33:00,126,TOWER_030,voice
CDR_001900,FIR_0013,P059,P001,2026-01-17 20:49:00,470,TOWER_021,sms
CDR_001901,FIR_0014,P011,P035,2026-04-21 13:27:00,851,TOWER_025,voice
CDR_001902,FIR_0004,P046,P060,2026-08-14 00:59:00,427,TOWER_019,sms
CDR_001903,FIR_0004,P056,P050,2026-05-09 12:11:00,354,TOWER_013,sms
CDR_001904,FIR_0003,P006,P014,2026-05-03 18:22:00,71,TOWER_020,sms
CDR_001905,FIR_0005,P053,P056,2026-02-19 21:29:00,556,TOWER_010,voice
CDR_001906,FIR_0022,P022,P023,2026-08-13 06:14:00,631,TOWER_023,sms
CDR_001907,FIR_0011,P056,P044,2026-04-08 12:08:00,155,TOWER_021,voice
CDR_001908,FIR_0003,P031,P036,2026-03-30 23:22:00,228,TOWER_013,voice
CDR_001909,FIR_0019,P039,P050,2026-07-05 18:51:00,580,TOWER_027,sms
CDR_001910,FIR_0008,P013,P036,2026-01-04 23:52:00,637,TOWER_005,voice
CDR_001911,FIR_0022,P001,P034,2026-01-23 10:00:00,356,TOWER_008,sms
CDR_001912,FIR_0021,P026,P010,2026-02-11 04:49:00,471,TOWER_007,sms
CDR_001913,FIR_0013,P033,P041,2026-08-25 22:19:00,609,TOWER_005,voice
CDR_001914,FIR_0018,P054,P016,2026-02-17 18:17:00,328,TOWER_025,voice
CDR_001915,FIR_0026,P002,P040,2026-05-29 09:32:00,691,TOWER_001,voice
CDR_001916,FIR_0027,P013,P053,2026-03-05 00:35:00,418,TOWER_013,sms
CDR_001917,FIR_0013,P023,P016,2026-01-25 22:20:00,475,TOWER_008,voice
CDR_001918,FIR_0018,P005,P033,2026-04-01 16:07:00,251,TOWER_025,sms
CDR_001919,FIR_0021,P054,P013,2026-06-21 15:32:00,807,TOWER_023,sms
CDR_001920,FIR_0015,P037,P007,2026-06-07 15:09:00,405,TOWER_008,sms
CDR_001921,FIR_0027,P015,P053,2026-01-21 06:39:00,386,TOWER_012,voice
CDR_001922,FIR_0009,P050,P037,2026-06-16 11:45:00,304,TOWER_016,sms
CDR_001923,FIR_0019,P053,P027,2026-05-01 18:47:00,64,TOWER_026,sms
CDR_001924,FIR_0009,P013,P010,2026-03-11 10:07:00,293,TOWER_014,voice
CDR_001925,FIR_0005,P057,P026,2026-02-18 00:54:00,595,TOWER_010,voice
CDR_001926,FIR_0002,P031,P052,2026-04-08 09:18:00,71,TOWER_013,sms
CDR_001927,FIR_0021,P052,P007,2026-04-09 00:41:00,854,TOWER_019,sms
CDR_001928,FIR_0017,P017,P026,2026-03-16 04:31:00,847,TOWER_012,sms
CDR_001929,FIR_0007,P014,P029,2026-05-15 22:34:00,648,TOWER_030,sms
CDR_001930,FIR_0010,P015,P013,2026-07-17 01:10:00,271,TOWER_029,sms
CDR_001931,FIR_0003,P031,P052,2026-06-27 08:32:00,408,TOWER_001,sms
CDR_001932,FIR_0015,P009,P033,2026-05-10 05:14:00,750,TOWER_018,voice
CDR_001933,FIR_0012,P007,P003,2026-05-28 12:30:00,253,TOWER_013,voice
CDR_001934,FIR_0011,P026,P056,2026-03-26 20:36:00,240,TOWER_018,sms
CDR_001935,FIR_0024,P050,P011,2026-04-02 02:52:00,44,TOWER_027,voice
CDR_001936,FIR_0021,P019,P057,2026-02-27 07:27:00,291,TOWER_008,voice
CDR_001937,FIR_0009,P011,P047,2026-08-25 21:03:00,110,TOWER_028,voice
CDR_001938,FIR_0019,P015,P012,2026-03-07 07:23:00,424,TOWER_001,voice
CDR_001939,FIR_0005,P006,P010,2026-06-29 04:08:00,846,TOWER_021,voice
CDR_001940,FIR_0017,P003,P034,2026-01-15 21:08:00,758,TOWER_020,voice
CDR_001941,FIR_0027,P019,P044,2026-03-02 08:04:00,581,TOWER_005,sms
CDR_001942,FIR_0019,P029,P020,2026-02-13 23:27:00,772,TOWER_004,voice
CDR_001943,FIR_0004,P030,P038,2026-03-27 13:04:00,203,TOWER_016,sms
CDR_001944,FIR_0009,P045,P044,2026-01-08 22:14:00,417,TOWER_020,sms
CDR_001945,FIR_0029,P044,P005,2026-08-17 14:34:00,33,TOWER_025,voice
CDR_001946,FIR_0030,P030,P024,2026-08-29 15:03:00,667,TOWER_015,voice
CDR_001947,FIR_0005,P057,P023,2026-03-05 09:40:00,636,TOWER_012,sms
CDR_001948,FIR_0013,P011,P009,2026-08-27 17:10:00,437,TOWER_027,voice
CDR_001949,FIR_0019,P025,P009,2026-02-03 05:52:00,816,TOWER_029,sms
CDR_001950,FIR_0009,P001,P021,2026-08-03 02:24:00,785,TOWER_022,voice
CDR_001951,FIR_0028,P053,P046,2026-07-29 12:49:00,798,TOWER_024,sms
CDR_001952,FIR_0029,P060,P049,2026-07-19 07:54:00,808,TOWER_023,voice
CDR_001953,FIR_0020,P028,P017,2026-04-30 07:54:00,826,TOWER_007,voice
CDR_001954,FIR_0006,P060,P002,2026-07-03 16:04:00,281,TOWER_014,sms
CDR_001955,FIR_0014,P015,P001,2026-01-16 07:22:00,16,TOWER_010,sms
CDR_001956,FIR_0028,P034,P031,2026-02-12 03:08:00,244,TOWER_013,sms
CDR_001957,FIR_0017,P019,P030,2026-08-03 04:05:00,869,TOWER_027,sms
CDR_001958,FIR_0025,P025,P013,2026-04-10 21:51:00,813,TOWER_001,voice
CDR_001959,FIR_0017,P037,P048,2026-05-17 09:05:00,674,TOWER_015,voice
CDR_001960,FIR_0014,P060,P048,2026-08-05 08:14:00,202,TOWER_015,sms
CDR_001961,FIR_0010,P029,P012,2026-01-27 11:13:00,225,TOWER_008,voice
CDR_001962,FIR_0022,P016,P034,2026-01-06 21:31:00,642,TOWER_025,voice
CDR_001963,FIR_0012,P018,P057,2026-07-18 05:28:00,111,TOWER_030,voice
CDR_001964,FIR_0011,P014,P039,2026-02-05 03:00:00,461,TOWER_007,sms
CDR_001965,FIR_0007,P043,P037,2026-04-08 02:18:00,701,TOWER_022,sms
CDR_001966,FIR_0015,P013,P001,2026-07-24 18:16:00,328,TOWER_005,voice
CDR_001967,FIR_0021,P014,P053,2026-03-04 19:34:00,785,TOWER_027,sms
CDR_001968,FIR_0008,P046,P041,2026-08-14 11:46:00,185,TOWER_018,sms
CDR_001969,FIR_0011,P047,P025,2026-07-07 16:40:00,630,TOWER_018,sms
CDR_001970,FIR_0011,P041,P043,2026-05-09 07:53:00,271,TOWER_015,voice
CDR_001971,FIR_0019,P003,P005,2026-06-21 20:20:00,563,TOWER_014,sms
CDR_001972,FIR_0009,P041,P029,2026-01-30 05:38:00,308,TOWER_027,voice
CDR_001973,FIR_0009,P040,P049,2026-06-03 12:52:00,826,TOWER_021,sms
CDR_001974,FIR_0019,P006,P032,2026-04-05 04:34:00,627,TOWER_018,voice
CDR_001975,FIR_0022,P025,P032,2026-06-01 14:28:00,251,TOWER_007,sms
CDR_001976,FIR_0018,P055,P030,2026-02-12 23:08:00,850,TOWER_001,voice
CDR_001977,FIR_0019,P043,P045,2026-06-11 23:51:00,303,TOWER_002,sms
CDR_001978,FIR_0025,P045,P050,2026-04-28 05:57:00,462,TOWER_024,sms
CDR_001979,FIR_0006,P027,P050,2026-08-25 13:02:00,689,TOWER_012,voice
CDR_001980,FIR_0027,P016,P006,2026-03-26 13:47:00,693,TOWER_001,voice
CDR_001981,FIR_0023,P028,P024,2026-05-13 00:32:00,880,TOWER_021,sms
CDR_001982,FIR_0014,P001,P025,2026-03-11 16:58:00,876,TOWER_030,sms
CDR_001983,FIR_0027,P020,P051,2026-01-03 04:55:00,694,TOWER_006,voice
CDR_001984,FIR_0026,P040,P034,2026-02-14 15:56:00,572,TOWER_012,voice
CDR_001985,FIR_0019,P058,P004,2026-04-29 01:22:00,368,TOWER_024,voice
CDR_001986,FIR_0017,P003,P014,2026-07-29 13:48:00,507,TOWER_021,voice
CDR_001987,FIR_0024,P026,P043,2026-05-27 00:44:00,191,TOWER_027,voice
CDR_001988,FIR_0012,P025,P022,2026-05-14 15:35:00,644,TOWER_029,voice
CDR_001989,FIR_0013,P032,P031,2026-07-06 17:53:00,648,TOWER_013,voice
CDR_001990,FIR_0001,P031,P037,2026-08-25 01:32:00,480,TOWER_020,voice
CDR_001991,FIR_0006,P033,P028,2026-07-06 05:39:00,278,TOWER_012,voice
CDR_001992,FIR_0026,P009,P046,2026-05-06 09:28:00,758,TOWER_004,sms
CDR_001993,FIR_0029,P055,P041,2026-04-13 19:41:00,241,TOWER_024,voice
CDR_001994,FIR_0011,P020,P028,2026-01-30 00:33:00,757,TOWER_010,sms
CDR_001995,FIR_0009,P042,P015,2026-03-20 06:10:00,858,TOWER_019,sms
CDR_001996,FIR_0025,P058,P039,2026-06-29 22:03:00,585,TOWER_024,sms
CDR_001997,FIR_0003,P005,P031,2026-04-18 17:26:00,77,TOWER_004,sms
CDR_001998,FIR_0013,P004,P021,2026-02-16 05:27:00,157,TOWER_020,voice
CDR_001999,FIR_0029,P039,P007,2026-06-25 23:18:00,758,TOWER_015,sms
CDR_002000,FIR_0021,P028,P018,2026-02-18 20:14:00,764,TOWER_013,voice
CDR_002001,FIR_0014,P011,P002,2026-02-20 15:52:00,591,TOWER_026,sms
CDR_002002,FIR_0020,P004,P041,2026-03-11 16:07:00,615,TOWER_018,sms
CDR_002003,FIR_0008,P011,P002,2026-02-26 07:18:00,468,TOWER_002,sms
CDR_002004,FIR_0027,P020,P028,2026-05-22 06:59:00,73,TOWER_018,sms
CDR_002005,FIR_0013,P045,P018,2026-03-29 01:00:00,38,TOWER_016,sms
CDR_002006,FIR_0016,P059,P007,2026-06-14 09:32:00,210,TOWER_006,sms
CDR_002007,FIR_0008,P045,P059,2026-03-15 11:35:00,36,TOWER_015,voice
CDR_002008,FIR_0002,P003,P029,2026-04-14 21:19:00,90,TOWER_003,voice
CDR_002009,FIR_0014,P057,P001,2026-08-15 18:44:00,651,TOWER_007,sms
CDR_002010,FIR_0013,P051,P020,2026-08-26 18:02:00,395,TOWER_003,sms
CDR_002011,FIR_0021,P043,P012,2026-07-19 08:30:00,664,TOWER_004,sms
CDR_002012,FIR_0007,P004,P034,2026-08-14 17:31:00,12,TOWER_011,sms
CDR_002013,FIR_0017,P018,P034,2026-03-23 20:53:00,44,TOWER_012,voice
CDR_002014,FIR_0026,P005,P053,2026-04-30 07:24:00,600,TOWER_020,sms
CDR_002015,FIR_0030,P043,P009,2026-02-14 17:05:00,861,TOWER_014,voice
CDR_002016,FIR_0021,P026,P022,2026-07-16 17:24:00,526,TOWER_004,voice
CDR_002017,FIR_0010,P049,P019,2026-06-28 20:10:00,147,TOWER_012,sms
CDR_002018,FIR_0027,P060,P036,2026-08-13 20:27:00,355,TOWER_003,sms
CDR_002019,FIR_0014,P040,P042,2026-03-07 01:13:00,205,TOWER_004,voice
CDR_002020,FIR_0028,P001,P059,2026-06-06 06:57:00,444,TOWER_029,voice
CDR_002021,FIR_0030,P042,P036,2026-07-07 11:23:00,878,TOWER_001,sms
CDR_002022,FIR_0019,P038,P054,2026-05-11 07:13:00,717,TOWER_008,voice
CDR_002023,FIR_0004,P015,P025,2026-07-06 18:19:00,366,TOWER_001,voice
CDR_002024,FIR_0013,P033,P050,2026-04-24 17:38:00,771,TOWER_021,sms
CDR_002025,FIR_0026,P010,P029,2026-04-26 20:15:00,815,TOWER_012,voice
CDR_002026,FIR_0021,P031,P042,2026-01-14 22:00:00,723,TOWER_028,sms
CDR_002027,FIR_0025,P012,P025,2026-05-30 11:58:00,424,TOWER_011,sms
CDR_002028,FIR_0025,P040,P045,2026-05-29 01:27:00,251,TOWER_014,voice
CDR_002029,FIR_0004,P012,P007,2026-05-19 14:17:00,229,TOWER_015,voice
CDR_002030,FIR_0018,P021,P055,2026-04-12 21:03:00,382,TOWER_024,sms
CDR_002031,FIR_0021,P001,P058,2026-07-03 01:24:00,495,TOWER_020,voice
CDR_002032,FIR_0011,P010,P024,2026-06-08 04:08:00,19,TOWER_028,sms
CDR_002033,FIR_0012,P027,P035,2026-07-29 18:30:00,634,TOWER_014,sms
CDR_002034,FIR_0012,P050,P001,2026-07-03 00:39:00,649,TOWER_013,voice
CDR_002035,FIR_0016,P004,P019,2026-05-23 13:39:00,132,TOWER_027,voice
CDR_002036,FIR_0004,P002,P053,2026-02-10 12:27:00,601,TOWER_029,sms
CDR_002037,FIR_0024,P014,P058,2026-01-04 03:03:00,547,TOWER_001,voice
CDR_002038,FIR_0027,P026,P021,2026-08-20 12:45:00,110,TOWER_017,voice
CDR_002039,FIR_0009,P051,P019,2026-07-23 02:07:00,821,TOWER_014,voice
CDR_002040,FIR_0019,P044,P032,2026-08-29 05:40:00,500,TOWER_020,voice
CDR_002041,FIR_0016,P051,P030,2026-03-21 11:53:00,201,TOWER_022,sms
CDR_002042,FIR_0004,P018,P058,2026-08-14 13:26:00,723,TOWER_006,voice
CDR_002043,FIR_0013,P013,P031,2026-08-17 03:26:00,591,TOWER_008,sms
CDR_002044,FIR_0011,P053,P056,2026-04-12 13:10:00,690,TOWER_021,sms
CDR_002045,FIR_0029,P047,P033,2026-06-04 23:52:00,816,TOWER_015,voice
CDR_002046,FIR_0010,P008,P023,2026-08-03 05:27:00,433,TOWER_022,voice
CDR_002047,FIR_0029,P018,P042,2026-07-29 01:22:00,495,TOWER_004,sms
CDR_002048,FIR_0018,P036,P059,2026-08-04 14:53:00,470,TOWER_028,sms
CDR_002049,FIR_0020,P022,P060,2026-06-11 10:51:00,208,TOWER_008,voice
CDR_002050,FIR_0025,P008,P017,2026-03-05 23:59:00,877,TOWER_025,voice
CDR_002051,FIR_0004,P050,P029,2026-04-15 13:45:00,563,TOWER_017,sms
CDR_002052,FIR_0008,P015,P028,2026-02-12 08:00:00,78,TOWER_017,voice
CDR_002053,FIR_0003,P037,P040,2026-01-06 15:40:00,269,TOWER_023,sms
CDR_002054,FIR_0029,P035,P003,2026-05-12 05:37:00,556,TOWER_010,voice
CDR_002055,FIR_0025,P058,P031,2026-01-28 20:24:00,355,TOWER_029,voice
CDR_002056,FIR_0016,P056,P035,2026-07-20 17:42:00,706,TOWER_028,voice
CDR_002057,FIR_0004,P016,P026,2026-03-26 05:47:00,712,TOWER_002,voice
CDR_002058,FIR_0020,P060,P033,2026-06-26 23:52:00,135,TOWER_009,sms
CDR_002059,FIR_0020,P036,P052,2026-03-30 11:30:00,442,TOWER_002,voice
CDR_002060,FIR_0006,P004,P057,2026-02-10 12:02:00,892,TOWER_005,voice
CDR_002061,FIR_0024,P059,P044,2026-04-14 12:16:00,719,TOWER_017,sms
CDR_002062,FIR_0017,P044,P040,2026-08-27 16:14:00,221,TOWER_009,sms
CDR_002063,FIR_0025,P022,P024,2026-07-17 22:16:00,556,TOWER_023,sms
CDR_002064,FIR_0016,P047,P050,2026-01-24 03:12:00,286,TOWER_009,voice
CDR_002065,FIR_0024,P027,P022,2026-04-29 16:06:00,369,TOWER_006,sms
CDR_002066,FIR_0011,P042,P026,2026-03-23 19:11:00,747,TOWER_013,voice
CDR_002067,FIR_0029,P017,P021,2026-01-22 13:55:00,209,TOWER_025,voice
CDR_002068,FIR_0002,P025,P013,2026-06-05 16:02:00,802,TOWER_027,sms
CDR_002069,FIR_0029,P045,P029,2026-04-18 08:46:00,92,TOWER_011,sms
CDR_002070,FIR_0025,P047,P021,2026-03-26 12:14:00,434,TOWER_019,sms
CDR_002071,FIR_0015,P025,P003,2026-02-07 16:45:00,637,TOWER_027,sms
CDR_002072,FIR_0011,P044,P031,2026-04-10 19:32:00,355,TOWER_016,voice
CDR_002073,FIR_0021,P059,P021,2026-02-08 14:08:00,359,TOWER_004,voice
CDR_002074,FIR_0004,P056,P043,2026-05-05 13:53:00,647,TOWER_013,sms
CDR_002075,FIR_0020,P008,P053,2026-01-05 13:59:00,407,TOWER_022,voice
CDR_002076,FIR_0004,P002,P039,2026-02-26 03:13:00,743,TOWER_007,sms
CDR_002077,FIR_0011,P030,P060,2026-05-06 23:55:00,272,TOWER_018,voice
CDR_002078,FIR_0018,P002,P042,2026-06-08 04:14:00,394,TOWER_020,sms
CDR_002079,FIR_0006,P003,P014,2026-07-20 19:08:00,344,TOWER_010,sms
CDR_002080,FIR_0009,P040,P036,2026-03-10 08:43:00,646,TOWER_008,voice
CDR_002081,FIR_0025,P043,P048,2026-07-20 09:29:00,733,TOWER_002,sms
CDR_002082,FIR_0012,P007,P030,2026-03-26 22:49:00,769,TOWER_005,sms
CDR_002083,FIR_0010,P010,P040,2026-04-12 00:16:00,72,TOWER_028,sms
CDR_002084,FIR_0021,P011,P035,2026-04-03 22:28:00,389,TOWER_011,sms
CDR_002085,FIR_0019,P013,P012,2026-05-30 10:39:00,204,TOWER_024,voice
CDR_002086,FIR_0015,P038,P031,2026-03-13 00:42:00,509,TOWER_028,sms
CDR_002087,FIR_0011,P048,P018,2026-04-07 11:00:00,577,TOWER_022,voice
CDR_002088,FIR_0005,P040,P024,2026-01-20 14:30:00,564,TOWER_028,voice
CDR_002089,FIR_0030,P033,P018,2026-03-13 07:26:00,494,TOWER_018,sms
CDR_002090,FIR_0012,P048,P056,2026-07-20 12:48:00,144,TOWER_029,voice
CDR_002091,FIR_0017,P050,P048,2026-06-12 14:11:00,649,TOWER_010,voice
CDR_002092,FIR_0008,P042,P033,2026-08-21 03:36:00,571,TOWER_028,sms
CDR_002093,FIR_0016,P029,P039,2026-08-13 20:25:00,237,TOWER_026,voice
CDR_002094,FIR_0017,P057,P025,2026-01-17 02:51:00,846,TOWER_010,sms
CDR_002095,FIR_0002,P059,P048,2026-01-12 21:39:00,416,TOWER_026,voice
CDR_002096,FIR_0018,P009,P055,2026-01-05 03:52:00,560,TOWER_017,sms
CDR_002097,FIR_0016,P036,P058,2026-07-23 22:15:00,196,TOWER_003,sms
CDR_002098,FIR_0002,P046,P003,2026-01-16 10:45:00,86,TOWER_006,voice
CDR_002099,FIR_0007,P051,P043,2026-05-01 07:54:00,389,TOWER_025,sms
CDR_002100,FIR_0002,P052,P024,2026-07-31 14:10:00,608,TOWER_010,voice
CDR_002101,FIR_0025,P003,P024,2026-07-17 13:57:00,573,TOWER_020,voice
CDR_002102,FIR_0025,P048,P050,2026-04-01 17:52:00,885,TOWER_024,sms
CDR_002103,FIR_0024,P010,P020,2026-08-29 02:09:00,535,TOWER_016,voice
CDR_002104,FIR_0021,P042,P016,2026-03-28 23:10:00,186,TOWER_004,voice
CDR_002105,FIR_0025,P007,P048,2026-02-09 07:14:00,136,TOWER_002,voice
CDR_002106,FIR_0006,P042,P010,2026-02-10 20:12:00,728,TOWER_015,sms
CDR_002107,FIR_0023,P045,P029,2026-06-23 02:52:00,267,TOWER_010,sms
CDR_002108,FIR_0024,P020,P050,2026-05-22 18:53:00,329,TOWER_006,sms
CDR_002109,FIR_0020,P052,P006,2026-01-30 09:44:00,835,TOWER_017,voice
CDR_002110,FIR_0022,P059,P039,2026-05-28 07:12:00,653,TOWER_014,sms
CDR_002111,FIR_0010,P032,P050,2026-08-05 05:41:00,113,TOWER_022,voice
CDR_002112,FIR_0013,P002,P035,2026-02-10 07:26:00,487,TOWER_028,sms
CDR_002113,FIR_0027,P046,P048,2026-04-15 09:49:00,53,TOWER_027,voice
CDR_002114,FIR_0027,P051,P026,2026-08-14 19:31:00,688,TOWER_007,voice
CDR_002115,FIR_0001,P027,P052,2026-02-06 14:39:00,436,TOWER_001,voice
CDR_002116,FIR_0001,P029,P001,2026-03-30 13:29:00,828,TOWER_006,voice
CDR_002117,FIR_0008,P043,P019,2026-06-24 20:49:00,690,TOWER_029,voice
CDR_002118,FIR_0008,P047,P004,2026-07-27 06:06:00,41,TOWER_015,sms
CDR_002119,FIR_0002,P029,P036,2026-03-21 23:57:00,531,TOWER_003,sms
CDR_002120,FIR_0010,P047,P011,2026-08-20 12:55:00,278,TOWER_020,voice
CDR_002121,FIR_0015,P010,P054,2026-07-06 05:52:00,195,TOWER_025,voice
CDR_002122,FIR_0006,P013,P024,2026-01-09 06:42:00,788,TOWER_021,voice
CDR_002123,FIR_0027,P023,P016,2026-03-28 21:20:00,814,TOWER_026,sms
CDR_002124,FIR_0017,P018,P001,2026-08-31 12:39:00,821,TOWER_020,sms
CDR_002125,FIR_0012,P001,P014,2026-02-22 22:10:00,13,TOWER_004,sms
CDR_002126,FIR_0001,P010,P004,2026-08-20 13:36:00,507,TOWER_022,voice
CDR_002127,FIR_0011,P020,P041,2026-07-08 05:43:00,287,TOWER_006,sms
CDR_002128,FIR_0010,P041,P045,2026-05-14 17:01:00,658,TOWER_003,sms
CDR_002129,FIR_0019,P043,P013,2026-06-11 07:59:00,595,TOWER_029,sms
CDR_002130,FIR_0030,P006,P025,2026-01-16 10:01:00,353,TOWER_024,sms
CDR_002131,FIR_0010,P006,P011,2026-05-26 01:29:00,371,TOWER_008,voice
CDR_002132,FIR_0004,P058,P052,2026-02-04 16:53:00,280,TOWER_030,sms
CDR_002133,FIR_0020,P055,P012,2026-01-20 09:02:00,783,TOWER_013,voice
CDR_002134,FIR_0024,P003,P044,2026-04-22 17:04:00,738,TOWER_010,voice
CDR_002135,FIR_0016,P019,P007,2026-02-11 10:59:00,352,TOWER_029,voice
CDR_002136,FIR_0002,P027,P032,2026-02-12 20:02:00,534,TOWER_010,sms
CDR_002137,FIR_0017,P035,P033,2026-01-23 05:33:00,476,TOWER_006,voice
CDR_002138,FIR_0007,P046,P003,2026-07-08 22:11:00,619,TOWER_029,voice
CDR_002139,FIR_0014,P022,P039,2026-08-02 03:09:00,241,TOWER_009,sms
CDR_002140,FIR_0012,P059,P054,2026-01-13 15:54:00,22,TOWER_018,voice
CDR_002141,FIR_0011,P058,P055,2026-08-21 21:03:00,52,TOWER_014,sms
CDR_002142,FIR_0015,P050,P015,2026-06-13 04:13:00,268,TOWER_030,sms
CDR_002143,FIR_0003,P044,P058,2026-05-11 21:55:00,207,TOWER_015,sms
CDR_002144,FIR_0013,P012,P002,2026-01-17 02:43:00,101,TOWER_003,voice
CDR_002145,FIR_0001,P049,P010,2026-04-21 05:34:00,306,TOWER_007,voice
CDR_002146,FIR_0015,P010,P046,2026-06-07 18:15:00,607,TOWER_025,voice
CDR_002147,FIR_0003,P044,P018,2026-03-27 11:38:00,67,TOWER_016,voice
CDR_002148,FIR_0023,P029,P016,2026-06-25 16:29:00,527,TOWER_025,voice
CDR_002149,FIR_0015,P017,P006,2026-02-24 23:40:00,633,TOWER_022,voice
CDR_002150,FIR_0023,P004,P043,2026-03-30 08:46:00,443,TOWER_020,sms
CDR_002151,FIR_0001,P011,P037,2026-05-30 04:57:00,394,TOWER_028,sms
CDR_002152,FIR_0027,P010,P056,2026-06-26 02:26:00,134,TOWER_022,voice
CDR_002153,FIR_0020,P034,P051,2026-03-23 23:42:00,545,TOWER_013,sms
CDR_002154,FIR_0005,P044,P011,2026-01-05 18:07:00,451,TOWER_025,voice
CDR_002155,FIR_0020,P007,P029,2026-08-21 14:58:00,305,TOWER_002,voice
CDR_002156,FIR_0028,P025,P038,2026-03-15 21:58:00,830,TOWER_008,voice
CDR_002157,FIR_0025,P035,P027,2026-03-10 19:39:00,520,TOWER_016,voice
CDR_002158,FIR_0018,P016,P021,2026-02-17 04:29:00,477,TOWER_026,sms
CDR_002159,FIR_0020,P031,P044,2026-07-06 14:46:00,68,TOWER_001,sms
CDR_002160,FIR_0005,P035,P031,2026-03-17 15:35:00,26,TOWER_029,voice
CDR_002161,FIR_0027,P051,P042,2026-08-01 21:46:00,853,TOWER_001,voice
CDR_002162,FIR_0012,P032,P024,2026-06-16 00:03:00,487,TOWER_010,sms
CDR_002163,FIR_0001,P043,P058,2026-01-01 12:25:00,86,TOWER_027,voice
CDR_002164,FIR_0021,P047,P016,2026-04-28 20:44:00,272,TOWER_004,sms
CDR_002165,FIR_0014,P035,P013,2026-03-20 10:11:00,450,TOWER_005,voice
CDR_002166,FIR_0023,P055,P007,2026-04-18 11:42:00,211,TOWER_027,sms
CDR_002167,FIR_0005,P037,P017,2026-01-14 02:32:00,186,TOWER_003,sms
CDR_002168,FIR_0025,P036,P002,2026-06-08 01:59:00,868,TOWER_005,sms
CDR_002169,FIR_0017,P013,P010,2026-08-13 05:35:00,166,TOWER_020,sms
CDR_002170,FIR_0029,P001,P046,2026-06-06 04:53:00,322,TOWER_017,sms
CDR_002171,FIR_0018,P026,P055,2026-06-25 13:53:00,686,TOWER_024,voice
CDR_002172,FIR_0008,P025,P030,2026-04-03 00:14:00,437,TOWER_014,sms
CDR_002173,FIR_0020,P042,P012,2026-04-18 05:00:00,19,TOWER_014,voice
CDR_002174,FIR_0030,P014,P020,2026-03-13 11:56:00,491,TOWER_015,voice
CDR_002175,FIR_0028,P023,P036,2026-03-12 18:59:00,204,TOWER_015,voice
CDR_002176,FIR_0023,P022,P039,2026-04-27 11:12:00,529,TOWER_022,sms
CDR_002177,FIR_0004,P037,P002,2026-01-21 18:41:00,513,TOWER_026,sms
CDR_002178,FIR_0027,P012,P002,2026-05-09 07:22:00,239,TOWER_030,voice
CDR_002179,FIR_0024,P040,P046,2026-04-12 17:15:00,325,TOWER_005,voice
CDR_002180,FIR_0016,P051,P016,2026-02-25 23:25:00,551,TOWER_017,voice
CDR_002181,FIR_0012,P009,P006,2026-08-16 08:11:00,249,TOWER_005,sms
CDR_002182,FIR_0025,P004,P026,2026-07-10 09:19:00,883,TOWER_022,sms
CDR_002183,FIR_0029,P040,P060,2026-08-04 00:49:00,633,TOWER_008,voice
CDR_002184,FIR_0008,P016,P039,2026-07-08 20:26:00,268,TOWER_024,voice
CDR_002185,FIR_0007,P039,P026,2026-07-06 12:45:00,594,TOWER_009,sms
CDR_002186,FIR_0014,P045,P017,2026-07-21 23:59:00,773,TOWER_029,sms
CDR_002187,FIR_0016,P051,P036,2026-02-01 23:47:00,137,TOWER_009,voice
CDR_002188,FIR_0018,P010,P006,2026-05-30 01:31:00,590,TOWER_019,sms
CDR_002189,FIR_0020,P032,P040,2026-05-17 03:40:00,599,TOWER_010,voice
CDR_002190,FIR_0009,P060,P058,2026-07-20 00:29:00,691,TOWER_008,voice
CDR_002191,FIR_0022,P041,P029,2026-07-23 03:18:00,868,TOWER_022,voice
CDR_002192,FIR_0004,P017,P049,2026-01-30 14:12:00,415,TOWER_002,sms
CDR_002193,FIR_0017,P026,P005,2026-07-09 11:52:00,798,TOWER_017,voice
CDR_002194,FIR_0015,P052,P053,2026-07-03 17:44:00,644,TOWER_009,sms
CDR_002195,FIR_0010,P018,P004,2026-08-10 14:24:00,166,TOWER_022,voice
CDR_002196,FIR_0015,P056,P028,2026-05-31 01:17:00,95,TOWER_013,sms
CDR_002197,FIR_0003,P038,P023,2026-04-09 01:42:00,658,TOWER_014,voice
CDR_002198,FIR_0025,P057,P028,2026-04-29 11:51:00,560,TOWER_011,sms
CDR_002199,FIR_0001,P011,P036,2026-06-25 13:06:00,556,TOWER_018,sms
CDR_002200,FIR_0011,P001,P016,2026-04-12 11:34:00,16,TOWER_002,voice
CDR_002201,FIR_0006,P052,P024,2026-03-15 17:05:00,350,TOWER_019,voice
CDR_002202,FIR_0030,P036,P005,2026-06-12 16:17:00,838,TOWER_014,voice
CDR_002203,FIR_0020,P037,P051,2026-04-29 02:37:00,141,TOWER_016,sms
CDR_002204,FIR_0002,P016,P020,2026-07-29 09:43:00,237,TOWER_003,sms
CDR_002205,FIR_0006,P009,P019,2026-08-12 17:09:00,778,TOWER_023,voice
CDR_002206,FIR_0015,P055,P020,2026-08-10 04:06:00,653,TOWER_021,sms
CDR_002207,FIR_0026,P031,P058,2026-08-30 04:16:00,787,TOWER_019,sms
CDR_002208,FIR_0019,P008,P028,2026-02-13 00:47:00,54,TOWER_021,sms
CDR_002209,FIR_0002,P037,P052,2026-08-24 10:10:00,352,TOWER_013,voice
CDR_002210,FIR_0027,P026,P023,2026-07-16 00:56:00,799,TOWER_029,voice
CDR_002211,FIR_0005,P007,P054,2026-02-06 14:42:00,418,TOWER_012,voice
CDR_002212,FIR_0010,P056,P058,2026-07-25 07:24:00,328,TOWER_011,sms
CDR_002213,FIR_0030,P036,P051,2026-05-08 18:30:00,407,TOWER_021,voice
CDR_002214,FIR_0030,P020,P017,2026-08-25 00:35:00,785,TOWER_008,voice
CDR_002215,FIR_0018,P052,P059,2026-03-26 19:55:00,143,TOWER_029,voice
CDR_002216,FIR_0008,P024,P037,2026-02-06 20:40:00,593,TOWER_001,sms
CDR_002217,FIR_0001,P027,P020,2026-06-15 17:01:00,860,TOWER_017,voice
CDR_002218,FIR_0008,P024,P014,2026-02-02 12:18:00,893,TOWER_029,voice
CDR_002219,FIR_0015,P038,P044,2026-01-22 06:18:00,423,TOWER_005,voice
CDR_002220,FIR_0016,P059,P024,2026-09-01 08:25:00,93,TOWER_020,sms
CDR_002221,FIR_0001,P052,P036,2026-05-06 20:29:00,634,TOWER_027,sms
CDR_002222,FIR_0011,P025,P013,2026-07-01 21:12:00,705,TOWER_025,sms
CDR_002223,FIR_0009,P028,P017,2026-08-30 12:39:00,482,TOWER_029,sms
CDR_002224,FIR_0015,P059,P032,2026-01-07 14:08:00,409,TOWER_006,sms
CDR_002225,FIR_0027,P004,P019,2026-07-31 18:31:00,241,TOWER_013,sms
CDR_002226,FIR_0015,P039,P018,2026-05-14 23:12:00,37,TOWER_017,sms
CDR_002227,FIR_0029,P002,P046,2026-06-25 17:41:00,85,TOWER_010,sms
CDR_002228,FIR_0012,P037,P018,2026-02-10 22:17:00,92,TOWER_013,voice
CDR_002229,FIR_0027,P007,P049,2026-04-03 02:36:00,356,TOWER_008,voice
CDR_002230,FIR_0020,P024,P003,2026-07-04 02:45:00,211,TOWER_009,sms
CDR_002231,FIR_0004,P049,P018,2026-07-23 16:40:00,316,TOWER_028,sms
CDR_002232,FIR_0026,P010,P005,2026-08-15 20:41:00,708,TOWER_020,voice
CDR_002233,FIR_0022,P050,P008,2026-03-17 00:02:00,51,TOWER_005,voice
CDR_002234,FIR_0013,P042,P026,2026-06-30 12:22:00,303,TOWER_015,voice
CDR_002235,FIR_0007,P038,P050,2026-01-02 04:15:00,243,TOWER_009,sms
CDR_002236,FIR_0016,P041,P044,2026-01-28 09:29:00,632,TOWER_015,voice
CDR_002237,FIR_0011,P042,P007,2026-04-15 03:44:00,769,TOWER_012,sms
CDR_002238,FIR_0014,P053,P008,2026-03-13 09:20:00,610,TOWER_024,sms
CDR_002239,FIR_0026,P043,P044,2026-05-24 06:22:00,25,TOWER_013,sms
CDR_002240,FIR_0011,P035,P018,2026-01-08 17:02:00,52,TOWER_022,sms
CDR_002241,FIR_0008,P045,P035,2026-03-16 09:19:00,211,TOWER_006,voice
CDR_002242,FIR_0012,P058,P018,2026-01-11 11:57:00,652,TOWER_017,voice
CDR_002243,FIR_0004,P009,P022,2026-08-05 00:12:00,776,TOWER_021,voice
CDR_002244,FIR_0010,P029,P022,2026-03-22 01:31:00,327,TOWER_020,sms
CDR_002245,FIR_0010,P013,P008,2026-03-25 10:10:00,94,TOWER_023,sms
CDR_002246,FIR_0025,P010,P021,2026-02-27 10:27:00,21,TOWER_002,sms
CDR_002247,FIR_0029,P032,P023,2026-06-03 19:41:00,364,TOWER_016,voice
CDR_002248,FIR_0008,P006,P017,2026-05-13 16:46:00,287,TOWER_008,voice
CDR_002249,FIR_0014,P024,P032,2026-07-09 01:11:00,77,TOWER_014,voice
CDR_002250,FIR_0010,P045,P003,2026-08-04 00:27:00,647,TOWER_011,voice
CDR_002251,FIR_0015,P021,P010,2026-06-14 21:28:00,283,TOWER_009,voice
CDR_002252,FIR_0020,P048,P058,2026-02-13 15:41:00,93,TOWER_022,sms
CDR_002253,FIR_0004,P036,P017,2026-03-04 02:38:00,895,TOWER_025,voice
CDR_002254,FIR_0022,P029,P002,2026-01-16 11:59:00,137,TOWER_013,sms
CDR_002255,FIR_0016,P026,P058,2026-08-25 21:36:00,326,TOWER_016,voice
CDR_002256,FIR_0010,P041,P051,2026-08-14 05:41:00,715,TOWER_028,sms
CDR_002257,FIR_0009,P012,P049,2026-04-04 13:41:00,62,TOWER_020,voice
CDR_002258,FIR_0022,P014,P035,2026-04-23 13:53:00,561,TOWER_024,sms
CDR_002259,FIR_0002,P018,P019,2026-07-05 03:51:00,309,TOWER_009,voice
CDR_002260,FIR_0030,P003,P021,2026-01-03 03:44:00,486,TOWER_013,voice
CDR_002261,FIR_0024,P028,P007,2026-06-13 12:38:00,863,TOWER_011,sms
CDR_002262,FIR_0017,P032,P051,2026-08-07 21:40:00,447,TOWER_020,sms
CDR_002263,FIR_0017,P044,P029,2026-05-03 07:01:00,612,TOWER_028,voice
CDR_002264,FIR_0002,P019,P036,2026-07-17 14:09:00,810,TOWER_016,sms
CDR_002265,FIR_0013,P057,P032,2026-04-18 13:53:00,369,TOWER_027,voice
CDR_002266,FIR_0004,P032,P017,2026-05-11 02:12:00,137,TOWER_009,sms
CDR_002267,FIR_0030,P047,P011,2026-08-26 15:45:00,749,TOWER_015,voice
CDR_002268,FIR_0019,P005,P009,2026-08-27 11:15:00,82,TOWER_014,sms
CDR_002269,FIR_0007,P036,P027,2026-06-18 16:59:00,154,TOWER_028,sms
CDR_002270,FIR_0002,P007,P020,2026-06-09 13:42:00,245,TOWER_030,sms
CDR_002271,FIR_0004,P031,P028,2026-08-24 08:27:00,54,TOWER_003,voice
CDR_002272,FIR_0018,P056,P001,2026-08-18 17:12:00,649,TOWER_012,sms
CDR_002273,FIR_0018,P045,P038,2026-01-09 16:40:00,288,TOWER_030,sms
CDR_002274,FIR_0001,P053,P046,2026-07-24 23:59:00,842,TOWER_003,voice
CDR_002275,FIR_0024,P049,P054,2026-03-13 03:11:00,259,TOWER_017,sms
CDR_002276,FIR_0024,P058,P057,2026-05-28 20:42:00,285,TOWER_018,voice
CDR_002277,FIR_0001,P043,P031,2026-03-07 18:46:00,776,TOWER_020,voice
CDR_002278,FIR_0021,P032,P054,2026-07-09 21:40:00,702,TOWER_006,voice
CDR_002279,FIR_0013,P037,P003,2026-06-18 05:49:00,398,TOWER_008,sms
CDR_002280,FIR_0028,P025,P013,2026-06-07 21:14:00,342,TOWER_025,sms
CDR_002281,FIR_0027,P043,P050,2026-04-05 14:19:00,323,TOWER_022,voice
CDR_002282,FIR_0018,P034,P055,2026-03-26 23:21:00,834,TOWER_016,sms
CDR_002283,FIR_0017,P054,P010,2026-01-03 11:55:00,775,TOWER_016,sms
CDR_002284,FIR_0016,P019,P013,2026-02-11 21:03:00,69,TOWER_015,voice
CDR_002285,FIR_0029,P060,P010,2026-04-24 10:12:00,315,TOWER_019,sms
CDR_002286,FIR_0025,P041,P028,2026-08-30 10:12:00,213,TOWER_006,sms
CDR_002287,FIR_0002,P002,P050,2026-08-31 04:46:00,391,TOWER_008,sms
CDR_002288,FIR_0017,P026,P047,2026-07-26 02:28:00,895,TOWER_021,voice
CDR_002289,FIR_0025,P015,P059,2026-03-07 21:37:00,373,TOWER_007,sms
CDR_002290,FIR_0009,P049,P054,2026-01-14 04:45:00,562,TOWER_026,sms
CDR_002291,FIR_0020,P011,P008,2026-04-19 02:31:00,413,TOWER_029,sms
CDR_002292,FIR_0027,P001,P034,2026-07-25 00:46:00,814,TOWER_006,sms
CDR_002293,FIR_0008,P045,P017,2026-07-27 04:10:00,285,TOWER_018,sms
CDR_002294,FIR_0018,P040,P017,2026-07-31 07:58:00,29,TOWER_003,sms
CDR_002295,FIR_0001,P029,P035,2026-03-06 03:19:00,363,TOWER_023,voice
CDR_002296,FIR_0024,P011,P060,2026-02-05 08:26:00,219,TOWER_025,sms
CDR_002297,FIR_0015,P039,P046,2026-08-26 04:24:00,377,TOWER_013,sms
CDR_002298,FIR_0015,P019,P056,2026-01-08 23:50:00,657,TOWER_012,voice
CDR_002299,FIR_0027,P010,P044,2026-08-29 10:08:00,881,TOWER_025,voice
CDR_002300,FIR_0022,P001,P006,2026-04-05 13:47:00,615,TOWER_007,voice
CDR_002301,FIR_0025,P007,P035,2026-05-05 19:17:00,359,TOWER_017,voice
CDR_002302,FIR_0018,P060,P005,2026-06-06 04:35:00,524,TOWER_011,voice
CDR_002303,FIR_0029,P039,P009,2026-05-01 08:37:00,272,TOWER_017,voice
CDR_002304,FIR_0025,P014,P024,2026-04-03 11:46:00,610,TOWER_029,sms
CDR_002305,FIR_0030,P025,P033,2026-05-31 12:29:00,537,TOWER_007,sms
CDR_002306,FIR_0011,P026,P046,2026-08-28 02:29:00,167,TOWER_021,voice
CDR_002307,FIR_0019,P055,P004,2026-06-07 17:42:00,248,TOWER_024,voice
CDR_002308,FIR_0001,P025,P033,2026-05-07 04:13:00,875,TOWER_017,sms
CDR_002309,FIR_0004,P052,P008,2026-01-09 22:08:00,13,TOWER_012,sms
CDR_002310,FIR_0028,P060,P027,2026-08-18 05:59:00,749,TOWER_011,voice
CDR_002311,FIR_0002,P013,P036,2026-02-20 05:18:00,429,TOWER_015,sms
CDR_002312,FIR_0025,P052,P019,2026-02-13 01:25:00,783,TOWER_021,sms
CDR_002313,FIR_0020,P058,P025,2026-01-02 22:18:00,151,TOWER_030,sms
CDR_002314,FIR_0001,P029,P003,2026-06-07 15:13:00,656,TOWER_013,sms
CDR_002315,FIR_0004,P012,P030,2026-06-20 07:30:00,486,TOWER_029,sms
CDR_002316,FIR_0016,P002,P022,2026-05-05 10:37:00,503,TOWER_001,voice
CDR_002317,FIR_0020,P021,P031,2026-02-23 11:50:00,441,TOWER_012,sms
CDR_002318,FIR_0006,P051,P049,2026-06-14 13:59:00,35,TOWER_014,voice
CDR_002319,FIR_0012,P011,P044,2026-02-26 14:01:00,197,TOWER_029,voice
CDR_002320,FIR_0015,P050,P024,2026-02-24 16:23:00,844,TOWER_018,sms
CDR_002321,FIR_0015,P052,P055,2026-08-15 07:16:00,66,TOWER_008,voice
CDR_002322,FIR_0029,P060,P017,2026-02-02 11:00:00,680,TOWER_003,sms
CDR_002323,FIR_0005,P020,P024,2026-03-06 00:50:00,599,TOWER_002,voice
CDR_002324,FIR_0018,P052,P004,2026-01-12 12:45:00,160,TOWER_002,sms
CDR_002325,FIR_0002,P044,P052,2026-07-27 14:19:00,268,TOWER_002,voice
CDR_002326,FIR_0030,P028,P035,2026-01-03 00:48:00,114,TOWER_007,voice
CDR_002327,FIR_0017,P039,P016,2026-05-10 13:42:00,591,TOWER_016,sms
CDR_002328,FIR_0028,P033,P022,2026-01-05 12:47:00,539,TOWER_025,voice
CDR_002329,FIR_0011,P001,P036,2026-07-05 15:15:00,166,TOWER_004,sms
CDR_002330,FIR_0009,P037,P053,2026-04-10 01:50:00,635,TOWER_002,sms
CDR_002331,FIR_0021,P050,P014,2026-03-11 11:50:00,447,TOWER_010,voice
CDR_002332,FIR_0012,P056,P011,2026-07-27 18:51:00,423,TOWER_003,voice
CDR_002333,FIR_0008,P014,P007,2026-02-17 18:35:00,829,TOWER_025,sms
CDR_002334,FIR_0007,P043,P001,2026-02-20 00:27:00,628,TOWER_013,voice
CDR_002335,FIR_0030,P042,P029,2026-05-22 06:24:00,604,TOWER_021,voice
CDR_002336,FIR_0016,P011,P035,2026-02-06 09:02:00,144,TOWER_003,voice
CDR_002337,FIR_0014,P013,P030,2026-07-23 19:55:00,335,TOWER_018,sms
CDR_002338,FIR_0014,P057,P054,2026-02-24 07:42:00,99,TOWER_014,sms
CDR_002339,FIR_0004,P044,P012,2026-03-06 12:49:00,230,TOWER_028,sms
CDR_002340,FIR_0023,P017,P042,2026-04-24 12:35:00,423,TOWER_022,sms
CDR_002341,FIR_0025,P059,P058,2026-07-03 16:33:00,527,TOWER_009,voice
CDR_002342,FIR_0015,P052,P003,2026-08-07 02:58:00,150,TOWER_018,sms
CDR_002343,FIR_0003,P011,P055,2026-02-13 16:50:00,278,TOWER_019,sms
CDR_002344,FIR_0027,P026,P007,2026-07-12 16:44:00,660,TOWER_012,sms
CDR_002345,FIR_0004,P027,P054,2026-08-29 08:20:00,469,TOWER_020,sms
CDR_002346,FIR_0004,P017,P040,2026-05-31 03:16:00,543,TOWER_003,sms
CDR_002347,FIR_0024,P042,P049,2026-06-23 10:48:00,736,TOWER_028,sms
CDR_002348,FIR_0007,P046,P026,2026-04-22 21:34:00,463,TOWER_027,sms
CDR_002349,FIR_0001,P045,P014,2026-07-27 09:45:00,311,TOWER_028,sms
CDR_002350,FIR_0019,P039,P017,2026-01-09 02:19:00,844,TOWER_005,voice
CDR_002351,FIR_0024,P010,P032,2026-01-10 10:56:00,154,TOWER_027,sms
CDR_002352,FIR_0025,P054,P020,2026-05-12 23:49:00,296,TOWER_016,sms
CDR_002353,FIR_0006,P045,P001,2026-07-06 16:38:00,148,TOWER_003,sms
CDR_002354,FIR_0002,P028,P023,2026-08-26 22:29:00,214,TOWER_004,sms
CDR_002355,FIR_0011,P024,P019,2026-03-25 02:44:00,273,TOWER_013,voice
CDR_002356,FIR_0010,P038,P029,2026-04-28 15:33:00,326,TOWER_020,voice
CDR_002357,FIR_0006,P010,P049,2026-07-25 21:43:00,96,TOWER_015,voice
CDR_002358,FIR_0006,P004,P052,2026-08-28 03:12:00,213,TOWER_028,voice
CDR_002359,FIR_0015,P045,P026,2026-06-14 10:35:00,357,TOWER_027,sms
CDR_002360,FIR_0018,P020,P021,2026-08-06 16:13:00,391,TOWER_012,voice
CDR_002361,FIR_0004,P059,P044,2026-02-15 20:55:00,225,TOWER_027,voice
CDR_002362,FIR_0007,P002,P015,2026-06-13 22:53:00,643,TOWER_005,sms
CDR_002363,FIR_0013,P017,P038,2026-08-09 15:58:00,274,TOWER_017,voice
CDR_002364,FIR_0029,P053,P054,2026-07-08 03:00:00,669,TOWER_021,sms
CDR_002365,FIR_0014,P046,P028,2026-07-06 22:21:00,861,TOWER_014,voice
CDR_002366,FIR_0026,P001,P043,2026-07-06 11:02:00,587,TOWER_004,sms
CDR_002367,FIR_0003,P023,P033,2026-08-04 18:30:00,61,TOWER_014,voice
CDR_002368,FIR_0011,P047,P052,2026-04-02 21:18:00,691,TOWER_017,sms
CDR_002369,FIR_0027,P053,P048,2026-05-16 22:54:00,617,TOWER_024,voice
CDR_002370,FIR_0008,P030,P053,2026-07-27 17:04:00,865,TOWER_006,voice
CDR_002371,FIR_0025,P030,P032,2026-08-09 02:05:00,114,TOWER_021,sms
CDR_002372,FIR_0014,P028,P032,2026-04-10 15:34:00,109,TOWER_022,voice
CDR_002373,FIR_0024,P010,P056,2026-01-19 07:18:00,107,TOWER_001,voice
CDR_002374,FIR_0010,P050,P016,2026-07-25 07:58:00,247,TOWER_030,voice
CDR_002375,FIR_0016,P020,P021,2026-02-18 18:45:00,695,TOWER_006,sms
CDR_002376,FIR_0002,P016,P051,2026-02-24 16:43:00,856,TOWER_026,sms
CDR_002377,FIR_0005,P030,P003,2026-06-16 22:35:00,247,TOWER_029,sms
CDR_002378,FIR_0017,P015,P003,2026-05-12 17:01:00,583,TOWER_027,voice
CDR_002379,FIR_0010,P033,P008,2026-01-07 05:41:00,710,TOWER_030,voice
CDR_002380,FIR_0028,P024,P023,2026-07-22 19:53:00,35,TOWER_005,sms
CDR_002381,FIR_0015,P021,P003,2026-08-07 15:50:00,709,TOWER_024,voice
CDR_002382,FIR_0029,P033,P007,2026-06-07 11:50:00,55,TOWER_006,sms
CDR_002383,FIR_0019,P004,P008,2026-02-23 08:14:00,202,TOWER_029,sms
CDR_002384,FIR_0002,P019,P001,2026-01-23 09:49:00,296,TOWER_007,voice
CDR_002385,FIR_0017,P005,P030,2026-05-12 14:44:00,711,TOWER_015,voice
CDR_002386,FIR_0008,P007,P056,2026-04-03 11:01:00,587,TOWER_011,voice
CDR_002387,FIR_0027,P036,P056,2026-08-04 10:44:00,414,TOWER_008,sms
CDR_002388,FIR_0030,P056,P043,2026-04-24 18:20:00,825,TOWER_009,voice
CDR_002389,FIR_0027,P013,P005,2026-08-21 07:51:00,531,TOWER_022,sms
CDR_002390,FIR_0005,P058,P044,2026-03-09 18:25:00,685,TOWER_026,voice
CDR_002391,FIR_0016,P014,P033,2026-06-15 06:42:00,503,TOWER_013,sms
CDR_002392,FIR_0020,P016,P055,2026-04-27 05:11:00,594,TOWER_028,sms
CDR_002393,FIR_0008,P023,P015,2026-01-02 07:52:00,348,TOWER_019,voice
CDR_002394,FIR_0019,P018,P056,2026-02-25 15:06:00,49,TOWER_004,sms
CDR_002395,FIR_0006,P052,P019,2026-08-22 06:26:00,493,TOWER_016,voice
CDR_002396,FIR_0007,P029,P017,2026-08-02 14:31:00,324,TOWER_030,voice
CDR_002397,FIR_0028,P011,P022,2026-02-12 01:55:00,299,TOWER_014,voice
CDR_002398,FIR_0017,P045,P003,2026-08-13 22:47:00,586,TOWER_005,voice
CDR_002399,FIR_0001,P010,P002,2026-06-25 18:16:00,382,TOWER_022,voice
CDR_002400,FIR_0020,P011,P037,2026-06-05 21:14:00,103,TOWER_007,sms
CDR_002401,FIR_0012,P004,P054,2026-03-07 19:18:00,393,TOWER_012,sms
CDR_002402,FIR_0002,P036,P050,2026-01-22 20:51:00,14,TOWER_024,voice
CDR_002403,FIR_0012,P009,P010,2026-03-20 06:43:00,42,TOWER_004,voice
CDR_002404,FIR_0019,P029,P027,2026-03-29 20:44:00,499,TOWER_015,sms
CDR_002405,FIR_0011,P046,P053,2026-06-17 21:04:00,371,TOWER_029,sms
CDR_002406,FIR_0024,P013,P036,2026-06-28 14:38:00,668,TOWER_015,voice
CDR_002407,FIR_0004,P056,P042,2026-01-08 22:12:00,138,TOWER_006,sms
CDR_002408,FIR_0014,P030,P011,2026-06-23 21:45:00,874,TOWER_014,sms
CDR_002409,FIR_0004,P032,P016,2026-07-28 19:44:00,884,TOWER_023,voice
CDR_002410,FIR_0009,P006,P054,2026-01-13 19:17:00,768,TOWER_004,sms
CDR_002411,FIR_0019,P039,P046,2026-01-08 18:50:00,597,TOWER_019,sms
CDR_002412,FIR_0011,P023,P004,2026-04-23 12:27:00,469,TOWER_009,voice
CDR_002413,FIR_0028,P040,P029,2026-01-30 04:09:00,51,TOWER_024,voice
CDR_002414,FIR_0023,P043,P017,2026-06-08 05:34:00,843,TOWER_019,sms
CDR_002415,FIR_0014,P007,P008,2026-04-30 10:17:00,195,TOWER_016,voice
CDR_002416,FIR_0007,P035,P057,2026-07-12 23:03:00,423,TOWER_030,voice
CDR_002417,FIR_0001,P016,P054,2026-02-08 12:37:00,621,TOWER_028,sms
CDR_002418,FIR_0003,P047,P036,2026-02-10 07:49:00,806,TOWER_024,voice
CDR_002419,FIR_0013,P043,P054,2026-05-26 00:30:00,531,TOWER_010,voice
CDR_002420,FIR_0004,P060,P004,2026-08-15 04:31:00,480,TOWER_002,sms
CDR_002421,FIR_0025,P056,P048,2026-07-24 12:46:00,121,TOWER_010,sms
CDR_002422,FIR_0030,P015,P051,2026-07-19 12:09:00,71,TOWER_025,sms
CDR_002423,FIR_0011,P014,P027,2026-01-31 06:43:00,346,TOWER_001,sms
CDR_002424,FIR_0015,P042,P022,2026-01-13 06:47:00,33,TOWER_018,sms
CDR_002425,FIR_0026,P021,P040,2026-03-23 05:32:00,551,TOWER_011,voice
CDR_002426,FIR_0015,P011,P058,2026-03-11 07:18:00,735,TOWER_021,voice
CDR_002427,FIR_0021,P016,P037,2026-04-29 21:20:00,87,TOWER_017,sms
CDR_002428,FIR_0020,P026,P051,2026-06-22 12:46:00,36,TOWER_011,voice
CDR_002429,FIR_0008,P040,P015,2026-08-07 09:03:00,711,TOWER_005,voice
CDR_002430,FIR_0001,P052,P028,2026-07-11 08:44:00,101,TOWER_006,voice
CDR_002431,FIR_0008,P028,P002,2026-01-01 10:13:00,675,TOWER_027,sms
CDR_002432,FIR_0030,P015,P030,2026-07-05 13:04:00,544,TOWER_030,sms
CDR_002433,FIR_0028,P044,P040,2026-06-20 19:50:00,173,TOWER_026,sms
CDR_002434,FIR_0006,P038,P034,2026-08-25 21:23:00,354,TOWER_012,sms
CDR_002435,FIR_0003,P051,P007,2026-06-17 20:54:00,349,TOWER_001,sms
CDR_002436,FIR_0006,P029,P040,2026-07-13 10:55:00,614,TOWER_023,voice
CDR_002437,FIR_0017,P027,P043,2026-08-18 23:53:00,323,TOWER_006,sms
CDR_002438,FIR_0014,P040,P015,2026-06-06 22:30:00,155,TOWER_028,voice
CDR_002439,FIR_0029,P025,P038,2026-03-25 06:32:00,459,TOWER_008,voice
CDR_002440,FIR_0022,P002,P040,2026-05-03 05:46:00,566,TOWER_026,sms
CDR_002441,FIR_0006,P034,P028,2026-02-20 04:28:00,80,TOWER_011,voice
CDR_002442,FIR_0026,P011,P048,2026-01-02 06:50:00,637,TOWER_003,voice
CDR_002443,FIR_0018,P055,P006,2026-05-11 13:12:00,307,TOWER_014,sms
CDR_002444,FIR_0013,P036,P025,2026-03-08 15:28:00,345,TOWER_024,sms
CDR_002445,FIR_0007,P016,P008,2026-08-29 16:57:00,774,TOWER_009,sms
CDR_002446,FIR_0012,P053,P008,2026-06-18 08:32:00,298,TOWER_009,sms
CDR_002447,FIR_0026,P035,P010,2026-06-06 01:31:00,67,TOWER_030,voice
CDR_002448,FIR_0030,P053,P037,2026-02-19 03:42:00,676,TOWER_025,voice
CDR_002449,FIR_0017,P003,P060,2026-07-31 17:55:00,113,TOWER_030,voice
CDR_002450,FIR_0021,P019,P044,2026-05-07 12:13:00,741,TOWER_030,voice
CDR_002451,FIR_0017,P004,P007,2026-04-26 11:35:00,544,TOWER_019,sms
CDR_002452,FIR_0024,P048,P023,2026-07-11 04:03:00,440,TOWER_019,sms
CDR_002453,FIR_0027,P005,P044,2026-06-14 23:51:00,140,TOWER_015,sms
CDR_002454,FIR_0023,P042,P010,2026-01-24 22:37:00,251,TOWER_001,sms
CDR_002455,FIR_0025,P030,P008,2026-01-15 02:41:00,786,TOWER_016,sms
CDR_002456,FIR_0030,P016,P002,2026-02-18 13:52:00,19,TOWER_006,voice
CDR_002457,FIR_0011,P037,P019,2026-03-21 00:05:00,660,TOWER_015,voice
CDR_002458,FIR_0015,P034,P033,2026-06-05 17:17:00,377,TOWER_019,sms
CDR_002459,FIR_0030,P024,P030,2026-08-19 05:54:00,249,TOWER_018,voice
CDR_002460,FIR_0007,P017,P020,2026-05-02 13:37:00,774,TOWER_004,sms
CDR_002461,FIR_0005,P023,P020,2026-05-11 09:01:00,398,TOWER_019,voice
CDR_002462,FIR_0022,P044,P058,2026-05-13 23:49:00,511,TOWER_024,voice
CDR_002463,FIR_0021,P018,P015,2026-02-23 01:28:00,192,TOWER_025,voice
CDR_002464,FIR_0017,P031,P041,2026-08-06 16:47:00,680,TOWER_012,voice
CDR_002465,FIR_0025,P020,P046,2026-04-13 16:52:00,137,TOWER_026,voice
CDR_002466,FIR_0019,P048,P051,2026-04-06 18:53:00,618,TOWER_019,voice
CDR_002467,FIR_0010,P053,P048,2026-07-19 17:57:00,333,TOWER_025,voice
CDR_002468,FIR_0016,P019,P058,2026-06-21 10:21:00,626,TOWER_030,voice
CDR_002469,FIR_0027,P058,P031,2026-02-06 20:26:00,538,TOWER_011,voice
CDR_002470,FIR_0003,P021,P026,2026-07-22 17:55:00,218,TOWER_010,voice
CDR_002471,FIR_0016,P010,P052,2026-07-05 07:10:00,403,TOWER_025,sms
CDR_002472,FIR_0021,P041,P032,2026-01-19 22:11:00,50,TOWER_025,voice
CDR_002473,FIR_0008,P014,P025,2026-01-23 11:36:00,878,TOWER_002,sms
CDR_002474,FIR_0020,P034,P025,2026-02-14 18:30:00,24,TOWER_030,sms
CDR_002475,FIR_0025,P026,P020,2026-08-05 18:28:00,640,TOWER_030,voice
CDR_002476,FIR_0009,P014,P057,2026-06-23 16:29:00,85,TOWER_010,voice
CDR_002477,FIR_0023,P053,P059,2026-07-18 23:45:00,290,TOWER_024,voice
CDR_002478,FIR_0002,P021,P049,2026-02-19 00:13:00,889,TOWER_015,voice
CDR_002479,FIR_0005,P042,P001,2026-05-16 00:15:00,124,TOWER_016,sms
CDR_002480,FIR_0005,P001,P040,2026-06-16 16:22:00,58,TOWER_024,voice
CDR_002481,FIR_0011,P019,P051,2026-07-05 12:38:00,475,TOWER_016,voice
CDR_002482,FIR_0007,P035,P034,2026-06-30 20:48:00,51,TOWER_024,sms
CDR_002483,FIR_0010,P039,P059,2026-07-29 03:07:00,260,TOWER_001,sms
CDR_002484,FIR_0013,P019,P010,2026-04-25 10:54:00,582,TOWER_001,voice
CDR_002485,FIR_0015,P002,P007,2026-06-20 16:24:00,826,TOWER_004,sms
CDR_002486,FIR_0026,P025,P048,2026-05-31 08:20:00,620,TOWER_016,sms
CDR_002487,FIR_0006,P040,P032,2026-03-21 01:06:00,23,TOWER_005,voice
CDR_002488,FIR_0008,P018,P034,2026-02-02 05:35:00,753,TOWER_005,sms
CDR_002489,FIR_0016,P050,P029,2026-06-30 13:51:00,648,TOWER_022,sms
CDR_002490,FIR_0006,P046,P050,2026-08-09 08:23:00,789,TOWER_018,voice
CDR_002491,FIR_0021,P036,P033,2026-07-28 04:52:00,577,TOWER_017,voice
CDR_002492,FIR_0001,P011,P013,2026-08-19 03:07:00,655,TOWER_009,voice
CDR_002493,FIR_0029,P005,P053,2026-05-26 09:33:00,691,TOWER_008,sms
CDR_002494,FIR_0023,P005,P060,2026-01-20 02:37:00,580,TOWER_017,sms
CDR_002495,FIR_0016,P019,P049,2026-04-17 01:48:00,560,TOWER_016,voice
CDR_002496,FIR_0025,P054,P047,2026-04-03 13:40:00,280,TOWER_015,sms
CDR_002497,FIR_0028,P001,P011,2026-08-20 06:15:00,825,TOWER_022,sms
CDR_002498,FIR_0003,P002,P027,2026-01-26 22:29:00,403,TOWER_029,sms
CDR_002499,FIR_0025,P010,P009,2026-06-27 20:11:00,297,TOWER_015,sms
CDR_002500,FIR_0005,P028,P057,2026-04-12 20:16:00,185,TOWER_020,voice
CDR_002501,FIR_0012,P054,P042,2026-08-25 22:04:00,368,TOWER_030,voice
CDR_002502,FIR_0014,P041,P012,2026-05-10 01:02:00,121,TOWER_006,voice
CDR_002503,FIR_0010,P019,P040,2026-03-05 18:44:00,134,TOWER_017,sms
CDR_002504,FIR_0021,P057,P010,2026-06-08 20:55:00,770,TOWER_029,sms
CDR_002505,FIR_0018,P059,P006,2026-01-11 06:05:00,63,TOWER_026,voice
CDR_002506,FIR_0014,P002,P020,2026-02-13 06:50:00,264,TOWER_009,voice
CDR_002507,FIR_0022,P048,P037,2026-02-25 05:55:00,868,TOWER_002,voice
CDR_002508,FIR_0027,P023,P028,2026-03-05 11:27:00,851,TOWER_024,sms
CDR_002509,FIR_0018,P015,P011,2026-01-27 14:54:00,602,TOWER_004,sms
CDR_002510,FIR_0013,P007,P009,2026-05-16 07:44:00,286,TOWER_010,sms
CDR_002511,FIR_0011,P031,P010,2026-02-02 19:50:00,386,TOWER_014,voice
CDR_002512,FIR_0006,P026,P039,2026-02-12 13:19:00,878,TOWER_003,voice
CDR_002513,FIR_0020,P058,P025,2026-04-15 02:10:00,248,TOWER_022,sms
CDR_002514,FIR_0013,P012,P052,2026-04-02 18:43:00,483,TOWER_010,voice
CDR_002515,FIR_0007,P033,P037,2026-04-28 00:22:00,141,TOWER_021,voice
CDR_002516,FIR_0018,P032,P022,2026-06-17 13:37:00,584,TOWER_004,voice
CDR_002517,FIR_0003,P037,P018,2026-02-20 17:35:00,563,TOWER_009,sms
CDR_002518,FIR_0010,P030,P011,2026-03-21 15:14:00,106,TOWER_015,voice
CDR_002519,FIR_0028,P032,P015,2026-07-17 10:31:00,620,TOWER_011,sms
CDR_002520,FIR_0007,P004,P053,2026-04-06 15:37:00,453,TOWER_018,sms
CDR_002521,FIR_0022,P042,P055,2026-01-22 08:24:00,543,TOWER_010,sms
CDR_002522,FIR_0024,P040,P042,2026-05-17 06:08:00,135,TOWER_012,voice
CDR_002523,FIR_0026,P004,P056,2026-07-04 20:19:00,350,TOWER_024,sms
CDR_002524,FIR_0029,P012,P016,2026-06-21 06:46:00,56,TOWER_026,sms
CDR_002525,FIR_0014,P038,P049,2026-07-27 20:08:00,714,TOWER_028,voice
CDR_002526,FIR_0028,P007,P035,2026-03-11 13:03:00,895,TOWER_005,voice
CDR_002527,FIR_0019,P034,P025,2026-05-28 03:39:00,272,TOWER_027,voice
CDR_002528,FIR_0023,P051,P002,2026-07-20 16:02:00,434,TOWER_019,voice
CDR_002529,FIR_0024,P047,P007,2026-02-23 08:04:00,725,TOWER_018,voice
CDR_002530,FIR_0023,P002,P038,2026-06-22 14:32:00,288,TOWER_004,voice
CDR_002531,FIR_0030,P017,P046,2026-06-14 02:07:00,479,TOWER_030,sms
CDR_002532,FIR_0014,P046,P027,2026-08-29 15:27:00,858,TOWER_014,sms
CDR_002533,FIR_0007,P043,P057,2026-02-07 23:10:00,785,TOWER_007,sms
CDR_002534,FIR_0001,P029,P024,2026-07-21 05:35:00,489,TOWER_004,sms
CDR_002535,FIR_0028,P005,P026,2026-02-21 03:30:00,878,TOWER_011,voice
CDR_002536,FIR_0019,P005,P049,2026-04-19 06:04:00,334,TOWER_026,sms
CDR_002537,FIR_0015,P014,P032,2026-02-23 00:41:00,672,TOWER_021,sms
CDR_002538,FIR_0006,P047,P003,2026-03-12 01:39:00,183,TOWER_012,voice
CDR_002539,FIR_0030,P060,P035,2026-06-11 07:00:00,437,TOWER_016,voice
CDR_002540,FIR_0023,P013,P027,2026-07-22 08:10:00,574,TOWER_025,sms
CDR_002541,FIR_0003,P054,P052,2026-03-20 10:47:00,522,TOWER_021,sms
CDR_002542,FIR_0026,P053,P029,2026-06-04 21:11:00,341,TOWER_010,sms
CDR_002543,FIR_0024,P027,P057,2026-04-15 19:26:00,672,TOWER_006,sms
CDR_002544,FIR_0010,P038,P053,2026-08-11 11:37:00,200,TOWER_013,sms
CDR_002545,FIR_0006,P049,P043,2026-03-03 00:41:00,427,TOWER_014,sms
CDR_002546,FIR_0023,P058,P022,2026-08-11 20:10:00,542,TOWER_009,voice
CDR_002547,FIR_0012,P038,P036,2026-01-21 00:53:00,113,TOWER_001,voice
CDR_002548,FIR_0021,P022,P015,2026-02-12 12:46:00,657,TOWER_014,voice
CDR_002549,FIR_0003,P015,P037,2026-03-29 18:41:00,557,TOWER_030,voice
CDR_002550,FIR_0029,P045,P047,2026-02-26 00:51:00,716,TOWER_014,voice
CDR_002551,FIR_0027,P026,P027,2026-07-10 07:44:00,624,TOWER_025,sms
CDR_002552,FIR_0018,P027,P032,2026-03-21 12:37:00,592,TOWER_005,voice
CDR_002553,FIR_0023,P040,P038,2026-01-19 20:54:00,143,TOWER_011,voice
CDR_002554,FIR_0028,P004,P029,2026-08-21 01:03:00,403,TOWER_017,sms
CDR_002555,FIR_0017,P028,P001,2026-06-20 01:56:00,838,TOWER_030,sms
CDR_002556,FIR_0027,P035,P024,2026-01-21 00:53:00,854,TOWER_004,sms
CDR_002557,FIR_0020,P029,P027,2026-01-03 18:24:00,696,TOWER_001,voice
CDR_002558,FIR_0015,P038,P045,2026-03-08 02:15:00,864,TOWER_018,sms
CDR_002559,FIR_0025,P012,P049,2026-04-13 04:07:00,887,TOWER_027,voice
CDR_002560,FIR_0018,P038,P021,2026-07-18 19:25:00,562,TOWER_021,voice
CDR_002561,FIR_0015,P039,P026,2026-05-06 06:37:00,353,TOWER_015,voice
CDR_002562,FIR_0003,P055,P004,2026-06-21 18:11:00,112,TOWER_019,voice
CDR_002563,FIR_0027,P012,P060,2026-05-13 20:27:00,192,TOWER_020,voice
CDR_002564,FIR_0021,P059,P019,2026-08-15 09:48:00,619,TOWER_027,sms
CDR_002565,FIR_0024,P043,P029,2026-06-15 20:12:00,253,TOWER_028,sms
CDR_002566,FIR_0019,P060,P016,2026-06-21 21:12:00,436,TOWER_001,voice
CDR_002567,FIR_0010,P003,P019,2026-07-17 22:27:00,572,TOWER_015,voice
CDR_002568,FIR_0010,P023,P002,2026-05-08 06:40:00,47,TOWER_021,sms
CDR_002569,FIR_0005,P046,P032,2026-02-20 08:07:00,157,TOWER_025,voice
CDR_002570,FIR_0016,P014,P058,2026-01-04 01:27:00,433,TOWER_003,sms
CDR_002571,FIR_0030,P018,P048,2026-06-20 19:04:00,785,TOWER_004,voice
CDR_002572,FIR_0026,P028,P033,2026-05-15 17:24:00,376,TOWER_008,voice
CDR_002573,FIR_0022,P028,P048,2026-07-19 03:51:00,181,TOWER_009,sms
CDR_002574,FIR_0017,P008,P040,2026-08-05 10:18:00,712,TOWER_003,voice
CDR_002575,FIR_0011,P028,P052,2026-03-27 07:34:00,669,TOWER_011,voice
CDR_002576,FIR_0024,P055,P060,2026-08-23 04:32:00,603,TOWER_017,voice
CDR_002577,FIR_0017,P024,P044,2026-03-03 13:49:00,750,TOWER_002,voice
CDR_002578,FIR_0005,P013,P054,2026-01-03 04:10:00,636,TOWER_008,voice
CDR_002579,FIR_0028,P052,P004,2026-07-06 17:53:00,721,TOWER_014,voice
CDR_002580,FIR_0021,P035,P027,2026-04-29 23:59:00,478,TOWER_006,voice
CDR_002581,FIR_0017,P003,P004,2026-03-10 07:00:00,553,TOWER_007,sms
CDR_002582,FIR_0008,P037,P021,2026-07-20 23:10:00,531,TOWER_002,voice
CDR_002583,FIR_0004,P016,P014,2026-07-30 03:58:00,213,TOWER_008,sms
CDR_002584,FIR_0012,P007,P010,2026-01-20 20:57:00,195,TOWER_027,sms
CDR_002585,FIR_0006,P009,P031,2026-02-14 01:25:00,73,TOWER_014,sms
CDR_002586,FIR_0009,P018,P051,2026-07-20 05:31:00,70,TOWER_026,voice
CDR_002587,FIR_0029,P043,P026,2026-06-02 23:55:00,307,TOWER_022,sms
CDR_002588,FIR_0012,P037,P051,2026-08-05 06:28:00,658,TOWER_016,voice
CDR_002589,FIR_0014,P019,P030,2026-04-24 15:21:00,173,TOWER_014,sms
CDR_002590,FIR_0016,P045,P025,2026-04-27 04:49:00,286,TOWER_006,voice
CDR_002591,FIR_0030,P056,P046,2026-02-11 20:41:00,92,TOWER_020,voice
CDR_002592,FIR_0007,P058,P051,2026-05-22 09:21:00,106,TOWER_007,sms
CDR_002593,FIR_0024,P006,P054,2026-08-20 12:23:00,419,TOWER_019,sms
CDR_002594,FIR_0005,P056,P047,2026-02-14 04:55:00,137,TOWER_011,voice
CDR_002595,FIR_0016,P036,P045,2026-06-28 00:59:00,796,TOWER_027,voice
CDR_002596,FIR_0023,P033,P048,2026-05-31 07:27:00,301,TOWER_019,voice
CDR_002597,FIR_0019,P017,P014,2026-06-22 22:54:00,697,TOWER_008,voice
CDR_002598,FIR_0007,P021,P034,2026-04-12 13:37:00,825,TOWER_023,voice
CDR_002599,FIR_0023,P013,P043,2026-06-20 16:25:00,245,TOWER_002,sms
CDR_002600,FIR_0017,P060,P013,2026-07-08 09:15:00,378,TOWER_012,sms
CDR_002601,FIR_0001,P010,P026,2026-04-12 03:23:00,355,TOWER_023,sms
CDR_002602,FIR_0015,P027,P036,2026-02-14 05:34:00,389,TOWER_029,voice
CDR_002603,FIR_0004,P011,P050,2026-04-17 20:30:00,664,TOWER_005,sms
CDR_002604,FIR_0013,P039,P001,2026-05-14 14:58:00,881,TOWER_027,sms
CDR_002605,FIR_0001,P005,P051,2026-07-09 22:35:00,85,TOWER_020,sms
CDR_002606,FIR_0029,P058,P002,2026-03-24 14:31:00,833,TOWER_030,sms
CDR_002607,FIR_0017,P040,P037,2026-08-27 18:31:00,65,TOWER_015,voice
CDR_002608,FIR_0027,P025,P018,2026-07-01 01:33:00,449,TOWER_006,sms
CDR_002609,FIR_0005,P049,P029,2026-03-08 22:46:00,411,TOWER_020,voice
CDR_002610,FIR_0010,P053,P012,2026-03-11 00:03:00,43,TOWER_005,voice
CDR_002611,FIR_0030,P053,P019,2026-08-22 15:57:00,729,TOWER_017,sms
CDR_002612,FIR_0014,P018,P031,2026-08-27 07:44:00,158,TOWER_019,voice
CDR_002613,FIR_0020,P038,P059,2026-08-06 21:28:00,639,TOWER_014,sms
CDR_002614,FIR_0025,P004,P053,2026-06-16 05:36:00,72,TOWER_013,voice
CDR_002615,FIR_0007,P011,P008,2026-08-31 06:28:00,611,TOWER_016,sms
CDR_002616,FIR_0022,P004,P059,2026-08-29 04:06:00,522,TOWER_018,voice
CDR_002617,FIR_0020,P060,P007,2026-07-29 16:16:00,621,TOWER_002,voice
CDR_002618,FIR_0030,P050,P031,2026-04-19 15:40:00,486,TOWER_018,sms
CDR_002619,FIR_0011,P017,P052,2026-07-08 06:04:00,681,TOWER_011,voice
CDR_002620,FIR_0003,P042,P053,2026-07-17 10:37:00,353,TOWER_019,sms
CDR_002621,FIR_0025,P060,P034,2026-06-23 22:46:00,822,TOWER_017,voice
CDR_002622,FIR_0019,P022,P060,2026-02-04 17:58:00,868,TOWER_010,sms
CDR_002623,FIR_0001,P026,P031,2026-05-29 23:13:00,206,TOWER_002,sms
CDR_002624,FIR_0027,P050,P047,2026-01-23 07:56:00,510,TOWER_020,sms
CDR_002625,FIR_0022,P020,P031,2026-01-10 03:52:00,445,TOWER_030,voice
CDR_002626,FIR_0014,P037,P052,2026-03-04 02:38:00,301,TOWER_015,sms
CDR_002627,FIR_0018,P011,P002,2026-07-27 22:13:00,490,TOWER_014,voice
CDR_002628,FIR_0015,P047,P004,2026-03-09 08:30:00,421,TOWER_009,voice
CDR_002629,FIR_0030,P028,P045,2026-07-26 10:23:00,705,TOWER_026,sms
CDR_002630,FIR_0017,P032,P046,2026-08-15 08:28:00,479,TOWER_023,sms
CDR_002631,FIR_0010,P014,P018,2026-07-29 00:52:00,533,TOWER_002,voice
CDR_002632,FIR_0014,P022,P053,2026-06-08 02:28:00,70,TOWER_009,sms
CDR_002633,FIR_0012,P025,P024,2026-07-09 07:09:00,173,TOWER_024,voice
CDR_002634,FIR_0027,P041,P044,2026-01-14 04:04:00,683,TOWER_020,voice
CDR_002635,FIR_0004,P035,P038,2026-08-12 12:27:00,62,TOWER_003,voice
CDR_002636,FIR_0013,P036,P059,2026-04-30 08:13:00,84,TOWER_026,voice
CDR_002637,FIR_0004,P036,P035,2026-07-26 01:39:00,425,TOWER_003,sms
CDR_002638,FIR_0013,P008,P032,2026-08-27 00:34:00,480,TOWER_025,voice
CDR_002639,FIR_0030,P024,P027,2026-03-31 22:58:00,404,TOWER_006,sms
CDR_002640,FIR_0005,P042,P038,2026-04-17 22:05:00,739,TOWER_022,sms
CDR_002641,FIR_0025,P031,P035,2026-01-02 15:56:00,15,TOWER_028,voice
CDR_002642,FIR_0019,P047,P027,2026-02-14 04:07:00,363,TOWER_029,voice
CDR_002643,FIR_0009,P021,P008,2026-03-14 08:37:00,90,TOWER_021,voice
CDR_002644,FIR_0028,P054,P057,2026-04-28 04:16:00,407,TOWER_013,sms
CDR_002645,FIR_0023,P029,P050,2026-01-17 04:00:00,300,TOWER_025,sms
CDR_002646,FIR_0011,P001,P029,2026-05-12 17:49:00,845,TOWER_013,voice
CDR_002647,FIR_0030,P016,P008,2026-05-30 23:31:00,365,TOWER_010,sms
CDR_002648,FIR_0002,P046,P049,2026-02-13 19:27:00,102,TOWER_026,voice
CDR_002649,FIR_0020,P032,P056,2026-05-22 19:21:00,621,TOWER_024,sms
CDR_002650,FIR_0022,P018,P036,2026-07-20 01:59:00,565,TOWER_017,voice
CDR_002651,FIR_0028,P024,P014,2026-07-08 10:07:00,712,TOWER_024,voice
CDR_002652,FIR_0024,P052,P036,2026-01-17 16:00:00,531,TOWER_006,sms
CDR_002653,FIR_0015,P050,P016,2026-04-10 01:52:00,186,TOWER_024,voice
CDR_002654,FIR_0018,P049,P008,2026-01-12 11:52:00,119,TOWER_019,voice
CDR_002655,FIR_0009,P059,P045,2026-03-17 01:51:00,161,TOWER_022,voice
CDR_002656,FIR_0022,P050,P040,2026-03-26 12:36:00,276,TOWER_001,sms
CDR_002657,FIR_0005,P046,P022,2026-05-15 19:54:00,795,TOWER_027,sms
CDR_002658,FIR_0011,P053,P057,2026-04-02 08:47:00,41,TOWER_021,voice
CDR_002659,FIR_0020,P050,P022,2026-07-17 21:26:00,16,TOWER_012,sms
CDR_002660,FIR_0017,P040,P034,2026-07-01 21:56:00,204,TOWER_026,voice
CDR_002661,FIR_0010,P052,P003,2026-05-29 15:12:00,419,TOWER_030,voice
CDR_002662,FIR_0003,P027,P049,2026-06-15 04:21:00,52,TOWER_028,voice
CDR_002663,FIR_0018,P044,P020,2026-05-01 04:30:00,362,TOWER_007,voice
CDR_002664,FIR_0016,P025,P054,2026-02-13 16:15:00,841,TOWER_010,sms
CDR_002665,FIR_0010,P045,P029,2026-06-30 21:59:00,621,TOWER_007,sms
CDR_002666,FIR_0010,P027,P014,2026-05-23 18:29:00,198,TOWER_012,voice
CDR_002667,FIR_0010,P054,P015,2026-06-03 08:23:00,214,TOWER_010,voice
CDR_002668,FIR_0029,P017,P005,2026-03-15 22:23:00,499,TOWER_009,voice
CDR_002669,FIR_0018,P001,P017,2026-05-19 21:16:00,600,TOWER_001,sms
CDR_002670,FIR_0003,P046,P003,2026-07-16 09:20:00,18,TOWER_021,voice
CDR_002671,FIR_0023,P031,P039,2026-07-19 19:28:00,266,TOWER_012,voice
CDR_002672,FIR_0020,P034,P032,2026-06-09 10:59:00,444,TOWER_014,voice
CDR_002673,FIR_0018,P056,P025,2026-06-04 03:14:00,422,TOWER_030,sms
CDR_002674,FIR_0012,P046,P042,2026-03-24 10:07:00,761,TOWER_016,sms
CDR_002675,FIR_0020,P013,P044,2026-08-25 03:15:00,139,TOWER_004,voice
CDR_002676,FIR_0024,P041,P029,2026-03-06 19:10:00,397,TOWER_025,sms
CDR_002677,FIR_0003,P059,P032,2026-06-16 01:51:00,341,TOWER_012,sms
CDR_002678,FIR_0021,P006,P024,2026-06-30 22:23:00,748,TOWER_026,voice
CDR_002679,FIR_0001,P030,P006,2026-06-03 02:26:00,540,TOWER_014,sms
CDR_002680,FIR_0006,P005,P026,2026-04-14 03:08:00,466,TOWER_003,sms
CDR_002681,FIR_0009,P014,P008,2026-07-09 19:22:00,306,TOWER_017,sms
CDR_002682,FIR_0027,P014,P003,2026-03-13 04:09:00,371,TOWER_007,sms
CDR_002683,FIR_0022,P040,P048,2026-04-15 04:53:00,412,TOWER_021,sms
CDR_002684,FIR_0027,P004,P009,2026-02-07 01:34:00,205,TOWER_016,sms
CDR_002685,FIR_0027,P017,P036,2026-01-15 18:59:00,103,TOWER_006,voice
CDR_002686,FIR_0015,P043,P051,2026-02-03 02:23:00,131,TOWER_003,voice
CDR_002687,FIR_0026,P060,P056,2026-05-24 08:23:00,731,TOWER_009,voice
CDR_002688,FIR_0022,P035,P052,2026-01-03 18:01:00,810,TOWER_022,voice
CDR_002689,FIR_0006,P018,P044,2026-04-29 18:41:00,610,TOWER_002,sms
CDR_002690,FIR_0023,P037,P060,2026-05-21 20:54:00,508,TOWER_016,sms
CDR_002691,FIR_0010,P033,P028,2026-04-17 03:41:00,864,TOWER_027,sms
CDR_002692,FIR_0030,P058,P034,2026-06-13 00:59:00,36,TOWER_004,sms
CDR_002693,FIR_0014,P005,P004,2026-05-19 21:44:00,406,TOWER_009,sms
CDR_002694,FIR_0001,P032,P003,2026-02-04 20:14:00,761,TOWER_002,sms
CDR_002695,FIR_0005,P014,P018,2026-02-11 23:38:00,30,TOWER_019,sms
CDR_002696,FIR_0030,P023,P033,2026-01-08 06:51:00,393,TOWER_023,sms
CDR_002697,FIR_0008,P041,P016,2026-01-30 03:13:00,852,TOWER_027,sms
CDR_002698,FIR_0013,P050,P041,2026-07-27 22:35:00,263,TOWER_016,voice
CDR_002699,FIR_0015,P035,P011,2026-08-25 07:18:00,737,TOWER_011,voice
CDR_002700,FIR_0005,P043,P021,2026-04-23 13:58:00,677,TOWER_012,sms
CDR_002701,FIR_0002,P029,P031,2026-01-19 10:06:00,109,TOWER_005,sms
CDR_002702,FIR_0016,P003,P048,2026-02-18 18:48:00,769,TOWER_020,voice
CDR_002703,FIR_0024,P019,P031,2026-01-24 19:03:00,577,TOWER_019,sms
CDR_002704,FIR_0027,P025,P022,2026-04-06 03:18:00,882,TOWER_029,voice
CDR_002705,FIR_0025,P059,P034,2026-02-22 22:37:00,855,TOWER_029,voice
CDR_002706,FIR_0008,P002,P027,2026-08-08 02:15:00,170,TOWER_017,voice
CDR_002707,FIR_0012,P004,P059,2026-01-25 17:52:00,814,TOWER_029,sms
CDR_002708,FIR_0021,P008,P041,2026-08-12 14:14:00,717,TOWER_028,sms
CDR_002709,FIR_0019,P043,P026,2026-04-05 09:49:00,259,TOWER_024,sms
CDR_002710,FIR_0030,P048,P060,2026-05-11 17:20:00,701,TOWER_026,voice
CDR_002711,FIR_0026,P033,P006,2026-01-04 12:29:00,386,TOWER_017,sms
CDR_002712,FIR_0005,P058,P036,2026-07-23 23:48:00,538,TOWER_013,sms
CDR_002713,FIR_0023,P007,P013,2026-01-03 21:54:00,676,TOWER_018,sms
CDR_002714,FIR_0011,P038,P026,2026-07-27 08:46:00,797,TOWER_018,sms
CDR_002715,FIR_0008,P051,P050,2026-08-01 22:58:00,895,TOWER_027,voice
CDR_002716,FIR_0024,P060,P002,2026-04-15 22:04:00,437,TOWER_016,voice
CDR_002717,FIR_0027,P003,P016,2026-02-07 01:27:00,453,TOWER_021,voice
CDR_002718,FIR_0004,P006,P001,2026-01-18 09:35:00,415,TOWER_015,sms
CDR_002719,FIR_0006,P059,P046,2026-06-06 14:09:00,573,TOWER_017,voice
CDR_002720,FIR_0003,P057,P052,2026-03-14 02:34:00,419,TOWER_017,voice
CDR_002721,FIR_0001,P050,P057,2026-07-22 04:32:00,481,TOWER_007,sms
CDR_002722,FIR_0024,P043,P005,2026-04-30 23:08:00,408,TOWER_008,sms
CDR_002723,FIR_0009,P026,P023,2026-06-12 11:24:00,539,TOWER_026,sms
CDR_002724,FIR_0003,P016,P055,2026-06-07 12:10:00,593,TOWER_001,sms
CDR_002725,FIR_0007,P037,P058,2026-05-11 08:55:00,160,TOWER_024,sms
CDR_002726,FIR_0022,P021,P057,2026-08-08 14:46:00,176,TOWER_004,sms
CDR_002727,FIR_0018,P006,P033,2026-08-01 20:43:00,161,TOWER_026,sms
CDR_002728,FIR_0008,P029,P056,2026-02-16 00:18:00,56,TOWER_022,voice
CDR_002729,FIR_0008,P058,P045,2026-04-06 23:05:00,351,TOWER_004,voice
CDR_002730,FIR_0019,P022,P052,2026-02-21 16:35:00,500,TOWER_014,voice
CDR_002731,FIR_0027,P041,P047,2026-06-16 18:39:00,900,TOWER_004,voice
CDR_002732,FIR_0030,P018,P053,2026-03-31 19:37:00,47,TOWER_010,sms
CDR_002733,FIR_0002,P027,P018,2026-04-04 04:09:00,448,TOWER_023,voice
CDR_002734,FIR_0011,P056,P051,2026-01-02 10:54:00,350,TOWER_005,voice
CDR_002735,FIR_0013,P023,P054,2026-05-13 18:02:00,109,TOWER_013,sms
CDR_002736,FIR_0020,P047,P013,2026-01-27 13:21:00,740,TOWER_006,sms
CDR_002737,FIR_0026,P037,P044,2026-06-13 11:04:00,310,TOWER_030,sms
CDR_002738,FIR_0023,P011,P047,2026-04-10 00:10:00,433,TOWER_005,sms
CDR_002739,FIR_0014,P016,P051,2026-02-10 06:06:00,424,TOWER_018,voice
CDR_002740,FIR_0030,P001,P029,2026-08-17 11:22:00,887,TOWER_005,voice
CDR_002741,FIR_0010,P012,P033,2026-03-08 18:34:00,27,TOWER_007,sms
CDR_002742,FIR_0015,P043,P025,2026-01-15 15:59:00,515,TOWER_007,sms
CDR_002743,FIR_0014,P018,P019,2026-01-08 05:55:00,759,TOWER_011,voice
CDR_002744,FIR_0025,P001,P008,2026-08-05 02:11:00,552,TOWER_003,voice
CDR_002745,FIR_0013,P009,P028,2026-07-19 00:01:00,101,TOWER_029,voice
CDR_002746,FIR_0013,P017,P019,2026-04-16 15:16:00,720,TOWER_008,voice
CDR_002747,FIR_0012,P051,P052,2026-07-04 21:10:00,207,TOWER_019,sms
CDR_002748,FIR_0024,P051,P024,2026-08-30 11:11:00,775,TOWER_018,sms
CDR_002749,FIR_0013,P038,P024,2026-06-09 07:42:00,569,TOWER_017,voice
CDR_002750,FIR_0016,P008,P044,2026-04-24 16:14:00,366,TOWER_019,sms
CDR_002751,FIR_0020,P017,P001,2026-01-24 17:11:00,398,TOWER_001,voice
CDR_002752,FIR_0003,P019,P027,2026-04-13 02:55:00,752,TOWER_015,sms
CDR_002753,FIR_0029,P033,P039,2026-08-15 13:52:00,76,TOWER_026,sms
CDR_002754,FIR_0028,P033,P041,2026-07-29 21:37:00,459,TOWER_004,voice
CDR_002755,FIR_0008,P014,P029,2026-04-12 17:52:00,387,TOWER_019,sms
CDR_002756,FIR_0010,P050,P033,2026-04-03 03:44:00,723,TOWER_029,voice
CDR_002757,FIR_0013,P030,P044,2026-08-09 08:44:00,500,TOWER_014,voice
CDR_002758,FIR_0030,P034,P052,2026-04-05 00:38:00,511,TOWER_004,voice
CDR_002759,FIR_0028,P011,P037,2026-02-23 03:18:00,431,TOWER_022,sms
CDR_002760,FIR_0010,P046,P027,2026-02-25 03:58:00,217,TOWER_024,sms
CDR_002761,FIR_0002,P035,P002,2026-02-18 10:16:00,279,TOWER_026,voice
CDR_002762,FIR_0002,P052,P028,2026-02-14 23:23:00,507,TOWER_022,voice
CDR_002763,FIR_0024,P042,P010,2026-01-29 01:56:00,789,TOWER_008,voice
CDR_002764,FIR_0021,P038,P018,2026-05-23 17:15:00,13,TOWER_008,sms
CDR_002765,FIR_0026,P009,P010,2026-08-16 05:31:00,829,TOWER_014,voice
CDR_002766,FIR_0028,P008,P033,2026-08-01 08:05:00,798,TOWER_024,sms
CDR_002767,FIR_0009,P060,P004,2026-08-12 03:26:00,540,TOWER_028,sms
CDR_002768,FIR_0024,P014,P018,2026-04-03 16:52:00,66,TOWER_006,voice
CDR_002769,FIR_0026,P032,P055,2026-01-02 07:33:00,520,TOWER_008,sms
CDR_002770,FIR_0021,P030,P046,2026-04-02 15:55:00,881,TOWER_005,sms
CDR_002771,FIR_0011,P038,P033,2026-05-29 05:05:00,859,TOWER_026,voice
CDR_002772,FIR_0006,P038,P032,2026-01-21 14:17:00,506,TOWER_024,sms
CDR_002773,FIR_0001,P056,P005,2026-05-03 14:04:00,873,TOWER_012,sms
CDR_002774,FIR_0019,P026,P019,2026-03-19 05:08:00,819,TOWER_021,sms
CDR_002775,FIR_0004,P048,P020,2026-04-12 13:22:00,783,TOWER_005,voice
CDR_002776,FIR_0005,P001,P060,2026-02-16 19:12:00,144,TOWER_024,voice
CDR_002777,FIR_0008,P015,P036,2026-02-07 21:20:00,36,TOWER_018,voice
CDR_002778,FIR_0011,P036,P015,2026-01-09 16:46:00,511,TOWER_006,voice
CDR_002779,FIR_0016,P040,P045,2026-05-10 04:50:00,778,TOWER_026,sms
CDR_002780,FIR_0024,P007,P031,2026-07-24 13:50:00,776,TOWER_003,voice
CDR_002781,FIR_0009,P006,P044,2026-03-26 09:23:00,568,TOWER_011,voice
CDR_002782,FIR_0030,P051,P021,2026-05-31 21:53:00,536,TOWER_014,voice
CDR_002783,FIR_0027,P019,P011,2026-07-17 15:45:00,495,TOWER_003,voice
CDR_002784,FIR_0004,P015,P012,2026-08-31 01:02:00,590,TOWER_006,voice
CDR_002785,FIR_0024,P030,P045,2026-03-18 14:27:00,826,TOWER_008,sms
CDR_002786,FIR_0012,P053,P011,2026-08-07 21:12:00,501,TOWER_014,sms
CDR_002787,FIR_0005,P058,P006,2026-01-25 06:08:00,441,TOWER_024,sms
CDR_002788,FIR_0021,P058,P045,2026-01-25 21:36:00,696,TOWER_007,sms
CDR_002789,FIR_0019,P016,P004,2026-08-15 09:08:00,93,TOWER_016,voice
CDR_002790,FIR_0010,P010,P016,2026-07-24 02:31:00,324,TOWER_022,voice
CDR_002791,FIR_0002,P056,P005,2026-07-31 16:49:00,290,TOWER_010,sms
CDR_002792,FIR_0017,P040,P057,2026-08-21 13:27:00,816,TOWER_012,voice
CDR_002793,FIR_0017,P008,P012,2026-05-12 16:25:00,166,TOWER_027,voice
CDR_002794,FIR_0020,P016,P007,2026-05-13 19:34:00,621,TOWER_015,sms
CDR_002795,FIR_0014,P038,P034,2026-02-21 16:22:00,177,TOWER_003,sms
CDR_002796,FIR_0013,P025,P019,2026-08-03 02:43:00,721,TOWER_009,voice
CDR_002797,FIR_0025,P019,P021,2026-05-23 07:39:00,761,TOWER_028,voice
CDR_002798,FIR_0015,P054,P002,2026-08-17 05:00:00,331,TOWER_022,voice
CDR_002799,FIR_0024,P024,P048,2026-05-25 11:37:00,30,TOWER_023,sms
CDR_002800,FIR_0011,P005,P004,2026-08-24 15:09:00,142,TOWER_006,sms
CDR_002801,FIR_0024,P017,P051,2026-05-21 15:19:00,233,TOWER_006,voice
CDR_002802,FIR_0028,P015,P006,2026-06-28 22:36:00,428,TOWER_018,sms
CDR_002803,FIR_0018,P047,P020,2026-08-12 10:56:00,803,TOWER_004,sms
CDR_002804,FIR_0005,P030,P016,2026-04-17 15:42:00,652,TOWER_025,voice
CDR_002805,FIR_0007,P024,P033,2026-04-27 20:44:00,175,TOWER_028,voice
CDR_002806,FIR_0013,P026,P056,2026-04-18 08:33:00,451,TOWER_020,voice
CDR_002807,FIR_0020,P027,P036,2026-06-11 12:22:00,543,TOWER_022,sms
CDR_002808,FIR_0024,P040,P050,2026-04-19 06:31:00,396,TOWER_026,voice
CDR_002809,FIR_0001,P056,P033,2026-02-03 05:24:00,443,TOWER_004,sms
CDR_002810,FIR_0014,P029,P010,2026-04-20 12:43:00,322,TOWER_012,voice
CDR_002811,FIR_0008,P018,P010,2026-01-31 08:34:00,558,TOWER_021,sms
CDR_002812,FIR_0011,P060,P048,2026-01-06 21:22:00,465,TOWER_011,voice
CDR_002813,FIR_0003,P045,P046,2026-03-26 19:32:00,785,TOWER_029,voice
CDR_002814,FIR_0014,P042,P055,2026-03-20 04:00:00,85,TOWER_020,sms
CDR_002815,FIR_0023,P006,P046,2026-03-06 10:46:00,57,TOWER_029,voice
CDR_002816,FIR_0002,P058,P012,2026-08-02 22:57:00,722,TOWER_009,sms
CDR_002817,FIR_0019,P036,P048,2026-07-16 13:55:00,231,TOWER_026,sms
CDR_002818,FIR_0020,P015,P003,2026-05-23 15:51:00,261,TOWER_014,voice
CDR_002819,FIR_0022,P037,P018,2026-04-19 06:00:00,340,TOWER_005,voice
CDR_002820,FIR_0012,P047,P010,2026-04-11 23:50:00,280,TOWER_009,voice
CDR_002821,FIR_0007,P031,P035,2026-02-25 15:17:00,45,TOWER_008,voice
CDR_002822,FIR_0016,P037,P013,2026-03-11 09:14:00,204,TOWER_002,sms
CDR_002823,FIR_0009,P007,P012,2026-05-27 01:33:00,480,TOWER_029,sms
CDR_002824,FIR_0027,P023,P049,2026-02-04 15:00:00,817,TOWER_011,sms
CDR_002825,FIR_0003,P046,P049,2026-07-12 16:08:00,479,TOWER_028,voice
CDR_002826,FIR_0008,P046,P001,2026-05-03 03:26:00,78,TOWER_020,sms
CDR_002827,FIR_0021,P036,P027,2026-07-14 15:53:00,781,TOWER_015,sms
CDR_002828,FIR_0003,P011,P028,2026-04-24 01:33:00,196,TOWER_010,sms
CDR_002829,FIR_0019,P050,P039,2026-06-12 10:24:00,670,TOWER_020,voice
CDR_002830,FIR_0027,P052,P056,2026-07-04 20:45:00,881,TOWER_015,sms
CDR_002831,FIR_0023,P009,P052,2026-07-06 16:43:00,194,TOWER_026,voice
CDR_002832,FIR_0014,P032,P053,2026-04-11 15:53:00,178,TOWER_020,voice
CDR_002833,FIR_0022,P041,P030,2026-08-07 00:12:00,322,TOWER_028,sms
CDR_002834,FIR_0005,P035,P028,2026-04-24 00:41:00,207,TOWER_020,sms
CDR_002835,FIR_0021,P028,P046,2026-05-11 13:00:00,299,TOWER_021,voice
CDR_002836,FIR_0013,P015,P007,2026-06-29 03:42:00,366,TOWER_005,sms
CDR_002837,FIR_0017,P006,P045,2026-05-31 04:23:00,318,TOWER_029,sms
CDR_002838,FIR_0025,P056,P033,2026-05-27 18:31:00,153,TOWER_030,sms
CDR_002839,FIR_0019,P059,P013,2026-03-07 06:12:00,837,TOWER_028,sms
CDR_002840,FIR_0020,P035,P015,2026-06-26 21:12:00,29,TOWER_021,voice
CDR_002841,FIR_0023,P005,P021,2026-05-08 21:00:00,62,TOWER_015,voice
CDR_002842,FIR_0018,P029,P022,2026-01-02 02:45:00,91,TOWER_025,voice
CDR_002843,FIR_0004,P059,P035,2026-01-19 00:56:00,244,TOWER_012,voice
CDR_002844,FIR_0017,P047,P043,2026-03-30 13:48:00,826,TOWER_002,voice
CDR_002845,FIR_0008,P029,P058,2026-06-14 11:54:00,98,TOWER_026,sms
CDR_002846,FIR_0015,P027,P004,2026-08-21 09:22:00,733,TOWER_018,sms
CDR_002847,FIR_0016,P042,P001,2026-06-04 17:36:00,572,TOWER_020,voice
CDR_002848,FIR_0016,P045,P038,2026-06-26 09:39:00,447,TOWER_001,sms
CDR_002849,FIR_0012,P059,P019,2026-02-02 06:56:00,324,TOWER_003,sms
CDR_002850,FIR_0006,P056,P019,2026-05-01 00:18:00,424,TOWER_009,voice
CDR_002851,FIR_0023,P004,P041,2026-06-27 22:14:00,379,TOWER_001,voice
CDR_002852,FIR_0027,P031,P002,2026-01-04 22:54:00,382,TOWER_028,sms
CDR_002853,FIR_0007,P044,P018,2026-08-11 19:06:00,335,TOWER_011,sms
CDR_002854,FIR_0004,P060,P031,2026-07-13 09:16:00,661,TOWER_012,sms
CDR_002855,FIR_0022,P056,P011,2026-05-01 13:32:00,301,TOWER_028,voice
CDR_002856,FIR_0002,P033,P051,2026-06-26 07:34:00,895,TOWER_016,voice
CDR_002857,FIR_0009,P011,P046,2026-07-18 14:13:00,49,TOWER_013,sms
CDR_002858,FIR_0003,P044,P017,2026-03-18 00:59:00,385,TOWER_004,voice
CDR_002859,FIR_0019,P002,P023,2026-04-21 18:30:00,859,TOWER_007,sms
CDR_002860,FIR_0028,P025,P048,2026-02-17 03:48:00,25,TOWER_019,sms
CDR_002861,FIR_0010,P050,P012,2026-06-02 23:59:00,848,TOWER_021,sms
CDR_002862,FIR_0011,P058,P019,2026-05-14 21:10:00,566,TOWER_008,sms
CDR_002863,FIR_0013,P029,P056,2026-02-11 01:18:00,497,TOWER_006,sms
CDR_002864,FIR_0028,P022,P007,2026-05-21 02:22:00,617,TOWER_021,sms
CDR_002865,FIR_0014,P004,P058,2026-05-23 17:14:00,578,TOWER_003,sms
CDR_002866,FIR_0004,P060,P039,2026-07-29 22:54:00,103,TOWER_006,sms
CDR_002867,FIR_0026,P012,P013,2026-08-14 19:06:00,278,TOWER_025,voice
CDR_002868,FIR_0003,P033,P007,2026-01-16 15:23:00,829,TOWER_023,sms
CDR_002869,FIR_0001,P048,P033,2026-06-16 21:10:00,291,TOWER_004,voice
CDR_002870,FIR_0002,P021,P005,2026-01-09 23:41:00,398,TOWER_004,sms
CDR_002871,FIR_0024,P028,P021,2026-01-23 12:57:00,389,TOWER_030,voice
CDR_002872,FIR_0019,P032,P031,2026-08-07 10:56:00,642,TOWER_028,voice
CDR_002873,FIR_0006,P006,P028,2026-04-15 04:40:00,540,TOWER_025,sms
CDR_002874,FIR_0012,P046,P040,2026-02-14 01:45:00,854,TOWER_001,sms
CDR_002875,FIR_0028,P007,P001,2026-06-26 05:45:00,353,TOWER_023,voice
CDR_002876,FIR_0022,P019,P009,2026-08-14 20:58:00,613,TOWER_029,voice
CDR_002877,FIR_0001,P049,P040,2026-08-27 10:11:00,895,TOWER_021,sms
CDR_002878,FIR_0012,P022,P003,2026-03-24 02:45:00,390,TOWER_017,sms
CDR_002879,FIR_0021,P058,P026,2026-07-11 11:20:00,408,TOWER_019,voice
CDR_002880,FIR_0013,P006,P039,2026-02-26 02:11:00,126,TOWER_019,voice
CDR_002881,FIR_0019,P018,P029,2026-02-11 07:55:00,490,TOWER_005,voice
CDR_002882,FIR_0019,P039,P021,2026-05-26 01:01:00,497,TOWER_009,sms
CDR_002883,FIR_0026,P032,P008,2026-07-17 16:43:00,409,TOWER_006,voice
CDR_002884,FIR_0021,P044,P060,2026-07-05 21:56:00,889,TOWER_003,voice
CDR_002885,FIR_0025,P045,P014,2026-06-11 14:14:00,129,TOWER_023,sms
CDR_002886,FIR_0003,P038,P044,2026-08-02 03:46:00,822,TOWER_013,sms
CDR_002887,FIR_0009,P031,P015,2026-01-14 04:18:00,836,TOWER_001,sms
CDR_002888,FIR_0007,P035,P056,2026-08-28 02:33:00,174,TOWER_013,sms
CDR_002889,FIR_0021,P037,P040,2026-03-20 00:40:00,738,TOWER_018,sms
CDR_002890,FIR_0020,P046,P010,2026-05-06 18:30:00,758,TOWER_013,voice
CDR_002891,FIR_0029,P025,P058,2026-02-11 10:29:00,14,TOWER_014,voice
CDR_002892,FIR_0007,P031,P056,2026-07-14 01:06:00,832,TOWER_019,voice
CDR_002893,FIR_0024,P001,P045,2026-02-10 08:41:00,245,TOWER_014,voice
CDR_002894,FIR_0021,P016,P038,2026-05-09 18:42:00,393,TOWER_020,sms
CDR_002895,FIR_0003,P016,P029,2026-03-17 21:38:00,185,TOWER_002,sms
CDR_002896,FIR_0012,P033,P056,2026-06-30 18:06:00,40,TOWER_006,voice
CDR_002897,FIR_0022,P038,P022,2026-08-13 07:43:00,68,TOWER_019,sms
CDR_002898,FIR_0022,P047,P026,2026-05-10 21:00:00,863,TOWER_009,voice
CDR_002899,FIR_0016,P032,P007,2026-05-01 12:43:00,73,TOWER_021,voice
CDR_002900,FIR_0003,P053,P016,2026-07-11 20:41:00,219,TOWER_011,voice
CDR_002901,FIR_0030,P047,P025,2026-05-08 13:18:00,842,TOWER_020,voice
CDR_002902,FIR_0021,P060,P032,2026-07-19 03:59:00,346,TOWER_010,voice
CDR_002903,FIR_0014,P059,P058,2026-07-18 00:39:00,852,TOWER_006,sms
CDR_002904,FIR_0011,P012,P026,2026-07-16 11:19:00,673,TOWER_022,voice
CDR_002905,FIR_0027,P011,P048,2026-01-09 08:24:00,73,TOWER_010,sms
CDR_002906,FIR_0024,P030,P012,2026-01-04 13:47:00,92,TOWER_026,sms
CDR_002907,FIR_0005,P002,P060,2026-04-12 03:41:00,371,TOWER_024,voice
CDR_002908,FIR_0024,P054,P051,2026-05-13 05:34:00,366,TOWER_012,voice
CDR_002909,FIR_0028,P017,P011,2026-03-29 14:20:00,885,TOWER_023,sms
CDR_002910,FIR_0013,P014,P060,2026-02-19 05:39:00,396,TOWER_029,sms
CDR_002911,FIR_0021,P052,P047,2026-05-13 08:12:00,149,TOWER_004,voice
CDR_002912,FIR_0025,P015,P057,2026-04-11 22:12:00,75,TOWER_003,sms
CDR_002913,FIR_0008,P022,P038,2026-03-14 11:13:00,681,TOWER_015,sms
CDR_002914,FIR_0009,P058,P010,2026-04-27 04:06:00,737,TOWER_023,sms
CDR_002915,FIR_0026,P023,P046,2026-08-30 14:58:00,281,TOWER_017,sms
CDR_002916,FIR_0013,P054,P020,2026-01-27 15:09:00,878,TOWER_007,voice
CDR_002917,FIR_0016,P023,P021,2026-03-23 16:39:00,399,TOWER_012,voice
CDR_002918,FIR_0001,P008,P002,2026-06-22 01:39:00,661,TOWER_028,sms
CDR_002919,FIR_0022,P038,P041,2026-06-04 06:40:00,650,TOWER_009,sms
CDR_002920,FIR_0024,P059,P009,2026-03-21 16:23:00,190,TOWER_010,sms
CDR_002921,FIR_0005,P026,P033,2026-06-23 01:35:00,538,TOWER_015,sms
CDR_002922,FIR_0018,P046,P039,2026-08-15 05:15:00,66,TOWER_027,sms
CDR_002923,FIR_0016,P044,P027,2026-03-12 05:23:00,607,TOWER_019,sms
CDR_002924,FIR_0029,P003,P002,2026-06-01 23:04:00,472,TOWER_019,sms
CDR_002925,FIR_0024,P001,P040,2026-02-20 03:32:00,739,TOWER_029,sms
CDR_002926,FIR_0019,P019,P031,2026-03-28 08:54:00,568,TOWER_017,sms
CDR_002927,FIR_0005,P046,P043,2026-04-24 17:51:00,787,TOWER_027,voice
CDR_002928,FIR_0026,P007,P015,2026-08-08 04:33:00,93,TOWER_027,sms
CDR_002929,FIR_0015,P008,P031,2026-01-16 09:30:00,356,TOWER_017,sms
CDR_002930,FIR_0013,P027,P049,2026-07-03 01:19:00,161,TOWER_003,sms
CDR_002931,FIR_0028,P030,P017,2026-02-12 20:51:00,214,TOWER_022,voice
CDR_002932,FIR_0024,P052,P022,2026-05-14 02:59:00,189,TOWER_027,sms
CDR_002933,FIR_0026,P021,P008,2026-04-28 02:22:00,598,TOWER_018,sms
CDR_002934,FIR_0015,P012,P017,2026-04-26 18:44:00,560,TOWER_020,voice
CDR_002935,FIR_0002,P017,P013,2026-02-21 10:05:00,286,TOWER_008,sms
CDR_002936,FIR_0024,P053,P040,2026-04-27 03:16:00,695,TOWER_029,sms
CDR_002937,FIR_0025,P054,P005,2026-08-06 16:40:00,842,TOWER_011,sms
CDR_002938,FIR_0001,P051,P006,2026-02-21 00:56:00,575,TOWER_023,sms
CDR_002939,FIR_0009,P027,P042,2026-05-11 05:35:00,117,TOWER_019,voice
CDR_002940,FIR_0003,P021,P034,2026-03-28 07:53:00,157,TOWER_030,sms
CDR_002941,FIR_0026,P046,P026,2026-02-19 08:19:00,718,TOWER_006,sms
CDR_002942,FIR_0021,P041,P016,2026-05-06 03:52:00,175,TOWER_017,voice
CDR_002943,FIR_0013,P045,P055,2026-08-03 06:00:00,511,TOWER_007,voice
CDR_002944,FIR_0024,P007,P051,2026-08-31 00:33:00,676,TOWER_018,sms
CDR_002945,FIR_0022,P008,P043,2026-03-09 21:54:00,488,TOWER_030,sms
CDR_002946,FIR_0020,P022,P058,2026-03-01 14:04:00,884,TOWER_027,voice
CDR_002947,FIR_0011,P006,P043,2026-04-11 04:16:00,594,TOWER_027,sms
CDR_002948,FIR_0029,P007,P048,2026-04-16 18:36:00,74,TOWER_003,sms
CDR_002949,FIR_0002,P001,P043,2026-03-24 20:11:00,41,TOWER_011,voice
CDR_002950,FIR_0004,P039,P042,2026-06-09 01:24:00,226,TOWER_028,voice
CDR_002951,FIR_0001,P010,P008,2026-06-25 13:27:00,281,TOWER_004,sms
CDR_002952,FIR_0018,P056,P054,2026-02-18 23:05:00,370,TOWER_029,voice
CDR_002953,FIR_0023,P007,P026,2026-03-10 21:51:00,136,TOWER_011,voice
CDR_002954,FIR_0006,P020,P039,2026-06-13 02:29:00,441,TOWER_016,sms
CDR_002955,FIR_0023,P024,P012,2026-07-01 07:10:00,803,TOWER_007,sms
CDR_002956,FIR_0030,P029,P038,2026-05-06 10:14:00,212,TOWER_026,voice
CDR_002957,FIR_0027,P059,P051,2026-04-04 08:44:00,209,TOWER_024,voice
CDR_002958,FIR_0010,P002,P031,2026-06-24 14:35:00,94,TOWER_007,sms
CDR_002959,FIR_0024,P046,P026,2026-06-09 16:59:00,629,TOWER_016,voice
CDR_002960,FIR_0013,P055,P059,2026-06-26 07:59:00,223,TOWER_026,voice
CDR_002961,FIR_0017,P033,P053,2026-02-12 10:12:00,627,TOWER_008,voice
CDR_002962,FIR_0011,P032,P056,2026-04-17 10:30:00,246,TOWER_012,voice
CDR_002963,FIR_0023,P020,P059,2026-04-11 17:34:00,285,TOWER_006,voice
CDR_002964,FIR_0025,P031,P027,2026-06-04 08:08:00,295,TOWER_004,sms
CDR_002965,FIR_0023,P001,P060,2026-05-21 18:02:00,761,TOWER_009,voice
CDR_002966,FIR_0024,P050,P001,2026-08-30 01:17:00,490,TOWER_014,voice
CDR_002967,FIR_0020,P053,P023,2026-05-19 08:49:00,328,TOWER_002,voice
CDR_002968,FIR_0017,P055,P037,2026-07-31 22:08:00,126,TOWER_023,sms
CDR_002969,FIR_0026,P032,P044,2026-03-18 10:14:00,782,TOWER_024,voice
CDR_002970,FIR_0003,P047,P035,2026-07-14 01:08:00,683,TOWER_029,voice
CDR_002971,FIR_0024,P009,P023,2026-08-11 01:59:00,560,TOWER_007,sms
CDR_002972,FIR_0018,P007,P060,2026-02-06 13:47:00,178,TOWER_011,voice
CDR_002973,FIR_0006,P001,P019,2026-07-07 04:39:00,815,TOWER_016,voice
CDR_002974,FIR_0020,P014,P055,2026-05-31 20:21:00,141,TOWER_016,voice
CDR_002975,FIR_0018,P034,P057,2026-05-17 01:04:00,796,TOWER_025,sms
CDR_002976,FIR_0013,P042,P010,2026-03-27 00:15:00,74,TOWER_005,sms
CDR_002977,FIR_0005,P055,P018,2026-03-26 06:53:00,252,TOWER_012,voice
CDR_002978,FIR_0022,P047,P052,2026-03-14 02:27:00,227,TOWER_013,voice
CDR_002979,FIR_0018,P048,P039,2026-07-25 05:04:00,713,TOWER_030,sms
CDR_002980,FIR_0024,P008,P055,2026-08-03 15:57:00,732,TOWER_006,sms
CDR_002981,FIR_0030,P028,P020,2026-08-04 18:11:00,382,TOWER_029,voice
CDR_002982,FIR_0024,P032,P050,2026-07-17 12:06:00,471,TOWER_011,voice
CDR_002983,FIR_0017,P056,P043,2026-04-16 18:27:00,594,TOWER_030,voice
CDR_002984,FIR_0029,P020,P042,2026-06-28 14:37:00,737,TOWER_011,sms
CDR_002985,FIR_0026,P056,P031,2026-05-28 09:16:00,756,TOWER_030,voice
CDR_002986,FIR_0025,P025,P051,2026-04-22 17:16:00,750,TOWER_018,voice
CDR_002987,FIR_0016,P047,P012,2026-03-19 17:03:00,180,TOWER_007,sms
CDR_002988,FIR_0020,P055,P013,2026-02-14 05:47:00,838,TOWER_016,voice
CDR_002989,FIR_0028,P008,P026,2026-05-22 19:41:00,861,TOWER_026,sms
CDR_002990,FIR_0018,P036,P020,2026-04-28 00:48:00,206,TOWER_029,sms
CDR_002991,FIR_0011,P016,P001,2026-06-30 11:09:00,220,TOWER_009,sms
CDR_002992,FIR_0001,P009,P041,2026-01-30 07:03:00,757,TOWER_016,voice
CDR_002993,FIR_0011,P037,P043,2026-06-18 03:08:00,563,TOWER_007,sms
CDR_002994,FIR_0010,P037,P023,2026-01-02 03:55:00,107,TOWER_005,voice
CDR_002995,FIR_0008,P017,P012,2026-01-13 01:06:00,311,TOWER_001,sms
CDR_002996,FIR_0003,P028,P001,2026-05-31 01:03:00,572,TOWER_019,voice
CDR_002997,FIR_0005,P012,P018,2026-05-30 19:51:00,82,TOWER_019,voice
CDR_002998,FIR_0008,P052,P009,2026-04-19 21:04:00,786,TOWER_017,sms
CDR_002999,FIR_0007,P058,P042,2026-02-08 01:14:00,219,TOWER_001,voice
CDR_003000,FIR_0013,P051,P013,2026-05-02 08:35:00,334,TOWER_006,voice
CDR_003001,FIR_0025,P013,P003,2026-07-13 17:27:00,17,TOWER_002,voice
CDR_003002,FIR_0022,P015,P005,2026-05-15 09:54:00,203,TOWER_015,voice
CDR_003003,FIR_0022,P004,P006,2026-02-28 00:56:00,446,TOWER_005,voice
CDR_003004,FIR_0026,P020,P060,2026-02-20 21:22:00,67,TOWER_014,voice
CDR_003005,FIR_0015,P003,P011,2026-04-03 03:00:00,477,TOWER_029,sms
CDR_003006,FIR_0022,P034,P044,2026-02-18 13:46:00,745,TOWER_022,sms
CDR_003007,FIR_0019,P037,P030,2026-04-02 16:12:00,708,TOWER_015,voice
CDR_003008,FIR_0005,P002,P042,2026-08-19 07:16:00,707,TOWER_023,voice
CDR_003009,FIR_0001,P052,P041,2026-03-13 13:19:00,887,TOWER_017,sms
CDR_003010,FIR_0027,P055,P033,2026-01-17 09:04:00,670,TOWER_003,sms
CDR_003011,FIR_0012,P050,P041,2026-01-17 09:27:00,274,TOWER_018,voice
CDR_003012,FIR_0002,P012,P025,2026-08-01 20:54:00,95,TOWER_028,voice
CDR_003013,FIR_0024,P036,P029,2026-06-04 18:02:00,801,TOWER_012,voice
CDR_003014,FIR_0006,P059,P024,2026-05-07 08:55:00,204,TOWER_005,voice
CDR_003015,FIR_0002,P012,P006,2026-01-22 04:54:00,180,TOWER_008,sms
CDR_003016,FIR_0020,P049,P036,2026-01-15 07:01:00,332,TOWER_003,sms
CDR_003017,FIR_0001,P040,P007,2026-08-21 09:19:00,828,TOWER_006,voice
CDR_003018,FIR_0029,P051,P019,2026-05-13 21:09:00,814,TOWER_013,sms
CDR_003019,FIR_0013,P058,P032,2026-02-05 20:08:00,791,TOWER_030,sms
CDR_003020,FIR_0029,P046,P005,2026-01-01 20:25:00,15,TOWER_015,voice
CDR_003021,FIR_0004,P019,P056,2026-03-19 17:48:00,607,TOWER_028,voice
CDR_003022,FIR_0008,P016,P042,2026-07-08 02:32:00,372,TOWER_024,voice
CDR_003023,FIR_0012,P029,P026,2026-04-18 04:51:00,526,TOWER_030,sms
CDR_003024,FIR_0002,P033,P011,2026-04-26 09:50:00,129,TOWER_007,voice
CDR_003025,FIR_0002,P040,P051,2026-06-12 11:54:00,799,TOWER_011,voice
CDR_003026,FIR_0015,P017,P034,2026-06-25 16:29:00,297,TOWER_007,sms
CDR_003027,FIR_0021,P008,P035,2026-04-06 13:21:00,168,TOWER_018,sms
CDR_003028,FIR_0006,P035,P019,2026-06-23 15:38:00,697,TOWER_016,voice
CDR_003029,FIR_0025,P058,P038,2026-02-28 11:25:00,831,TOWER_002,voice
CDR_003030,FIR_0013,P050,P038,2026-02-06 08:32:00,880,TOWER_009,voice
CDR_003031,FIR_0016,P013,P003,2026-05-13 04:49:00,464,TOWER_029,voice
CDR_003032,FIR_0030,P031,P030,2026-04-10 08:25:00,520,TOWER_010,sms
CDR_003033,FIR_0030,P053,P020,2026-01-13 20:17:00,661,TOWER_009,voice
CDR_003034,FIR_0022,P046,P002,2026-03-23 10:45:00,832,TOWER_030,voice
CDR_003035,FIR_0014,P044,P024,2026-06-25 20:57:00,748,TOWER_001,voice
CDR_003036,FIR_0002,P058,P016,2026-04-27 15:07:00,501,TOWER_010,voice
CDR_003037,FIR_0006,P009,P038,2026-03-18 13:11:00,752,TOWER_029,voice
CDR_003038,FIR_0006,P046,P055,2026-06-15 12:03:00,531,TOWER_009,voice
CDR_003039,FIR_0017,P035,P044,2026-05-03 11:02:00,385,TOWER_020,sms
CDR_003040,FIR_0022,P040,P020,2026-06-28 10:35:00,639,TOWER_011,voice
CDR_003041,FIR_0013,P011,P023,2026-02-21 13:58:00,682,TOWER_019,voice
CDR_003042,FIR_0014,P029,P027,2026-03-02 02:10:00,31,TOWER_016,sms
CDR_003043,FIR_0030,P032,P037,2026-01-06 20:43:00,677,TOWER_004,voice
CDR_003044,FIR_0016,P012,P002,2026-04-15 16:20:00,16,TOWER_008,sms
CDR_003045,FIR_0016,P013,P050,2026-06-11 09:41:00,32,TOWER_028,voice
CDR_003046,FIR_0002,P027,P016,2026-07-16 22:35:00,252,TOWER_017,sms
CDR_003047,FIR_0016,P010,P022,2026-04-27 08:34:00,607,TOWER_021,sms
CDR_003048,FIR_0026,P007,P048,2026-02-20 05:06:00,413,TOWER_003,voice
CDR_003049,FIR_0012,P045,P048,2026-05-01 18:27:00,748,TOWER_027,voice
CDR_003050,FIR_0006,P003,P034,2026-02-07 10:07:00,490,TOWER_027,voice
CDR_003051,FIR_0024,P048,P003,2026-04-29 21:26:00,120,TOWER_021,sms
CDR_003052,FIR_0016,P057,P045,2026-08-20 17:32:00,263,TOWER_018,sms
CDR_003053,FIR_0014,P036,P020,2026-02-20 04:46:00,48,TOWER_001,sms
CDR_003054,FIR_0003,P004,P016,2026-08-18 03:22:00,41,TOWER_014,sms
CDR_003055,FIR_0015,P011,P015,2026-06-21 10:54:00,204,TOWER_021,sms
CDR_003056,FIR_0029,P011,P026,2026-03-03 18:24:00,620,TOWER_026,sms
CDR_003057,FIR_0027,P042,P043,2026-06-24 15:39:00,894,TOWER_004,voice
CDR_003058,FIR_0011,P051,P042,2026-03-18 11:37:00,885,TOWER_010,sms
CDR_003059,FIR_0025,P004,P009,2026-02-25 14:06:00,250,TOWER_012,sms
CDR_003060,FIR_0010,P012,P031,2026-08-05 05:59:00,247,TOWER_002,sms
CDR_003061,FIR_0025,P008,P009,2026-08-25 04:17:00,787,TOWER_028,voice
CDR_003062,FIR_0012,P016,P009,2026-04-14 03:36:00,175,TOWER_006,voice
CDR_003063,FIR_0025,P043,P058,2026-03-23 12:26:00,37,TOWER_007,sms
CDR_003064,FIR_0012,P025,P031,2026-05-04 12:24:00,98,TOWER_020,voice
CDR_003065,FIR_0001,P027,P048,2026-05-10 19:00:00,231,TOWER_002,voice
CDR_003066,FIR_0020,P033,P026,2026-08-19 00:55:00,23,TOWER_025,sms
CDR_003067,FIR_0027,P003,P036,2026-03-06 15:35:00,437,TOWER_029,sms
CDR_003068,FIR_0017,P042,P035,2026-03-21 01:48:00,449,TOWER_024,voice
CDR_003069,FIR_0007,P025,P019,2026-07-08 20:49:00,33,TOWER_004,sms
CDR_003070,FIR_0010,P033,P053,2026-04-30 20:50:00,171,TOWER_010,sms
CDR_003071,FIR_0027,P025,P037,2026-05-20 19:51:00,345,TOWER_011,sms
CDR_003072,FIR_0021,P007,P003,2026-02-04 14:07:00,639,TOWER_023,voice
CDR_003073,FIR_0019,P018,P031,2026-06-11 00:27:00,231,TOWER_026,voice
CDR_003074,FIR_0009,P019,P032,2026-06-05 12:47:00,681,TOWER_012,voice
CDR_003075,FIR_0001,P011,P044,2026-07-16 21:58:00,646,TOWER_013,voice
CDR_003076,FIR_0029,P019,P028,2026-08-21 20:31:00,715,TOWER_025,sms
CDR_003077,FIR_0008,P022,P031,2026-07-05 21:55:00,651,TOWER_029,voice
CDR_003078,FIR_0004,P047,P001,2026-02-06 09:56:00,413,TOWER_012,voice
CDR_003079,FIR_0022,P040,P016,2026-01-07 10:19:00,574,TOWER_023,voice
CDR_003080,FIR_0008,P025,P031,2026-01-17 20:51:00,381,TOWER_020,voice
CDR_003081,FIR_0018,P025,P058,2026-01-02 15:45:00,52,TOWER_004,voice
CDR_003082,FIR_0003,P029,P014,2026-05-18 23:44:00,99,TOWER_028,sms
CDR_003083,FIR_0015,P013,P044,2026-04-29 07:59:00,475,TOWER_020,sms
CDR_003084,FIR_0018,P011,P045,2026-03-03 19:07:00,319,TOWER_003,voice
CDR_003085,FIR_0020,P035,P030,2026-08-12 23:46:00,320,TOWER_019,sms
CDR_003086,FIR_0029,P008,P003,2026-05-24 05:50:00,857,TOWER_015,sms
CDR_003087,FIR_0027,P022,P012,2026-08-13 13:18:00,868,TOWER_025,sms
CDR_003088,FIR_0016,P047,P012,2026-07-10 08:57:00,753,TOWER_007,sms
CDR_003089,FIR_0028,P022,P037,2026-08-23 17:40:00,472,TOWER_015,sms
CDR_003090,FIR_0028,P022,P021,2026-04-16 12:49:00,100,TOWER_001,sms
CDR_003091,FIR_0017,P010,P047,2026-06-16 03:55:00,789,TOWER_004,sms
CDR_003092,FIR_0001,P009,P013,2026-04-18 05:40:00,243,TOWER_002,voice
CDR_003093,FIR_0022,P023,P044,2026-08-15 19:29:00,477,TOWER_005,voice
CDR_003094,FIR_0003,P045,P042,2026-01-20 18:21:00,432,TOWER_009,voice
CDR_003095,FIR_0018,P023,P059,2026-03-02 16:01:00,79,TOWER_023,voice
CDR_003096,FIR_0004,P033,P052,2026-05-17 00:20:00,763,TOWER_023,voice
CDR_003097,FIR_0030,P053,P046,2026-08-09 18:20:00,209,TOWER_030,sms
CDR_003098,FIR_0026,P036,P032,2026-01-20 18:10:00,872,TOWER_024,sms
CDR_003099,FIR_0001,P036,P002,2026-07-04 02:38:00,72,TOWER_018,sms
CDR_003100,FIR_0014,P049,P056,2026-07-16 02:34:00,29,TOWER_004,sms
CDR_003101,FIR_0004,P026,P001,2026-07-20 15:58:00,881,TOWER_012,sms
CDR_003102,FIR_0002,P008,P058,2026-02-03 02:01:00,816,TOWER_021,voice
CDR_003103,FIR_0008,P022,P037,2026-07-31 09:39:00,589,TOWER_015,voice
CDR_003104,FIR_0008,P036,P028,2026-02-09 17:24:00,575,TOWER_020,sms
CDR_003105,FIR_0011,P015,P059,2026-01-15 11:35:00,401,TOWER_013,voice
CDR_003106,FIR_0004,P021,P035,2026-04-17 22:02:00,445,TOWER_020,sms
CDR_003107,FIR_0024,P014,P051,2026-04-28 07:51:00,560,TOWER_015,sms
CDR_003108,FIR_0019,P028,P035,2026-01-29 23:20:00,268,TOWER_013,sms
CDR_003109,FIR_0006,P039,P052,2026-03-04 03:35:00,528,TOWER_008,voice
CDR_003110,FIR_0006,P039,P032,2026-08-04 09:12:00,295,TOWER_001,sms
CDR_003111,FIR_0015,P019,P027,2026-08-07 20:54:00,361,TOWER_009,voice
CDR_003112,FIR_0010,P048,P024,2026-07-26 09:30:00,732,TOWER_010,sms
CDR_003113,FIR_0003,P048,P015,2026-01-09 20:32:00,374,TOWER_008,voice
CDR_003114,FIR_0008,P007,P017,2026-04-10 08:41:00,436,TOWER_017,sms
CDR_003115,FIR_0014,P043,P024,2026-08-13 00:57:00,142,TOWER_009,voice
CDR_003116,FIR_0028,P058,P037,2026-04-08 08:06:00,254,TOWER_019,voice
CDR_003117,FIR_0011,P016,P027,2026-03-23 18:21:00,756,TOWER_022,voice
CDR_003118,FIR_0006,P032,P058,2026-06-10 00:36:00,854,TOWER_011,sms
CDR_003119,FIR_0013,P052,P059,2026-04-28 15:34:00,682,TOWER_013,voice
CDR_003120,FIR_0012,P017,P049,2026-04-21 16:52:00,374,TOWER_012,sms
CDR_003121,FIR_0020,P034,P058,2026-08-30 06:55:00,154,TOWER_002,sms
CDR_003122,FIR_0001,P019,P047,2026-08-24 04:02:00,701,TOWER_021,sms
CDR_003123,FIR_0012,P023,P017,2026-01-12 23:09:00,634,TOWER_004,voice
CDR_003124,FIR_0010,P037,P041,2026-07-27 12:18:00,759,TOWER_015,sms
CDR_003125,FIR_0026,P035,P057,2026-02-25 14:25:00,750,TOWER_028,sms
CDR_003126,FIR_0003,P001,P049,2026-05-16 18:49:00,34,TOWER_018,sms
CDR_003127,FIR_0013,P028,P010,2026-02-23 22:17:00,788,TOWER_001,voice
CDR_003128,FIR_0024,P043,P053,2026-05-26 20:39:00,180,TOWER_027,sms
CDR_003129,FIR_0007,P033,P006,2026-03-03 05:47:00,182,TOWER_017,voice
CDR_003130,FIR_0026,P028,P025,2026-08-23 13:57:00,351,TOWER_022,sms
CDR_003131,FIR_0014,P018,P021,2026-08-11 18:19:00,86,TOWER_018,voice
CDR_003132,FIR_0027,P044,P020,2026-03-16 00:03:00,697,TOWER_007,sms
CDR_003133,FIR_0004,P032,P056,2026-05-10 04:11:00,76,TOWER_007,voice
CDR_003134,FIR_0010,P034,P006,2026-04-19 15:57:00,685,TOWER_014,sms
CDR_003135,FIR_0018,P014,P049,2026-03-06 08:06:00,280,TOWER_016,sms
CDR_003136,FIR_0003,P052,P018,2026-06-03 20:08:00,736,TOWER_026,voice
CDR_003137,FIR_0009,P037,P014,2026-02-12 21:25:00,71,TOWER_001,sms
CDR_003138,FIR_0008,P008,P001,2026-04-15 01:22:00,638,TOWER_015,sms
CDR_003139,FIR_0025,P003,P060,2026-06-23 00:58:00,339,TOWER_005,sms
CDR_003140,FIR_0028,P004,P015,2026-04-24 13:37:00,15,TOWER_003,sms
CDR_003141,FIR_0028,P042,P060,2026-02-25 08:42:00,225,TOWER_029,sms
CDR_003142,FIR_0001,P042,P022,2026-02-12 13:18:00,484,TOWER_014,voice
CDR_003143,FIR_0029,P011,P030,2026-04-09 20:11:00,240,TOWER_017,sms
CDR_003144,FIR_0022,P014,P008,2026-08-07 03:49:00,303,TOWER_009,voice
CDR_003145,FIR_0015,P027,P052,2026-02-13 18:11:00,115,TOWER_023,voice
CDR_003146,FIR_0022,P003,P047,2026-03-13 06:50:00,622,TOWER_011,voice
CDR_003147,FIR_0024,P025,P046,2026-02-08 00:46:00,292,TOWER_004,voice
CDR_003148,FIR_0025,P020,P004,2026-05-04 13:21:00,900,TOWER_004,voice
CDR_003149,FIR_0002,P004,P010,2026-07-26 05:05:00,181,TOWER_030,sms
CDR_003150,FIR_0009,P059,P039,2026-03-28 08:39:00,528,TOWER_010,sms
CDR_003151,FIR_0004,P032,P060,2026-01-09 10:32:00,666,TOWER_003,sms
CDR_003152,FIR_0003,P035,P008,2026-06-11 12:50:00,834,TOWER_028,voice
CDR_003153,FIR_0021,P032,P048,2026-05-21 10:07:00,514,TOWER_007,sms
CDR_003154,FIR_0011,P024,P052,2026-08-22 01:08:00,539,TOWER_015,sms
CDR_003155,FIR_0002,P024,P020,2026-08-16 23:52:00,636,TOWER_008,sms
CDR_003156,FIR_0007,P045,P048,2026-01-06 22:02:00,891,TOWER_001,sms
CDR_003157,FIR_0022,P005,P020,2026-03-12 16:08:00,135,TOWER_022,sms
CDR_003158,FIR_0009,P034,P046,2026-03-28 04:05:00,801,TOWER_002,sms
CDR_003159,FIR_0004,P010,P009,2026-07-06 08:48:00,92,TOWER_024,sms
CDR_003160,FIR_0004,P024,P056,2026-07-19 10:52:00,160,TOWER_021,sms
CDR_003161,FIR_0022,P038,P030,2026-08-16 01:35:00,890,TOWER_017,sms
CDR_003162,FIR_0007,P020,P005,2026-08-09 20:02:00,10,TOWER_012,voice
CDR_003163,FIR_0026,P050,P032,2026-07-23 20:20:00,787,TOWER_013,sms
CDR_003164,FIR_0004,P005,P024,2026-08-16 11:17:00,698,TOWER_024,sms
CDR_003165,FIR_0021,P044,P049,2026-06-27 07:34:00,579,TOWER_023,voice
CDR_003166,FIR_0002,P033,P034,2026-05-28 04:17:00,454,TOWER_014,sms
CDR_003167,FIR_0012,P014,P036,2026-01-05 17:45:00,818,TOWER_018,voice
CDR_003168,FIR_0003,P012,P038,2026-04-10 18:32:00,241,TOWER_029,sms
CDR_003169,FIR_0010,P002,P035,2026-03-12 23:48:00,759,TOWER_028,voice
CDR_003170,FIR_0010,P020,P049,2026-01-05 10:21:00,497,TOWER_026,sms
CDR_003171,FIR_0003,P040,P055,2026-04-26 10:12:00,40,TOWER_030,voice
CDR_003172,FIR_0019,P046,P001,2026-07-18 22:53:00,571,TOWER_019,voice
CDR_003173,FIR_0028,P050,P042,2026-05-23 19:09:00,285,TOWER_026,sms
CDR_003174,FIR_0003,P035,P034,2026-01-02 16:57:00,15,TOWER_006,sms
CDR_003175,FIR_0002,P037,P005,2026-07-12 05:03:00,488,TOWER_021,sms
CDR_003176,FIR_0016,P014,P045,2026-01-13 20:52:00,768,TOWER_021,sms
CDR_003177,FIR_0014,P044,P026,2026-08-02 23:20:00,473,TOWER_028,voice
CDR_003178,FIR_0011,P039,P029,2026-03-28 11:59:00,452,TOWER_013,voice
CDR_003179,FIR_0009,P006,P057,2026-05-23 02:45:00,892,TOWER_006,sms
CDR_003180,FIR_0014,P047,P018,2026-05-03 05:17:00,100,TOWER_018,voice
CDR_003181,FIR_0003,P037,P040,2026-06-18 14:35:00,243,TOWER_022,sms
CDR_003182,FIR_0025,P028,P037,2026-01-22 22:42:00,685,TOWER_026,sms
CDR_003183,FIR_0019,P042,P033,2026-03-25 07:55:00,38,TOWER_011,sms
CDR_003184,FIR_0005,P058,P022,2026-02-15 07:10:00,498,TOWER_018,sms
CDR_003185,FIR_0001,P014,P044,2026-05-31 17:28:00,492,TOWER_011,sms
CDR_003186,FIR_0005,P007,P010,2026-06-07 06:59:00,762,TOWER_013,sms
CDR_003187,FIR_0017,P024,P040,2026-01-26 10:03:00,143,TOWER_017,sms
CDR_003188,FIR_0030,P030,P036,2026-07-01 09:02:00,74,TOWER_015,voice
CDR_003189,FIR_0010,P012,P027,2026-07-20 10:36:00,194,TOWER_010,voice
CDR_003190,FIR_0025,P042,P036,2026-03-10 16:57:00,590,TOWER_011,voice
CDR_003191,FIR_0026,P022,P016,2026-03-11 01:18:00,830,TOWER_011,voice
CDR_003192,FIR_0024,P058,P023,2026-08-19 05:03:00,167,TOWER_015,sms
CDR_003193,FIR_0028,P017,P011,2026-04-14 00:10:00,572,TOWER_028,voice
CDR_003194,FIR_0001,P035,P029,2026-06-23 02:50:00,460,TOWER_010,sms
CDR_003195,FIR_0009,P057,P011,2026-05-23 14:29:00,548,TOWER_012,voice
CDR_003196,FIR_0030,P046,P025,2026-08-24 05:24:00,180,TOWER_022,voice
CDR_003197,FIR_0028,P007,P052,2026-01-24 13:43:00,277,TOWER_001,sms
CDR_003198,FIR_0008,P038,P060,2026-06-05 11:15:00,742,TOWER_030,sms
CDR_003199,FIR_0015,P029,P004,2026-02-03 19:27:00,159,TOWER_011,voice
CDR_003200,FIR_0021,P002,P005,2026-04-19 11:42:00,697,TOWER_013,sms
CDR_003201,FIR_0011,P032,P038,2026-05-30 01:32:00,772,TOWER_013,voice
CDR_003202,FIR_0006,P030,P043,2026-04-22 17:50:00,169,TOWER_009,sms
CDR_003203,FIR_0028,P041,P059,2026-04-12 13:35:00,213,TOWER_030,sms
CDR_003204,FIR_0011,P057,P047,2026-07-24 15:12:00,388,TOWER_002,sms
CDR_003205,FIR_0020,P041,P050,2026-02-12 10:13:00,347,TOWER_003,voice
CDR_003206,FIR_0016,P011,P029,2026-01-07 01:50:00,227,TOWER_017,voice
CDR_003207,FIR_0018,P031,P012,2026-03-10 07:19:00,494,TOWER_018,voice
CDR_003208,FIR_0024,P045,P040,2026-08-27 00:23:00,221,TOWER_006,sms
CDR_003209,FIR_0009,P030,P016,2026-08-05 02:12:00,277,TOWER_016,sms
CDR_003210,FIR_0012,P038,P002,2026-01-08 02:06:00,301,TOWER_005,voice
CDR_003211,FIR_0002,P013,P055,2026-08-25 01:32:00,892,TOWER_016,sms
CDR_003212,FIR_0009,P051,P048,2026-05-14 00:49:00,534,TOWER_016,sms
CDR_003213,FIR_0014,P030,P017,2026-03-22 17:08:00,470,TOWER_024,sms
CDR_003214,FIR_0019,P045,P025,2026-03-10 10:59:00,493,TOWER_006,voice
CDR_003215,FIR_0030,P045,P010,2026-04-10 05:54:00,590,TOWER_005,voice
CDR_003216,FIR_0030,P005,P028,2026-01-06 00:47:00,683,TOWER_028,voice
CDR_003217,FIR_0029,P055,P024,2026-05-07 09:49:00,385,TOWER_010,voice
CDR_003218,FIR_0008,P029,P054,2026-08-08 08:30:00,801,TOWER_007,sms
CDR_003219,FIR_0024,P025,P058,2026-03-23 18:10:00,346,TOWER_014,sms
CDR_003220,FIR_0005,P038,P060,2026-01-20 14:18:00,566,TOWER_012,sms
CDR_003221,FIR_0017,P007,P026,2026-03-21 07:33:00,461,TOWER_024,sms
CDR_003222,FIR_0023,P049,P012,2026-02-11 14:04:00,300,TOWER_019,sms
CDR_003223,FIR_0024,P051,P019,2026-06-10 02:43:00,341,TOWER_014,sms
CDR_003224,FIR_0018,P022,P019,2026-08-10 16:42:00,20,TOWER_018,sms
CDR_003225,FIR_0002,P040,P025,2026-05-29 21:11:00,493,TOWER_008,sms
CDR_003226,FIR_0022,P046,P036,2026-06-26 16:40:00,424,TOWER_022,voice
CDR_003227,FIR_0027,P005,P021,2026-01-05 13:13:00,230,TOWER_021,sms
CDR_003228,FIR_0022,P044,P012,2026-06-13 23:33:00,69,TOWER_025,sms
CDR_003229,FIR_0027,P016,P058,2026-04-16 07:15:00,140,TOWER_018,sms
CDR_003230,FIR_0014,P030,P042,2026-08-11 23:40:00,886,TOWER_022,sms
CDR_003231,FIR_0030,P011,P013,2026-02-06 23:19:00,715,TOWER_011,sms
CDR_003232,FIR_0018,P017,P055,2026-06-14 12:28:00,604,TOWER_015,voice
CDR_003233,FIR_0021,P029,P053,2026-05-22 02:41:00,479,TOWER_011,sms
CDR_003234,FIR_0014,P038,P034,2026-06-10 02:12:00,769,TOWER_020,voice
CDR_003235,FIR_0006,P020,P007,2026-02-10 00:15:00,470,TOWER_002,sms
CDR_003236,FIR_0016,P045,P016,2026-07-05 05:29:00,618,TOWER_025,sms
CDR_003237,FIR_0017,P034,P042,2026-08-18 08:58:00,232,TOWER_029,sms
CDR_003238,FIR_0001,P036,P021,2026-01-13 15:05:00,893,TOWER_025,sms
CDR_003239,FIR_0011,P025,P038,2026-04-16 21:35:00,365,TOWER_004,sms
CDR_003240,FIR_0017,P040,P009,2026-07-18 16:44:00,890,TOWER_026,voice
CDR_003241,FIR_0020,P043,P042,2026-08-27 07:42:00,399,TOWER_029,sms
CDR_003242,FIR_0018,P047,P055,2026-08-27 19:12:00,85,TOWER_030,voice
CDR_003243,FIR_0019,P041,P009,2026-07-05 05:25:00,801,TOWER_005,voice
CDR_003244,FIR_0024,P036,P039,2026-07-16 10:03:00,157,TOWER_023,voice
CDR_003245,FIR_0022,P042,P021,2026-02-06 00:41:00,577,TOWER_005,voice
CDR_003246,FIR_0021,P025,P006,2026-02-27 06:26:00,153,TOWER_008,voice
CDR_003247,FIR_0018,P019,P003,2026-07-31 03:41:00,191,TOWER_014,sms
CDR_003248,FIR_0015,P036,P013,2026-01-11 20:24:00,128,TOWER_002,sms
CDR_003249,FIR_0029,P036,P008,2026-05-09 22:26:00,649,TOWER_024,voice
CDR_003250,FIR_0024,P013,P057,2026-03-19 21:30:00,50,TOWER_007,sms
CDR_003251,FIR_0029,P054,P037,2026-04-02 16:44:00,592,TOWER_022,sms
CDR_003252,FIR_0029,P051,P039,2026-04-17 22:31:00,133,TOWER_023,sms
CDR_003253,FIR_0025,P012,P050,2026-03-15 17:10:00,333,TOWER_030,voice
CDR_003254,FIR_0018,P045,P016,2026-05-22 11:46:00,827,TOWER_016,sms
CDR_003255,FIR_0023,P052,P035,2026-01-08 17:40:00,447,TOWER_021,voice
CDR_003256,FIR_0013,P055,P004,2026-08-20 07:10:00,713,TOWER_024,voice
CDR_003257,FIR_0015,P004,P031,2026-03-04 17:08:00,430,TOWER_002,voice
CDR_003258,FIR_0012,P008,P007,2026-03-03 22:20:00,298,TOWER_013,sms
CDR_003259,FIR_0026,P039,P027,2026-07-30 17:31:00,836,TOWER_026,sms
CDR_003260,FIR_0028,P058,P032,2026-06-12 10:17:00,306,TOWER_029,voice
CDR_003261,FIR_0026,P007,P001,2026-05-26 09:59:00,824,TOWER_011,sms
CDR_003262,FIR_0015,P047,P033,2026-01-15 17:30:00,892,TOWER_012,voice
CDR_003263,FIR_0005,P036,P042,2026-05-05 17:15:00,564,TOWER_010,sms
CDR_003264,FIR_0001,P004,P017,2026-05-10 10:41:00,493,TOWER_023,voice
CDR_003265,FIR_0024,P050,P003,2026-02-28 02:31:00,510,TOWER_014,sms
CDR_003266,FIR_0025,P046,P006,2026-04-15 13:56:00,594,TOWER_027,sms
CDR_003267,FIR_0009,P031,P027,2026-03-04 22:11:00,811,TOWER_016,voice
CDR_003268,FIR_0018,P010,P046,2026-04-12 12:43:00,857,TOWER_017,voice
CDR_003269,FIR_0022,P014,P002,2026-04-06 17:41:00,725,TOWER_024,sms
CDR_003270,FIR_0024,P006,P027,2026-01-09 05:39:00,309,TOWER_018,sms
CDR_003271,FIR_0030,P009,P046,2026-04-04 04:25:00,280,TOWER_019,voice
CDR_003272,FIR_0025,P047,P054,2026-07-01 19:45:00,862,TOWER_024,voice
CDR_003273,FIR_0015,P049,P055,2026-01-05 04:01:00,126,TOWER_002,voice
CDR_003274,FIR_0029,P008,P001,2026-04-27 17:35:00,775,TOWER_006,voice
CDR_003275,FIR_0025,P043,P055,2026-09-01 04:41:00,414,TOWER_007,voice
CDR_003276,FIR_0017,P028,P045,2026-05-04 18:12:00,683,TOWER_016,voice
CDR_003277,FIR_0009,P024,P015,2026-04-28 16:47:00,487,TOWER_004,voice
CDR_003278,FIR_0007,P043,P047,2026-01-15 15:32:00,857,TOWER_023,sms
CDR_003279,FIR_0010,P014,P013,2026-04-30 01:13:00,582,TOWER_023,voice
CDR_003280,FIR_0030,P055,P054,2026-01-19 01:58:00,898,TOWER_013,sms
CDR_003281,FIR_0026,P027,P060,2026-07-12 03:49:00,407,TOWER_007,sms
CDR_003282,FIR_0002,P007,P039,2026-07-10 02:03:00,199,TOWER_025,voice
CDR_003283,FIR_0003,P038,P018,2026-06-22 00:34:00,125,TOWER_026,voice
CDR_003284,FIR_0021,P052,P029,2026-08-14 04:34:00,258,TOWER_020,voice
CDR_003285,FIR_0005,P038,P045,2026-02-25 14:15:00,96,TOWER_017,voice
CDR_003286,FIR_0011,P032,P037,2026-05-15 03:00:00,819,TOWER_004,sms
CDR_003287,FIR_0014,P027,P006,2026-01-02 02:36:00,20,TOWER_029,voice
CDR_003288,FIR_0010,P031,P041,2026-04-28 03:44:00,348,TOWER_005,sms
CDR_003289,FIR_0020,P041,P001,2026-07-19 21:56:00,213,TOWER_020,sms
CDR_003290,FIR_0020,P010,P031,2026-02-26 18:32:00,592,TOWER_029,sms
CDR_003291,FIR_0021,P053,P047,2026-01-18 21:41:00,242,TOWER_017,sms
CDR_003292,FIR_0008,P041,P060,2026-08-13 23:26:00,44,TOWER_015,voice
CDR_003293,FIR_0007,P013,P048,2026-07-22 16:04:00,545,TOWER_013,voice
CDR_003294,FIR_0027,P019,P029,2026-01-26 15:35:00,140,TOWER_018,voice
CDR_003295,FIR_0024,P020,P059,2026-05-28 17:08:00,867,TOWER_002,sms
CDR_003296,FIR_0017,P046,P053,2026-05-09 11:07:00,868,TOWER_025,voice
CDR_003297,FIR_0030,P042,P015,2026-03-16 13:22:00,425,TOWER_008,sms
CDR_003298,FIR_0019,P036,P027,2026-01-27 18:18:00,557,TOWER_003,voice
CDR_003299,FIR_0009,P022,P007,2026-05-17 19:39:00,408,TOWER_006,voice
CDR_003300,FIR_0017,P054,P039,2026-05-14 11:23:00,10,TOWER_024,voice
CDR_003301,FIR_0001,P017,P020,2026-04-03 01:15:00,604,TOWER_006,voice
CDR_003302,FIR_0006,P038,P041,2026-05-12 12:39:00,489,TOWER_024,sms
CDR_003303,FIR_0001,P032,P033,2026-03-27 17:18:00,18,TOWER_028,voice
CDR_003304,FIR_0025,P037,P034,2026-01-08 06:42:00,223,TOWER_002,sms
CDR_003305,FIR_0005,P011,P024,2026-02-22 18:40:00,17,TOWER_013,voice
CDR_003306,FIR_0023,P023,P015,2026-06-12 10:01:00,531,TOWER_025,sms
CDR_003307,FIR_0021,P035,P033,2026-04-23 23:43:00,241,TOWER_027,voice
CDR_003308,FIR_0022,P055,P030,2026-04-26 21:35:00,590,TOWER_022,sms
CDR_003309,FIR_0003,P043,P007,2026-01-20 21:08:00,141,TOWER_025,voice
CDR_003310,FIR_0017,P032,P057,2026-06-11 10:57:00,816,TOWER_014,sms
CDR_003311,FIR_0018,P031,P007,2026-01-22 15:46:00,851,TOWER_017,sms
CDR_003312,FIR_0009,P049,P028,2026-05-14 00:29:00,475,TOWER_009,sms
CDR_003313,FIR_0006,P025,P018,2026-05-22 01:11:00,18,TOWER_012,sms
CDR_003314,FIR_0021,P042,P057,2026-05-28 06:08:00,875,TOWER_024,sms
CDR_003315,FIR_0023,P054,P052,2026-03-24 04:21:00,586,TOWER_028,sms
CDR_003316,FIR_0022,P028,P034,2026-01-04 19:25:00,145,TOWER_006,sms
CDR_003317,FIR_0030,P037,P005,2026-07-30 20:23:00,84,TOWER_017,sms
CDR_003318,FIR_0027,P020,P032,2026-06-23 14:28:00,260,TOWER_002,voice
CDR_003319,FIR_0022,P034,P025,2026-08-02 01:09:00,821,TOWER_021,sms
CDR_003320,FIR_0003,P025,P014,2026-02-28 01:01:00,161,TOWER_009,sms
CDR_003321,FIR_0030,P030,P015,2026-01-11 19:02:00,171,TOWER_005,voice
CDR_003322,FIR_0008,P040,P056,2026-02-18 06:37:00,330,TOWER_030,sms
CDR_003323,FIR_0016,P033,P030,2026-08-08 09:55:00,400,TOWER_023,voice
CDR_003324,FIR_0010,P008,P037,2026-04-11 01:43:00,662,TOWER_009,voice
CDR_003325,FIR_0027,P023,P032,2026-07-01 02:49:00,763,TOWER_018,sms
CDR_003326,FIR_0008,P003,P024,2026-03-12 13:14:00,868,TOWER_005,sms
CDR_003327,FIR_0019,P040,P026,2026-08-09 17:08:00,90,TOWER_015,voice
CDR_003328,FIR_0020,P006,P049,2026-06-11 12:14:00,179,TOWER_004,sms
CDR_003329,FIR_0025,P039,P054,2026-03-26 20:13:00,686,TOWER_026,voice
CDR_003330,FIR_0005,P048,P015,2026-06-23 20:56:00,261,TOWER_024,sms
CDR_003331,FIR_0017,P038,P057,2026-07-09 19:33:00,157,TOWER_020,sms
CDR_003332,FIR_0015,P014,P019,2026-08-06 23:30:00,236,TOWER_014,voice
CDR_003333,FIR_0014,P029,P050,2026-07-09 22:17:00,118,TOWER_002,sms
CDR_003334,FIR_0025,P036,P010,2026-03-29 00:25:00,855,TOWER_027,sms
CDR_003335,FIR_0008,P001,P048,2026-06-24 20:36:00,783,TOWER_026,sms
CDR_003336,FIR_0011,P010,P059,2026-07-01 23:26:00,485,TOWER_013,sms
CDR_003337,FIR_0030,P026,P002,2026-01-08 11:50:00,452,TOWER_028,sms
CDR_003338,FIR_0002,P056,P059,2026-04-05 18:17:00,544,TOWER_016,sms
CDR_003339,FIR_0026,P030,P037,2026-05-17 02:35:00,875,TOWER_006,sms
CDR_003340,FIR_0001,P054,P046,2026-03-13 00:09:00,344,TOWER_024,voice
CDR_003341,FIR_0008,P033,P047,2026-05-21 17:27:00,239,TOWER_005,voice
CDR_003342,FIR_0004,P040,P011,2026-08-13 02:18:00,177,TOWER_020,sms
CDR_003343,FIR_0030,P051,P045,2026-03-19 23:17:00,788,TOWER_020,sms
CDR_003344,FIR_0001,P048,P008,2026-04-13 14:38:00,500,TOWER_008,voice
CDR_003345,FIR_0014,P021,P016,2026-07-02 06:46:00,564,TOWER_012,sms
CDR_003346,FIR_0005,P036,P016,2026-03-17 08:24:00,108,TOWER_008,voice
CDR_003347,FIR_0007,P057,P004,2026-02-05 14:22:00,739,TOWER_005,voice
CDR_003348,FIR_0010,P038,P043,2026-08-03 23:40:00,370,TOWER_009,voice
CDR_003349,FIR_0005,P014,P052,2026-04-27 18:58:00,205,TOWER_020,voice
CDR_003350,FIR_0013,P028,P043,2026-05-09 04:01:00,728,TOWER_015,voice
CDR_003351,FIR_0007,P031,P056,2026-06-14 05:25:00,340,TOWER_018,voice
CDR_003352,FIR_0025,P055,P030,2026-02-20 05:44:00,91,TOWER_020,voice
CDR_003353,FIR_0016,P010,P009,2026-07-07 06:31:00,161,TOWER_018,voice
CDR_003354,FIR_0010,P010,P020,2026-08-13 16:43:00,201,TOWER_003,sms
CDR_003355,FIR_0011,P013,P027,2026-01-18 17:41:00,847,TOWER_026,voice
CDR_003356,FIR_0028,P002,P056,2026-05-17 04:04:00,430,TOWER_009,voice
CDR_003357,FIR_0027,P018,P043,2026-01-04 03:07:00,683,TOWER_016,sms
CDR_003358,FIR_0026,P031,P040,2026-03-23 23:17:00,243,TOWER_008,voice
CDR_003359,FIR_0003,P022,P060,2026-05-23 08:37:00,615,TOWER_005,voice
CDR_003360,FIR_0020,P055,P039,2026-04-29 16:54:00,176,TOWER_023,sms
CDR_003361,FIR_0010,P017,P060,2026-08-07 05:26:00,134,TOWER_022,sms
CDR_003362,FIR_0006,P011,P018,2026-01-09 02:45:00,39,TOWER_018,sms
CDR_003363,FIR_0028,P002,P023,2026-02-04 14:48:00,352,TOWER_028,sms
CDR_003364,FIR_0003,P058,P014,2026-06-12 16:33:00,353,TOWER_024,voice
CDR_003365,FIR_0009,P058,P023,2026-08-09 14:40:00,639,TOWER_018,sms
CDR_003366,FIR_0006,P042,P020,2026-02-17 03:11:00,732,TOWER_001,sms
CDR_003367,FIR_0005,P021,P028,2026-04-08 07:13:00,769,TOWER_015,sms
CDR_003368,FIR_0023,P004,P037,2026-02-22 20:07:00,383,TOWER_017,sms
CDR_003369,FIR_0015,P032,P021,2026-03-26 13:19:00,567,TOWER_029,sms
CDR_003370,FIR_0019,P036,P055,2026-06-09 05:44:00,831,TOWER_011,voice
CDR_003371,FIR_0020,P046,P040,2026-04-23 20:09:00,120,TOWER_008,voice
CDR_003372,FIR_0028,P043,P029,2026-02-25 07:42:00,25,TOWER_010,sms
CDR_003373,FIR_0022,P048,P055,2026-06-26 06:26:00,30,TOWER_016,voice
CDR_003374,FIR_0009,P027,P026,2026-03-26 11:52:00,263,TOWER_025,voice
CDR_003375,FIR_0003,P008,P007,2026-07-01 19:15:00,206,TOWER_022,sms
CDR_003376,FIR_0013,P005,P026,2026-04-25 05:32:00,385,TOWER_026,voice
CDR_003377,FIR_0011,P004,P008,2026-08-09 17:52:00,872,TOWER_009,voice
CDR_003378,FIR_0016,P038,P043,2026-07-03 23:57:00,118,TOWER_004,sms
CDR_003379,FIR_0029,P030,P008,2026-08-12 21:46:00,300,TOWER_020,voice
CDR_003380,FIR_0026,P046,P016,2026-01-03 06:53:00,237,TOWER_022,voice
CDR_003381,FIR_0001,P014,P030,2026-01-16 19:32:00,723,TOWER_021,sms
CDR_003382,FIR_0010,P060,P055,2026-05-01 19:21:00,154,TOWER_006,voice
CDR_003383,FIR_0020,P039,P015,2026-07-03 01:12:00,644,TOWER_023,voice
CDR_003384,FIR_0008,P060,P057,2026-01-11 15:37:00,227,TOWER_015,voice
CDR_003385,FIR_0022,P004,P041,2026-07-07 19:46:00,662,TOWER_029,sms
CDR_003386,FIR_0006,P034,P006,2026-01-22 21:57:00,209,TOWER_029,voice
CDR_003387,FIR_0009,P037,P045,2026-06-10 18:56:00,452,TOWER_028,voice
CDR_003388,FIR_0021,P058,P046,2026-07-04 03:30:00,302,TOWER_007,voice
CDR_003389,FIR_0003,P035,P001,2026-04-05 11:03:00,162,TOWER_025,voice
CDR_003390,FIR_0022,P004,P047,2026-04-27 13:55:00,154,TOWER_004,sms
CDR_003391,FIR_0018,P008,P019,2026-04-09 12:53:00,344,TOWER_017,voice
CDR_003392,FIR_0009,P043,P012,2026-04-06 04:19:00,435,TOWER_028,voice
CDR_003393,FIR_0022,P005,P031,2026-04-15 11:07:00,390,TOWER_013,sms
CDR_003394,FIR_0008,P038,P054,2026-08-05 13:00:00,577,TOWER_007,sms
CDR_003395,FIR_0014,P050,P005,2026-07-12 14:56:00,305,TOWER_011,voice
CDR_003396,FIR_0015,P030,P013,2026-05-12 13:12:00,338,TOWER_028,sms
CDR_003397,FIR_0011,P013,P016,2026-01-07 07:15:00,582,TOWER_009,voice
CDR_003398,FIR_0012,P051,P056,2026-03-22 20:46:00,47,TOWER_026,voice
CDR_003399,FIR_0014,P045,P010,2026-07-09 13:12:00,185,TOWER_007,sms
CDR_003400,FIR_0011,P011,P003,2026-08-20 15:05:00,670,TOWER_027,sms
CDR_003401,FIR_0025,P059,P036,2026-03-22 12:19:00,489,TOWER_001,sms
CDR_003402,FIR_0002,P036,P015,2026-03-06 02:47:00,388,TOWER_023,sms
CDR_003403,FIR_0029,P022,P009,2026-04-05 23:38:00,119,TOWER_026,voice
CDR_003404,FIR_0016,P042,P023,2026-02-03 13:47:00,69,TOWER_007,sms
CDR_003405,FIR_0005,P043,P011,2026-06-18 09:27:00,616,TOWER_017,voice
CDR_003406,FIR_0013,P025,P056,2026-02-07 21:17:00,761,TOWER_001,voice
CDR_003407,FIR_0003,P015,P002,2026-01-27 03:34:00,849,TOWER_012,sms
CDR_003408,FIR_0012,P038,P036,2026-01-19 16:16:00,363,TOWER_007,sms
CDR_003409,FIR_0023,P038,P052,2026-02-05 04:19:00,897,TOWER_012,sms
CDR_003410,FIR_0022,P043,P047,2026-06-21 15:35:00,877,TOWER_020,voice
CDR_003411,FIR_0009,P054,P045,2026-05-30 12:19:00,597,TOWER_021,voice
CDR_003412,FIR_0020,P042,P058,2026-08-30 01:49:00,697,TOWER_010,sms
CDR_003413,FIR_0004,P051,P014,2026-08-29 07:45:00,788,TOWER_007,sms
CDR_003414,FIR_0007,P008,P042,2026-03-28 16:30:00,575,TOWER_003,sms
CDR_003415,FIR_0012,P029,P018,2026-04-21 06:32:00,515,TOWER_020,voice
CDR_003416,FIR_0013,P002,P020,2026-03-25 16:05:00,595,TOWER_004,sms
CDR_003417,FIR_0012,P016,P005,2026-01-07 12:07:00,169,TOWER_006,sms
CDR_003418,FIR_0019,P031,P059,2026-01-08 11:12:00,528,TOWER_005,sms
CDR_003419,FIR_0022,P034,P002,2026-04-12 10:32:00,513,TOWER_016,sms
CDR_003420,FIR_0005,P023,P059,2026-03-24 19:28:00,538,TOWER_005,sms
CDR_003421,FIR_0028,P018,P035,2026-05-19 23:46:00,783,TOWER_027,voice
CDR_003422,FIR_0014,P021,P006,2026-05-17 07:37:00,778,TOWER_030,voice
CDR_003423,FIR_0015,P014,P033,2026-03-24 05:46:00,500,TOWER_022,sms
CDR_003424,FIR_0008,P041,P046,2026-02-19 00:29:00,732,TOWER_026,voice
CDR_003425,FIR_0001,P022,P045,2026-07-23 15:13:00,208,TOWER_030,sms
CDR_003426,FIR_0028,P008,P004,2026-02-19 21:12:00,872,TOWER_025,sms
CDR_003427,FIR_0017,P013,P033,2026-03-05 07:03:00,107,TOWER_008,voice
CDR_003428,FIR_0019,P050,P032,2026-02-14 12:34:00,760,TOWER_014,sms
CDR_003429,FIR_0030,P047,P019,2026-05-26 07:10:00,573,TOWER_024,sms
CDR_003430,FIR_0013,P001,P015,2026-06-11 21:50:00,531,TOWER_012,sms
CDR_003431,FIR_0028,P044,P052,2026-03-21 10:07:00,849,TOWER_007,sms
CDR_003432,FIR_0029,P060,P050,2026-01-19 14:26:00,402,TOWER_020,voice
CDR_003433,FIR_0026,P047,P058,2026-06-09 07:08:00,769,TOWER_006,sms
CDR_003434,FIR_0003,P038,P017,2026-07-27 17:19:00,643,TOWER_002,voice
CDR_003435,FIR_0005,P051,P058,2026-01-08 20:33:00,455,TOWER_020,sms
CDR_003436,FIR_0011,P029,P019,2026-02-16 02:22:00,310,TOWER_021,voice
CDR_003437,FIR_0023,P051,P040,2026-08-23 23:40:00,838,TOWER_029,sms
CDR_003438,FIR_0021,P014,P045,2026-02-16 19:29:00,877,TOWER_020,voice
CDR_003439,FIR_0026,P005,P049,2026-07-02 12:42:00,639,TOWER_027,voice
CDR_003440,FIR_0025,P052,P050,2026-08-18 12:45:00,537,TOWER_001,sms
CDR_003441,FIR_0001,P024,P048,2026-02-15 12:17:00,213,TOWER_003,sms
CDR_003442,FIR_0014,P017,P002,2026-01-28 18:30:00,294,TOWER_018,voice
CDR_003443,FIR_0015,P033,P050,2026-06-13 05:46:00,551,TOWER_022,sms
CDR_003444,FIR_0004,P033,P053,2026-06-22 02:14:00,617,TOWER_008,voice
CDR_003445,FIR_0003,P024,P012,2026-04-23 12:46:00,752,TOWER_021,sms
CDR_003446,FIR_0028,P055,P053,2026-03-16 15:59:00,730,TOWER_029,voice
CDR_003447,FIR_0008,P032,P016,2026-04-08 05:46:00,835,TOWER_030,voice
CDR_003448,FIR_0017,P046,P009,2026-05-14 17:35:00,376,TOWER_026,sms
CDR_003449,FIR_0009,P027,P053,2026-06-30 11:21:00,413,TOWER_016,sms
CDR_003450,FIR_0024,P025,P018,2026-04-13 00:49:00,388,TOWER_024,voice
CDR_003451,FIR_0021,P051,P040,2026-01-26 07:36:00,213,TOWER_030,sms
CDR_003452,FIR_0027,P017,P038,2026-08-25 00:22:00,483,TOWER_029,sms
CDR_003453,FIR_0011,P046,P040,2026-04-13 11:44:00,794,TOWER_022,voice
CDR_003454,FIR_0022,P029,P012,2026-03-08 00:15:00,709,TOWER_024,voice
CDR_003455,FIR_0007,P023,P003,2026-04-05 06:40:00,714,TOWER_009,voice
CDR_003456,FIR_0029,P034,P031,2026-05-04 10:02:00,131,TOWER_019,voice
CDR_003457,FIR_0011,P055,P017,2026-03-11 01:20:00,25,TOWER_028,sms
CDR_003458,FIR_0026,P060,P044,2026-01-26 22:28:00,160,TOWER_008,sms
CDR_003459,FIR_0008,P059,P054,2026-03-27 11:42:00,628,TOWER_018,voice
CDR_003460,FIR_0018,P019,P005,2026-07-06 06:50:00,63,TOWER_006,voice
CDR_003461,FIR_0019,P036,P013,2026-08-02 22:22:00,70,TOWER_020,voice
CDR_003462,FIR_0025,P054,P012,2026-05-21 04:38:00,514,TOWER_018,voice
CDR_003463,FIR_0006,P044,P059,2026-06-30 15:35:00,279,TOWER_024,sms
CDR_003464,FIR_0017,P014,P031,2026-04-08 21:21:00,884,TOWER_022,sms
CDR_003465,FIR_0004,P025,P015,2026-02-13 08:49:00,265,TOWER_001,voice
CDR_003466,FIR_0027,P052,P040,2026-08-19 06:48:00,506,TOWER_004,sms
CDR_003467,FIR_0027,P027,P046,2026-08-22 05:52:00,860,TOWER_005,sms
CDR_003468,FIR_0012,P046,P053,2026-08-07 09:38:00,323,TOWER_006,sms
CDR_003469,FIR_0002,P054,P052,2026-08-18 20:52:00,190,TOWER_018,voice
CDR_003470,FIR_0023,P058,P005,2026-05-16 10:37:00,513,TOWER_012,sms
CDR_003471,FIR_0027,P023,P053,2026-03-31 02:42:00,425,TOWER_023,sms
CDR_003472,FIR_0010,P001,P054,2026-03-15 17:34:00,483,TOWER_028,voice
CDR_003473,FIR_0027,P033,P028,2026-02-22 10:31:00,543,TOWER_013,sms
CDR_003474,FIR_0029,P019,P024,2026-08-06 14:46:00,244,TOWER_010,voice
CDR_003475,FIR_0010,P056,P034,2026-01-14 13:50:00,343,TOWER_013,sms
CDR_003476,FIR_0006,P040,P036,2026-04-10 03:50:00,757,TOWER_016,voice
CDR_003477,FIR_0004,P030,P034,2026-04-15 17:27:00,616,TOWER_015,voice
CDR_003478,FIR_0030,P025,P036,2026-04-16 11:11:00,135,TOWER_021,sms
CDR_003479,FIR_0006,P005,P049,2026-06-21 17:27:00,672,TOWER_021,sms
CDR_003480,FIR_0002,P008,P018,2026-06-09 08:07:00,527,TOWER_017,sms
CDR_003481,FIR_0029,P027,P059,2026-03-24 18:50:00,744,TOWER_029,voice
CDR_003482,FIR_0023,P037,P026,2026-01-11 16:09:00,164,TOWER_029,voice
CDR_003483,FIR_0002,P015,P016,2026-02-19 10:58:00,668,TOWER_003,sms
CDR_003484,FIR_0028,P038,P057,2026-03-29 00:28:00,473,TOWER_017,sms
CDR_003485,FIR_0024,P023,P049,2026-07-03 20:45:00,518,TOWER_004,voice
CDR_003486,FIR_0018,P049,P054,2026-04-02 12:05:00,115,TOWER_023,voice
CDR_003487,FIR_0002,P019,P005,2026-02-08 11:54:00,248,TOWER_017,sms
CDR_003488,FIR_0005,P049,P057,2026-03-20 07:59:00,449,TOWER_003,sms
CDR_003489,FIR_0027,P033,P058,2026-07-06 01:05:00,118,TOWER_025,voice
CDR_003490,FIR_0028,P048,P013,2026-08-12 21:00:00,886,TOWER_001,voice
CDR_003491,FIR_0026,P033,P054,2026-05-18 23:54:00,218,TOWER_024,voice
CDR_003492,FIR_0028,P040,P049,2026-06-22 18:22:00,755,TOWER_018,sms
CDR_003493,FIR_0024,P059,P013,2026-02-06 02:49:00,639,TOWER_018,voice
CDR_003494,FIR_0016,P046,P037,2026-06-20 21:37:00,573,TOWER_028,voice
CDR_003495,FIR_0004,P019,P014,2026-01-22 07:16:00,470,TOWER_002,voice
CDR_003496,FIR_0026,P008,P016,2026-07-26 22:12:00,358,TOWER_026,sms
CDR_003497,FIR_0027,P058,P017,2026-03-27 06:00:00,127,TOWER_014,voice
CDR_003498,FIR_0016,P005,P013,2026-02-26 12:02:00,888,TOWER_027,voice
CDR_003499,FIR_0026,P056,P004,2026-05-30 17:43:00,868,TOWER_028,voice
CDR_003500,FIR_0030,P010,P002,2026-03-23 20:23:00,269,TOWER_014,voice
CDR_003501,FIR_0001,P027,P048,2026-06-23 03:03:00,101,TOWER_025,sms
CDR_003502,FIR_0025,P010,P057,2026-02-28 07:55:00,776,TOWER_016,sms
CDR_003503,FIR_0009,P010,P041,2026-05-12 06:53:00,900,TOWER_017,sms
CDR_003504,FIR_0022,P023,P018,2026-02-03 00:59:00,879,TOWER_007,voice
CDR_003505,FIR_0028,P046,P016,2026-02-24 10:45:00,521,TOWER_019,sms
CDR_003506,FIR_0026,P060,P002,2026-05-11 02:35:00,533,TOWER_009,voice
CDR_003507,FIR_0009,P017,P039,2026-06-12 01:33:00,69,TOWER_023,voice
CDR_003508,FIR_0029,P053,P034,2026-08-01 15:14:00,58,TOWER_015,sms
CDR_003509,FIR_0028,P051,P057,2026-05-08 20:50:00,127,TOWER_021,voice
CDR_003510,FIR_0017,P002,P011,2026-06-17 10:04:00,858,TOWER_011,voice
CDR_003511,FIR_0009,P003,P038,2026-06-17 14:37:00,668,TOWER_024,voice
CDR_003512,FIR_0023,P037,P024,2026-08-23 21:44:00,365,TOWER_013,sms
CDR_003513,FIR_0019,P035,P008,2026-02-28 04:54:00,184,TOWER_019,voice
CDR_003514,FIR_0002,P022,P042,2026-08-30 17:59:00,201,TOWER_017,sms
CDR_003515,FIR_0013,P048,P018,2026-03-03 12:20:00,295,TOWER_020,sms
CDR_003516,FIR_0004,P038,P036,2026-08-21 03:35:00,800,TOWER_016,sms
CDR_003517,FIR_0028,P011,P004,2026-04-02 23:28:00,752,TOWER_024,sms
CDR_003518,FIR_0024,P028,P015,2026-06-01 17:03:00,542,TOWER_021,voice
CDR_003519,FIR_0022,P036,P055,2026-02-09 00:11:00,223,TOWER_030,sms
CDR_003520,FIR_0030,P051,P059,2026-05-07 15:34:00,283,TOWER_015,sms
CDR_003521,FIR_0027,P021,P055,2026-05-11 17:55:00,415,TOWER_002,voice
CDR_003522,FIR_0008,P056,P044,2026-06-29 06:52:00,769,TOWER_019,voice
CDR_003523,FIR_0017,P048,P008,2026-08-18 06:14:00,65,TOWER_015,voice
CDR_003524,FIR_0019,P041,P001,2026-04-26 20:42:00,777,TOWER_014,sms
CDR_003525,FIR_0018,P014,P057,2026-08-15 05:41:00,233,TOWER_008,sms
CDR_003526,FIR_0014,P047,P050,2026-08-21 03:14:00,470,TOWER_006,sms
CDR_003527,FIR_0001,P036,P021,2026-07-19 00:29:00,126,TOWER_012,sms
CDR_003528,FIR_0022,P011,P038,2026-02-28 19:07:00,472,TOWER_018,sms
CDR_003529,FIR_0008,P029,P020,2026-08-09 03:39:00,605,TOWER_019,voice
CDR_003530,FIR_0023,P036,P020,2026-05-20 03:43:00,607,TOWER_020,voice
CDR_003531,FIR_0018,P032,P041,2026-01-02 20:37:00,791,TOWER_014,voice
CDR_003532,FIR_0007,P005,P039,2026-01-17 23:18:00,814,TOWER_030,voice
CDR_003533,FIR_0017,P019,P060,2026-04-03 08:41:00,453,TOWER_026,voice
CDR_003534,FIR_0003,P054,P027,2026-04-13 06:40:00,648,TOWER_030,voice
CDR_003535,FIR_0021,P035,P007,2026-05-18 07:40:00,680,TOWER_023,sms
CDR_003536,FIR_0008,P013,P050,2026-03-05 12:32:00,49,TOWER_019,voice
CDR_003537,FIR_0021,P027,P037,2026-06-30 02:31:00,399,TOWER_004,sms
CDR_003538,FIR_0026,P041,P006,2026-02-28 00:45:00,217,TOWER_017,sms
CDR_003539,FIR_0009,P008,P060,2026-04-18 21:03:00,199,TOWER_004,voice
CDR_003540,FIR_0015,P051,P010,2026-04-18 23:50:00,124,TOWER_022,sms
CDR_003541,FIR_0024,P006,P035,2026-06-15 11:02:00,204,TOWER_001,sms
CDR_003542,FIR_0019,P030,P041,2026-05-17 19:20:00,354,TOWER_018,voice
CDR_003543,FIR_0001,P048,P036,2026-05-05 00:58:00,113,TOWER_002,sms
CDR_003544,FIR_0029,P001,P007,2026-03-14 14:16:00,243,TOWER_019,voice
CDR_003545,FIR_0011,P017,P014,2026-08-27 07:45:00,321,TOWER_016,sms
CDR_003546,FIR_0002,P011,P026,2026-03-10 06:01:00,773,TOWER_001,voice
CDR_003547,FIR_0013,P016,P040,2026-03-12 06:16:00,291,TOWER_005,sms
CDR_003548,FIR_0028,P042,P047,2026-08-14 18:20:00,499,TOWER_024,sms
CDR_003549,FIR_0023,P048,P026,2026-02-20 04:16:00,406,TOWER_008,voice
CDR_003550,FIR_0023,P056,P027,2026-03-21 03:45:00,93,TOWER_014,voice
CDR_003551,FIR_0016,P001,P059,2026-01-05 20:25:00,20,TOWER_026,voice
CDR_003552,FIR_0020,P018,P026,2026-03-22 11:38:00,496,TOWER_026,sms
CDR_003553,FIR_0026,P022,P051,2026-04-09 12:01:00,847,TOWER_008,voice
CDR_003554,FIR_0020,P049,P043,2026-07-10 02:20:00,756,TOWER_018,voice
CDR_003555,FIR_0001,P036,P060,2026-04-04 21:01:00,799,TOWER_002,sms
CDR_003556,FIR_0019,P051,P025,2026-04-29 08:29:00,136,TOWER_013,sms
CDR_003557,FIR_0019,P025,P051,2026-04-10 06:52:00,95,TOWER_014,voice
CDR_003558,FIR_0018,P030,P058,2026-08-24 01:32:00,821,TOWER_025,voice
CDR_003559,FIR_0004,P019,P012,2026-03-21 03:56:00,530,TOWER_009,sms
CDR_003560,FIR_0019,P044,P034,2026-08-12 17:34:00,818,TOWER_002,voice
CDR_003561,FIR_0004,P030,P026,2026-05-22 00:05:00,82,TOWER_027,sms
CDR_003562,FIR_0014,P036,P011,2026-08-01 16:26:00,838,TOWER_021,voice
CDR_003563,FIR_0014,P030,P002,2026-04-04 13:43:00,100,TOWER_025,sms
CDR_003564,FIR_0010,P043,P006,2026-06-02 11:06:00,697,TOWER_020,sms
CDR_003565,FIR_0030,P013,P025,2026-05-16 04:38:00,26,TOWER_003,voice
CDR_003566,FIR_0019,P019,P022,2026-07-02 19:10:00,199,TOWER_023,sms
CDR_003567,FIR_0002,P039,P020,2026-02-22 14:19:00,287,TOWER_006,sms
CDR_003568,FIR_0019,P012,P049,2026-04-13 12:54:00,150,TOWER_013,voice
CDR_003569,FIR_0030,P048,P016,2026-05-25 15:30:00,64,TOWER_016,voice
CDR_003570,FIR_0021,P002,P040,2026-05-31 21:18:00,700,TOWER_012,voice
CDR_003571,FIR_0023,P051,P053,2026-05-22 04:17:00,523,TOWER_006,sms
CDR_003572,FIR_0030,P015,P025,2026-02-18 01:17:00,541,TOWER_006,sms
CDR_003573,FIR_0007,P004,P026,2026-04-18 05:00:00,613,TOWER_028,sms
CDR_003574,FIR_0012,P055,P048,2026-08-09 07:02:00,497,TOWER_024,voice
CDR_003575,FIR_0017,P029,P002,2026-07-31 17:14:00,170,TOWER_025,voice
CDR_003576,FIR_0018,P043,P020,2026-06-19 01:00:00,387,TOWER_021,voice
CDR_003577,FIR_0023,P056,P020,2026-04-04 03:08:00,651,TOWER_008,sms
CDR_003578,FIR_0024,P047,P018,2026-04-03 02:08:00,426,TOWER_005,sms
CDR_003579,FIR_0002,P020,P021,2026-06-14 02:55:00,234,TOWER_003,voice
CDR_003580,FIR_0001,P023,P033,2026-01-07 07:20:00,690,TOWER_001,sms
CDR_003581,FIR_0022,P057,P051,2026-01-09 16:11:00,64,TOWER_013,voice
CDR_003582,FIR_0022,P035,P055,2026-01-24 05:29:00,89,TOWER_009,sms
CDR_003583,FIR_0003,P007,P027,2026-08-24 20:48:00,532,TOWER_017,sms
CDR_003584,FIR_0020,P056,P042,2026-06-24 08:33:00,321,TOWER_028,sms
CDR_003585,FIR_0022,P019,P013,2026-07-21 10:07:00,258,TOWER_021,sms
CDR_003586,FIR_0006,P004,P039,2026-08-29 15:44:00,260,TOWER_013,voice
CDR_003587,FIR_0024,P026,P043,2026-05-14 11:58:00,677,TOWER_006,sms
CDR_003588,FIR_0004,P057,P058,2026-01-10 05:03:00,554,TOWER_013,voice
CDR_003589,FIR_0008,P002,P010,2026-01-02 20:19:00,880,TOWER_026,voice
CDR_003590,FIR_0009,P054,P053,2026-02-14 01:42:00,193,TOWER_018,sms
CDR_003591,FIR_0022,P057,P008,2026-07-08 11:27:00,293,TOWER_030,voice
CDR_003592,FIR_0020,P055,P032,2026-01-29 09:07:00,120,TOWER_006,voice
CDR_003593,FIR_0022,P025,P018,2026-06-23 12:19:00,743,TOWER_001,voice
CDR_003594,FIR_0010,P002,P016,2026-03-29 07:59:00,868,TOWER_014,sms
CDR_003595,FIR_0011,P044,P018,2026-01-08 12:42:00,149,TOWER_012,sms
CDR_003596,FIR_0019,P015,P049,2026-08-11 05:22:00,81,TOWER_023,voice
CDR_003597,FIR_0011,P005,P002,2026-08-20 15:27:00,157,TOWER_016,sms
CDR_003598,FIR_0020,P002,P001,2026-03-31 15:04:00,211,TOWER_018,sms
CDR_003599,FIR_0022,P005,P042,2026-02-24 00:49:00,568,TOWER_027,sms
CDR_003600,FIR_0008,P027,P044,2026-07-21 19:50:00,466,TOWER_015,sms
CDR_003601,FIR_0003,P035,P022,2026-03-15 23:58:00,142,TOWER_010,sms
CDR_003602,FIR_0025,P044,P045,2026-06-11 20:30:00,562,TOWER_008,voice
CDR_003603,FIR_0024,P031,P028,2026-01-12 07:47:00,526,TOWER_023,voice
CDR_003604,FIR_0028,P059,P029,2026-01-13 12:20:00,55,TOWER_012,sms
CDR_003605,FIR_0027,P032,P002,2026-07-09 07:43:00,564,TOWER_007,sms
CDR_003606,FIR_0005,P004,P052,2026-05-21 00:51:00,338,TOWER_008,sms
CDR_003607,FIR_0027,P050,P052,2026-06-30 17:09:00,760,TOWER_005,voice
CDR_003608,FIR_0026,P015,P011,2026-06-01 14:12:00,731,TOWER_023,voice
CDR_003609,FIR_0019,P039,P021,2026-05-22 06:56:00,595,TOWER_022,sms
CDR_003610,FIR_0010,P016,P042,2026-04-02 02:33:00,288,TOWER_025,sms
CDR_003611,FIR_0018,P011,P014,2026-07-01 03:15:00,823,TOWER_009,voice
CDR_003612,FIR_0007,P035,P059,2026-01-01 09:02:00,511,TOWER_027,voice
CDR_003613,FIR_0003,P041,P054,2026-03-11 20:16:00,83,TOWER_030,sms
CDR_003614,FIR_0003,P059,P009,2026-03-29 16:26:00,680,TOWER_006,voice
CDR_003615,FIR_0008,P010,P041,2026-02-26 09:21:00,427,TOWER_007,sms
CDR_003616,FIR_0012,P050,P057,2026-05-31 22:41:00,132,TOWER_011,voice
CDR_003617,FIR_0023,P050,P015,2026-04-22 02:17:00,130,TOWER_004,sms
CDR_003618,FIR_0027,P044,P011,2026-03-29 05:12:00,696,TOWER_018,sms
CDR_003619,FIR_0021,P027,P059,2026-01-08 07:16:00,699,TOWER_023,sms
CDR_003620,FIR_0005,P048,P055,2026-02-12 12:45:00,18,TOWER_025,sms
CDR_003621,FIR_0024,P049,P021,2026-08-02 12:52:00,772,TOWER_028,sms
CDR_003622,FIR_0023,P037,P002,2026-07-06 16:01:00,814,TOWER_007,voice
CDR_003623,FIR_0013,P021,P014,2026-06-09 08:33:00,783,TOWER_028,voice
CDR_003624,FIR_0003,P022,P039,2026-01-04 17:01:00,425,TOWER_006,voice
CDR_003625,FIR_0006,P050,P012,2026-03-14 05:04:00,56,TOWER_009,sms
CDR_003626,FIR_0009,P056,P047,2026-06-25 20:53:00,610,TOWER_013,sms
CDR_003627,FIR_0028,P021,P012,2026-06-08 03:58:00,769,TOWER_012,voice
CDR_003628,FIR_0022,P014,P025,2026-05-14 15:18:00,767,TOWER_025,voice
CDR_003629,FIR_0021,P005,P026,2026-03-26 23:20:00,87,TOWER_017,sms
CDR_003630,FIR_0007,P006,P041,2026-04-14 07:39:00,105,TOWER_004,voice
CDR_003631,FIR_0002,P035,P050,2026-03-22 23:56:00,264,TOWER_027,sms
CDR_003632,FIR_0014,P022,P029,2026-08-24 17:44:00,803,TOWER_004,sms
CDR_003633,FIR_0028,P010,P059,2026-03-26 06:04:00,779,TOWER_011,sms
CDR_003634,FIR_0022,P004,P040,2026-03-23 01:25:00,863,TOWER_006,voice
CDR_003635,FIR_0028,P016,P017,2026-03-07 08:01:00,639,TOWER_023,sms
CDR_003636,FIR_0003,P038,P044,2026-07-10 10:29:00,598,TOWER_030,sms
CDR_003637,FIR_0019,P046,P011,2026-08-25 02:37:00,506,TOWER_011,sms
CDR_003638,FIR_0014,P004,P037,2026-04-16 03:08:00,812,TOWER_012,sms
CDR_003639,FIR_0020,P019,P057,2026-07-17 18:41:00,126,TOWER_013,voice
CDR_003640,FIR_0027,P028,P020,2026-06-28 17:07:00,445,TOWER_005,sms
CDR_003641,FIR_0029,P024,P056,2026-03-03 05:45:00,595,TOWER_002,sms
CDR_003642,FIR_0007,P028,P049,2026-01-13 16:46:00,95,TOWER_002,sms
CDR_003643,FIR_0011,P043,P026,2026-06-14 15:04:00,485,TOWER_029,sms
CDR_003644,FIR_0012,P032,P036,2026-03-16 00:58:00,825,TOWER_020,voice
CDR_003645,FIR_0017,P017,P028,2026-03-23 14:29:00,836,TOWER_013,voice
CDR_003646,FIR_0006,P014,P052,2026-08-28 04:30:00,51,TOWER_011,voice
CDR_003647,FIR_0010,P053,P055,2026-04-23 15:46:00,35,TOWER_030,sms
CDR_003648,FIR_0012,P006,P052,2026-08-26 18:38:00,217,TOWER_005,sms
CDR_003649,FIR_0027,P019,P053,2026-07-06 21:25:00,344,TOWER_010,sms
CDR_003650,FIR_0030,P030,P059,2026-06-18 14:56:00,250,TOWER_023,sms
CDR_003651,FIR_0009,P042,P017,2026-06-09 15:40:00,186,TOWER_027,sms
CDR_003652,FIR_0023,P019,P016,2026-03-13 17:36:00,785,TOWER_025,voice
CDR_003653,FIR_0025,P043,P050,2026-05-13 03:10:00,258,TOWER_016,sms
CDR_003654,FIR_0030,P010,P039,2026-01-05 03:16:00,275,TOWER_021,voice
CDR_003655,FIR_0018,P001,P037,2026-02-16 16:17:00,727,TOWER_005,voice
CDR_003656,FIR_0012,P060,P042,2026-04-26 23:00:00,192,TOWER_014,voice
CDR_003657,FIR_0022,P011,P016,2026-05-26 20:39:00,276,TOWER_029,voice
CDR_003658,FIR_0022,P006,P010,2026-01-18 09:33:00,873,TOWER_024,voice
CDR_003659,FIR_0027,P047,P028,2026-08-27 10:47:00,733,TOWER_002,voice
CDR_003660,FIR_0004,P006,P032,2026-08-28 22:13:00,436,TOWER_024,sms
CDR_003661,FIR_0008,P052,P010,2026-08-23 12:53:00,674,TOWER_008,sms
CDR_003662,FIR_0025,P060,P006,2026-02-21 17:15:00,515,TOWER_004,voice
CDR_003663,FIR_0001,P022,P008,2026-08-01 05:48:00,496,TOWER_021,voice
CDR_003664,FIR_0006,P023,P022,2026-02-09 23:31:00,718,TOWER_028,sms
CDR_003665,FIR_0006,P044,P027,2026-04-24 22:54:00,210,TOWER_005,voice
CDR_003666,FIR_0030,P023,P060,2026-02-28 23:30:00,796,TOWER_013,sms
CDR_003667,FIR_0007,P038,P049,2026-01-01 11:44:00,843,TOWER_025,voice
CDR_003668,FIR_0011,P044,P024,2026-01-18 03:35:00,20,TOWER_028,sms
CDR_003669,FIR_0012,P024,P010,2026-02-26 21:13:00,205,TOWER_021,voice
CDR_003670,FIR_0026,P051,P038,2026-01-31 03:36:00,541,TOWER_027,voice
CDR_003671,FIR_0023,P002,P028,2026-03-11 15:01:00,59,TOWER_007,voice
CDR_003672,FIR_0001,P023,P053,2026-02-21 07:46:00,693,TOWER_003,voice
CDR_003673,FIR_0008,P044,P052,2026-06-15 23:40:00,226,TOWER_008,voice
CDR_003674,FIR_0004,P037,P048,2026-03-26 16:55:00,277,TOWER_004,voice
CDR_003675,FIR_0015,P056,P017,2026-07-26 15:43:00,294,TOWER_016,voice
CDR_003676,FIR_0010,P059,P035,2026-06-25 11:41:00,330,TOWER_016,sms
CDR_003677,FIR_0025,P048,P038,2026-02-14 06:26:00,389,TOWER_016,voice
CDR_003678,FIR_0024,P002,P007,2026-08-28 21:53:00,126,TOWER_001,sms
CDR_003679,FIR_0007,P010,P008,2026-01-02 15:26:00,53,TOWER_002,voice
CDR_003680,FIR_0017,P042,P025,2026-02-12 09:02:00,121,TOWER_029,sms
CDR_003681,FIR_0004,P060,P055,2026-06-07 20:27:00,287,TOWER_009,sms
CDR_003682,FIR_0022,P028,P046,2026-03-05 14:19:00,854,TOWER_030,sms
CDR_003683,FIR_0018,P029,P049,2026-04-22 11:06:00,731,TOWER_009,sms
CDR_003684,FIR_0013,P039,P013,2026-04-19 18:27:00,464,TOWER_025,voice
CDR_003685,FIR_0014,P023,P060,2026-05-14 12:10:00,96,TOWER_024,sms
CDR_003686,FIR_0011,P009,P059,2026-04-21 17:06:00,600,TOWER_025,voice
CDR_003687,FIR_0021,P029,P034,2026-07-17 01:16:00,520,TOWER_023,sms
CDR_003688,FIR_0020,P007,P038,2026-04-09 06:57:00,237,TOWER_018,sms
CDR_003689,FIR_0010,P002,P029,2026-04-12 14:50:00,174,TOWER_009,voice
CDR_003690,FIR_0006,P044,P032,2026-01-29 15:45:00,27,TOWER_002,sms
CDR_003691,FIR_0022,P009,P042,2026-03-19 19:26:00,301,TOWER_002,sms
CDR_003692,FIR_0008,P011,P028,2026-08-14 05:45:00,868,TOWER_026,sms
CDR_003693,FIR_0003,P027,P060,2026-08-01 17:45:00,85,TOWER_015,voice
CDR_003694,FIR_0004,P052,P053,2026-05-31 17:53:00,428,TOWER_005,voice
CDR_003695,FIR_0007,P057,P037,2026-04-24 17:10:00,388,TOWER_015,voice
CDR_003696,FIR_0012,P041,P011,2026-07-19 02:50:00,292,TOWER_024,voice
CDR_003697,FIR_0014,P048,P005,2026-03-14 09:14:00,678,TOWER_026,sms
CDR_003698,FIR_0002,P052,P016,2026-07-14 09:52:00,137,TOWER_007,voice
CDR_003699,FIR_0001,P035,P025,2026-02-03 16:21:00,596,TOWER_024,sms
CDR_003700,FIR_0026,P002,P049,2026-05-13 15:08:00,559,TOWER_009,voice
CDR_003701,FIR_0029,P052,P039,2026-05-21 00:58:00,870,TOWER_019,sms
CDR_003702,FIR_0017,P049,P028,2026-01-13 17:57:00,679,TOWER_019,voice
CDR_003703,FIR_0024,P045,P036,2026-07-05 22:53:00,135,TOWER_012,sms
CDR_003704,FIR_0023,P050,P032,2026-06-15 23:52:00,166,TOWER_001,voice
CDR_003705,FIR_0003,P047,P059,2026-01-12 17:27:00,871,TOWER_019,sms
CDR_003706,FIR_0007,P036,P038,2026-08-25 06:44:00,351,TOWER_027,voice
CDR_003707,FIR_0009,P060,P047,2026-04-07 10:20:00,778,TOWER_019,sms
CDR_003708,FIR_0021,P019,P045,2026-08-22 08:16:00,726,TOWER_007,voice
CDR_003709,FIR_0002,P001,P059,2026-05-10 12:57:00,291,TOWER_002,voice
CDR_003710,FIR_0006,P015,P022,2026-08-02 12:15:00,837,TOWER_027,sms
CDR_003711,FIR_0018,P012,P030,2026-02-04 19:23:00,352,TOWER_008,voice
CDR_003712,FIR_0012,P020,P057,2026-05-14 05:10:00,137,TOWER_014,sms
CDR_003713,FIR_0018,P008,P025,2026-01-15 06:03:00,661,TOWER_005,voice
CDR_003714,FIR_0024,P042,P034,2026-07-23 13:50:00,111,TOWER_026,sms
CDR_003715,FIR_0010,P030,P034,2026-07-06 18:39:00,880,TOWER_020,sms
CDR_003716,FIR_0024,P055,P033,2026-06-28 04:23:00,772,TOWER_001,voice
CDR_003717,FIR_0021,P030,P036,2026-03-27 18:38:00,460,TOWER_014,sms
CDR_003718,FIR_0005,P041,P025,2026-04-11 15:29:00,854,TOWER_007,voice
CDR_003719,FIR_0015,P027,P043,2026-04-04 04:42:00,687,TOWER_002,voice
CDR_003720,FIR_0029,P015,P002,2026-06-04 00:43:00,833,TOWER_027,voice
CDR_003721,FIR_0023,P027,P050,2026-05-22 10:44:00,214,TOWER_028,voice
CDR_003722,FIR_0015,P058,P042,2026-05-26 12:50:00,166,TOWER_013,sms
CDR_003723,FIR_0019,P060,P033,2026-08-21 11:33:00,556,TOWER_011,voice
CDR_003724,FIR_0018,P004,P032,2026-04-24 08:47:00,488,TOWER_026,voice
CDR_003725,FIR_0024,P058,P052,2026-04-26 12:27:00,734,TOWER_012,voice
CDR_003726,FIR_0017,P045,P029,2026-08-25 15:31:00,128,TOWER_007,sms
CDR_003727,FIR_0001,P043,P005,2026-03-08 19:22:00,899,TOWER_024,sms
CDR_003728,FIR_0014,P048,P010,2026-06-05 19:24:00,622,TOWER_015,sms
CDR_003729,FIR_0030,P008,P022,2026-07-12 15:40:00,180,TOWER_003,sms
CDR_003730,FIR_0011,P010,P009,2026-03-28 23:15:00,608,TOWER_016,voice
CDR_003731,FIR_0022,P028,P006,2026-04-17 08:58:00,92,TOWER_002,sms
CDR_003732,FIR_0001,P033,P004,2026-07-09 16:55:00,310,TOWER_006,voice
CDR_003733,FIR_0020,P056,P001,2026-01-19 11:55:00,219,TOWER_023,sms
CDR_003734,FIR_0016,P049,P010,2026-04-26 00:06:00,36,TOWER_016,sms
CDR_003735,FIR_0030,P040,P057,2026-06-27 19:02:00,121,TOWER_006,sms
CDR_003736,FIR_0003,P009,P054,2026-05-07 02:45:00,661,TOWER_014,sms
CDR_003737,FIR_0018,P023,P012,2026-08-08 08:31:00,281,TOWER_019,voice
CDR_003738,FIR_0013,P035,P057,2026-01-08 20:07:00,644,TOWER_010,sms
CDR_003739,FIR_0022,P006,P039,2026-01-01 16:15:00,514,TOWER_001,sms
CDR_003740,FIR_0008,P016,P031,2026-02-09 01:29:00,564,TOWER_022,voice
CDR_003741,FIR_0015,P010,P016,2026-04-05 07:10:00,162,TOWER_006,sms
CDR_003742,FIR_0021,P029,P004,2026-06-08 10:36:00,782,TOWER_005,voice
CDR_003743,FIR_0023,P039,P028,2026-07-21 12:05:00,293,TOWER_014,voice
CDR_003744,FIR_0022,P027,P059,2026-04-24 03:57:00,360,TOWER_001,voice
CDR_003745,FIR_0012,P029,P005,2026-05-26 03:24:00,643,TOWER_004,sms
CDR_003746,FIR_0028,P010,P023,2026-05-07 17:37:00,422,TOWER_005,sms
CDR_003747,FIR_0020,P053,P008,2026-04-26 02:00:00,20,TOWER_018,voice
CDR_003748,FIR_0001,P014,P029,2026-05-25 15:08:00,444,TOWER_017,sms
CDR_003749,FIR_0023,P013,P009,2026-01-15 02:59:00,196,TOWER_004,sms
CDR_003750,FIR_0027,P006,P053,2026-03-15 09:58:00,496,TOWER_022,sms
CDR_003751,FIR_0019,P024,P049,2026-08-14 14:22:00,162,TOWER_016,voice
CDR_003752,FIR_0022,P021,P005,2026-05-12 05:15:00,429,TOWER_025,voice
CDR_003753,FIR_0009,P022,P032,2026-04-03 15:08:00,525,TOWER_004,sms
CDR_003754,FIR_0004,P033,P060,2026-04-03 09:48:00,815,TOWER_024,voice
CDR_003755,FIR_0023,P020,P050,2026-02-25 06:54:00,679,TOWER_024,sms
CDR_003756,FIR_0013,P010,P008,2026-05-24 04:27:00,588,TOWER_009,sms
CDR_003757,FIR_0016,P015,P029,2026-01-09 18:38:00,58,TOWER_002,voice
CDR_003758,FIR_0025,P019,P010,2026-07-06 22:48:00,777,TOWER_009,voice
CDR_003759,FIR_0019,P041,P017,2026-05-20 00:09:00,311,TOWER_022,voice
CDR_003760,FIR_0005,P009,P017,2026-01-18 01:01:00,158,TOWER_026,voice
CDR_003761,FIR_0022,P029,P039,2026-05-27 13:05:00,526,TOWER_010,sms
CDR_003762,FIR_0013,P022,P002,2026-01-13 10:27:00,714,TOWER_026,voice
CDR_003763,FIR_0003,P036,P038,2026-01-31 20:00:00,72,TOWER_026,voice
CDR_003764,FIR_0020,P031,P039,2026-06-18 11:03:00,521,TOWER_010,sms
CDR_003765,FIR_0022,P058,P046,2026-02-19 19:15:00,211,TOWER_011,voice
CDR_003766,FIR_0013,P011,P044,2026-05-22 18:17:00,285,TOWER_013,sms
CDR_003767,FIR_0001,P053,P023,2026-05-05 15:14:00,26,TOWER_005,sms
CDR_003768,FIR_0020,P051,P036,2026-04-15 10:34:00,307,TOWER_030,voice
CDR_003769,FIR_0029,P034,P042,2026-03-16 00:09:00,471,TOWER_002,voice
CDR_003770,FIR_0005,P051,P005,2026-04-16 20:04:00,456,TOWER_007,sms
CDR_003771,FIR_0028,P058,P027,2026-07-05 08:13:00,644,TOWER_010,sms
CDR_003772,FIR_0019,P009,P040,2026-02-06 19:03:00,684,TOWER_007,sms
CDR_003773,FIR_0001,P040,P054,2026-07-06 02:06:00,652,TOWER_023,voice
CDR_003774,FIR_0003,P039,P036,2026-03-31 01:29:00,882,TOWER_001,voice
CDR_003775,FIR_0026,P035,P040,2026-04-21 22:43:00,382,TOWER_010,voice
CDR_003776,FIR_0017,P042,P027,2026-07-20 03:00:00,484,TOWER_023,voice
CDR_003777,FIR_0005,P030,P036,2026-05-15 21:29:00,714,TOWER_010,sms
CDR_003778,FIR_0026,P030,P047,2026-01-22 08:14:00,260,TOWER_024,voice
CDR_003779,FIR_0010,P003,P005,2026-04-21 15:24:00,118,TOWER_030,sms
CDR_003780,FIR_0012,P001,P040,2026-02-10 03:44:00,114,TOWER_002,sms
CDR_003781,FIR_0006,P025,P040,2026-05-27 15:30:00,810,TOWER_006,sms
CDR_003782,FIR_0011,P052,P051,2026-02-21 15:06:00,300,TOWER_012,voice
CDR_003783,FIR_0001,P019,P047,2026-07-19 22:48:00,465,TOWER_017,sms
CDR_003784,FIR_0009,P053,P020,2026-05-05 14:19:00,639,TOWER_009,sms
CDR_003785,FIR_0023,P014,P012,2026-03-07 17:58:00,112,TOWER_027,voice
CDR_003786,FIR_0026,P028,P038,2026-05-31 11:58:00,548,TOWER_003,sms
CDR_003787,FIR_0014,P058,P025,2026-08-11 20:33:00,215,TOWER_014,sms
CDR_003788,FIR_0006,P013,P004,2026-08-07 10:02:00,215,TOWER_028,sms
CDR_003789,FIR_0024,P017,P013,2026-08-01 12:35:00,606,TOWER_026,voice
CDR_003790,FIR_0013,P046,P016,2026-04-03 14:16:00,403,TOWER_029,voice
CDR_003791,FIR_0011,P007,P013,2026-01-31 08:52:00,891,TOWER_011,sms
CDR_003792,FIR_0015,P008,P053,2026-01-24 21:25:00,315,TOWER_025,voice
CDR_003793,FIR_0025,P003,P059,2026-01-19 14:55:00,874,TOWER_022,voice
CDR_003794,FIR_0004,P010,P031,2026-03-20 09:56:00,261,TOWER_023,voice
CDR_003795,FIR_0015,P024,P019,2026-08-18 11:44:00,108,TOWER_011,voice
CDR_003796,FIR_0007,P057,P058,2026-07-04 15:54:00,216,TOWER_006,sms
CDR_003797,FIR_0006,P050,P054,2026-08-21 02:50:00,30,TOWER_009,sms
CDR_003798,FIR_0006,P029,P003,2026-01-21 13:27:00,158,TOWER_030,sms
CDR_003799,FIR_0020,P027,P021,2026-02-22 20:15:00,570,TOWER_026,sms
CDR_003800,FIR_0018,P001,P002,2026-05-10 09:16:00,507,TOWER_012,sms
CDR_003801,FIR_0001,P028,P040,2026-01-03 13:36:00,185,TOWER_025,sms
CDR_003802,FIR_0025,P018,P001,2026-03-13 18:08:00,323,TOWER_024,voice
CDR_003803,FIR_0027,P028,P003,2026-08-24 18:41:00,277,TOWER_030,sms
CDR_003804,FIR_0025,P032,P016,2026-07-10 07:38:00,266,TOWER_003,sms
CDR_003805,FIR_0022,P013,P060,2026-02-27 16:30:00,876,TOWER_007,voice
CDR_003806,FIR_0001,P059,P002,2026-08-12 08:06:00,49,TOWER_014,sms
CDR_003807,FIR_0018,P040,P014,2026-04-06 09:19:00,394,TOWER_028,voice
CDR_003808,FIR_0008,P005,P011,2026-04-24 06:33:00,748,TOWER_019,voice
CDR_003809,FIR_0018,P002,P023,2026-04-28 03:22:00,265,TOWER_006,sms
CDR_003810,FIR_0001,P017,P019,2026-01-20 00:03:00,447,TOWER_008,voice
CDR_003811,FIR_0017,P002,P047,2026-05-31 08:57:00,394,TOWER_016,voice
CDR_003812,FIR_0016,P048,P044,2026-05-28 05:32:00,349,TOWER_016,voice
CDR_003813,FIR_0001,P022,P007,2026-08-16 04:47:00,52,TOWER_009,voice
CDR_003814,FIR_0008,P021,P042,2026-08-22 14:32:00,803,TOWER_019,voice
CDR_003815,FIR_0026,P021,P020,2026-08-07 05:54:00,747,TOWER_029,sms
CDR_003816,FIR_0013,P050,P040,2026-03-16 13:26:00,379,TOWER_007,sms
CDR_003817,FIR_0018,P044,P053,2026-08-16 01:18:00,650,TOWER_015,sms
CDR_003818,FIR_0013,P002,P035,2026-02-25 09:26:00,518,TOWER_014,sms
CDR_003819,FIR_0009,P035,P016,2026-05-08 20:01:00,601,TOWER_016,voice
CDR_003820,FIR_0030,P023,P009,2026-03-21 11:02:00,43,TOWER_016,sms
CDR_003821,FIR_0022,P052,P007,2026-01-13 11:30:00,520,TOWER_017,voice
CDR_003822,FIR_0010,P007,P004,2026-07-21 16:02:00,460,TOWER_020,sms
CDR_003823,FIR_0027,P054,P030,2026-06-22 04:21:00,827,TOWER_014,voice
CDR_003824,FIR_0007,P056,P029,2026-06-08 04:20:00,426,TOWER_016,sms
CDR_003825,FIR_0028,P012,P032,2026-07-31 06:37:00,645,TOWER_005,voice
CDR_003826,FIR_0022,P025,P046,2026-08-25 01:03:00,340,TOWER_003,sms
CDR_003827,FIR_0006,P049,P002,2026-07-26 07:35:00,464,TOWER_012,voice
CDR_003828,FIR_0017,P022,P047,2026-04-25 14:54:00,80,TOWER_030,voice
CDR_003829,FIR_0026,P020,P043,2026-06-27 15:42:00,94,TOWER_025,sms
CDR_003830,FIR_0030,P020,P002,2026-04-06 10:50:00,557,TOWER_010,sms
CDR_003831,FIR_0007,P053,P010,2026-02-08 12:19:00,398,TOWER_025,sms
CDR_003832,FIR_0027,P033,P021,2026-06-12 13:57:00,331,TOWER_028,voice
CDR_003833,FIR_0005,P040,P022,2026-02-13 20:30:00,408,TOWER_010,sms
CDR_003834,FIR_0013,P053,P048,2026-01-09 05:05:00,860,TOWER_024,sms
CDR_003835,FIR_0001,P050,P058,2026-05-27 17:42:00,900,TOWER_013,voice
CDR_003836,FIR_0006,P018,P027,2026-07-22 20:41:00,80,TOWER_014,sms
CDR_003837,FIR_0013,P018,P022,2026-04-17 13:11:00,826,TOWER_012,sms
CDR_003838,FIR_0030,P053,P007,2026-05-20 01:57:00,684,TOWER_011,sms
CDR_003839,FIR_0024,P035,P025,2026-05-25 20:20:00,318,TOWER_015,sms
CDR_003840,FIR_0018,P031,P045,2026-08-08 14:48:00,726,TOWER_019,voice
CDR_003841,FIR_0018,P036,P028,2026-01-26 07:12:00,212,TOWER_026,voice
CDR_003842,FIR_0005,P005,P009,2026-08-10 05:11:00,501,TOWER_001,voice
CDR_003843,FIR_0028,P013,P034,2026-07-26 07:09:00,537,TOWER_012,voice
CDR_003844,FIR_0020,P028,P004,2026-03-01 14:43:00,200,TOWER_007,sms
CDR_003845,FIR_0029,P059,P025,2026-07-01 00:44:00,434,TOWER_028,voice
CDR_003846,FIR_0006,P041,P007,2026-02-23 10:52:00,255,TOWER_003,voice
CDR_003847,FIR_0025,P042,P038,2026-08-23 05:09:00,68,TOWER_006,voice
CDR_003848,FIR_0002,P060,P003,2026-05-02 08:13:00,311,TOWER_015,sms
CDR_003849,FIR_0013,P060,P013,2026-02-10 18:03:00,337,TOWER_002,voice
CDR_003850,FIR_0024,P029,P026,2026-02-06 02:02:00,485,TOWER_012,voice
CDR_003851,FIR_0018,P038,P001,2026-01-29 13:54:00,539,TOWER_029,voice
CDR_003852,FIR_0008,P037,P009,2026-07-02 20:14:00,721,TOWER_030,sms
CDR_003853,FIR_0017,P049,P019,2026-07-04 15:58:00,546,TOWER_029,voice
CDR_003854,FIR_0012,P011,P060,2026-08-24 03:39:00,139,TOWER_013,voice
CDR_003855,FIR_0004,P026,P012,2026-02-15 05:58:00,93,TOWER_005,voice
CDR_003856,FIR_0024,P022,P009,2026-01-21 15:43:00,719,TOWER_026,sms
CDR_003857,FIR_0015,P029,P050,2026-07-29 10:04:00,182,TOWER_001,sms
CDR_003858,FIR_0003,P047,P052,2026-01-03 11:33:00,181,TOWER_016,voice
CDR_003859,FIR_0009,P033,P022,2026-03-28 23:19:00,13,TOWER_013,voice
CDR_003860,FIR_0005,P054,P056,2026-08-21 15:14:00,880,TOWER_028,sms
CDR_003861,FIR_0006,P019,P039,2026-05-09 09:34:00,219,TOWER_005,sms
CDR_003862,FIR_0029,P022,P011,2026-07-27 04:03:00,367,TOWER_011,voice
CDR_003863,FIR_0005,P055,P010,2026-07-30 08:44:00,725,TOWER_001,sms
CDR_003864,FIR_0007,P058,P030,2026-03-23 19:15:00,747,TOWER_027,voice
CDR_003865,FIR_0026,P057,P041,2026-08-25 17:57:00,411,TOWER_024,voice
CDR_003866,FIR_0025,P021,P045,2026-03-17 22:13:00,556,TOWER_030,voice
CDR_003867,FIR_0007,P012,P031,2026-02-01 19:36:00,625,TOWER_014,voice
CDR_003868,FIR_0029,P012,P013,2026-01-01 11:29:00,677,TOWER_012,sms
CDR_003869,FIR_0008,P006,P013,2026-02-08 17:34:00,373,TOWER_012,voice
CDR_003870,FIR_0017,P057,P020,2026-04-02 16:20:00,267,TOWER_021,voice
CDR_003871,FIR_0014,P019,P016,2026-03-30 07:28:00,181,TOWER_026,voice
CDR_003872,FIR_0010,P058,P043,2026-01-31 00:54:00,73,TOWER_030,voice
CDR_003873,FIR_0018,P009,P035,2026-06-15 08:02:00,415,TOWER_005,sms
CDR_003874,FIR_0001,P031,P047,2026-06-18 18:24:00,133,TOWER_029,sms
CDR_003875,FIR_0001,P023,P012,2026-02-23 03:52:00,761,TOWER_002,sms
CDR_003876,FIR_0023,P050,P058,2026-03-19 17:57:00,692,TOWER_005,sms
CDR_003877,FIR_0018,P023,P046,2026-02-21 05:35:00,726,TOWER_026,sms
CDR_003878,FIR_0003,P052,P012,2026-01-04 07:01:00,649,TOWER_002,sms
CDR_003879,FIR_0011,P029,P042,2026-06-24 10:50:00,391,TOWER_008,sms
CDR_003880,FIR_0002,P039,P032,2026-03-01 00:02:00,319,TOWER_006,voice
CDR_003881,FIR_0026,P060,P037,2026-07-25 06:49:00,472,TOWER_027,sms
CDR_003882,FIR_0003,P015,P025,2026-06-02 05:25:00,737,TOWER_027,sms
CDR_003883,FIR_0004,P009,P016,2026-01-24 08:21:00,815,TOWER_008,voice
CDR_003884,FIR_0022,P026,P017,2026-08-05 22:52:00,576,TOWER_029,voice
CDR_003885,FIR_0025,P053,P021,2026-01-15 23:40:00,387,TOWER_020,voice
CDR_003886,FIR_0013,P020,P014,2026-02-11 00:19:00,165,TOWER_019,voice
CDR_003887,FIR_0018,P016,P012,2026-06-09 07:36:00,322,TOWER_020,sms
CDR_003888,FIR_0023,P009,P010,2026-04-30 10:05:00,776,TOWER_014,sms
CDR_003889,FIR_0024,P034,P011,2026-04-09 17:14:00,247,TOWER_001,sms
CDR_003890,FIR_0029,P053,P036,2026-05-01 08:06:00,725,TOWER_026,sms
CDR_003891,FIR_0007,P044,P019,2026-01-25 01:18:00,635,TOWER_026,sms
CDR_003892,FIR_0010,P041,P042,2026-07-27 16:23:00,140,TOWER_028,voice
CDR_003893,FIR_0025,P033,P019,2026-06-18 10:21:00,860,TOWER_012,voice
CDR_003894,FIR_0022,P042,P011,2026-03-28 20:16:00,84,TOWER_025,voice
CDR_003895,FIR_0030,P008,P011,2026-03-10 02:33:00,560,TOWER_012,sms
CDR_003896,FIR_0026,P035,P053,2026-03-27 04:31:00,754,TOWER_020,sms
CDR_003897,FIR_0001,P049,P009,2026-03-22 17:14:00,170,TOWER_028,voice
CDR_003898,FIR_0018,P058,P057,2026-01-17 11:45:00,615,TOWER_022,sms
CDR_003899,FIR_0013,P031,P035,2026-07-01 10:05:00,794,TOWER_019,voice
CDR_003900,FIR_0021,P009,P014,2026-07-18 15:00:00,201,TOWER_020,voice
CDR_003901,FIR_0027,P042,P005,2026-06-17 05:59:00,800,TOWER_029,voice
CDR_003902,FIR_0023,P029,P049,2026-01-27 19:58:00,664,TOWER_015,voice
CDR_003903,FIR_0021,P036,P033,2026-08-31 12:50:00,219,TOWER_014,voice
CDR_003904,FIR_0010,P043,P010,2026-01-27 20:31:00,523,TOWER_018,voice
CDR_003905,FIR_0030,P015,P056,2026-04-27 06:47:00,710,TOWER_002,voice
CDR_003906,FIR_0021,P014,P036,2026-05-31 10:58:00,435,TOWER_029,sms
CDR_003907,FIR_0008,P056,P004,2026-07-25 13:32:00,370,TOWER_020,sms
CDR_003908,FIR_0023,P042,P012,2026-02-01 08:16:00,527,TOWER_020,voice
CDR_003909,FIR_0028,P013,P007,2026-07-09 00:48:00,59,TOWER_009,voice
CDR_003910,FIR_0025,P044,P054,2026-03-26 09:33:00,102,TOWER_004,voice
CDR_003911,FIR_0003,P011,P024,2026-03-26 06:34:00,292,TOWER_013,voice
CDR_003912,FIR_0015,P006,P007,2026-05-17 14:57:00,777,TOWER_006,voice
CDR_003913,FIR_0009,P048,P050,2026-04-16 17:54:00,90,TOWER_012,sms
CDR_003914,FIR_0021,P011,P001,2026-03-12 03:18:00,782,TOWER_016,sms
CDR_003915,FIR_0024,P043,P013,2026-06-30 16:54:00,250,TOWER_012,voice
CDR_003916,FIR_0005,P047,P053,2026-06-20 18:45:00,249,TOWER_003,voice
CDR_003917,FIR_0028,P033,P035,2026-03-05 17:26:00,660,TOWER_017,sms
CDR_003918,FIR_0011,P020,P054,2026-08-30 19:27:00,735,TOWER_007,voice
CDR_003919,FIR_0026,P051,P038,2026-06-10 04:44:00,866,TOWER_023,voice
CDR_003920,FIR_0010,P027,P033,2026-04-06 05:11:00,522,TOWER_018,voice
CDR_003921,FIR_0005,P028,P051,2026-05-30 05:43:00,786,TOWER_030,voice
CDR_003922,FIR_0013,P028,P003,2026-05-07 04:22:00,331,TOWER_016,sms
CDR_003923,FIR_0001,P004,P022,2026-06-08 20:36:00,644,TOWER_029,sms
CDR_003924,FIR_0019,P042,P020,2026-06-02 14:11:00,207,TOWER_022,sms
CDR_003925,FIR_0012,P022,P052,2026-02-26 18:38:00,482,TOWER_019,voice
CDR_003926,FIR_0029,P015,P041,2026-01-20 00:09:00,586,TOWER_014,voice
CDR_003927,FIR_0002,P007,P012,2026-01-28 12:30:00,157,TOWER_002,voice
CDR_003928,FIR_0024,P044,P011,2026-05-21 05:43:00,374,TOWER_022,voice
CDR_003929,FIR_0017,P005,P007,2026-07-02 15:39:00,781,TOWER_019,voice
CDR_003930,FIR_0001,P021,P059,2026-08-05 21:05:00,760,TOWER_002,voice
CDR_003931,FIR_0017,P028,P034,2026-04-19 22:48:00,830,TOWER_003,sms
CDR_003932,FIR_0001,P059,P055,2026-03-31 03:50:00,294,TOWER_009,sms
CDR_003933,FIR_0018,P054,P037,2026-01-17 17:42:00,234,TOWER_013,sms
CDR_003934,FIR_0003,P040,P006,2026-08-01 07:02:00,579,TOWER_025,voice
CDR_003935,FIR_0027,P007,P011,2026-01-20 13:44:00,823,TOWER_018,voice
CDR_003936,FIR_0013,P054,P024,2026-08-03 21:40:00,657,TOWER_029,voice
CDR_003937,FIR_0003,P037,P041,2026-08-03 11:13:00,266,TOWER_005,sms
CDR_003938,FIR_0021,P013,P016,2026-07-18 23:46:00,112,TOWER_007,sms
CDR_003939,FIR_0007,P039,P042,2026-06-23 08:05:00,191,TOWER_010,sms
CDR_003940,FIR_0001,P008,P027,2026-01-27 22:05:00,855,TOWER_010,voice
CDR_003941,FIR_0020,P004,P034,2026-04-17 03:03:00,731,TOWER_011,sms
CDR_003942,FIR_0008,P035,P006,2026-04-20 07:56:00,688,TOWER_012,sms
CDR_003943,FIR_0020,P042,P023,2026-03-09 11:30:00,588,TOWER_025,voice
CDR_003944,FIR_0027,P001,P047,2026-07-01 22:27:00,152,TOWER_019,sms
CDR_003945,FIR_0027,P037,P041,2026-08-03 12:58:00,56,TOWER_019,sms
CDR_003946,FIR_0009,P040,P020,2026-03-14 04:20:00,792,TOWER_003,voice
CDR_003947,FIR_0001,P043,P044,2026-02-04 15:40:00,22,TOWER_016,sms
CDR_003948,FIR_0010,P052,P039,2026-01-25 00:18:00,596,TOWER_023,voice
CDR_003949,FIR_0028,P007,P032,2026-01-09 05:24:00,380,TOWER_007,voice
CDR_003950,FIR_0014,P025,P029,2026-02-11 03:23:00,588,TOWER_010,voice
CDR_003951,FIR_0016,P037,P010,2026-06-15 19:32:00,882,TOWER_025,voice
CDR_003952,FIR_0029,P017,P023,2026-01-23 01:47:00,182,TOWER_003,voice
CDR_003953,FIR_0003,P023,P041,2026-01-10 13:40:00,396,TOWER_020,sms
CDR_003954,FIR_0015,P055,P029,2026-03-12 02:08:00,725,TOWER_027,sms
CDR_003955,FIR_0011,P015,P036,2026-08-20 01:36:00,759,TOWER_015,voice
CDR_003956,FIR_0024,P060,P035,2026-05-07 04:59:00,303,TOWER_022,voice
CDR_003957,FIR_0025,P035,P001,2026-02-12 13:54:00,272,TOWER_013,voice
CDR_003958,FIR_0011,P050,P042,2026-08-12 12:41:00,779,TOWER_006,sms
CDR_003959,FIR_0019,P043,P015,2026-03-08 11:06:00,747,TOWER_001,sms
CDR_003960,FIR_0004,P027,P029,2026-02-20 10:10:00,384,TOWER_002,sms
CDR_003961,FIR_0030,P009,P058,2026-02-21 18:32:00,553,TOWER_018,sms
CDR_003962,FIR_0008,P017,P056,2026-07-30 13:48:00,256,TOWER_003,sms
CDR_003963,FIR_0010,P033,P032,2026-01-15 12:05:00,393,TOWER_003,sms
CDR_003964,FIR_0011,P020,P057,2026-08-20 12:07:00,703,TOWER_020,sms
CDR_003965,FIR_0014,P017,P012,2026-02-19 09:48:00,256,TOWER_009,sms
CDR_003966,FIR_0022,P044,P041,2026-06-08 10:08:00,70,TOWER_001,sms
CDR_003967,FIR_0002,P046,P004,2026-08-31 01:46:00,169,TOWER_004,sms
CDR_003968,FIR_0018,P034,P059,2026-05-02 01:49:00,535,TOWER_020,sms
CDR_003969,FIR_0016,P020,P001,2026-04-21 16:20:00,781,TOWER_001,sms
CDR_003970,FIR_0006,P014,P033,2026-04-17 22:03:00,437,TOWER_027,sms
CDR_003971,FIR_0001,P014,P003,2026-07-23 09:57:00,160,TOWER_022,sms
CDR_003972,FIR_0005,P032,P038,2026-03-05 16:03:00,328,TOWER_002,sms
CDR_003973,FIR_0002,P017,P033,2026-04-27 14:39:00,418,TOWER_015,voice
CDR_003974,FIR_0011,P016,P004,2026-08-18 16:46:00,721,TOWER_022,voice
CDR_003975,FIR_0001,P036,P033,2026-08-30 10:05:00,569,TOWER_018,sms
CDR_003976,FIR_0014,P005,P002,2026-08-08 05:18:00,676,TOWER_016,sms
CDR_003977,FIR_0022,P031,P006,2026-04-10 19:01:00,639,TOWER_007,voice
CDR_003978,FIR_0027,P058,P034,2026-06-29 12:22:00,745,TOWER_020,sms
CDR_003979,FIR_0023,P029,P019,2026-06-11 01:57:00,642,TOWER_022,sms
CDR_003980,FIR_0003,P018,P040,2026-04-20 18:42:00,844,TOWER_002,voice
CDR_003981,FIR_0017,P052,P010,2026-02-22 16:36:00,401,TOWER_006,voice
CDR_003982,FIR_0022,P059,P047,2026-02-10 00:01:00,514,TOWER_002,voice
CDR_003983,FIR_0011,P047,P012,2026-03-28 09:10:00,500,TOWER_009,sms
CDR_003984,FIR_0018,P039,P034,2026-06-19 19:13:00,269,TOWER_018,sms
CDR_003985,FIR_0025,P011,P040,2026-02-22 22:54:00,399,TOWER_010,sms
CDR_003986,FIR_0027,P020,P009,2026-06-03 06:38:00,144,TOWER_017,sms
CDR_003987,FIR_0020,P022,P040,2026-03-19 18:23:00,514,TOWER_014,voice
CDR_003988,FIR_0006,P004,P005,2026-01-13 12:30:00,620,TOWER_030,voice
CDR_003989,FIR_0010,P021,P007,2026-05-16 14:25:00,166,TOWER_027,sms
CDR_003990,FIR_0013,P011,P045,2026-07-11 20:14:00,452,TOWER_013,voice
CDR_003991,FIR_0015,P010,P005,2026-04-10 16:45:00,475,TOWER_008,voice
CDR_003992,FIR_0012,P016,P009,2026-01-24 19:14:00,826,TOWER_011,voice
CDR_003993,FIR_0023,P009,P042,2026-04-21 21:39:00,120,TOWER_009,voice
CDR_003994,FIR_0002,P028,P001,2026-01-15 17:34:00,370,TOWER_017,sms
CDR_003995,FIR_0028,P020,P025,2026-02-07 19:02:00,364,TOWER_017,sms
CDR_003996,FIR_0018,P028,P040,2026-01-06 17:09:00,340,TOWER_015,voice
CDR_003997,FIR_0020,P017,P034,2026-01-17 20:39:00,781,TOWER_023,voice
CDR_003998,FIR_0002,P020,P053,2026-08-17 15:53:00,346,TOWER_018,voice
CDR_003999,FIR_0002,P055,P059,2026-04-10 11:25:00,744,TOWER_022,voice
CDR_004000,FIR_0005,P021,P030,2026-04-05 13:17:00,854,TOWER_021,voice
CDR_004001,FIR_0023,P022,P035,2026-01-24 08:18:00,148,TOWER_028,sms
CDR_004002,FIR_0024,P039,P002,2026-05-19 13:52:00,767,TOWER_016,voice
CDR_004003,FIR_0006,P050,P009,2026-06-22 10:26:00,514,TOWER_028,voice
CDR_004004,FIR_0004,P050,P005,2026-04-27 09:41:00,383,TOWER_014,voice
CDR_004005,FIR_0024,P031,P038,2026-01-13 22:37:00,774,TOWER_011,voice
CDR_004006,FIR_0010,P047,P012,2026-02-28 16:32:00,87,TOWER_020,sms
CDR_004007,FIR_0020,P032,P041,2026-06-23 19:38:00,603,TOWER_013,voice
CDR_004008,FIR_0008,P025,P032,2026-07-20 19:44:00,249,TOWER_019,voice
CDR_004009,FIR_0022,P007,P057,2026-05-09 08:51:00,16,TOWER_003,sms
CDR_004010,FIR_0003,P002,P036,2026-04-15 19:47:00,287,TOWER_009,sms
CDR_004011,FIR_0014,P005,P046,2026-07-27 19:05:00,747,TOWER_023,voice
CDR_004012,FIR_0001,P027,P042,2026-01-16 00:38:00,756,TOWER_006,sms
CDR_004013,FIR_0017,P048,P009,2026-04-02 12:53:00,401,TOWER_008,sms
CDR_004014,FIR_0008,P055,P052,2026-01-03 23:34:00,732,TOWER_014,voice
CDR_004015,FIR_0029,P050,P032,2026-02-16 03:47:00,753,TOWER_024,sms
CDR_004016,FIR_0009,P005,P035,2026-08-06 02:56:00,54,TOWER_014,sms
CDR_004017,FIR_0003,P046,P017,2026-07-31 02:52:00,656,TOWER_023,voice
CDR_004018,FIR_0003,P055,P002,2026-07-15 16:07:00,48,TOWER_023,sms
CDR_004019,FIR_0018,P010,P022,2026-05-24 00:54:00,422,TOWER_012,voice
CDR_004020,FIR_0021,P057,P018,2026-04-19 06:01:00,864,TOWER_018,sms
CDR_004021,FIR_0022,P004,P030,2026-02-24 12:06:00,689,TOWER_026,sms
CDR_004022,FIR_0008,P023,P048,2026-04-04 00:56:00,56,TOWER_007,sms
CDR_004023,FIR_0017,P022,P060,2026-06-21 19:09:00,638,TOWER_019,voice
CDR_004024,FIR_0003,P050,P017,2026-06-03 18:18:00,272,TOWER_007,voice
CDR_004025,FIR_0001,P048,P031,2026-04-23 06:58:00,831,TOWER_016,sms
CDR_004026,FIR_0019,P034,P014,2026-07-13 22:16:00,305,TOWER_010,voice
CDR_004027,FIR_0021,P017,P029,2026-03-09 12:25:00,79,TOWER_006,voice
CDR_004028,FIR_0012,P003,P007,2026-02-06 15:59:00,305,TOWER_029,voice
CDR_004029,FIR_0007,P036,P012,2026-04-30 11:43:00,499,TOWER_003,voice
CDR_004030,FIR_0005,P022,P051,2026-04-02 22:16:00,842,TOWER_026,sms
CDR_004031,FIR_0007,P009,P038,2026-03-13 08:15:00,348,TOWER_025,voice
CDR_004032,FIR_0021,P054,P044,2026-01-24 13:03:00,22,TOWER_001,sms
CDR_004033,FIR_0028,P030,P016,2026-06-26 21:23:00,468,TOWER_020,sms
CDR_004034,FIR_0014,P027,P043,2026-07-15 19:30:00,40,TOWER_020,sms
CDR_004035,FIR_0010,P036,P056,2026-05-04 07:36:00,181,TOWER_025,sms
CDR_004036,FIR_0008,P014,P033,2026-06-13 21:35:00,126,TOWER_004,sms
CDR_004037,FIR_0014,P039,P029,2026-04-21 12:34:00,139,TOWER_016,sms
CDR_004038,FIR_0010,P006,P036,2026-05-06 19:52:00,640,TOWER_022,voice
CDR_004039,FIR_0008,P023,P037,2026-01-13 11:54:00,604,TOWER_009,sms
CDR_004040,FIR_0017,P045,P016,2026-06-24 14:07:00,419,TOWER_006,voice
CDR_004041,FIR_0026,P058,P025,2026-05-06 11:01:00,167,TOWER_002,sms
CDR_004042,FIR_0010,P039,P011,2026-07-26 14:32:00,384,TOWER_001,voice
CDR_004043,FIR_0010,P008,P039,2026-02-11 12:34:00,266,TOWER_003,voice
CDR_004044,FIR_0008,P048,P060,2026-01-23 17:09:00,841,TOWER_007,voice
CDR_004045,FIR_0009,P027,P041,2026-07-18 02:43:00,775,TOWER_026,voice
CDR_004046,FIR_0029,P016,P042,2026-07-17 18:35:00,203,TOWER_009,sms
CDR_004047,FIR_0019,P001,P049,2026-05-18 02:44:00,360,TOWER_003,sms
CDR_004048,FIR_0024,P027,P056,2026-01-15 02:51:00,81,TOWER_001,voice
CDR_004049,FIR_0015,P004,P039,2026-01-30 16:54:00,38,TOWER_020,sms
CDR_004050,FIR_0006,P017,P011,2026-04-27 19:17:00,828,TOWER_020,sms
CDR_004051,FIR_0003,P058,P053,2026-01-20 07:29:00,803,TOWER_017,voice
CDR_004052,FIR_0028,P035,P051,2026-07-04 14:16:00,372,TOWER_018,sms
CDR_004053,FIR_0012,P054,P048,2026-01-30 01:33:00,232,TOWER_030,voice
CDR_004054,FIR_0022,P036,P015,2026-04-21 14:15:00,686,TOWER_006,voice
CDR_004055,FIR_0005,P055,P005,2026-04-23 05:14:00,148,TOWER_004,sms
CDR_004056,FIR_0024,P053,P003,2026-04-15 18:51:00,793,TOWER_017,voice
CDR_004057,FIR_0015,P038,P011,2026-03-04 17:16:00,676,TOWER_018,voice
CDR_004058,FIR_0011,P021,P037,2026-01-25 06:52:00,589,TOWER_028,voice
CDR_004059,FIR_0016,P051,P037,2026-04-27 06:44:00,213,TOWER_005,sms
CDR_004060,FIR_0007,P059,P009,2026-04-22 02:18:00,677,TOWER_005,voice
CDR_004061,FIR_0003,P044,P037,2026-08-05 08:08:00,770,TOWER_004,voice
CDR_004062,FIR_0004,P017,P031,2026-05-09 02:16:00,740,TOWER_010,voice
CDR_004063,FIR_0018,P042,P036,2026-02-13 19:14:00,748,TOWER_009,voice
CDR_004064,FIR_0028,P058,P051,2026-01-04 07:04:00,436,TOWER_025,voice
CDR_004065,FIR_0017,P026,P034,2026-02-09 14:17:00,257,TOWER_005,voice
CDR_004066,FIR_0023,P051,P028,2026-01-27 20:05:00,416,TOWER_014,voice
CDR_004067,FIR_0010,P003,P023,2026-06-07 13:00:00,115,TOWER_015,voice
CDR_004068,FIR_0001,P043,P050,2026-02-17 07:33:00,449,TOWER_028,voice
CDR_004069,FIR_0001,P001,P012,2026-03-07 03:47:00,896,TOWER_022,sms
CDR_004070,FIR_0007,P017,P043,2026-01-04 18:55:00,192,TOWER_018,sms
CDR_004071,FIR_0011,P007,P042,2026-06-14 14:57:00,317,TOWER_026,sms
CDR_004072,FIR_0013,P011,P025,2026-07-04 19:14:00,890,TOWER_025,sms
CDR_004073,FIR_0007,P046,P033,2026-01-09 07:39:00,301,TOWER_028,sms
CDR_004074,FIR_0030,P018,P033,2026-07-11 01:28:00,226,TOWER_021,sms
CDR_004075,FIR_0007,P007,P040,2026-01-13 16:52:00,842,TOWER_025,sms
CDR_004076,FIR_0009,P017,P003,2026-02-20 05:35:00,276,TOWER_010,sms
CDR_004077,FIR_0012,P027,P033,2026-04-22 14:27:00,886,TOWER_014,sms
CDR_004078,FIR_0007,P051,P050,2026-01-17 08:28:00,115,TOWER_025,sms
CDR_004079,FIR_0029,P034,P028,2026-01-30 07:39:00,656,TOWER_024,voice
CDR_004080,FIR_0014,P033,P030,2026-03-08 19:14:00,773,TOWER_021,sms
CDR_004081,FIR_0025,P025,P027,2026-03-19 21:54:00,740,TOWER_024,sms
CDR_004082,FIR_0010,P059,P035,2026-04-16 05:16:00,54,TOWER_019,sms
CDR_004083,FIR_0001,P056,P031,2026-04-23 07:17:00,777,TOWER_023,sms
CDR_004084,FIR_0021,P040,P060,2026-02-16 18:59:00,870,TOWER_007,sms
CDR_004085,FIR_0016,P005,P019,2026-02-20 15:59:00,342,TOWER_016,sms
CDR_004086,FIR_0025,P054,P018,2026-03-17 09:36:00,888,TOWER_013,sms
CDR_004087,FIR_0007,P053,P050,2026-07-11 11:57:00,831,TOWER_026,sms
CDR_004088,FIR_0010,P037,P050,2026-07-22 21:16:00,125,TOWER_020,voice
CDR_004089,FIR_0010,P036,P034,2026-06-22 10:29:00,856,TOWER_009,sms
CDR_004090,FIR_0001,P001,P048,2026-06-22 08:17:00,345,TOWER_002,voice
CDR_004091,FIR_0008,P007,P033,2026-08-27 03:16:00,161,TOWER_010,sms
CDR_004092,FIR_0008,P005,P008,2026-07-28 17:09:00,375,TOWER_001,voice
CDR_004093,FIR_0025,P059,P044,2026-03-13 13:32:00,77,TOWER_014,sms
CDR_004094,FIR_0017,P058,P048,2026-08-13 22:25:00,283,TOWER_001,sms
CDR_004095,FIR_0027,P048,P055,2026-05-17 14:27:00,374,TOWER_028,voice
CDR_004096,FIR_0010,P049,P002,2026-06-29 02:12:00,222,TOWER_027,voice
CDR_004097,FIR_0008,P053,P039,2026-06-27 16:59:00,675,TOWER_017,sms
CDR_004098,FIR_0030,P025,P005,2026-03-17 19:39:00,113,TOWER_016,sms
CDR_004099,FIR_0024,P030,P031,2026-08-11 03:44:00,142,TOWER_009,sms
CDR_004100,FIR_0027,P050,P030,2026-06-18 21:24:00,373,TOWER_022,voice
CDR_004101,FIR_0004,P055,P029,2026-04-27 04:49:00,419,TOWER_011,sms
CDR_004102,FIR_0008,P033,P040,2026-02-17 07:34:00,195,TOWER_019,sms
CDR_004103,FIR_0012,P023,P037,2026-07-24 21:06:00,308,TOWER_028,sms
CDR_004104,FIR_0005,P019,P013,2026-02-13 22:38:00,706,TOWER_011,voice
CDR_004105,FIR_0009,P058,P028,2026-05-31 18:11:00,321,TOWER_026,voice
CDR_004106,FIR_0019,P026,P031,2026-07-28 12:40:00,677,TOWER_029,sms
CDR_004107,FIR_0014,P022,P013,2026-01-17 20:22:00,355,TOWER_001,voice
CDR_004108,FIR_0027,P055,P041,2026-06-16 03:13:00,503,TOWER_020,sms
CDR_004109,FIR_0023,P050,P034,2026-02-27 16:08:00,510,TOWER_022,voice
CDR_004110,FIR_0001,P004,P053,2026-01-20 01:48:00,525,TOWER_003,voice
CDR_004111,FIR_0029,P010,P037,2026-05-21 16:01:00,79,TOWER_023,voice
CDR_004112,FIR_0009,P043,P036,2026-04-24 15:03:00,198,TOWER_029,voice
CDR_004113,FIR_0021,P027,P058,2026-03-10 16:35:00,643,TOWER_018,voice
CDR_004114,FIR_0017,P031,P041,2026-05-13 20:31:00,791,TOWER_016,sms
CDR_004115,FIR_0013,P010,P020,2026-02-13 15:49:00,615,TOWER_015,voice
CDR_004116,FIR_0030,P014,P048,2026-01-18 12:58:00,347,TOWER_004,sms
CDR_004117,FIR_0021,P003,P013,2026-03-25 16:26:00,854,TOWER_005,voice
CDR_004118,FIR_0004,P019,P047,2026-08-20 09:51:00,480,TOWER_005,voice
CDR_004119,FIR_0019,P054,P009,2026-04-17 10:01:00,252,TOWER_006,voice
CDR_004120,FIR_0021,P050,P045,2026-03-01 23:36:00,854,TOWER_020,voice
CDR_004121,FIR_0006,P038,P028,2026-08-29 03:07:00,164,TOWER_028,voice
CDR_004122,FIR_0026,P060,P003,2026-05-16 14:50:00,838,TOWER_017,sms
CDR_004123,FIR_0003,P010,P059,2026-08-06 14:41:00,250,TOWER_009,sms
CDR_004124,FIR_0005,P004,P056,2026-02-09 05:38:00,254,TOWER_005,sms
CDR_004125,FIR_0019,P036,P060,2026-06-02 12:28:00,139,TOWER_024,sms
CDR_004126,FIR_0020,P017,P032,2026-02-28 14:13:00,140,TOWER_017,voice
CDR_004127,FIR_0013,P026,P046,2026-08-23 23:28:00,395,TOWER_021,voice
CDR_004128,FIR_0019,P046,P021,2026-06-02 11:54:00,63,TOWER_030,sms
CDR_004129,FIR_0029,P043,P037,2026-07-07 04:29:00,495,TOWER_026,sms
CDR_004130,FIR_0018,P038,P005,2026-05-23 17:16:00,684,TOWER_011,sms
CDR_004131,FIR_0011,P031,P019,2026-03-07 12:16:00,468,TOWER_017,voice
CDR_004132,FIR_0021,P051,P025,2026-06-04 19:49:00,884,TOWER_014,voice
CDR_004133,FIR_0014,P058,P038,2026-06-29 17:32:00,796,TOWER_004,sms
CDR_004134,FIR_0013,P056,P023,2026-07-27 18:54:00,211,TOWER_020,sms
CDR_004135,FIR_0012,P040,P036,2026-01-22 08:14:00,191,TOWER_009,sms
CDR_004136,FIR_0019,P042,P047,2026-06-01 08:03:00,761,TOWER_021,sms
CDR_004137,FIR_0015,P049,P050,2026-03-24 10:36:00,760,TOWER_008,sms
CDR_004138,FIR_0021,P038,P026,2026-08-07 05:09:00,594,TOWER_003,sms
CDR_004139,FIR_0001,P013,P049,2026-08-10 07:11:00,885,TOWER_016,sms
CDR_004140,FIR_0005,P041,P032,2026-04-02 12:00:00,644,TOWER_019,sms
CDR_004141,FIR_0020,P030,P025,2026-07-07 12:49:00,352,TOWER_005,sms
CDR_004142,FIR_0015,P004,P034,2026-03-02 14:57:00,576,TOWER_008,sms
CDR_004143,FIR_0004,P035,P030,2026-07-01 16:01:00,763,TOWER_013,voice
CDR_004144,FIR_0010,P016,P057,2026-07-13 21:19:00,855,TOWER_028,sms
CDR_004145,FIR_0015,P035,P013,2026-02-05 10:04:00,248,TOWER_003,voice
CDR_004146,FIR_0009,P043,P036,2026-07-08 23:04:00,755,TOWER_008,voice
CDR_004147,FIR_0021,P001,P039,2026-06-05 01:38:00,114,TOWER_007,sms
CDR_004148,FIR_0008,P033,P007,2026-01-15 17:23:00,618,TOWER_028,sms
CDR_004149,FIR_0028,P035,P006,2026-04-20 19:04:00,277,TOWER_002,sms
CDR_004150,FIR_0003,P012,P040,2026-02-09 05:21:00,671,TOWER_021,voice
CDR_004151,FIR_0010,P012,P024,2026-07-15 04:29:00,702,TOWER_022,sms
CDR_004152,FIR_0023,P021,P055,2026-04-06 16:31:00,94,TOWER_029,sms
CDR_004153,FIR_0015,P020,P046,2026-03-19 13:08:00,894,TOWER_026,voice
CDR_004154,FIR_0009,P055,P007,2026-02-05 13:10:00,489,TOWER_005,voice
CDR_004155,FIR_0029,P053,P035,2026-04-16 16:58:00,805,TOWER_013,voice
CDR_004156,FIR_0017,P002,P006,2026-04-02 05:08:00,260,TOWER_019,voice
CDR_004157,FIR_0023,P031,P015,2026-04-25 14:19:00,398,TOWER_030,sms
CDR_004158,FIR_0007,P058,P059,2026-06-04 12:45:00,514,TOWER_020,sms
CDR_004159,FIR_0003,P043,P051,2026-06-12 05:39:00,413,TOWER_003,voice
CDR_004160,FIR_0003,P002,P051,2026-04-30 07:23:00,794,TOWER_017,voice
CDR_004161,FIR_0029,P008,P032,2026-05-20 18:08:00,291,TOWER_003,sms
CDR_004162,FIR_0013,P043,P050,2026-06-15 02:44:00,428,TOWER_008,voice
CDR_004163,FIR_0015,P052,P017,2026-05-26 12:36:00,404,TOWER_004,sms
CDR_004164,FIR_0007,P013,P051,2026-06-06 08:03:00,508,TOWER_002,sms
CDR_004165,FIR_0012,P043,P038,2026-03-27 12:48:00,442,TOWER_022,voice
CDR_004166,FIR_0030,P045,P019,2026-08-26 18:48:00,423,TOWER_012,sms
CDR_004167,FIR_0030,P001,P043,2026-03-29 14:45:00,297,TOWER_014,voice
CDR_004168,FIR_0017,P054,P021,2026-05-26 18:07:00,336,TOWER_009,sms
CDR_004169,FIR_0022,P020,P009,2026-05-03 04:20:00,147,TOWER_001,voice
CDR_004170,FIR_0001,P013,P030,2026-04-04 09:18:00,211,TOWER_014,sms
CDR_004171,FIR_0012,P044,P038,2026-01-27 17:03:00,140,TOWER_021,voice
CDR_004172,FIR_0005,P031,P019,2026-07-22 12:46:00,414,TOWER_017,sms
CDR_004173,FIR_0021,P043,P033,2026-06-17 14:15:00,617,TOWER_007,voice
CDR_004174,FIR_0025,P059,P024,2026-08-23 07:54:00,146,TOWER_002,sms
CDR_004175,FIR_0008,P032,P033,2026-04-27 09:39:00,848,TOWER_013,voice
CDR_004176,FIR_0005,P031,P052,2026-01-17 14:52:00,361,TOWER_028,voice
CDR_004177,FIR_0025,P003,P006,2026-07-28 02:10:00,891,TOWER_011,voice
CDR_004178,FIR_0006,P038,P060,2026-04-04 13:56:00,185,TOWER_028,voice
CDR_004179,FIR_0008,P042,P039,2026-04-01 08:35:00,749,TOWER_002,sms
CDR_004180,FIR_0008,P009,P050,2026-03-27 20:12:00,342,TOWER_021,sms
CDR_004181,FIR_0016,P028,P032,2026-04-18 09:34:00,750,TOWER_019,voice
CDR_004182,FIR_0021,P011,P050,2026-06-12 14:03:00,102,TOWER_008,sms
CDR_004183,FIR_0007,P043,P028,2026-04-23 18:37:00,36,TOWER_011,voice
CDR_004184,FIR_0015,P054,P031,2026-03-06 13:51:00,572,TOWER_011,sms
CDR_004185,FIR_0021,P057,P029,2026-06-21 10:36:00,506,TOWER_025,voice
CDR_004186,FIR_0005,P058,P016,2026-07-28 14:12:00,298,TOWER_009,voice
CDR_004187,FIR_0030,P023,P045,2026-03-17 12:10:00,643,TOWER_019,voice
CDR_004188,FIR_0019,P025,P009,2026-06-26 07:34:00,786,TOWER_002,voice
CDR_004189,FIR_0021,P041,P030,2026-07-17 18:29:00,271,TOWER_019,sms
CDR_004190,FIR_0029,P059,P016,2026-04-02 20:42:00,754,TOWER_001,sms
CDR_004191,FIR_0020,P005,P045,2026-02-04 11:37:00,116,TOWER_012,sms
CDR_004192,FIR_0024,P056,P033,2026-03-28 10:08:00,322,TOWER_023,sms
CDR_004193,FIR_0026,P054,P047,2026-05-01 15:32:00,152,TOWER_005,voice
CDR_004194,FIR_0029,P035,P028,2026-07-18 19:29:00,434,TOWER_025,voice
CDR_004195,FIR_0003,P046,P022,2026-08-13 20:10:00,462,TOWER_013,sms
CDR_004196,FIR_0004,P024,P059,2026-08-14 05:58:00,838,TOWER_001,voice
CDR_004197,FIR_0009,P057,P010,2026-06-01 10:10:00,611,TOWER_021,voice
CDR_004198,FIR_0006,P055,P050,2026-04-09 08:40:00,652,TOWER_009,sms
CDR_004199,FIR_0030,P003,P027,2026-05-31 23:23:00,410,TOWER_026,voice
CDR_004200,FIR_0005,P039,P040,2026-08-28 07:42:00,623,TOWER_003,sms
CDR_004201,FIR_0015,P004,P025,2026-05-12 01:24:00,165,TOWER_029,sms
CDR_004202,FIR_0012,P037,P045,2026-05-10 04:56:00,691,TOWER_018,sms
CDR_004203,FIR_0017,P011,P048,2026-01-22 09:29:00,249,TOWER_023,voice
CDR_004204,FIR_0023,P012,P036,2026-01-21 03:29:00,413,TOWER_022,sms
CDR_004205,FIR_0016,P014,P026,2026-06-02 06:38:00,89,TOWER_005,sms
CDR_004206,FIR_0003,P028,P048,2026-06-17 07:50:00,704,TOWER_005,sms
CDR_004207,FIR_0001,P056,P037,2026-05-25 00:56:00,598,TOWER_022,sms
CDR_004208,FIR_0014,P032,P013,2026-07-28 17:32:00,369,TOWER_004,voice
CDR_004209,FIR_0016,P026,P037,2026-06-03 15:58:00,638,TOWER_005,sms
CDR_004210,FIR_0027,P048,P026,2026-05-22 17:32:00,623,TOWER_030,voice
CDR_004211,FIR_0012,P054,P039,2026-08-08 13:14:00,168,TOWER_013,voice
CDR_004212,FIR_0018,P005,P006,2026-01-06 21:25:00,181,TOWER_007,voice
CDR_004213,FIR_0022,P038,P060,2026-05-21 01:37:00,123,TOWER_024,voice
CDR_004214,FIR_0012,P007,P053,2026-03-25 07:27:00,447,TOWER_008,voice
CDR_004215,FIR_0008,P044,P035,2026-02-20 22:19:00,444,TOWER_019,sms
CDR_004216,FIR_0014,P012,P049,2026-01-15 00:01:00,130,TOWER_030,sms
CDR_004217,FIR_0010,P012,P032,2026-06-15 06:15:00,190,TOWER_015,sms
CDR_004218,FIR_0030,P013,P007,2026-04-27 04:22:00,551,TOWER_015,sms
CDR_004219,FIR_0024,P037,P050,2026-01-14 04:34:00,192,TOWER_025,sms
CDR_004220,FIR_0011,P008,P009,2026-05-12 03:48:00,209,TOWER_002,sms
CDR_004221,FIR_0003,P007,P043,2026-08-28 03:22:00,227,TOWER_011,sms
CDR_004222,FIR_0005,P048,P032,2026-07-11 08:32:00,478,TOWER_002,voice
CDR_004223,FIR_0008,P060,P008,2026-08-27 23:48:00,326,TOWER_003,voice
CDR_004224,FIR_0011,P010,P019,2026-06-29 04:59:00,34,TOWER_021,voice
CDR_004225,FIR_0012,P054,P006,2026-03-07 21:53:00,900,TOWER_004,sms
CDR_004226,FIR_0011,P042,P034,2026-02-28 07:01:00,214,TOWER_014,sms
CDR_004227,FIR_0012,P049,P018,2026-04-11 01:57:00,154,TOWER_006,voice
CDR_004228,FIR_0008,P017,P007,2026-05-19 02:44:00,114,TOWER_002,sms
CDR_004229,FIR_0027,P021,P042,2026-05-28 17:42:00,127,TOWER_003,sms
CDR_004230,FIR_0017,P040,P054,2026-04-09 00:11:00,307,TOWER_018,voice
CDR_004231,FIR_0012,P038,P022,2026-06-14 00:17:00,509,TOWER_002,sms
CDR_004232,FIR_0015,P005,P032,2026-01-13 02:11:00,144,TOWER_020,sms
CDR_004233,FIR_0017,P033,P054,2026-01-17 20:01:00,443,TOWER_006,voice
CDR_004234,FIR_0006,P005,P038,2026-02-22 02:56:00,669,TOWER_021,voice
CDR_004235,FIR_0003,P053,P009,2026-08-29 18:08:00,441,TOWER_003,voice
CDR_004236,FIR_0023,P021,P044,2026-08-02 23:31:00,63,TOWER_029,voice
CDR_004237,FIR_0019,P033,P004,2026-05-08 23:40:00,179,TOWER_003,voice
CDR_004238,FIR_0014,P009,P036,2026-02-04 14:36:00,621,TOWER_008,sms
CDR_004239,FIR_0018,P034,P041,2026-03-05 12:54:00,179,TOWER_027,sms
CDR_004240,FIR_0007,P033,P042,2026-01-12 13:12:00,109,TOWER_025,voice
CDR_004241,FIR_0006,P055,P021,2026-04-12 22:05:00,265,TOWER_028,voice
CDR_004242,FIR_0027,P060,P040,2026-08-11 14:18:00,417,TOWER_007,sms
CDR_004243,FIR_0027,P004,P023,2026-08-11 23:03:00,776,TOWER_002,sms
CDR_004244,FIR_0018,P030,P029,2026-01-21 08:23:00,163,TOWER_001,voice
CDR_004245,FIR_0008,P012,P047,2026-08-09 08:00:00,706,TOWER_004,sms
CDR_004246,FIR_0010,P044,P060,2026-04-08 14:56:00,291,TOWER_022,voice
CDR_004247,FIR_0021,P040,P014,2026-03-28 18:03:00,163,TOWER_026,sms
CDR_004248,FIR_0003,P031,P006,2026-06-15 14:30:00,48,TOWER_018,sms
CDR_004249,FIR_0004,P040,P016,2026-04-17 10:30:00,784,TOWER_029,sms
CDR_004250,FIR_0002,P034,P057,2026-04-13 05:04:00,78,TOWER_001,voice
CDR_004251,FIR_0008,P010,P025,2026-01-02 13:42:00,560,TOWER_008,voice
CDR_004252,FIR_0013,P006,P016,2026-05-28 02:19:00,799,TOWER_015,voice
CDR_004253,FIR_0018,P002,P044,2026-08-09 07:06:00,869,TOWER_012,voice
CDR_004254,FIR_0009,P020,P056,2026-08-14 20:56:00,598,TOWER_001,voice
CDR_004255,FIR_0004,P049,P003,2026-05-22 23:31:00,602,TOWER_021,sms
CDR_004256,FIR_0019,P054,P053,2026-05-12 00:44:00,618,TOWER_029,sms
CDR_004257,FIR_0011,P007,P054,2026-06-03 14:22:00,511,TOWER_008,sms
CDR_004258,FIR_0002,P015,P046,2026-07-21 12:15:00,436,TOWER_010,sms
CDR_004259,FIR_0012,P021,P048,2026-01-09 17:35:00,590,TOWER_030,voice
CDR_004260,FIR_0024,P019,P055,2026-08-31 06:39:00,403,TOWER_012,sms
CDR_004261,FIR_0012,P056,P010,2026-01-22 06:28:00,44,TOWER_005,sms
CDR_004262,FIR_0017,P010,P055,2026-05-26 12:33:00,611,TOWER_021,voice
CDR_004263,FIR_0014,P029,P035,2026-03-29 12:51:00,847,TOWER_027,voice
CDR_004264,FIR_0016,P009,P020,2026-06-06 04:22:00,360,TOWER_018,voice
CDR_004265,FIR_0018,P004,P034,2026-08-16 11:46:00,69,TOWER_003,voice
CDR_004266,FIR_0007,P058,P031,2026-05-12 14:49:00,682,TOWER_022,sms
CDR_004267,FIR_0026,P016,P002,2026-03-31 22:34:00,665,TOWER_015,voice
CDR_004268,FIR_0024,P053,P046,2026-04-02 12:37:00,808,TOWER_024,sms
CDR_004269,FIR_0030,P047,P020,2026-08-02 14:47:00,596,TOWER_017,voice
CDR_004270,FIR_0019,P051,P057,2026-03-20 06:08:00,275,TOWER_011,voice
CDR_004271,FIR_0002,P057,P014,2026-03-02 11:01:00,687,TOWER_001,sms
CDR_004272,FIR_0021,P011,P046,2026-01-17 02:25:00,896,TOWER_008,voice
CDR_004273,FIR_0001,P031,P033,2026-01-30 16:26:00,280,TOWER_009,sms
CDR_004274,FIR_0027,P024,P021,2026-01-09 09:41:00,632,TOWER_024,sms
CDR_004275,FIR_0003,P022,P044,2026-07-08 15:08:00,183,TOWER_015,sms
CDR_004276,FIR_0024,P042,P052,2026-02-26 00:52:00,292,TOWER_004,voice
CDR_004277,FIR_0013,P014,P009,2026-04-16 11:33:00,305,TOWER_029,sms
CDR_004278,FIR_0021,P005,P060,2026-08-16 11:02:00,470,TOWER_003,sms
CDR_004279,FIR_0030,P022,P025,2026-08-12 07:40:00,276,TOWER_030,sms
CDR_004280,FIR_0023,P043,P037,2026-05-06 19:29:00,175,TOWER_018,voice
CDR_004281,FIR_0012,P011,P012,2026-05-24 15:44:00,345,TOWER_009,voice
CDR_004282,FIR_0004,P004,P031,2026-06-19 01:18:00,213,TOWER_010,sms
CDR_004283,FIR_0007,P023,P046,2026-01-30 06:10:00,579,TOWER_003,voice
CDR_004284,FIR_0018,P050,P031,2026-06-29 10:41:00,683,TOWER_007,sms
CDR_004285,FIR_0010,P006,P007,2026-01-11 04:51:00,652,TOWER_012,voice
CDR_004286,FIR_0006,P041,P039,2026-09-01 01:23:00,602,TOWER_008,voice
CDR_004287,FIR_0020,P020,P058,2026-04-19 12:04:00,214,TOWER_003,voice
CDR_004288,FIR_0014,P012,P051,2026-03-01 16:02:00,487,TOWER_005,voice
CDR_004289,FIR_0008,P057,P012,2026-05-10 01:58:00,84,TOWER_030,voice
CDR_004290,FIR_0025,P055,P022,2026-03-08 22:44:00,748,TOWER_009,voice
CDR_004291,FIR_0020,P025,P032,2026-02-05 16:38:00,133,TOWER_002,sms
CDR_004292,FIR_0029,P030,P029,2026-06-09 18:00:00,357,TOWER_006,sms
CDR_004293,FIR_0020,P017,P024,2026-04-28 15:44:00,30,TOWER_020,sms
CDR_004294,FIR_0027,P040,P044,2026-03-19 13:46:00,867,TOWER_002,sms
CDR_004295,FIR_0008,P038,P010,2026-08-26 02:57:00,136,TOWER_006,voice
CDR_004296,FIR_0018,P007,P040,2026-01-20 10:18:00,581,TOWER_014,voice
CDR_004297,FIR_0004,P033,P041,2026-02-04 13:07:00,895,TOWER_006,voice
CDR_004298,FIR_0019,P026,P033,2026-08-22 03:10:00,635,TOWER_001,sms
CDR_004299,FIR_0027,P040,P008,2026-04-10 18:16:00,619,TOWER_002,voice
CDR_004300,FIR_0023,P020,P013,2026-04-04 19:34:00,682,TOWER_009,voice
CDR_004301,FIR_0002,P044,P051,2026-02-02 17:56:00,590,TOWER_022,voice
CDR_004302,FIR_0001,P017,P028,2026-08-23 12:15:00,802,TOWER_005,sms
CDR_004303,FIR_0023,P024,P035,2026-04-03 15:18:00,560,TOWER_004,voice
CDR_004304,FIR_0011,P002,P033,2026-05-30 04:19:00,206,TOWER_011,sms
CDR_004305,FIR_0006,P006,P058,2026-01-20 17:09:00,711,TOWER_008,sms
CDR_004306,FIR_0014,P029,P059,2026-05-29 05:29:00,606,TOWER_027,voice
CDR_004307,FIR_0006,P014,P001,2026-05-16 04:53:00,486,TOWER_024,voice
CDR_004308,FIR_0003,P045,P035,2026-08-08 10:07:00,149,TOWER_014,sms
CDR_004309,FIR_0001,P046,P012,2026-05-01 19:34:00,455,TOWER_026,voice
CDR_004310,FIR_0023,P030,P005,2026-03-27 09:12:00,785,TOWER_024,voice
CDR_004311,FIR_0017,P025,P032,2026-06-08 07:03:00,508,TOWER_016,voice
CDR_004312,FIR_0027,P033,P019,2026-01-24 11:36:00,373,TOWER_005,voice
CDR_004313,FIR_0012,P012,P002,2026-06-04 13:52:00,294,TOWER_002,sms
CDR_004314,FIR_0010,P013,P009,2026-07-25 01:28:00,138,TOWER_012,voice
CDR_004315,FIR_0027,P004,P003,2026-06-27 10:25:00,686,TOWER_002,voice
CDR_004316,FIR_0008,P051,P033,2026-06-18 05:28:00,470,TOWER_007,voice
CDR_004317,FIR_0015,P012,P038,2026-07-07 11:18:00,245,TOWER_021,sms
CDR_004318,FIR_0002,P037,P055,2026-03-14 18:53:00,231,TOWER_016,sms
CDR_004319,FIR_0018,P009,P055,2026-03-25 22:30:00,427,TOWER_001,sms
CDR_004320,FIR_0025,P040,P015,2026-07-28 16:35:00,368,TOWER_023,sms
CDR_004321,FIR_0024,P009,P007,2026-02-22 11:10:00,505,TOWER_004,voice
CDR_004322,FIR_0011,P029,P016,2026-04-27 05:26:00,74,TOWER_024,sms
CDR_004323,FIR_0008,P039,P014,2026-04-05 01:57:00,107,TOWER_020,voice
CDR_004324,FIR_0014,P045,P027,2026-04-24 04:32:00,762,TOWER_005,voice
CDR_004325,FIR_0029,P008,P003,2026-04-22 19:45:00,514,TOWER_012,voice
CDR_004326,FIR_0019,P051,P022,2026-06-10 17:15:00,714,TOWER_029,sms
CDR_004327,FIR_0011,P005,P056,2026-05-23 04:16:00,323,TOWER_018,voice
CDR_004328,FIR_0003,P029,P013,2026-05-03 09:10:00,836,TOWER_023,voice
CDR_004329,FIR_0014,P030,P011,2026-05-12 08:56:00,246,TOWER_007,voice
CDR_004330,FIR_0027,P006,P047,2026-02-21 19:08:00,781,TOWER_020,voice
CDR_004331,FIR_0021,P055,P057,2026-06-29 20:44:00,566,TOWER_024,voice
CDR_004332,FIR_0020,P052,P002,2026-04-29 12:00:00,619,TOWER_003,voice
CDR_004333,FIR_0002,P041,P023,2026-04-28 10:59:00,870,TOWER_003,voice
CDR_004334,FIR_0017,P014,P016,2026-07-07 16:55:00,862,TOWER_029,sms
CDR_004335,FIR_0017,P002,P045,2026-02-21 06:35:00,541,TOWER_018,sms
CDR_004336,FIR_0008,P049,P028,2026-03-04 09:14:00,510,TOWER_001,voice
CDR_004337,FIR_0014,P058,P041,2026-08-19 03:37:00,265,TOWER_007,sms
CDR_004338,FIR_0023,P020,P059,2026-08-21 15:01:00,118,TOWER_008,sms
CDR_004339,FIR_0005,P015,P049,2026-02-16 13:08:00,394,TOWER_013,sms
CDR_004340,FIR_0026,P052,P022,2026-07-25 17:34:00,48,TOWER_010,sms
CDR_004341,FIR_0012,P017,P024,2026-06-04 18:21:00,171,TOWER_009,sms
CDR_004342,FIR_0001,P028,P047,2026-01-30 16:25:00,253,TOWER_017,voice
CDR_004343,FIR_0023,P024,P006,2026-07-04 08:55:00,569,TOWER_014,sms
CDR_004344,FIR_0027,P058,P009,2026-08-29 03:51:00,708,TOWER_012,voice
CDR_004345,FIR_0024,P018,P003,2026-08-03 17:05:00,603,TOWER_007,sms
CDR_004346,FIR_0019,P039,P038,2026-04-27 16:30:00,243,TOWER_007,sms
CDR_004347,FIR_0005,P036,P057,2026-06-09 19:43:00,748,TOWER_021,sms
CDR_004348,FIR_0020,P020,P056,2026-08-27 19:00:00,849,TOWER_030,voice
CDR_004349,FIR_0020,P036,P020,2026-01-09 05:35:00,639,TOWER_017,sms
CDR_004350,FIR_0021,P054,P045,2026-05-20 03:39:00,233,TOWER_015,sms
CDR_004351,FIR_0021,P056,P011,2026-06-05 04:01:00,810,TOWER_021,sms
CDR_004352,FIR_0020,P041,P038,2026-01-13 17:56:00,92,TOWER_009,voice
CDR_004353,FIR_0026,P028,P058,2026-02-03 17:53:00,649,TOWER_030,sms
CDR_004354,FIR_0005,P011,P048,2026-06-18 02:45:00,577,TOWER_005,voice
CDR_004355,FIR_0018,P053,P040,2026-08-05 04:11:00,160,TOWER_027,voice
CDR_004356,FIR_0016,P048,P038,2026-05-11 13:35:00,37,TOWER_007,sms
CDR_004357,FIR_0030,P014,P025,2026-06-24 11:57:00,837,TOWER_030,voice
CDR_004358,FIR_0008,P019,P015,2026-04-20 05:39:00,625,TOWER_025,voice
CDR_004359,FIR_0024,P045,P058,2026-01-29 16:17:00,168,TOWER_009,voice
CDR_004360,FIR_0022,P005,P011,2026-05-29 07:01:00,418,TOWER_028,sms
CDR_004361,FIR_0012,P033,P009,2026-04-28 17:02:00,232,TOWER_015,voice
CDR_004362,FIR_0007,P009,P048,2026-07-02 19:06:00,264,TOWER_002,sms
CDR_004363,FIR_0010,P016,P056,2026-06-27 01:26:00,564,TOWER_027,voice
CDR_004364,FIR_0020,P046,P031,2026-08-17 07:40:00,85,TOWER_021,sms
CDR_004365,FIR_0008,P020,P052,2026-01-18 07:14:00,569,TOWER_027,sms
CDR_004366,FIR_0030,P046,P052,2026-07-19 00:39:00,27,TOWER_010,voice
CDR_004367,FIR_0001,P024,P029,2026-02-13 10:33:00,850,TOWER_014,sms
CDR_004368,FIR_0030,P002,P025,2026-05-30 09:29:00,497,TOWER_026,voice
CDR_004369,FIR_0001,P039,P004,2026-08-24 08:12:00,333,TOWER_022,sms
CDR_004370,FIR_0028,P015,P027,2026-03-28 19:32:00,560,TOWER_009,voice
CDR_004371,FIR_0006,P059,P010,2026-06-17 13:09:00,264,TOWER_009,voice
CDR_004372,FIR_0026,P039,P002,2026-04-01 04:14:00,268,TOWER_002,voice
CDR_004373,FIR_0014,P020,P024,2026-08-19 14:36:00,354,TOWER_021,sms
CDR_004374,FIR_0004,P053,P032,2026-08-01 16:43:00,533,TOWER_023,sms
CDR_004375,FIR_0022,P049,P024,2026-07-11 07:48:00,450,TOWER_018,sms
CDR_004376,FIR_0001,P015,P008,2026-02-15 07:50:00,447,TOWER_006,sms
CDR_004377,FIR_0002,P044,P056,2026-01-01 16:03:00,774,TOWER_013,voice
CDR_004378,FIR_0004,P058,P030,2026-06-12 16:59:00,463,TOWER_028,sms
CDR_004379,FIR_0012,P017,P046,2026-04-06 19:20:00,33,TOWER_019,voice
CDR_004380,FIR_0015,P045,P035,2026-07-05 19:35:00,128,TOWER_024,sms
CDR_004381,FIR_0023,P035,P051,2026-06-20 21:06:00,801,TOWER_015,sms
CDR_004382,FIR_0016,P024,P048,2026-07-14 11:27:00,493,TOWER_015,sms
CDR_004383,FIR_0022,P010,P014,2026-02-02 23:43:00,409,TOWER_013,voice
CDR_004384,FIR_0017,P015,P003,2026-06-26 14:29:00,601,TOWER_016,voice
CDR_004385,FIR_0027,P017,P005,2026-04-15 10:09:00,509,TOWER_019,sms
CDR_004386,FIR_0020,P042,P058,2026-08-16 12:35:00,673,TOWER_003,sms
CDR_004387,FIR_0011,P027,P041,2026-03-09 02:45:00,295,TOWER_015,sms
CDR_004388,FIR_0015,P033,P055,2026-08-30 03:02:00,360,TOWER_009,voice
CDR_004389,FIR_0005,P025,P026,2026-08-28 14:53:00,890,TOWER_014,voice
CDR_004390,FIR_0011,P028,P036,2026-08-25 06:44:00,670,TOWER_011,sms
CDR_004391,FIR_0001,P055,P014,2026-02-20 20:08:00,677,TOWER_026,sms
CDR_004392,FIR_0019,P009,P033,2026-02-27 18:57:00,65,TOWER_012,sms
CDR_004393,FIR_0013,P059,P055,2026-05-06 01:23:00,368,TOWER_030,sms
CDR_004394,FIR_0014,P009,P024,2026-02-27 11:30:00,694,TOWER_023,sms
CDR_004395,FIR_0004,P010,P024,2026-02-05 06:07:00,394,TOWER_022,voice
CDR_004396,FIR_0026,P025,P038,2026-05-07 19:06:00,524,TOWER_004,voice
CDR_004397,FIR_0004,P012,P004,2026-02-08 18:56:00,313,TOWER_021,voice
CDR_004398,FIR_0029,P015,P018,2026-05-31 08:57:00,393,TOWER_005,voice
CDR_004399,FIR_0007,P016,P060,2026-08-05 07:16:00,131,TOWER_027,sms
CDR_004400,FIR_0007,P021,P026,2026-02-12 15:01:00,115,TOWER_012,voice
CDR_004401,FIR_0013,P001,P048,2026-07-02 23:56:00,669,TOWER_019,voice
CDR_004402,FIR_0004,P050,P028,2026-07-13 21:40:00,351,TOWER_002,sms
CDR_004403,FIR_0008,P060,P037,2026-08-05 23:50:00,189,TOWER_002,voice
CDR_004404,FIR_0008,P043,P055,2026-08-26 20:46:00,657,TOWER_025,voice
CDR_004405,FIR_0025,P032,P023,2026-06-25 21:14:00,329,TOWER_003,sms
CDR_004406,FIR_0015,P026,P011,2026-01-29 23:18:00,869,TOWER_002,voice
CDR_004407,FIR_0029,P052,P038,2026-08-24 08:45:00,249,TOWER_016,sms
CDR_004408,FIR_0011,P015,P057,2026-03-09 06:21:00,443,TOWER_008,voice
CDR_004409,FIR_0007,P026,P001,2026-08-19 00:28:00,12,TOWER_023,sms
CDR_004410,FIR_0023,P028,P011,2026-08-07 21:18:00,31,TOWER_015,voice
CDR_004411,FIR_0010,P057,P016,2026-03-17 12:59:00,429,TOWER_011,voice
CDR_004412,FIR_0020,P025,P015,2026-04-19 02:41:00,79,TOWER_006,sms
CDR_004413,FIR_0007,P009,P011,2026-07-11 01:42:00,417,TOWER_019,sms
CDR_004414,FIR_0022,P037,P019,2026-03-04 09:34:00,235,TOWER_003,voice
CDR_004415,FIR_0011,P001,P046,2026-07-17 07:57:00,30,TOWER_027,sms
CDR_004416,FIR_0012,P032,P010,2026-06-28 06:30:00,24,TOWER_002,sms
CDR_004417,FIR_0024,P014,P001,2026-01-27 01:17:00,899,TOWER_007,sms
CDR_004418,FIR_0008,P033,P032,2026-01-18 10:05:00,364,TOWER_005,voice
CDR_004419,FIR_0029,P038,P017,2026-07-25 23:13:00,548,TOWER_008,voice
CDR_004420,FIR_0005,P037,P046,2026-08-27 14:31:00,414,TOWER_005,sms
CDR_004421,FIR_0013,P027,P008,2026-05-16 08:17:00,123,TOWER_026,sms
CDR_004422,FIR_0001,P014,P048,2026-05-10 20:47:00,356,TOWER_003,sms
CDR_004423,FIR_0012,P013,P024,2026-03-25 19:02:00,650,TOWER_010,voice
CDR_004424,FIR_0022,P027,P011,2026-05-20 07:23:00,744,TOWER_022,sms
CDR_004425,FIR_0023,P047,P035,2026-02-16 08:39:00,83,TOWER_027,sms
CDR_004426,FIR_0004,P036,P014,2026-04-14 18:25:00,546,TOWER_029,voice
CDR_004427,FIR_0019,P048,P039,2026-02-23 08:19:00,823,TOWER_013,sms
CDR_004428,FIR_0007,P005,P044,2026-05-21 01:12:00,835,TOWER_018,voice
CDR_004429,FIR_0029,P013,P010,2026-08-20 10:38:00,434,TOWER_007,voice
CDR_004430,FIR_0004,P025,P039,2026-04-03 16:26:00,344,TOWER_017,sms
CDR_004431,FIR_0011,P058,P055,2026-08-18 21:03:00,88,TOWER_014,voice
CDR_004432,FIR_0013,P050,P011,2026-03-10 02:10:00,714,TOWER_010,voice
CDR_004433,FIR_0025,P034,P058,2026-05-17 11:31:00,416,TOWER_021,sms
CDR_004434,FIR_0003,P004,P056,2026-05-26 12:14:00,212,TOWER_027,sms
CDR_004435,FIR_0019,P009,P038,2026-07-25 23:36:00,53,TOWER_006,sms
CDR_004436,FIR_0030,P055,P016,2026-01-20 10:07:00,873,TOWER_020,sms
CDR_004437,FIR_0004,P049,P047,2026-05-27 05:08:00,90,TOWER_023,voice
CDR_004438,FIR_0020,P009,P034,2026-06-18 05:41:00,661,TOWER_013,sms
CDR_004439,FIR_0020,P018,P021,2026-02-24 02:45:00,891,TOWER_002,sms
CDR_004440,FIR_0016,P028,P048,2026-03-31 02:51:00,473,TOWER_017,sms
CDR_004441,FIR_0006,P009,P011,2026-03-14 09:40:00,583,TOWER_027,voice
CDR_004442,FIR_0022,P004,P035,2026-08-14 13:19:00,623,TOWER_007,voice
CDR_004443,FIR_0022,P030,P034,2026-05-10 07:27:00,108,TOWER_002,sms
CDR_004444,FIR_0015,P001,P052,2026-08-19 17:49:00,857,TOWER_017,sms
CDR_004445,FIR_0006,P052,P023,2026-06-07 21:24:00,701,TOWER_018,sms
CDR_004446,FIR_0024,P036,P028,2026-06-29 02:11:00,514,TOWER_017,sms
CDR_004447,FIR_0030,P007,P006,2026-05-05 06:26:00,383,TOWER_015,voice
CDR_004448,FIR_0026,P018,P003,2026-05-14 09:42:00,749,TOWER_010,voice
CDR_004449,FIR_0023,P008,P018,2026-06-10 19:28:00,672,TOWER_028,sms
CDR_004450,FIR_0018,P044,P034,2026-02-22 11:27:00,138,TOWER_011,voice
CDR_004451,FIR_0016,P029,P018,2026-03-19 21:54:00,756,TOWER_003,voice
CDR_004452,FIR_0001,P033,P045,2026-05-03 14:58:00,76,TOWER_014,voice
CDR_004453,FIR_0001,P060,P009,2026-01-12 22:19:00,837,TOWER_010,sms
CDR_004454,FIR_0010,P017,P052,2026-05-24 11:54:00,149,TOWER_006,voice
CDR_004455,FIR_0017,P053,P009,2026-04-16 23:35:00,878,TOWER_026,sms
CDR_004456,FIR_0001,P054,P023,2026-03-25 11:56:00,193,TOWER_020,voice
CDR_004457,FIR_0008,P020,P019,2026-01-10 15:30:00,577,TOWER_030,sms
CDR_004458,FIR_0019,P038,P033,2026-04-27 01:19:00,866,TOWER_014,sms
CDR_004459,FIR_0021,P053,P029,2026-07-14 02:04:00,122,TOWER_025,voice
CDR_004460,FIR_0015,P055,P012,2026-05-23 15:11:00,452,TOWER_026,sms
CDR_004461,FIR_0020,P022,P055,2026-05-17 07:54:00,368,TOWER_008,sms
CDR_004462,FIR_0010,P022,P052,2026-03-08 16:24:00,234,TOWER_030,sms
CDR_004463,FIR_0003,P027,P057,2026-08-23 08:06:00,869,TOWER_019,voice
CDR_004464,FIR_0021,P040,P016,2026-05-04 12:48:00,406,TOWER_018,sms
CDR_004465,FIR_0023,P016,P040,2026-05-06 05:02:00,12,TOWER_005,sms
CDR_004466,FIR_0026,P047,P043,2026-06-26 06:18:00,888,TOWER_013,sms
CDR_004467,FIR_0020,P008,P036,2026-07-12 19:01:00,464,TOWER_024,voice
CDR_004468,FIR_0004,P021,P028,2026-02-05 19:41:00,601,TOWER_001,sms
CDR_004469,FIR_0012,P025,P010,2026-03-03 23:19:00,168,TOWER_011,voice
CDR_004470,FIR_0020,P049,P012,2026-01-19 21:00:00,214,TOWER_005,voice
CDR_004471,FIR_0021,P004,P006,2026-05-08 09:02:00,203,TOWER_002,sms
CDR_004472,FIR_0004,P055,P059,2026-07-25 09:40:00,38,TOWER_017,voice
CDR_004473,FIR_0018,P021,P057,2026-08-29 05:32:00,261,TOWER_022,sms
CDR_004474,FIR_0008,P031,P057,2026-07-04 10:09:00,115,TOWER_001,sms
CDR_004475,FIR_0014,P055,P028,2026-08-24 21:34:00,274,TOWER_014,sms
CDR_004476,FIR_0019,P031,P037,2026-03-25 12:11:00,34,TOWER_024,voice
CDR_004477,FIR_0003,P001,P023,2026-02-28 23:14:00,696,TOWER_007,sms
CDR_004478,FIR_0024,P055,P038,2026-04-30 10:54:00,757,TOWER_019,voice
CDR_004479,FIR_0028,P039,P037,2026-07-10 20:17:00,593,TOWER_030,sms
CDR_004480,FIR_0004,P006,P018,2026-02-27 05:43:00,188,TOWER_022,sms
CDR_004481,FIR_0029,P027,P008,2026-02-19 10:07:00,526,TOWER_012,sms
CDR_004482,FIR_0007,P003,P048,2026-05-08 01:20:00,652,TOWER_020,sms
CDR_004483,FIR_0014,P047,P021,2026-05-04 09:19:00,95,TOWER_007,voice
CDR_004484,FIR_0013,P002,P029,2026-06-24 19:37:00,281,TOWER_007,voice
CDR_004485,FIR_0025,P036,P006,2026-02-25 10:59:00,538,TOWER_004,sms
CDR_004486,FIR_0026,P011,P034,2026-02-25 21:32:00,829,TOWER_014,sms
CDR_004487,FIR_0006,P046,P011,2026-06-13 00:43:00,199,TOWER_020,voice
CDR_004488,FIR_0004,P057,P049,2026-02-18 15:50:00,663,TOWER_015,sms
CDR_004489,FIR_0018,P014,P055,2026-02-28 05:48:00,172,TOWER_029,voice
CDR_004490,FIR_0010,P042,P014,2026-03-14 23:56:00,262,TOWER_027,sms
CDR_004491,FIR_0028,P060,P004,2026-04-23 16:52:00,860,TOWER_005,sms
CDR_004492,FIR_0020,P060,P040,2026-08-06 05:21:00,810,TOWER_001,sms
CDR_004493,FIR_0011,P037,P006,2026-06-11 20:26:00,729,TOWER_028,voice
CDR_004494,FIR_0028,P030,P007,2026-03-10 08:11:00,771,TOWER_016,sms
CDR_004495,FIR_0001,P041,P001,2026-01-20 08:26:00,668,TOWER_025,sms
CDR_004496,FIR_0027,P044,P017,2026-04-10 03:50:00,108,TOWER_004,sms
CDR_004497,FIR_0030,P023,P011,2026-05-16 19:07:00,287,TOWER_002,sms
CDR_004498,FIR_0009,P022,P046,2026-04-15 09:18:00,837,TOWER_016,sms
CDR_004499,FIR_0024,P050,P021,2026-02-16 16:35:00,834,TOWER_029,sms
CDR_004500,FIR_0004,P047,P003,2026-08-02 08:22:00,262,TOWER_019,sms
CDR_004501,FIR_0010,P006,P033,2026-04-10 18:10:00,507,TOWER_025,voice
CDR_004502,FIR_0029,P002,P049,2026-01-23 08:31:00,359,TOWER_014,voice
CDR_004503,FIR_0029,P025,P055,2026-06-15 11:43:00,447,TOWER_001,sms
CDR_004504,FIR_0023,P001,P012,2026-03-22 17:41:00,317,TOWER_017,voice
CDR_004505,FIR_0025,P051,P003,2026-03-28 13:55:00,650,TOWER_009,voice
CDR_004506,FIR_0017,P044,P011,2026-06-30 13:10:00,626,TOWER_025,sms
CDR_004507,FIR_0009,P037,P055,2026-08-17 21:19:00,382,TOWER_029,voice
CDR_004508,FIR_0019,P001,P019,2026-04-19 18:44:00,130,TOWER_020,voice
CDR_004509,FIR_0002,P006,P002,2026-01-03 15:11:00,361,TOWER_016,sms
CDR_004510,FIR_0009,P020,P034,2026-05-03 03:15:00,822,TOWER_021,sms
CDR_004511,FIR_0023,P031,P034,2026-07-20 21:26:00,494,TOWER_005,sms
CDR_004512,FIR_0003,P020,P045,2026-03-31 15:45:00,861,TOWER_019,voice
CDR_004513,FIR_0021,P024,P042,2026-02-09 19:44:00,589,TOWER_001,sms
CDR_004514,FIR_0012,P029,P019,2026-08-02 03:42:00,65,TOWER_011,sms
CDR_004515,FIR_0023,P025,P053,2026-01-04 03:50:00,399,TOWER_001,sms
CDR_004516,FIR_0009,P001,P054,2026-08-12 06:36:00,101,TOWER_024,sms
CDR_004517,FIR_0027,P012,P015,2026-03-24 19:45:00,22,TOWER_005,sms
CDR_004518,FIR_0024,P056,P026,2026-07-07 16:32:00,888,TOWER_030,sms
CDR_004519,FIR_0028,P049,P037,2026-06-01 20:16:00,609,TOWER_025,sms
CDR_004520,FIR_0014,P060,P004,2026-01-31 17:36:00,522,TOWER_024,sms
CDR_004521,FIR_0028,P053,P030,2026-08-13 21:49:00,627,TOWER_001,sms
CDR_004522,FIR_0025,P040,P002,2026-07-28 02:18:00,214,TOWER_015,sms
CDR_004523,FIR_0020,P045,P032,2026-08-06 23:54:00,873,TOWER_029,voice
CDR_004524,FIR_0006,P024,P016,2026-02-21 22:40:00,12,TOWER_001,sms
CDR_004525,FIR_0019,P008,P057,2026-06-22 13:59:00,243,TOWER_026,sms
CDR_004526,FIR_0002,P054,P024,2026-06-26 19:31:00,375,TOWER_011,voice
CDR_004527,FIR_0009,P021,P013,2026-01-21 13:21:00,223,TOWER_028,sms
CDR_004528,FIR_0028,P010,P028,2026-01-11 04:45:00,590,TOWER_027,voice
CDR_004529,FIR_0015,P039,P022,2026-02-20 06:39:00,885,TOWER_012,voice
CDR_004530,FIR_0021,P022,P031,2026-07-21 20:50:00,723,TOWER_004,sms
CDR_004531,FIR_0027,P039,P022,2026-01-21 06:45:00,463,TOWER_025,voice
CDR_004532,FIR_0010,P046,P007,2026-03-06 17:43:00,188,TOWER_007,sms
CDR_004533,FIR_0025,P034,P050,2026-04-11 21:13:00,839,TOWER_013,sms
CDR_004534,FIR_0019,P047,P048,2026-08-19 12:17:00,68,TOWER_014,voice
CDR_004535,FIR_0020,P014,P032,2026-01-25 10:12:00,146,TOWER_014,voice
CDR_004536,FIR_0003,P044,P034,2026-04-08 22:46:00,409,TOWER_002,sms
CDR_004537,FIR_0008,P022,P004,2026-06-04 00:35:00,322,TOWER_022,voice
CDR_004538,FIR_0006,P016,P058,2026-02-11 19:54:00,492,TOWER_027,sms
CDR_004539,FIR_0019,P003,P022,2026-08-13 07:16:00,657,TOWER_006,voice
CDR_004540,FIR_0008,P047,P022,2026-04-19 21:43:00,567,TOWER_023,voice
CDR_004541,FIR_0027,P035,P036,2026-07-16 02:10:00,164,TOWER_019,voice
CDR_004542,FIR_0001,P032,P008,2026-08-07 01:28:00,497,TOWER_007,voice
CDR_004543,FIR_0027,P010,P041,2026-01-05 08:40:00,40,TOWER_012,voice
CDR_004544,FIR_0006,P054,P006,2026-07-02 22:39:00,473,TOWER_003,voice
CDR_004545,FIR_0015,P055,P037,2026-02-14 21:08:00,447,TOWER_007,sms
CDR_004546,FIR_0014,P021,P013,2026-07-31 14:47:00,169,TOWER_011,sms
CDR_004547,FIR_0004,P041,P020,2026-03-08 00:04:00,388,TOWER_001,voice
CDR_004548,FIR_0020,P049,P025,2026-05-18 20:21:00,746,TOWER_002,voice
CDR_004549,FIR_0028,P026,P056,2026-06-11 14:04:00,391,TOWER_026,sms
CDR_004550,FIR_0019,P040,P015,2026-01-15 13:53:00,379,TOWER_011,sms
CDR_004551,FIR_0018,P009,P038,2026-04-29 20:00:00,169,TOWER_024,sms
CDR_004552,FIR_0020,P048,P039,2026-01-20 13:25:00,787,TOWER_015,voice
CDR_004553,FIR_0004,P019,P056,2026-05-04 14:58:00,198,TOWER_030,sms
CDR_004554,FIR_0011,P042,P028,2026-07-29 18:38:00,772,TOWER_015,voice
CDR_004555,FIR_0003,P054,P053,2026-03-17 09:28:00,471,TOWER_019,voice
CDR_004556,FIR_0020,P020,P049,2026-07-02 22:15:00,456,TOWER_013,voice
CDR_004557,FIR_0012,P018,P003,2026-01-26 10:29:00,67,TOWER_023,sms
CDR_004558,FIR_0005,P044,P055,2026-06-01 06:14:00,840,TOWER_011,voice
CDR_004559,FIR_0026,P009,P059,2026-02-06 13:29:00,258,TOWER_011,sms
CDR_004560,FIR_0019,P042,P037,2026-05-06 21:37:00,66,TOWER_006,sms
CDR_004561,FIR_0030,P049,P047,2026-02-20 18:47:00,690,TOWER_015,voice
CDR_004562,FIR_0018,P018,P011,2026-05-31 00:21:00,216,TOWER_026,voice
CDR_004563,FIR_0016,P053,P015,2026-02-28 11:32:00,39,TOWER_005,voice
CDR_004564,FIR_0006,P006,P024,2026-04-25 00:27:00,868,TOWER_021,sms
CDR_004565,FIR_0027,P044,P021,2026-04-29 22:44:00,684,TOWER_021,sms
CDR_004566,FIR_0004,P009,P019,2026-04-17 17:03:00,90,TOWER_020,voice
CDR_004567,FIR_0006,P026,P006,2026-07-29 03:51:00,379,TOWER_017,sms
CDR_004568,FIR_0001,P007,P034,2026-04-09 22:08:00,808,TOWER_001,sms
CDR_004569,FIR_0009,P043,P019,2026-02-05 03:44:00,605,TOWER_010,voice
CDR_004570,FIR_0028,P057,P044,2026-07-19 18:28:00,84,TOWER_028,voice
CDR_004571,FIR_0021,P035,P036,2026-05-05 21:27:00,724,TOWER_019,sms
CDR_004572,FIR_0010,P007,P003,2026-03-29 23:37:00,209,TOWER_024,sms
CDR_004573,FIR_0018,P023,P002,2026-03-02 17:51:00,636,TOWER_003,voice
CDR_004574,FIR_0007,P013,P031,2026-04-05 18:46:00,95,TOWER_018,sms
CDR_004575,FIR_0010,P049,P011,2026-06-26 23:03:00,93,TOWER_002,sms
CDR_004576,FIR_0028,P029,P044,2026-01-24 13:59:00,751,TOWER_011,voice
CDR_004577,FIR_0006,P038,P015,2026-07-17 06:30:00,295,TOWER_008,voice
CDR_004578,FIR_0011,P032,P045,2026-02-14 09:22:00,541,TOWER_019,sms
CDR_004579,FIR_0009,P043,P004,2026-03-11 02:30:00,565,TOWER_006,voice
CDR_004580,FIR_0030,P032,P060,2026-06-28 00:22:00,676,TOWER_017,voice
CDR_004581,FIR_0005,P001,P013,2026-01-30 16:14:00,578,TOWER_008,sms
CDR_004582,FIR_0029,P054,P007,2026-02-15 19:23:00,570,TOWER_005,voice
CDR_004583,FIR_0005,P003,P056,2026-06-10 02:00:00,555,TOWER_023,voice
CDR_004584,FIR_0030,P029,P006,2026-07-11 01:02:00,718,TOWER_016,sms
CDR_004585,FIR_0015,P011,P054,2026-08-16 21:51:00,565,TOWER_014,sms
CDR_004586,FIR_0027,P023,P001,2026-07-14 21:47:00,234,TOWER_024,voice
CDR_004587,FIR_0021,P060,P008,2026-05-29 05:59:00,23,TOWER_021,sms
CDR_004588,FIR_0015,P053,P043,2026-02-25 03:34:00,455,TOWER_010,voice
CDR_004589,FIR_0021,P034,P005,2026-08-28 10:25:00,842,TOWER_009,voice
CDR_004590,FIR_0026,P028,P058,2026-02-08 13:23:00,705,TOWER_014,sms
CDR_004591,FIR_0003,P007,P023,2026-05-12 22:27:00,512,TOWER_013,sms
CDR_004592,FIR_0018,P010,P059,2026-03-02 14:41:00,775,TOWER_008,sms
CDR_004593,FIR_0022,P011,P039,2026-04-07 05:55:00,557,TOWER_022,sms
CDR_004594,FIR_0028,P007,P058,2026-05-07 12:38:00,96,TOWER_012,sms
CDR_004595,FIR_0023,P050,P019,2026-02-18 23:03:00,161,TOWER_007,sms
CDR_004596,FIR_0017,P014,P006,2026-08-23 02:26:00,385,TOWER_024,sms
CDR_004597,FIR_0019,P028,P011,2026-04-29 21:58:00,645,TOWER_013,sms
CDR_004598,FIR_0029,P007,P044,2026-01-23 16:45:00,321,TOWER_024,sms
CDR_004599,FIR_0005,P015,P008,2026-05-16 21:47:00,900,TOWER_019,voice
CDR_004600,FIR_0001,P056,P036,2026-03-29 21:08:00,587,TOWER_019,voice
CDR_004601,FIR_0011,P028,P001,2026-06-16 06:29:00,178,TOWER_019,sms
CDR_004602,FIR_0008,P033,P038,2026-05-30 20:25:00,549,TOWER_010,voice
CDR_004603,FIR_0024,P051,P015,2026-03-16 17:38:00,290,TOWER_015,sms
CDR_004604,FIR_0021,P025,P010,2026-05-13 13:52:00,337,TOWER_029,sms
CDR_004605,FIR_0002,P022,P048,2026-08-04 16:24:00,673,TOWER_009,sms
CDR_004606,FIR_0018,P032,P012,2026-04-26 10:21:00,548,TOWER_008,sms
CDR_004607,FIR_0001,P009,P046,2026-05-21 00:52:00,127,TOWER_029,voice
CDR_004608,FIR_0021,P006,P018,2026-06-28 03:22:00,483,TOWER_026,sms
CDR_004609,FIR_0015,P015,P054,2026-08-29 09:10:00,204,TOWER_028,sms
CDR_004610,FIR_0015,P044,P030,2026-01-19 21:49:00,355,TOWER_030,sms
CDR_004611,FIR_0003,P024,P052,2026-05-09 20:33:00,78,TOWER_028,voice
CDR_004612,FIR_0020,P020,P055,2026-03-12 10:16:00,762,TOWER_016,sms
CDR_004613,FIR_0030,P048,P042,2026-02-19 07:22:00,22,TOWER_010,voice
CDR_004614,FIR_0010,P009,P055,2026-07-13 13:09:00,701,TOWER_030,voice
CDR_004615,FIR_0016,P042,P027,2026-02-22 06:21:00,185,TOWER_002,voice
CDR_004616,FIR_0001,P003,P024,2026-02-17 03:05:00,98,TOWER_006,sms
CDR_004617,FIR_0016,P023,P060,2026-07-21 11:37:00,433,TOWER_023,sms
CDR_004618,FIR_0013,P027,P010,2026-06-25 12:21:00,698,TOWER_006,voice
CDR_004619,FIR_0012,P012,P024,2026-08-30 17:56:00,817,TOWER_012,voice
CDR_004620,FIR_0027,P022,P056,2026-05-30 17:07:00,783,TOWER_029,voice
CDR_004621,FIR_0029,P041,P020,2026-03-29 06:48:00,447,TOWER_025,sms
CDR_004622,FIR_0001,P039,P050,2026-08-28 05:18:00,427,TOWER_001,voice
CDR_004623,FIR_0012,P046,P013,2026-01-31 08:13:00,547,TOWER_009,voice
CDR_004624,FIR_0006,P031,P036,2026-01-06 01:06:00,284,TOWER_026,sms
CDR_004625,FIR_0027,P012,P047,2026-06-20 21:53:00,465,TOWER_004,sms
CDR_004626,FIR_0026,P044,P033,2026-04-17 02:35:00,531,TOWER_022,sms
CDR_004627,FIR_0024,P013,P049,2026-08-17 01:19:00,152,TOWER_015,voice
CDR_004628,FIR_0018,P060,P014,2026-03-13 19:32:00,720,TOWER_004,voice
CDR_004629,FIR_0024,P057,P041,2026-03-20 15:31:00,77,TOWER_013,voice
CDR_004630,FIR_0029,P037,P039,2026-05-03 01:46:00,389,TOWER_022,voice
CDR_004631,FIR_0029,P002,P058,2026-01-21 20:49:00,375,TOWER_021,voice
CDR_004632,FIR_0011,P023,P029,2026-06-03 01:36:00,411,TOWER_016,voice
CDR_004633,FIR_0019,P046,P049,2026-04-19 10:59:00,577,TOWER_005,sms
CDR_004634,FIR_0005,P028,P051,2026-02-19 12:48:00,874,TOWER_015,sms
CDR_004635,FIR_0006,P056,P002,2026-02-17 12:42:00,272,TOWER_005,sms
CDR_004636,FIR_0002,P005,P002,2026-07-06 07:47:00,900,TOWER_006,sms
CDR_004637,FIR_0012,P055,P054,2026-03-08 06:51:00,335,TOWER_018,sms
CDR_004638,FIR_0014,P053,P045,2026-06-12 06:10:00,101,TOWER_027,voice
CDR_004639,FIR_0021,P025,P030,2026-02-18 17:44:00,171,TOWER_026,voice
CDR_004640,FIR_0005,P009,P022,2026-07-18 18:20:00,432,TOWER_005,sms
CDR_004641,FIR_0030,P004,P030,2026-03-25 13:46:00,486,TOWER_002,voice
CDR_004642,FIR_0018,P020,P019,2026-06-30 00:15:00,39,TOWER_009,sms
CDR_004643,FIR_0024,P007,P013,2026-07-27 16:20:00,434,TOWER_022,sms
CDR_004644,FIR_0021,P028,P034,2026-02-06 06:10:00,408,TOWER_006,voice
CDR_004645,FIR_0024,P023,P006,2026-08-16 19:29:00,391,TOWER_018,voice
CDR_004646,FIR_0028,P027,P044,2026-08-27 05:59:00,850,TOWER_022,voice
CDR_004647,FIR_0007,P010,P028,2026-08-01 11:38:00,563,TOWER_003,sms
CDR_004648,FIR_0002,P029,P007,2026-01-05 12:17:00,194,TOWER_021,voice
CDR_004649,FIR_0027,P038,P045,2026-07-14 04:00:00,38,TOWER_027,voice
CDR_004650,FIR_0011,P044,P049,2026-07-07 01:50:00,550,TOWER_026,sms
CDR_004651,FIR_0025,P046,P025,2026-02-07 07:12:00,580,TOWER_013,voice
CDR_004652,FIR_0023,P029,P058,2026-08-29 03:16:00,446,TOWER_001,voice
CDR_004653,FIR_0028,P009,P006,2026-03-23 06:56:00,72,TOWER_006,voice
CDR_004654,FIR_0007,P032,P038,2026-06-04 17:22:00,143,TOWER_017,voice
CDR_004655,FIR_0020,P006,P060,2026-02-16 12:57:00,680,TOWER_026,sms
CDR_004656,FIR_0001,P025,P042,2026-08-30 04:15:00,183,TOWER_023,sms
CDR_004657,FIR_0028,P045,P012,2026-03-12 10:31:00,826,TOWER_018,voice
CDR_004658,FIR_0014,P058,P021,2026-01-22 17:44:00,337,TOWER_002,voice
CDR_004659,FIR_0007,P049,P023,2026-07-26 00:24:00,223,TOWER_001,voice
CDR_004660,FIR_0025,P027,P023,2026-08-16 22:26:00,490,TOWER_018,voice
CDR_004661,FIR_0001,P011,P023,2026-08-07 19:47:00,594,TOWER_019,sms
CDR_004662,FIR_0024,P032,P021,2026-02-08 03:10:00,402,TOWER_029,voice
CDR_004663,FIR_0016,P007,P021,2026-03-14 18:38:00,516,TOWER_024,sms
CDR_004664,FIR_0009,P006,P056,2026-02-20 16:55:00,474,TOWER_006,sms
CDR_004665,FIR_0017,P045,P033,2026-06-13 07:12:00,157,TOWER_021,voice
CDR_004666,FIR_0021,P017,P014,2026-04-02 11:01:00,419,TOWER_019,sms
CDR_004667,FIR_0018,P055,P004,2026-07-05 06:53:00,50,TOWER_010,voice
CDR_004668,FIR_0019,P056,P047,2026-06-13 07:14:00,811,TOWER_008,sms
CDR_004669,FIR_0029,P018,P040,2026-01-06 00:57:00,624,TOWER_017,voice
CDR_004670,FIR_0010,P028,P010,2026-04-28 12:11:00,717,TOWER_022,voice
CDR_004671,FIR_0004,P021,P011,2026-06-07 13:30:00,844,TOWER_028,voice
CDR_004672,FIR_0017,P042,P021,2026-06-21 00:28:00,732,TOWER_030,voice
CDR_004673,FIR_0026,P006,P039,2026-03-05 11:06:00,858,TOWER_024,voice
CDR_004674,FIR_0001,P016,P006,2026-07-24 15:45:00,570,TOWER_020,voice
CDR_004675,FIR_0024,P038,P045,2026-03-29 10:04:00,776,TOWER_010,sms
CDR_004676,FIR_0003,P016,P015,2026-05-12 11:55:00,657,TOWER_026,voice
CDR_004677,FIR_0019,P025,P045,2026-06-19 22:25:00,718,TOWER_004,voice
CDR_004678,FIR_0006,P015,P011,2026-06-26 22:14:00,465,TOWER_012,sms
CDR_004679,FIR_0022,P057,P007,2026-03-09 21:03:00,651,TOWER_002,sms
CDR_004680,FIR_0002,P006,P010,2026-01-06 21:37:00,817,TOWER_001,sms
CDR_004681,FIR_0017,P032,P045,2026-06-29 10:42:00,174,TOWER_008,sms
CDR_004682,FIR_0015,P023,P013,2026-06-09 23:02:00,100,TOWER_018,sms
CDR_004683,FIR_0017,P005,P024,2026-06-23 14:11:00,598,TOWER_014,voice
CDR_004684,FIR_0008,P051,P031,2026-08-01 22:42:00,574,TOWER_023,voice
CDR_004685,FIR_0024,P053,P019,2026-07-28 16:42:00,77,TOWER_001,voice
CDR_004686,FIR_0004,P027,P051,2026-08-10 04:42:00,735,TOWER_014,voice
CDR_004687,FIR_0014,P008,P048,2026-01-30 11:45:00,637,TOWER_003,voice
CDR_004688,FIR_0015,P014,P018,2026-07-24 03:55:00,635,TOWER_019,voice
CDR_004689,FIR_0021,P052,P008,2026-08-25 19:43:00,676,TOWER_021,sms
CDR_004690,FIR_0015,P028,P034,2026-08-11 16:09:00,87,TOWER_024,sms
CDR_004691,FIR_0024,P042,P048,2026-03-02 21:54:00,310,TOWER_018,voice
CDR_004692,FIR_0009,P054,P033,2026-07-16 11:36:00,214,TOWER_028,sms
CDR_004693,FIR_0026,P048,P003,2026-04-04 23:39:00,88,TOWER_005,voice
CDR_004694,FIR_0007,P033,P006,2026-06-11 14:11:00,589,TOWER_022,sms
CDR_004695,FIR_0008,P005,P054,2026-01-13 14:45:00,313,TOWER_002,voice
CDR_004696,FIR_0010,P015,P053,2026-01-25 21:47:00,754,TOWER_007,voice
CDR_004697,FIR_0019,P003,P007,2026-03-09 00:58:00,799,TOWER_026,sms
CDR_004698,FIR_0005,P013,P005,2026-04-06 02:06:00,592,TOWER_023,sms
CDR_004699,FIR_0012,P035,P013,2026-02-06 02:08:00,627,TOWER_013,voice
CDR_004700,FIR_0009,P023,P032,2026-08-28 03:34:00,252,TOWER_022,voice
CDR_004701,FIR_0010,P041,P056,2026-04-27 12:44:00,115,TOWER_005,voice
CDR_004702,FIR_0006,P007,P008,2026-04-09 23:43:00,481,TOWER_022,voice
CDR_004703,FIR_0011,P040,P017,2026-04-04 18:27:00,332,TOWER_013,voice
CDR_004704,FIR_0002,P024,P022,2026-08-30 09:35:00,15,TOWER_020,voice
CDR_004705,FIR_0013,P045,P029,2026-02-12 05:22:00,869,TOWER_028,sms
CDR_004706,FIR_0027,P048,P055,2026-08-18 13:35:00,174,TOWER_009,sms
CDR_004707,FIR_0022,P011,P005,2026-05-24 12:35:00,609,TOWER_001,voice
CDR_004708,FIR_0026,P013,P001,2026-05-14 00:46:00,716,TOWER_023,sms
CDR_004709,FIR_0017,P049,P029,2026-03-07 21:11:00,478,TOWER_026,sms
CDR_004710,FIR_0012,P054,P020,2026-06-22 18:44:00,680,TOWER_010,voice
CDR_004711,FIR_0016,P043,P045,2026-08-31 22:24:00,367,TOWER_027,sms
CDR_004712,FIR_0005,P012,P056,2026-07-05 17:07:00,35,TOWER_005,voice
CDR_004713,FIR_0012,P052,P030,2026-01-18 05:40:00,428,TOWER_023,voice
CDR_004714,FIR_0015,P009,P019,2026-05-24 19:47:00,120,TOWER_028,voice
CDR_004715,FIR_0029,P044,P025,2026-01-14 18:47:00,114,TOWER_016,voice
CDR_004716,FIR_0006,P056,P028,2026-03-11 10:04:00,807,TOWER_004,voice
CDR_004717,FIR_0002,P005,P052,2026-06-23 17:41:00,18,TOWER_007,voice
CDR_004718,FIR_0025,P029,P043,2026-04-11 06:16:00,561,TOWER_030,sms
CDR_004719,FIR_0017,P019,P049,2026-05-01 05:55:00,219,TOWER_003,sms
CDR_004720,FIR_0027,P055,P043,2026-02-02 14:21:00,292,TOWER_029,voice
CDR_004721,FIR_0018,P009,P033,2026-03-31 23:17:00,288,TOWER_027,voice
CDR_004722,FIR_0004,P040,P023,2026-08-29 05:29:00,715,TOWER_004,sms
CDR_004723,FIR_0017,P011,P037,2026-08-14 00:13:00,320,TOWER_025,voice
CDR_004724,FIR_0016,P029,P018,2026-04-24 00:01:00,620,TOWER_007,sms
CDR_004725,FIR_0004,P009,P046,2026-05-06 11:03:00,122,TOWER_020,voice
CDR_004726,FIR_0010,P028,P003,2026-01-29 13:59:00,288,TOWER_027,sms
CDR_004727,FIR_0026,P022,P014,2026-07-16 05:53:00,870,TOWER_009,voice
CDR_004728,FIR_0004,P001,P055,2026-02-08 07:19:00,194,TOWER_028,sms
CDR_004729,FIR_0026,P034,P054,2026-03-10 06:12:00,126,TOWER_003,voice
CDR_004730,FIR_0002,P027,P053,2026-03-28 08:29:00,390,TOWER_026,voice
CDR_004731,FIR_0020,P023,P028,2026-07-27 10:33:00,641,TOWER_020,voice
CDR_004732,FIR_0014,P049,P017,2026-08-21 15:45:00,48,TOWER_012,voice
CDR_004733,FIR_0002,P013,P060,2026-03-30 12:58:00,895,TOWER_026,sms
CDR_004734,FIR_0019,P018,P006,2026-05-06 02:37:00,154,TOWER_001,voice
CDR_004735,FIR_0002,P028,P040,2026-01-13 07:23:00,144,TOWER_019,sms
CDR_004736,FIR_0013,P036,P047,2026-02-14 08:17:00,28,TOWER_009,sms
CDR_004737,FIR_0013,P044,P031,2026-01-17 17:48:00,79,TOWER_008,voice
CDR_004738,FIR_0005,P030,P001,2026-04-17 16:03:00,172,TOWER_014,sms
CDR_004739,FIR_0020,P044,P033,2026-03-08 15:14:00,862,TOWER_005,sms
CDR_004740,FIR_0013,P015,P037,2026-07-03 07:59:00,746,TOWER_009,sms
CDR_004741,FIR_0012,P032,P002,2026-07-31 20:49:00,43,TOWER_028,voice
CDR_004742,FIR_0020,P049,P045,2026-07-16 04:34:00,218,TOWER_022,sms
CDR_004743,FIR_0030,P001,P050,2026-06-27 13:32:00,823,TOWER_014,voice
CDR_004744,FIR_0012,P006,P011,2026-02-23 13:26:00,605,TOWER_016,sms
CDR_004745,FIR_0022,P031,P056,2026-07-15 23:44:00,19,TOWER_030,voice
CDR_004746,FIR_0003,P011,P021,2026-01-21 21:35:00,317,TOWER_019,voice
CDR_004747,FIR_0013,P050,P023,2026-05-21 15:53:00,730,TOWER_009,sms
CDR_004748,FIR_0019,P014,P021,2026-08-14 06:27:00,154,TOWER_027,voice
CDR_004749,FIR_0028,P002,P055,2026-04-25 09:42:00,208,TOWER_003,sms
CDR_004750,FIR_0019,P053,P051,2026-05-11 17:22:00,269,TOWER_004,sms
CDR_004751,FIR_0029,P014,P008,2026-08-02 03:49:00,230,TOWER_007,sms
CDR_004752,FIR_0019,P047,P025,2026-01-27 03:16:00,852,TOWER_016,sms
CDR_004753,FIR_0022,P050,P037,2026-08-04 09:26:00,230,TOWER_005,voice
CDR_004754,FIR_0020,P043,P001,2026-07-06 22:01:00,566,TOWER_020,sms
CDR_004755,FIR_0030,P017,P012,2026-06-30 21:09:00,541,TOWER_021,voice
CDR_004756,FIR_0009,P018,P027,2026-01-18 05:56:00,292,TOWER_010,sms
CDR_004757,FIR_0020,P027,P036,2026-03-04 14:56:00,781,TOWER_002,voice
CDR_004758,FIR_0023,P008,P022,2026-07-31 17:45:00,481,TOWER_017,sms
CDR_004759,FIR_0006,P016,P024,2026-08-05 13:59:00,72,TOWER_029,voice
CDR_004760,FIR_0020,P003,P021,2026-02-22 21:31:00,540,TOWER_017,voice
CDR_004761,FIR_0022,P007,P028,2026-07-14 03:01:00,498,TOWER_026,sms
CDR_004762,FIR_0021,P016,P053,2026-08-31 10:17:00,687,TOWER_021,voice
CDR_004763,FIR_0015,P027,P053,2026-01-17 05:01:00,209,TOWER_010,voice
CDR_004764,FIR_0016,P042,P007,2026-08-22 05:22:00,416,TOWER_016,sms
CDR_004765,FIR_0006,P013,P039,2026-01-28 08:40:00,587,TOWER_008,voice
CDR_004766,FIR_0015,P047,P003,2026-02-09 07:42:00,822,TOWER_012,voice
CDR_004767,FIR_0019,P056,P015,2026-05-29 18:23:00,800,TOWER_005,sms
CDR_004768,FIR_0001,P026,P036,2026-01-13 10:05:00,291,TOWER_002,sms
CDR_004769,FIR_0001,P022,P041,2026-02-14 00:36:00,26,TOWER_006,sms
CDR_004770,FIR_0020,P014,P001,2026-07-10 13:03:00,272,TOWER_021,voice
CDR_004771,FIR_0005,P056,P054,2026-05-24 19:28:00,195,TOWER_029,voice
CDR_004772,FIR_0021,P050,P002,2026-01-17 15:51:00,268,TOWER_003,sms
CDR_004773,FIR_0006,P040,P023,2026-02-24 08:57:00,825,TOWER_008,sms
CDR_004774,FIR_0026,P022,P024,2026-09-01 01:29:00,462,TOWER_008,sms
CDR_004775,FIR_0008,P059,P022,2026-03-08 22:05:00,322,TOWER_019,voice
CDR_004776,FIR_0009,P028,P051,2026-02-12 15:23:00,580,TOWER_018,sms
CDR_004777,FIR_0001,P014,P006,2026-03-10 21:23:00,706,TOWER_008,sms
CDR_004778,FIR_0030,P029,P054,2026-05-03 13:09:00,386,TOWER_013,voice
CDR_004779,FIR_0002,P059,P007,2026-04-05 02:00:00,300,TOWER_015,voice
CDR_004780,FIR_0021,P015,P034,2026-08-16 21:36:00,516,TOWER_027,sms
CDR_004781,FIR_0027,P004,P048,2026-07-15 22:19:00,826,TOWER_018,voice
CDR_004782,FIR_0026,P013,P041,2026-06-01 13:11:00,630,TOWER_013,sms
CDR_004783,FIR_0016,P056,P009,2026-06-03 21:43:00,124,TOWER_005,sms
CDR_004784,FIR_0004,P028,P030,2026-01-27 20:52:00,272,TOWER_017,sms
CDR_004785,FIR_0014,P029,P022,2026-04-07 03:49:00,439,TOWER_018,sms
CDR_004786,FIR_0013,P037,P052,2026-06-07 10:48:00,51,TOWER_012,sms
CDR_004787,FIR_0009,P015,P003,2026-02-20 08:20:00,93,TOWER_008,voice
CDR_004788,FIR_0011,P005,P004,2026-08-15 12:12:00,766,TOWER_012,voice
CDR_004789,FIR_0013,P051,P017,2026-08-09 03:46:00,492,TOWER_016,sms
CDR_004790,FIR_0002,P018,P020,2026-07-07 10:53:00,51,TOWER_004,sms
CDR_004791,FIR_0012,P042,P003,2026-07-20 10:16:00,53,TOWER_023,voice
CDR_004792,FIR_0030,P031,P027,2026-01-13 13:08:00,682,TOWER_017,sms
CDR_004793,FIR_0002,P030,P033,2026-02-11 12:51:00,80,TOWER_007,voice
CDR_004794,FIR_0008,P059,P006,2026-06-15 06:59:00,21,TOWER_028,voice
CDR_004795,FIR_0011,P047,P020,2026-02-03 04:28:00,52,TOWER_006,voice
CDR_004796,FIR_0005,P013,P038,2026-08-25 22:33:00,773,TOWER_024,sms
CDR_004797,FIR_0009,P060,P027,2026-05-14 09:48:00,338,TOWER_021,sms
CDR_004798,FIR_0001,P050,P037,2026-05-03 07:06:00,711,TOWER_010,voice
CDR_004799,FIR_0009,P031,P038,2026-02-14 15:17:00,42,TOWER_020,voice
CDR_004800,FIR_0016,P027,P057,2026-01-31 04:06:00,797,TOWER_022,sms
CDR_004801,FIR_0017,P031,P001,2026-01-24 21:52:00,209,TOWER_009,sms
CDR_004802,FIR_0015,P021,P048,2026-03-26 18:07:00,367,TOWER_028,voice
CDR_004803,FIR_0008,P055,P035,2026-01-20 07:50:00,110,TOWER_008,sms
CDR_004804,FIR_0013,P022,P034,2026-03-05 03:51:00,741,TOWER_007,voice
CDR_004805,FIR_0030,P057,P007,2026-07-12 14:09:00,198,TOWER_009,sms
CDR_004806,FIR_0004,P005,P026,2026-05-21 02:59:00,300,TOWER_025,voice
CDR_004807,FIR_0026,P012,P006,2026-06-26 13:28:00,501,TOWER_016,sms
CDR_004808,FIR_0015,P053,P033,2026-01-09 15:04:00,210,TOWER_012,sms
CDR_004809,FIR_0001,P014,P056,2026-02-07 11:19:00,586,TOWER_005,voice
CDR_004810,FIR_0015,P025,P042,2026-05-29 23:58:00,197,TOWER_014,voice
CDR_004811,FIR_0029,P003,P009,2026-03-04 09:29:00,46,TOWER_021,voice
CDR_004812,FIR_0013,P003,P007,2026-02-02 07:59:00,242,TOWER_013,voice
CDR_004813,FIR_0021,P015,P016,2026-06-23 13:13:00,515,TOWER_012,voice
CDR_004814,FIR_0010,P055,P052,2026-07-21 13:14:00,897,TOWER_013,voice
CDR_004815,FIR_0016,P006,P029,2026-06-10 05:44:00,438,TOWER_018,sms
CDR_004816,FIR_0016,P028,P019,2026-01-09 16:07:00,753,TOWER_014,voice
CDR_004817,FIR_0009,P054,P021,2026-05-28 21:56:00,156,TOWER_016,sms
CDR_004818,FIR_0030,P017,P013,2026-06-08 04:29:00,283,TOWER_028,voice
CDR_004819,FIR_0021,P009,P043,2026-07-15 15:09:00,625,TOWER_020,voice
CDR_004820,FIR_0015,P011,P001,2026-01-02 12:06:00,334,TOWER_030,sms
CDR_004821,FIR_0020,P010,P046,2026-01-31 17:35:00,558,TOWER_002,sms
CDR_004822,FIR_0030,P022,P013,2026-05-11 17:08:00,686,TOWER_018,voice
CDR_004823,FIR_0022,P054,P025,2026-07-25 16:37:00,298,TOWER_005,voice
CDR_004824,FIR_0021,P043,P018,2026-03-27 10:52:00,620,TOWER_022,voice
CDR_004825,FIR_0002,P020,P041,2026-03-21 11:13:00,432,TOWER_012,voice
CDR_004826,FIR_0027,P009,P001,2026-03-23 19:37:00,390,TOWER_004,voice
CDR_004827,FIR_0023,P031,P021,2026-04-01 13:56:00,890,TOWER_002,sms
CDR_004828,FIR_0005,P018,P054,2026-08-15 23:50:00,288,TOWER_024,sms
CDR_004829,FIR_0009,P007,P002,2026-06-05 12:40:00,35,TOWER_005,voice
CDR_004830,FIR_0005,P052,P016,2026-04-09 01:08:00,464,TOWER_001,sms
CDR_004831,FIR_0018,P009,P006,2026-01-18 06:03:00,153,TOWER_009,sms
CDR_004832,FIR_0018,P009,P027,2026-06-06 22:04:00,316,TOWER_010,sms
CDR_004833,FIR_0012,P029,P016,2026-02-21 03:48:00,796,TOWER_001,sms
CDR_004834,FIR_0018,P058,P012,2026-04-15 01:50:00,13,TOWER_030,voice
CDR_004835,FIR_0004,P021,P043,2026-01-31 08:46:00,714,TOWER_030,sms
CDR_004836,FIR_0016,P018,P058,2026-08-20 02:09:00,792,TOWER_023,sms
CDR_004837,FIR_0025,P058,P041,2026-05-21 17:42:00,356,TOWER_029,sms
CDR_004838,FIR_0002,P060,P014,2026-08-26 01:14:00,60,TOWER_019,sms
CDR_004839,FIR_0003,P031,P039,2026-05-17 17:42:00,357,TOWER_008,voice
CDR_004840,FIR_0004,P013,P047,2026-05-04 16:13:00,411,TOWER_016,sms
CDR_004841,FIR_0010,P024,P046,2026-05-27 15:16:00,227,TOWER_007,voice
CDR_004842,FIR_0016,P030,P056,2026-04-13 13:20:00,93,TOWER_015,sms
CDR_004843,FIR_0008,P026,P011,2026-04-26 02:22:00,690,TOWER_013,sms
CDR_004844,FIR_0003,P041,P015,2026-06-16 13:39:00,798,TOWER_026,sms
CDR_004845,FIR_0001,P056,P006,2026-03-18 05:06:00,380,TOWER_016,sms
CDR_004846,FIR_0007,P040,P007,2026-02-06 21:35:00,292,TOWER_005,sms
CDR_004847,FIR_0029,P049,P044,2026-05-12 16:15:00,303,TOWER_016,voice
CDR_004848,FIR_0014,P055,P015,2026-03-12 00:10:00,282,TOWER_017,sms
CDR_004849,FIR_0023,P008,P019,2026-06-12 15:21:00,150,TOWER_009,voice
CDR_004850,FIR_0013,P010,P055,2026-03-21 09:10:00,641,TOWER_006,voice
CDR_004851,FIR_0016,P052,P020,2026-05-10 19:39:00,415,TOWER_018,voice
CDR_004852,FIR_0010,P015,P052,2026-01-25 08:05:00,649,TOWER_002,voice
CDR_004853,FIR_0016,P010,P034,2026-05-05 08:10:00,11,TOWER_030,sms
CDR_004854,FIR_0030,P028,P049,2026-03-27 01:11:00,38,TOWER_021,sms
CDR_004855,FIR_0006,P048,P015,2026-04-29 03:28:00,197,TOWER_010,voice
CDR_004856,FIR_0011,P012,P032,2026-05-12 06:00:00,342,TOWER_030,sms
CDR_004857,FIR_0022,P039,P054,2026-01-27 10:45:00,744,TOWER_023,sms
CDR_004858,FIR_0020,P043,P020,2026-03-17 07:30:00,850,TOWER_024,voice
CDR_004859,FIR_0002,P015,P051,2026-01-20 06:08:00,759,TOWER_006,sms
CDR_004860,FIR_0005,P031,P046,2026-03-14 08:09:00,756,TOWER_028,sms
CDR_004861,FIR_0012,P047,P023,2026-06-15 10:26:00,339,TOWER_010,voice
CDR_004862,FIR_0007,P051,P004,2026-01-10 23:27:00,194,TOWER_023,voice
CDR_004863,FIR_0003,P019,P021,2026-07-09 04:26:00,701,TOWER_014,voice
CDR_004864,FIR_0009,P007,P032,2026-01-28 08:01:00,20,TOWER_023,voice
CDR_004865,FIR_0019,P048,P033,2026-03-04 11:38:00,413,TOWER_025,voice
CDR_004866,FIR_0011,P037,P035,2026-03-31 04:12:00,491,TOWER_009,sms
CDR_004867,FIR_0002,P054,P049,2026-08-25 18:29:00,20,TOWER_025,voice
CDR_004868,FIR_0017,P044,P020,2026-06-19 21:47:00,558,TOWER_024,voice
CDR_004869,FIR_0029,P028,P009,2026-03-13 03:43:00,457,TOWER_011,voice
CDR_004870,FIR_0018,P017,P013,2026-01-07 11:22:00,309,TOWER_027,voice
CDR_004871,FIR_0018,P028,P009,2026-03-07 15:08:00,508,TOWER_006,sms
CDR_004872,FIR_0018,P043,P017,2026-02-02 20:20:00,628,TOWER_015,sms
CDR_004873,FIR_0016,P015,P008,2026-04-24 14:07:00,706,TOWER_020,voice
CDR_004874,FIR_0002,P015,P021,2026-03-07 22:54:00,825,TOWER_004,voice
CDR_004875,FIR_0005,P058,P023,2026-05-17 10:09:00,134,TOWER_027,voice
CDR_004876,FIR_0006,P044,P006,2026-01-16 19:45:00,242,TOWER_022,voice
CDR_004877,FIR_0027,P007,P002,2026-03-24 11:34:00,584,TOWER_015,voice
CDR_004878,FIR_0017,P005,P008,2026-05-16 19:52:00,507,TOWER_011,sms
CDR_004879,FIR_0024,P034,P029,2026-05-09 06:34:00,618,TOWER_030,voice
CDR_004880,FIR_0001,P046,P058,2026-05-02 11:09:00,235,TOWER_005,voice
CDR_004881,FIR_0010,P027,P038,2026-07-02 22:11:00,139,TOWER_019,sms
CDR_004882,FIR_0015,P032,P001,2026-02-23 16:57:00,546,TOWER_028,voice
CDR_004883,FIR_0004,P002,P040,2026-04-17 15:35:00,804,TOWER_006,sms
CDR_004884,FIR_0008,P033,P007,2026-05-10 05:53:00,403,TOWER_024,voice
CDR_004885,FIR_0001,P023,P027,2026-05-21 09:18:00,665,TOWER_011,sms
CDR_004886,FIR_0026,P049,P046,2026-06-08 12:14:00,468,TOWER_013,voice
CDR_004887,FIR_0015,P014,P018,2026-04-29 08:09:00,580,TOWER_004,sms
CDR_004888,FIR_0008,P053,P001,2026-07-03 08:10:00,145,TOWER_015,voice
CDR_004889,FIR_0025,P001,P050,2026-05-18 06:54:00,818,TOWER_002,sms
CDR_004890,FIR_0009,P033,P002,2026-07-23 04:02:00,224,TOWER_010,voice
CDR_004891,FIR_0004,P026,P056,2026-05-18 16:18:00,802,TOWER_029,voice
CDR_004892,FIR_0015,P017,P045,2026-06-24 12:20:00,249,TOWER_018,voice
CDR_004893,FIR_0015,P058,P003,2026-03-08 01:31:00,110,TOWER_024,voice
CDR_004894,FIR_0004,P020,P046,2026-03-13 02:30:00,196,TOWER_030,sms
CDR_004895,FIR_0011,P027,P001,2026-03-07 23:40:00,190,TOWER_026,sms
CDR_004896,FIR_0010,P041,P023,2026-02-09 20:54:00,68,TOWER_020,sms
CDR_004897,FIR_0024,P017,P002,2026-07-27 11:00:00,215,TOWER_023,sms
CDR_004898,FIR_0004,P006,P019,2026-02-14 22:48:00,414,TOWER_025,sms
CDR_004899,FIR_0015,P013,P021,2026-02-26 08:34:00,199,TOWER_010,voice
CDR_004900,FIR_0016,P050,P015,2026-05-23 15:16:00,321,TOWER_016,sms
CDR_004901,FIR_0024,P008,P057,2026-04-07 14:11:00,254,TOWER_012,voice
CDR_004902,FIR_0013,P013,P024,2026-03-22 22:57:00,96,TOWER_010,voice
CDR_004903,FIR_0017,P053,P054,2026-01-30 07:21:00,773,TOWER_020,sms
CDR_004904,FIR_0015,P020,P033,2026-06-23 23:59:00,550,TOWER_024,voice
CDR_004905,FIR_0015,P040,P023,2026-03-11 21:11:00,367,TOWER_021,sms
CDR_004906,FIR_0012,P029,P014,2026-01-24 23:21:00,353,TOWER_020,voice
CDR_004907,FIR_0014,P039,P020,2026-05-17 17:58:00,622,TOWER_013,sms
CDR_004908,FIR_0007,P058,P007,2026-05-18 01:03:00,330,TOWER_020,sms
CDR_004909,FIR_0030,P050,P058,2026-03-26 11:51:00,411,TOWER_028,voice
CDR_004910,FIR_0018,P002,P058,2026-05-17 22:06:00,638,TOWER_016,voice
CDR_004911,FIR_0011,P056,P052,2026-03-27 13:30:00,326,TOWER_008,voice
CDR_004912,FIR_0001,P002,P033,2026-08-29 14:17:00,431,TOWER_030,voice
CDR_004913,FIR_0002,P023,P044,2026-06-04 01:29:00,705,TOWER_025,sms
CDR_004914,FIR_0027,P029,P017,2026-06-10 01:33:00,727,TOWER_028,sms
CDR_004915,FIR_0020,P022,P059,2026-03-09 12:43:00,579,TOWER_016,voice
CDR_004916,FIR_0021,P007,P056,2026-06-21 00:34:00,887,TOWER_011,voice
CDR_004917,FIR_0006,P052,P033,2026-06-19 08:36:00,432,TOWER_016,sms
CDR_004918,FIR_0026,P054,P015,2026-06-14 19:14:00,763,TOWER_005,voice
CDR_004919,FIR_0010,P013,P034,2026-08-31 03:09:00,522,TOWER_013,voice
CDR_004920,FIR_0014,P045,P009,2026-06-30 02:06:00,235,TOWER_022,voice
CDR_004921,FIR_0001,P021,P038,2026-01-17 16:57:00,685,TOWER_014,voice
CDR_004922,FIR_0011,P009,P010,2026-06-30 05:26:00,794,TOWER_017,voice
CDR_004923,FIR_0009,P051,P028,2026-03-21 03:19:00,562,TOWER_003,sms
CDR_004924,FIR_0019,P023,P040,2026-05-15 07:51:00,361,TOWER_008,sms
CDR_004925,FIR_0027,P042,P018,2026-08-25 21:19:00,203,TOWER_006,voice
CDR_004926,FIR_0016,P005,P021,2026-03-23 08:26:00,751,TOWER_022,sms
CDR_004927,FIR_0015,P050,P003,2026-04-19 16:37:00,792,TOWER_009,voice
CDR_004928,FIR_0006,P059,P030,2026-08-17 09:43:00,671,TOWER_011,voice
CDR_004929,FIR_0016,P039,P032,2026-04-23 11:01:00,555,TOWER_021,sms
CDR_004930,FIR_0025,P002,P005,2026-07-06 14:21:00,200,TOWER_027,voice
CDR_004931,FIR_0009,P025,P049,2026-04-13 20:11:00,810,TOWER_007,sms
CDR_004932,FIR_0008,P024,P033,2026-07-17 10:04:00,308,TOWER_002,voice
CDR_004933,FIR_0022,P025,P041,2026-03-31 10:05:00,71,TOWER_002,voice
CDR_004934,FIR_0001,P009,P008,2026-05-01 14:08:00,172,TOWER_029,voice
CDR_004935,FIR_0029,P034,P043,2026-04-02 14:35:00,162,TOWER_026,voice
CDR_004936,FIR_0024,P047,P034,2026-02-27 00:01:00,295,TOWER_003,sms
CDR_004937,FIR_0021,P031,P035,2026-01-18 06:42:00,753,TOWER_023,sms
CDR_004938,FIR_0027,P037,P036,2026-01-04 22:01:00,404,TOWER_027,voice
CDR_004939,FIR_0014,P060,P011,2026-03-23 08:27:00,108,TOWER_012,sms
CDR_004940,FIR_0004,P038,P022,2026-02-25 11:15:00,420,TOWER_024,voice
CDR_004941,FIR_0017,P004,P028,2026-01-02 23:32:00,148,TOWER_014,voice
CDR_004942,FIR_0007,P004,P010,2026-08-26 10:08:00,690,TOWER_022,sms
CDR_004943,FIR_0017,P002,P016,2026-06-27 01:55:00,702,TOWER_002,voice
CDR_004944,FIR_0020,P044,P006,2026-03-23 04:47:00,265,TOWER_018,voice
CDR_004945,FIR_0026,P056,P060,2026-02-06 00:44:00,411,TOWER_012,voice
CDR_004946,FIR_0021,P017,P011,2026-08-25 05:14:00,124,TOWER_007,voice
CDR_004947,FIR_0013,P027,P016,2026-05-28 21:00:00,519,TOWER_021,voice
CDR_004948,FIR_0013,P041,P060,2026-05-18 17:04:00,524,TOWER_020,sms
CDR_004949,FIR_0018,P057,P027,2026-04-11 13:32:00,618,TOWER_007,sms
CDR_004950,FIR_0010,P008,P039,2026-01-25 07:05:00,685,TOWER_019,voice
CDR_004951,FIR_0030,P031,P039,2026-05-10 02:08:00,226,TOWER_020,sms
CDR_004952,FIR_0009,P047,P029,2026-08-30 15:21:00,433,TOWER_009,voice
CDR_004953,FIR_0008,P049,P003,2026-06-12 15:11:00,238,TOWER_001,voice
CDR_004954,FIR_0013,P029,P044,2026-02-19 23:48:00,783,TOWER_018,sms
CDR_004955,FIR_0030,P014,P003,2026-03-10 20:47:00,830,TOWER_017,sms
CDR_004956,FIR_0026,P044,P040,2026-07-30 09:28:00,208,TOWER_004,sms
CDR_004957,FIR_0022,P014,P036,2026-08-26 18:07:00,241,TOWER_006,voice
CDR_004958,FIR_0021,P043,P049,2026-05-17 17:58:00,572,TOWER_022,sms
CDR_004959,FIR_0014,P025,P059,2026-03-08 04:42:00,554,TOWER_009,sms
CDR_004960,FIR_0029,P019,P056,2026-04-02 06:02:00,534,TOWER_020,sms
CDR_004961,FIR_0026,P048,P042,2026-07-25 20:58:00,316,TOWER_021,sms
CDR_004962,FIR_0010,P028,P017,2026-07-29 18:43:00,461,TOWER_029,voice
CDR_004963,FIR_0007,P009,P023,2026-02-06 01:07:00,511,TOWER_017,voice
CDR_004964,FIR_0007,P044,P056,2026-06-13 01:26:00,496,TOWER_019,voice
CDR_004965,FIR_0015,P009,P052,2026-02-26 17:34:00,373,TOWER_028,sms
CDR_004966,FIR_0019,P032,P049,2026-05-24 22:17:00,654,TOWER_009,sms
CDR_004967,FIR_0018,P006,P002,2026-03-24 10:40:00,795,TOWER_010,voice
CDR_004968,FIR_0009,P019,P052,2026-05-19 14:08:00,355,TOWER_023,sms
CDR_004969,FIR_0004,P041,P023,2026-05-15 20:21:00,12,TOWER_022,sms
CDR_004970,FIR_0007,P051,P040,2026-05-06 10:50:00,123,TOWER_009,voice
CDR_004971,FIR_0023,P035,P019,2026-05-06 15:24:00,32,TOWER_004,voice
CDR_004972,FIR_0023,P040,P053,2026-03-28 20:26:00,864,TOWER_020,sms
CDR_004973,FIR_0012,P009,P048,2026-08-27 15:17:00,44,TOWER_013,voice
CDR_004974,FIR_0024,P059,P002,2026-08-23 18:29:00,668,TOWER_003,sms
CDR_004975,FIR_0008,P056,P060,2026-02-19 11:04:00,691,TOWER_021,sms
CDR_004976,FIR_0021,P027,P028,2026-02-20 13:40:00,540,TOWER_017,sms
CDR_004977,FIR_0027,P031,P044,2026-06-01 16:14:00,313,TOWER_011,voice
CDR_004978,FIR_0028,P021,P056,2026-04-14 10:58:00,590,TOWER_015,sms
CDR_004979,FIR_0012,P026,P046,2026-05-30 07:43:00,746,TOWER_012,sms
CDR_004980,FIR_0024,P057,P051,2026-06-26 14:19:00,879,TOWER_006,voice
CDR_004981,FIR_0001,P055,P045,2026-08-01 06:53:00,510,TOWER_027,sms
CDR_004982,FIR_0013,P006,P033,2026-07-11 23:32:00,453,TOWER_009,voice
CDR_004983,FIR_0027,P059,P008,2026-04-09 04:40:00,839,TOWER_025,sms
CDR_004984,FIR_0028,P044,P003,2026-05-01 23:55:00,557,TOWER_019,sms
CDR_004985,FIR_0020,P040,P049,2026-07-29 08:33:00,342,TOWER_030,sms
CDR_004986,FIR_0027,P009,P056,2026-05-07 16:23:00,401,TOWER_007,voice
CDR_004987,FIR_0019,P051,P010,2026-02-17 21:57:00,694,TOWER_021,voice
CDR_004988,FIR_0028,P058,P022,2026-06-22 20:41:00,672,TOWER_008,voice
CDR_004989,FIR_0017,P005,P037,2026-02-14 05:15:00,12,TOWER_005,sms
CDR_004990,FIR_0023,P018,P055,2026-08-07 19:24:00,600,TOWER_028,sms
CDR_004991,FIR_0025,P060,P039,2026-05-02 22:53:00,99,TOWER_007,voice
CDR_004992,FIR_0029,P060,P010,2026-02-07 18:00:00,521,TOWER_004,sms
CDR_004993,FIR_0027,P045,P010,2026-03-10 19:26:00,597,TOWER_027,voice
CDR_004994,FIR_0024,P041,P019,2026-05-20 19:18:00,184,TOWER_013,voice
CDR_004995,FIR_0022,P006,P038,2026-07-21 01:02:00,339,TOWER_005,sms
CDR_004996,FIR_0030,P011,P035,2026-01-10 09:03:00,251,TOWER_028,voice
CDR_004997,FIR_0007,P011,P040,2026-06-29 12:51:00,711,TOWER_018,voice
CDR_004998,FIR_0019,P046,P032,2026-02-22 06:51:00,156,TOWER_003,sms
CDR_004999,FIR_0005,P010,P025,2026-05-29 22:41:00,616,TOWER_029,voice
CDR_005000,FIR_0007,P025,P053,2026-08-02 09:57:00,690,TOWER_015,voice
CDR_005001,FIR_0001,P001,P037,2026-01-22 17:00:00,301,TOWER_001,voice
CDR_005002,FIR_0001,P003,P004,2026-01-23 18:00:00,302,TOWER_001,voice
CDR_005003,FIR_0001,P002,P004,2026-01-24 19:00:00,303,TOWER_001,voice
CDR_005004,FIR_0001,P003,P004,2026-01-25 08:00:00,304,TOWER_001,voice
CDR_005005,FIR_0001,P003,P057,2026-01-26 09:00:00,305,TOWER_001,voice
CDR_005006,FIR_0001,P001,P010,2026-01-27 10:00:00,306,TOWER_001,voice
CDR_005007,FIR_0001,P001,P053,2026-01-28 11:00:00,307,TOWER_001,voice
CDR_005008,FIR_0001,P003,P041,2026-01-29 12:00:00,308,TOWER_001,voice
CDR_005009,FIR_0001,P003,P005,2026-01-30 13:00:00,309,TOWER_001,voice
CDR_005010,FIR_0001,P002,P018,2026-01-01 14:00:00,310,TOWER_001,voice
CDR_005011,FIR_0001,P001,P039,2026-01-02 15:00:00,311,TOWER_001,voice
CDR_005012,FIR_0001,P002,P024,2026-01-03 16:00:00,312,TOWER_001,voice
CDR_005013,FIR_0001,P001,P041,2026-01-04 17:00:00,313,TOWER_001,voice
CDR_005014,FIR_0001,P001,P051,2026-01-05 18:00:00,314,TOWER_001,voice
CDR_005015,FIR_0001,P002,P048,2026-01-06 19:00:00,315,TOWER_001,voice
CDR_005016,FIR_0001,P001,P033,2026-01-07 08:00:00,316,TOWER_001,voice
CDR_005017,FIR_0001,P002,P049,2026-01-08 09:00:00,317,TOWER_001,voice
CDR_005018,FIR_0001,P001,P004,2026-01-09 10:00:00,318,TOWER_001,voice
CDR_005019,FIR_0001,P002,P035,2026-01-10 11:00:00,319,TOWER_001,voice
CDR_005020,FIR_0001,P001,P046,2026-01-11 12:00:00,320,TOWER_001,voice
CDR_005021,FIR_0001,P001,P030,2026-01-12 13:00:00,321,TOWER_001,voice
CDR_005022,FIR_0001,P003,P023,2026-01-13 14:00:00,322,TOWER_001,voice
CDR_005023,FIR_0001,P001,P059,2026-01-14 15:00:00,323,TOWER_001,voice
CDR_005024,FIR_0001,P003,P005,2026-01-15 16:00:00,324,TOWER_001,voice
CDR_005025,FIR_0001,P003,P059,2026-01-16 17:00:00,325,TOWER_001,voice
CDR_005026,FIR_0001,P003,P034,2026-01-17 18:00:00,326,TOWER_001,voice
CDR_005027,FIR_0001,P002,P018,2026-01-18 19:00:00,327,TOWER_001,voice
CDR_005028,FIR_0001,P001,P027,2026-01-19 08:00:00,328,TOWER_001,voice
CDR_005029,FIR_0001,P002,P025,2026-01-20 09:00:00,329,TOWER_001,voice
CDR_005030,FIR_0001,P002,P057,2026-01-21 10:00:00,330,TOWER_001,voice
CDR_005031,FIR_0001,P003,P048,2026-01-22 11:00:00,331,TOWER_001,voice
CDR_005032,FIR_0001,P001,P042,2026-01-23 12:00:00,332,TOWER_001,voice
CDR_005033,FIR_0001,P003,P051,2026-01-24 13:00:00,333,TOWER_001,voice
CDR_005034,FIR_0001,P002,P007,2026-01-25 14:00:00,334,TOWER_001,voice
CDR_005035,FIR_0001,P002,P012,2026-01-26 15:00:00,335,TOWER_001,voice
CDR_005036,FIR_0001,P002,P005,2026-01-27 16:00:00,336,TOWER_001,voice
CDR_005037,FIR_0001,P002,P001,2026-01-28 17:00:00,337,TOWER_001,voice
CDR_005038,FIR_0001,P003,P056,2026-01-29 18:00:00,338,TOWER_001,voice
CDR_005039,FIR_0001,P001,P021,2026-01-30 19:00:00,339,TOWER_001,voice
CDR_005040,FIR_0001,P002,P052,2026-01-01 08:00:00,340,TOWER_001,voice
CDR_005041,FIR_0001,P001,P032,2026-01-02 09:00:00,341,TOWER_001,voice
CDR_005042,FIR_0001,P002,P026,2026-01-03 10:00:00,342,TOWER_001,voice
CDR_005043,FIR_0001,P003,P042,2026-01-04 11:00:00,343,TOWER_001,voice
CDR_005044,FIR_0001,P003,P047,2026-01-05 12:00:00,344,TOWER_001,voice
CDR_005045,FIR_0001,P003,P008,2026-01-06 13:00:00,345,TOWER_001,voice
CDR_005046,FIR_0001,P003,P012,2026-01-07 14:00:00,346,TOWER_001,voice
CDR_005047,FIR_0001,P001,P029,2026-01-08 15:00:00,347,TOWER_001,voice
CDR_005048,FIR_0001,P003,P022,2026-01-09 16:00:00,348,TOWER_001,voice
CDR_005049,FIR_0001,P003,P005,2026-01-10 17:00:00,349,TOWER_001,voice
CDR_005050,FIR_0001,P001,P008,2026-01-11 18:00:00,350,TOWER_001,voice
CDR_005051,FIR_0001,P001,P053,2026-01-12 19:00:00,351,TOWER_001,voice
CDR_005052,FIR_0001,P003,P045,2026-01-13 08:00:00,352,TOWER_001,voice
CDR_005053,FIR_0001,P003,P060,2026-01-14 09:00:00,353,TOWER_001,voice
CDR_005054,FIR_0001,P003,P015,2026-01-15 10:00:00,354,TOWER_001,voice
CDR_005055,FIR_0001,P003,P029,2026-01-16 11:00:00,355,TOWER_001,voice
CDR_005056,FIR_0001,P001,P027,2026-01-17 12:00:00,356,TOWER_001,voice
CDR_005057,FIR_0001,P001,P004,2026-01-18 13:00:00,357,TOWER_001,voice
CDR_005058,FIR_0001,P003,P057,2026-01-19 14:00:00,358,TOWER_001,voice
CDR_005059,FIR_0001,P001,P048,2026-01-20 15:00:00,359,TOWER_001,voice
CDR_005060,FIR_0001,P001,P036,2026-01-21 16:00:00,360,TOWER_001,voice
CDR_005061,FIR_0001,P003,P024,2026-01-22 17:00:00,361,TOWER_001,voice
CDR_005062,FIR_0001,P001,P004,2026-01-23 18:00:00,362,TOWER_001,voice
CDR_005063,FIR_0001,P001,P017,2026-01-24 19:00:00,363,TOWER_001,voice
CDR_005064,FIR_0001,P003,P029,2026-01-25 08:00:00,364,TOWER_001,voice
CDR_005065,FIR_0001,P003,P055,2026-01-26 09:00:00,365,TOWER_001,voice
CDR_005066,FIR_0001,P002,P053,2026-01-27 10:00:00,366,TOWER_001,voice
CDR_005067,FIR_0001,P002,P059,2026-01-28 11:00:00,367,TOWER_001,voice
CDR_005068,FIR_0001,P001,P038,2026-01-29 12:00:00,368,TOWER_001,voice
CDR_005069,FIR_0001,P001,P033,2026-01-30 13:00:00,369,TOWER_001,voice
CDR_005070,FIR_0001,P002,P012,2026-01-01 14:00:00,370,TOWER_001,voice
CDR_005071,FIR_0001,P002,P043,2026-01-02 15:00:00,371,TOWER_001,voice
CDR_005072,FIR_0001,P001,P036,2026-01-03 16:00:00,372,TOWER_001,voice
CDR_005073,FIR_0001,P003,P043,2026-01-04 17:00:00,373,TOWER_001,voice
CDR_005074,FIR_0001,P002,P041,2026-01-05 18:00:00,374,TOWER_001,voice
CDR_005075,FIR_0001,P003,P051,2026-01-06 19:00:00,375,TOWER_001,voice
CDR_005076,FIR_0001,P001,P040,2026-01-07 08:00:00,376,TOWER_001,voice
CDR_005077,FIR_0001,P003,P020,2026-01-08 09:00:00,377,TOWER_001,voice
CDR_005078,FIR_0001,P003,P060,2026-01-09 10:00:00,378,TOWER_001,voice
CDR_005079,FIR_0001,P002,P046,2026-01-10 11:00:00,379,TOWER_001,voice
CDR_005080,FIR_0001,P002,P060,2026-01-11 12:00:00,380,TOWER_001,voice
CDR_005081,FIR_0001,P003,P017,2026-01-12 13:00:00,381,TOWER_001,voice
CDR_005082,FIR_0001,P002,P037,2026-01-13 14:00:00,382,TOWER_001,voice
CDR_005083,FIR_0001,P002,P059,2026-01-14 15:00:00,383,TOWER_001,voice
CDR_005084,FIR_0001,P003,P053,2026-01-15 16:00:00,384,TOWER_001,voice
CDR_005085,FIR_0001,P003,P027,2026-01-16 17:00:00,385,TOWER_001,voice
CDR_005086,FIR_0001,P003,P030,2026-01-17 18:00:00,386,TOWER_001,voice
CDR_005087,FIR_0001,P001,P031,2026-01-18 19:00:00,387,TOWER_001,voice
CDR_005088,FIR_0001,P001,P013,2026-01-19 08:00:00,388,TOWER_001,voice
CDR_005089,FIR_0001,P002,P003,2026-01-20 09:00:00,389,TOWER_001,voice
CDR_005090,FIR_0001,P002,P011,2026-01-21 10:00:00,390,TOWER_001,voice
CDR_005091,FIR_0001,P003,P053,2026-01-22 11:00:00,391,TOWER_001,voice
CDR_005092,FIR_0001,P002,P009,2026-01-23 12:00:00,392,TOWER_001,voice
CDR_005093,FIR_0001,P003,P034,2026-01-24 13:00:00,393,TOWER_001,voice
CDR_005094,FIR_0001,P001,P042,2026-01-25 14:00:00,394,TOWER_001,voice
CDR_005095,FIR_0001,P002,P023,2026-01-26 15:00:00,395,TOWER_001,voice
CDR_005096,FIR_0001,P001,P002,2026-01-27 16:00:00,396,TOWER_001,voice
CDR_005097,FIR_0001,P001,P050,2026-01-28 17:00:00,397,TOWER_001,voice
CDR_005098,FIR_0001,P003,P059,2026-01-29 18:00:00,398,TOWER_001,voice
CDR_005099,FIR_0001,P002,P019,2026-01-30 19:00:00,399,TOWER_001,voice
CDR_005100,FIR_0001,P002,P054,2026-01-01 08:00:00,400,TOWER_001,voice
CDR_005101,FIR_0001,P001,P018,2026-01-02 09:00:00,401,TOWER_001,voice
CDR_005102,FIR_0001,P003,P031,2026-01-03 10:00:00,402,TOWER_001,voice
CDR_005103,FIR_0001,P001,P023,2026-01-04 11:00:00,403,TOWER_001,voice
CDR_005104,FIR_0001,P001,P033,2026-01-05 12:00:00,404,TOWER_001,voice
CDR_005105,FIR_0001,P001,P003,2026-01-06 13:00:00,405,TOWER_001,voice
CDR_005106,FIR_0001,P003,P024,2026-01-07 14:00:00,406,TOWER_001,voice
CDR_005107,FIR_0001,P002,P023,2026-01-08 15:00:00,407,TOWER_001,voice
CDR_005108,FIR_0001,P001,P056,2026-01-09 16:00:00,408,TOWER_001,voice
CDR_005109,FIR_0001,P002,P038,2026-01-10 17:00:00,409,TOWER_001,voice
CDR_005110,FIR_0001,P003,P024,2026-01-11 18:00:00,410,TOWER_001,voice
CDR_005111,FIR_0001,P003,P029,2026-01-12 19:00:00,411,TOWER_001,voice
CDR_005112,FIR_0001,P003,P027,2026-01-13 08:00:00,412,TOWER_001,voice
CDR_005113,FIR_0001,P002,P025,2026-01-14 09:00:00,413,TOWER_001,voice
CDR_005114,FIR_0001,P002,P017,2026-01-15 10:00:00,414,TOWER_001,voice
CDR_005115,FIR_0001,P001,P043,2026-01-16 11:00:00,415,TOWER_001,voice
CDR_005116,FIR_0001,P003,P030,2026-01-17 12:00:00,416,TOWER_001,voice
CDR_005117,FIR_0001,P001,P015,2026-01-18 13:00:00,417,TOWER_001,voice
CDR_005118,FIR_0001,P003,P024,2026-01-19 14:00:00,418,TOWER_001,voice
CDR_005119,FIR_0001,P001,P010,2026-01-20 15:00:00,419,TOWER_001,voice
CDR_005120,FIR_0001,P003,P015,2026-01-21 16:00:00,420,TOWER_001,voice
CDR_005121,FIR_0001,P002,P051,2026-01-22 17:00:00,421,TOWER_001,voice
CDR_005122,FIR_0001,P001,P020,2026-01-23 18:00:00,422,TOWER_001,voice
CDR_005123,FIR_0001,P001,P030,2026-01-24 19:00:00,423,TOWER_001,voice
CDR_005124,FIR_0001,P002,P010,2026-01-25 08:00:00,424,TOWER_001,voice
CDR_005125,FIR_0001,P001,P004,2026-01-26 09:00:00,425,TOWER_001,voice
CDR_005126,FIR_0001,P003,P056,2026-01-27 10:00:00,426,TOWER_001,voice
CDR_005127,FIR_0001,P001,P034,2026-01-28 11:00:00,427,TOWER_001,voice
CDR_005128,FIR_0001,P002,P033,2026-01-29 12:00:00,428,TOWER_001,voice
CDR_005129,FIR_0001,P001,P010,2026-01-30 13:00:00,429,TOWER_001,voice
CDR_005130,FIR_0001,P003,P022,2026-01-01 14:00:00,430,TOWER_001,voice
CDR_005131,FIR_0001,P002,P044,2026-01-02 15:00:00,431,TOWER_001,voice
CDR_005132,FIR_0001,P001,P037,2026-01-03 16:00:00,432,TOWER_001,voice
CDR_005133,FIR_0001,P003,P035,2026-01-04 17:00:00,433,TOWER_001,voice
CDR_005134,FIR_0001,P003,P057,2026-01-05 18:00:00,434,TOWER_001,voice
CDR_005135,FIR_0001,P001,P037,2026-01-06 19:00:00,435,TOWER_001,voice
CDR_005136,FIR_0001,P002,P038,2026-01-07 08:00:00,436,TOWER_001,voice
CDR_005137,FIR_0001,P003,P006,2026-01-08 09:00:00,437,TOWER_001,voice
CDR_005138,FIR_0001,P001,P052,2026-01-09 10:00:00,438,TOWER_001,voice
CDR_005139,FIR_0001,P002,P022,2026-01-10 11:00:00,439,TOWER_001,voice
CDR_005140,FIR_0001,P003,P047,2026-01-11 12:00:00,440,TOWER_001,voice
CDR_005141,FIR_0001,P001,P054,2026-01-12 13:00:00,441,TOWER_001,voice
CDR_005142,FIR_0001,P002,P046,2026-01-13 14:00:00,442,TOWER_001,voice
CDR_005143,FIR_0001,P003,P047,2026-01-14 15:00:00,443,TOWER_001,voice
CDR_005144,FIR_0001,P003,P045,2026-01-15 16:00:00,444,TOWER_001,voice
CDR_005145,FIR_0001,P001,P044,2026-01-16 17:00:00,445,TOWER_001,voice
CDR_005146,FIR_0001,P003,P049,2026-01-17 18:00:00,446,TOWER_001,voice
CDR_005147,FIR_0001,P001,P049,2026-01-18 19:00:00,447,TOWER_001,voice
CDR_005148,FIR_0001,P002,P029,2026-01-19 08:00:00,448,TOWER_001,voice
CDR_005149,FIR_0001,P002,P028,2026-01-20 09:00:00,449,TOWER_001,voice
CDR_005150,FIR_0001,P003,P058,2026-01-21 10:00:00,450,TOWER_001,voice
CDR_005151,FIR_0001,P002,P047,2026-01-22 11:00:00,451,TOWER_001,voice
CDR_005152,FIR_0001,P002,P014,2026-01-23 12:00:00,452,TOWER_001,voice
CDR_005153,FIR_0001,P002,P011,2026-01-24 13:00:00,453,TOWER_001,voice
CDR_005154,FIR_0001,P003,P054,2026-01-25 14:00:00,454,TOWER_001,voice
CDR_005155,FIR_0001,P001,P040,2026-01-26 15:00:00,455,TOWER_001,voice
CDR_005156,FIR_0001,P002,P046,2026-01-27 16:00:00,456,TOWER_001,voice
CDR_005157,FIR_0001,P001,P034,2026-01-28 17:00:00,457,TOWER_001,voice
CDR_005158,FIR_0001,P003,P018,2026-01-29 18:00:00,458,TOWER_001,voice
CDR_005159,FIR_0001,P003,P060,2026-01-30 19:00:00,459,TOWER_001,voice
CDR_005160,FIR_0001,P003,P011,2026-01-01 08:00:00,460,TOWER_001,voice
CDR_005161,FIR_0001,P001,P055,2026-01-02 09:00:00,461,TOWER_001,voice
CDR_005162,FIR_0001,P003,P057,2026-01-03 10:00:00,462,TOWER_001,voice
CDR_005163,FIR_0001,P003,P039,2026-01-04 11:00:00,463,TOWER_001,voice
CDR_005164,FIR_0001,P003,P022,2026-01-05 12:00:00,464,TOWER_001,voice
CDR_005165,FIR_0001,P003,P043,2026-01-06 13:00:00,465,TOWER_001,voice
CDR_005166,FIR_0001,P001,P057,2026-01-07 14:00:00,466,TOWER_001,voice
CDR_005167,FIR_0001,P002,P016,2026-01-08 15:00:00,467,TOWER_001,voice
CDR_005168,FIR_0001,P003,P040,2026-01-09 16:00:00,468,TOWER_001,voice
CDR_005169,FIR_0001,P003,P036,2026-01-10 17:00:00,469,TOWER_001,voice
CDR_005170,FIR_0001,P001,P021,2026-01-11 18:00:00,470,TOWER_001,voice
CDR_005171,FIR_0001,P001,P021,2026-01-12 19:00:00,471,TOWER_001,voice
CDR_005172,FIR_0001,P003,P027,2026-01-13 08:00:00,472,TOWER_001,voice
CDR_005173,FIR_0001,P002,P055,2026-01-14 09:00:00,473,TOWER_001,voice
CDR_005174,FIR_0001,P001,P003,2026-01-15 10:00:00,474,TOWER_001,voice
CDR_005175,FIR_0001,P001,P058,2026-01-16 11:00:00,475,TOWER_001,voice
CDR_005176,FIR_0001,P002,P025,2026-01-17 12:00:00,476,TOWER_001,voice
CDR_005177,FIR_0001,P003,P007,2026-01-18 13:00:00,477,TOWER_001,voice
CDR_005178,FIR_0001,P003,P046,2026-01-19 14:00:00,478,TOWER_001,voice
CDR_005179,FIR_0001,P001,P005,2026-01-20 15:00:00,479,TOWER_001,voice
CDR_005180,FIR_0001,P001,P007,2026-01-21 16:00:00,480,TOWER_001,voice
CDR_005181,FIR_0001,P002,P021,2026-01-22 17:00:00,481,TOWER_001,voice
CDR_005182,FIR_0001,P001,P048,2026-01-23 18:00:00,482,TOWER_001,voice
CDR_005183,FIR_0001,P002,P036,2026-01-24 19:00:00,483,TOWER_001,voice
CDR_005184,FIR_0001,P001,P007,2026-01-25 08:00:00,484,TOWER_001,voice
CDR_005185,FIR_0001,P002,P003,2026-01-26 09:00:00,485,TOWER_001,voice
CDR_005186,FIR_0001,P002,P053,2026-01-27 10:00:00,486,TOWER_001,voice
CDR_005187,FIR_0001,P002,P010,2026-01-28 11:00:00,487,TOWER_001,voice
CDR_005188,FIR_0001,P001,P008,2026-01-29 12:00:00,488,TOWER_001,voice
CDR_005189,FIR_0001,P001,P020,2026-01-30 13:00:00,489,TOWER_001,voice
CDR_005190,FIR_0001,P002,P036,2026-01-01 14:00:00,490,TOWER_001,voice
CDR_005191,FIR_0001,P001,P046,2026-01-02 15:00:00,491,TOWER_001,voice
CDR_005192,FIR_0001,P002,P045,2026-01-03 16:00:00,492,TOWER_001,voice
CDR_005193,FIR_0001,P002,P048,2026-01-04 17:00:00,493,TOWER_001,voice
CDR_005194,FIR_0001,P003,P039,2026-01-05 18:00:00,494,TOWER_001,voice
CDR_005195,FIR_0001,P002,P042,2026-01-06 19:00:00,495,TOWER_001,voice
CDR_005196,FIR_0001,P001,P045,2026-01-07 08:00:00,496,TOWER_001,voice
CDR_005197,FIR_0001,P003,P011,2026-01-08 09:00:00,497,TOWER_001,voice
CDR_005198,FIR_0001,P002,P017,2026-01-09 10:00:00,498,TOWER_001,voice
CDR_005199,FIR_0001,P001,P037,2026-01-10 11:00:00,499,TOWER_001,voice
CDR_005200,FIR_0001,P001,P021,2026-01-11 12:00:00,500,TOWER_001,voice
