transaction_id,case_id,sender_account,receiver_account,amount_inr,transaction_type,date_time,risk_label
TXN_000001,FIR_0004,ACCT_0072,ACCT_0017,24000,NEFT,2026-04-06 19:19:00,0
TXN_000002,FIR_0027,ACCT_0071,ACCT_0038,24000,UPI,2026-05-09 13:44:00,0
TXN_000003,FIR_0024,ACCT_0036,ACCT_0066,125000,NEFT,2026-04-23 22:14:00,0
TXN_000004,FIR_0026,ACCT_0008,ACCT_0026,9800,NEFT,2026-06-09 05:38:00,0
TXN_000005,FIR_0006,ACCT_0040,ACCT_0066,125000,IMPS,2026-04-01 07:10:00,0
TXN_000006,FIR_0015,ACCT_0043,ACCT_0016,48000,UPI,2026-06-15 14:57:00,1
TXN_000007,FIR_0020,ACCT_0022,ACCT_0040,48000,IMPS,2026-04-27 21:47:00,1
TXN_000008,FIR_0020,ACCT_0039,ACCT_0014,9800,cash_deposit,2026-01-13 19:19:00,0
TXN_000009,FIR_0005,ACCT_0073,ACCT_0024,75000,IMPS,2026-08-02 16:43:00,0
TXN_000010,FIR_0021,ACCT_0067,ACCT_0035,48000,NEFT,2026-07-12 20:35:00,1
TXN_000011,FIR_0003,ACCT_0073,ACCT_0025,75000,IMPS,2026-07-18 09:44:00,0
TXN_000012,FIR_0029,ACCT_0001,ACCT_0073,24000,NEFT,2026-07-17 00:13:00,0
TXN_000013,FIR_0001,ACCT_0049,ACCT_0025,75000,IMPS,2026-02-02 12:21:00,0
TXN_000014,FIR_0004,ACCT_0079,ACCT_0076,75000,NEFT,2026-02-25 03:01:00,0
TXN_000015,FIR_0025,ACCT_0012,ACCT_0015,24000,UPI,2026-03-16 13:02:00,0
TXN_000016,FIR_0028,ACCT_0060,ACCT_0058,49000,IMPS,2026-01-17 17:38:00,1
TXN_000017,FIR_0025,ACCT_0004,ACCT_0029,1200,cash_deposit,2026-05-13 07:32:00,0
TXN_000018,FIR_0021,ACCT_0036,ACCT_0060,75000,IMPS,2026-06-12 11:02:00,0
TXN_000019,FIR_0029,ACCT_0065,ACCT_0057,5000,UPI,2026-08-11 18:08:00,0
TXN_000020,FIR_0006,ACCT_0003,ACCT_0002,24000,NEFT,2026-01-27 08:10:00,0
TXN_000021,FIR_0009,ACCT_0052,ACCT_0072,24000,UPI,2026-07-18 07:36:00,0
TXN_000022,FIR_0030,ACCT_0063,ACCT_0038,75000,UPI,2026-05-22 01:54:00,0
TXN_000023,FIR_0018,ACCT_0063,ACCT_0069,75000,UPI,2026-01-22 17:51:00,0
TXN_000024,FIR_0005,ACCT_0074,ACCT_0010,1200,UPI,2026-05-05 03:35:00,0
TXN_000025,FIR_0028,ACCT_0056,ACCT_0036,24000,cash_deposit,2026-03-29 18:00:00,0
TXN_000026,FIR_0020,ACCT_0031,ACCT_0064,125000,UPI,2026-01-30 02:07:00,0
TXN_000027,FIR_0013,ACCT_0021,ACCT_0072,75000,NEFT,2026-06-05 04:03:00,0
TXN_000028,FIR_0019,ACCT_0042,ACCT_0078,5000,IMPS,2026-06-17 21:07:00,0
TXN_000029,FIR_0030,ACCT_0066,ACCT_0051,48000,UPI,2026-04-01 23:37:00,1
TXN_000030,FIR_0001,ACCT_0036,ACCT_0060,49000,UPI,2026-08-28 18:22:00,1
TXN_000031,FIR_0027,ACCT_0018,ACCT_0043,49000,UPI,2026-01-18 21:26:00,1
TXN_000032,FIR_0003,ACCT_0061,ACCT_0068,49000,NEFT,2026-06-15 20:19:00,1
TXN_000033,FIR_0030,ACCT_0072,ACCT_0008,75000,NEFT,2026-04-20 16:36:00,0
TXN_000034,FIR_0019,ACCT_0076,ACCT_0035,250000,NEFT,2026-02-07 10:46:00,0
TXN_000035,FIR_0014,ACCT_0007,ACCT_0046,75000,cash_deposit,2026-01-03 22:32:00,0
TXN_000036,FIR_0014,ACCT_0007,ACCT_0022,49000,IMPS,2026-05-04 15:32:00,1
TXN_000037,FIR_0001,ACCT_0071,ACCT_0075,24000,NEFT,2026-02-22 13:21:00,0
TXN_000038,FIR_0014,ACCT_0008,ACCT_0068,9800,UPI,2026-03-27 18:15:00,0
TXN_000039,FIR_0023,ACCT_0024,ACCT_0080,250000,NEFT,2026-07-02 15:10:00,0
TXN_000040,FIR_0024,ACCT_0006,ACCT_0061,49000,cash_deposit,2026-08-01 11:27:00,1
TXN_000041,FIR_0016,ACCT_0074,ACCT_0070,75000,UPI,2026-01-03 08:23:00,0
TXN_000042,FIR_0014,ACCT_0031,ACCT_0077,1200,UPI,2026-01-19 13:33:00,0
TXN_000043,FIR_0026,ACCT_0020,ACCT_0080,5000,UPI,2026-06-29 23:00:00,0
TXN_000044,FIR_0022,ACCT_0036,ACCT_0007,24000,IMPS,2026-06-21 00:14:00,0
TXN_000045,FIR_0025,ACCT_0036,ACCT_0078,1200,IMPS,2026-04-18 05:53:00,0
TXN_000046,FIR_0004,ACCT_0022,ACCT_0049,125000,cash_deposit,2026-02-07 02:09:00,0
TXN_000047,FIR_0021,ACCT_0036,ACCT_0046,24000,UPI,2026-06-28 16:53:00,0
TXN_000048,FIR_0013,ACCT_0038,ACCT_0008,9800,cash_deposit,2026-07-10 23:40:00,0
TXN_000049,FIR_0023,ACCT_0007,ACCT_0012,5000,cash_deposit,2026-01-21 07:23:00,0
TXN_000050,FIR_0021,ACCT_0072,ACCT_0026,24000,cash_deposit,2026-03-06 09:37:00,0
TXN_000051,FIR_0019,ACCT_0072,ACCT_0038,75000,cash_deposit,2026-06-05 12:12:00,0
TXN_000052,FIR_0026,ACCT_0002,ACCT_0042,49000,UPI,2026-02-07 17:16:00,1
TXN_000053,FIR_0014,ACCT_0014,ACCT_0032,75000,IMPS,2026-08-01 04:01:00,0
TXN_000054,FIR_0009,ACCT_0053,ACCT_0040,5000,UPI,2026-02-05 04:19:00,0
TXN_000055,FIR_0024,ACCT_0019,ACCT_0032,48000,NEFT,2026-05-18 09:13:00,1
TXN_000056,FIR_0022,ACCT_0048,ACCT_0025,1200,NEFT,2026-01-13 21:35:00,0
TXN_000057,FIR_0028,ACCT_0065,ACCT_0012,250000,IMPS,2026-06-03 11:48:00,0
TXN_000058,FIR_0013,ACCT_0006,ACCT_0034,125000,UPI,2026-06-20 14:31:00,0
TXN_000059,FIR_0022,ACCT_0010,ACCT_0064,48000,NEFT,2026-06-18 20:01:00,1
TXN_000060,FIR_0014,ACCT_0057,ACCT_0009,24000,NEFT,2026-08-03 17:20:00,0
TXN_000061,FIR_0026,ACCT_0060,ACCT_0016,250000,UPI,2026-08-25 23:01:00,0
TXN_000062,FIR_0021,ACCT_0002,ACCT_0063,9800,NEFT,2026-06-10 02:24:00,0
TXN_000063,FIR_0030,ACCT_0031,ACCT_0024,250000,NEFT,2026-08-12 10:19:00,0
TXN_000064,FIR_0003,ACCT_0025,ACCT_0024,75000,cash_deposit,2026-04-29 06:46:00,0
TXN_000065,FIR_0017,ACCT_0009,ACCT_0059,24000,cash_deposit,2026-01-24 05:53:00,0
TXN_000066,FIR_0013,ACCT_0066,ACCT_0004,1200,cash_deposit,2026-06-02 23:09:00,0
TXN_000067,FIR_0013,ACCT_0002,ACCT_0003,9800,cash_deposit,2026-08-13 23:02:00,0
TXN_000068,FIR_0022,ACCT_0012,ACCT_0073,49000,NEFT,2026-07-05 23:29:00,1
TXN_000069,FIR_0019,ACCT_0032,ACCT_0021,125000,cash_deposit,2026-06-19 09:56:00,0
TXN_000070,FIR_0018,ACCT_0056,ACCT_0051,125000,cash_deposit,2026-03-22 09:35:00,0
TXN_000071,FIR_0023,ACCT_0038,ACCT_0045,1200,UPI,2026-04-18 02:37:00,0
TXN_000072,FIR_0003,ACCT_0013,ACCT_0045,49000,cash_deposit,2026-04-30 02:14:00,1
TXN_000073,FIR_0004,ACCT_0055,ACCT_0058,125000,UPI,2026-02-24 17:46:00,0
TXN_000074,FIR_0020,ACCT_0005,ACCT_0009,250000,cash_deposit,2026-04-10 13:38:00,0
TXN_000075,FIR_0014,ACCT_0026,ACCT_0025,9800,cash_deposit,2026-06-11 17:18:00,0
TXN_000076,FIR_0026,ACCT_0072,ACCT_0056,49000,UPI,2026-04-07 01:13:00,1
TXN_000077,FIR_0017,ACCT_0003,ACCT_0035,9800,cash_deposit,2026-05-24 15:46:00,0
TXN_000078,FIR_0009,ACCT_0036,ACCT_0079,49000,NEFT,2026-08-25 02:57:00,1
TXN_000079,FIR_0013,ACCT_0004,ACCT_0011,125000,IMPS,2026-08-22 01:47:00,0
TXN_000080,FIR_0011,ACCT_0037,ACCT_0069,125000,UPI,2026-05-07 09:50:00,0
TXN_000081,FIR_0007,ACCT_0032,ACCT_0075,250000,cash_deposit,2026-07-22 19:16:00,0
TXN_000082,FIR_0016,ACCT_0060,ACCT_0020,49000,IMPS,2026-06-02 04:55:00,1
TXN_000083,FIR_0019,ACCT_0022,ACCT_0037,48000,cash_deposit,2026-02-02 20:41:00,1
TXN_000084,FIR_0016,ACCT_0072,ACCT_0021,125000,IMPS,2026-03-29 08:16:00,0
TXN_000085,FIR_0018,ACCT_0009,ACCT_0052,48000,NEFT,2026-06-26 05:58:00,1
TXN_000086,FIR_0018,ACCT_0077,ACCT_0080,9800,IMPS,2026-04-03 11:57:00,0
TXN_000087,FIR_0004,ACCT_0002,ACCT_0070,49000,NEFT,2026-07-26 10:42:00,1
TXN_000088,FIR_0011,ACCT_0065,ACCT_0080,48000,UPI,2026-07-12 06:48:00,1
TXN_000089,FIR_0012,ACCT_0067,ACCT_0080,9800,UPI,2026-06-20 09:17:00,0
TXN_000090,FIR_0027,ACCT_0012,ACCT_0004,9800,IMPS,2026-08-24 21:27:00,0
TXN_000091,FIR_0019,ACCT_0068,ACCT_0019,125000,cash_deposit,2026-04-18 18:50:00,0
TXN_000092,FIR_0025,ACCT_0004,ACCT_0005,5000,IMPS,2026-06-14 00:54:00,0
TXN_000093,FIR_0023,ACCT_0016,ACCT_0018,24000,IMPS,2026-06-07 02:26:00,0
TXN_000094,FIR_0016,ACCT_0014,ACCT_0026,75000,cash_deposit,2026-04-12 14:51:00,0
TXN_000095,FIR_0027,ACCT_0038,ACCT_0075,250000,UPI,2026-02-17 07:22:00,0
TXN_000096,FIR_0026,ACCT_0080,ACCT_0060,24000,UPI,2026-08-12 12:38:00,0
TXN_000097,FIR_0018,ACCT_0011,ACCT_0076,75000,cash_deposit,2026-01-10 04:30:00,0
TXN_000098,FIR_0028,ACCT_0018,ACCT_0027,250000,cash_deposit,2026-06-25 23:18:00,0
TXN_000099,FIR_0005,ACCT_0015,ACCT_0056,48000,UPI,2026-06-21 19:34:00,1
TXN_000100,FIR_0015,ACCT_0038,ACCT_0047,5000,cash_deposit,2026-07-03 21:38:00,0
TXN_000101,FIR_0025,ACCT_0067,ACCT_0015,49000,cash_deposit,2026-04-17 13:11:00,1
TXN_000102,FIR_0009,ACCT_0073,ACCT_0037,24000,NEFT,2026-06-22 21:18:00,0
TXN_000103,FIR_0030,ACCT_0034,ACCT_0060,125000,NEFT,2026-05-11 15:32:00,0
TXN_000104,FIR_0006,ACCT_0060,ACCT_0014,9800,NEFT,2026-08-04 05:39:00,0
TXN_000105,FIR_0024,ACCT_0057,ACCT_0026,75000,cash_deposit,2026-04-24 17:50:00,0
TXN_000106,FIR_0017,ACCT_0075,ACCT_0069,1200,UPI,2026-06-13 20:35:00,0
TXN_000107,FIR_0002,ACCT_0073,ACCT_0064,49000,cash_deposit,2026-03-14 02:19:00,1
TXN_000108,FIR_0004,ACCT_0037,ACCT_0078,24000,IMPS,2026-06-23 22:42:00,0
TXN_000109,FIR_0009,ACCT_0033,ACCT_0036,24000,NEFT,2026-04-04 12:26:00,0
TXN_000110,FIR_0023,ACCT_0048,ACCT_0032,5000,cash_deposit,2026-01-17 11:30:00,0
TXN_000111,FIR_0018,ACCT_0025,ACCT_0035,48000,UPI,2026-05-18 01:38:00,1
TXN_000112,FIR_0010,ACCT_0003,ACCT_0064,49000,UPI,2026-03-25 10:12:00,1
TXN_000113,FIR_0023,ACCT_0036,ACCT_0012,1200,NEFT,2026-05-29 03:15:00,0
TXN_000114,FIR_0008,ACCT_0078,ACCT_0019,49000,NEFT,2026-03-06 23:39:00,1
TXN_000115,FIR_0019,ACCT_0052,ACCT_0027,48000,UPI,2026-06-29 21:48:00,1
TXN_000116,FIR_0009,ACCT_0068,ACCT_0010,49000,UPI,2026-03-02 10:04:00,1
TXN_000117,FIR_0019,ACCT_0071,ACCT_0002,75000,cash_deposit,2026-02-02 08:42:00,0
TXN_000118,FIR_0007,ACCT_0074,ACCT_0063,49000,UPI,2026-08-14 09:52:00,1
TXN_000119,FIR_0010,ACCT_0009,ACCT_0033,24000,IMPS,2026-04-12 10:27:00,0
TXN_000120,FIR_0008,ACCT_0022,ACCT_0036,250000,NEFT,2026-02-09 15:21:00,0
TXN_000121,FIR_0014,ACCT_0062,ACCT_0018,48000,NEFT,2026-03-22 05:10:00,1
TXN_000122,FIR_0011,ACCT_0009,ACCT_0056,48000,cash_deposit,2026-01-03 10:19:00,1
TXN_000123,FIR_0002,ACCT_0036,ACCT_0045,75000,cash_deposit,2026-07-22 13:36:00,0
TXN_000124,FIR_0027,ACCT_0015,ACCT_0021,250000,NEFT,2026-04-24 02:27:00,0
TXN_000125,FIR_0001,ACCT_0018,ACCT_0029,1200,UPI,2026-05-10 12:52:00,0
TXN_000126,FIR_0014,ACCT_0027,ACCT_0066,49000,NEFT,2026-03-19 11:08:00,1
TXN_000127,FIR_0029,ACCT_0048,ACCT_0042,9800,IMPS,2026-02-27 04:51:00,0
TXN_000128,FIR_0009,ACCT_0064,ACCT_0018,125000,UPI,2026-07-15 13:17:00,0
TXN_000129,FIR_0007,ACCT_0026,ACCT_0080,125000,cash_deposit,2026-06-24 12:25:00,0
TXN_000130,FIR_0018,ACCT_0026,ACCT_0061,250000,IMPS,2026-08-19 13:56:00,0
TXN_000131,FIR_0012,ACCT_0063,ACCT_0017,24000,NEFT,2026-06-15 04:10:00,0
TXN_000132,FIR_0029,ACCT_0062,ACCT_0034,48000,cash_deposit,2026-05-02 04:12:00,1
TXN_000133,FIR_0020,ACCT_0053,ACCT_0071,48000,IMPS,2026-06-05 00:41:00,1
TXN_000134,FIR_0028,ACCT_0038,ACCT_0058,1200,UPI,2026-04-22 06:49:00,0
TXN_000135,FIR_0008,ACCT_0010,ACCT_0070,125000,IMPS,2026-06-14 19:12:00,0
TXN_000136,FIR_0012,ACCT_0033,ACCT_0070,24000,cash_deposit,2026-05-26 19:38:00,0
TXN_000137,FIR_0015,ACCT_0009,ACCT_0046,5000,cash_deposit,2026-08-10 01:41:00,0
TXN_000138,FIR_0005,ACCT_0007,ACCT_0056,9800,cash_deposit,2026-07-06 17:10:00,0
TXN_000139,FIR_0006,ACCT_0035,ACCT_0022,5000,NEFT,2026-06-17 04:39:00,0
TXN_000140,FIR_0014,ACCT_0053,ACCT_0038,75000,NEFT,2026-03-09 20:43:00,0
TXN_000141,FIR_0010,ACCT_0045,ACCT_0054,5000,cash_deposit,2026-02-21 03:13:00,0
TXN_000142,FIR_0017,ACCT_0036,ACCT_0054,250000,cash_deposit,2026-06-03 15:11:00,0
TXN_000143,FIR_0020,ACCT_0042,ACCT_0048,250000,IMPS,2026-07-27 05:44:00,0
TXN_000144,FIR_0006,ACCT_0033,ACCT_0063,250000,NEFT,2026-02-20 22:45:00,0
TXN_000145,FIR_0018,ACCT_0019,ACCT_0041,5000,NEFT,2026-04-25 04:14:00,0
TXN_000146,FIR_0015,ACCT_0042,ACCT_0018,1200,IMPS,2026-02-28 22:33:00,0
TXN_000147,FIR_0003,ACCT_0032,ACCT_0044,1200,UPI,2026-03-13 18:49:00,0
TXN_000148,FIR_0003,ACCT_0028,ACCT_0029,250000,NEFT,2026-04-18 07:32:00,0
TXN_000149,FIR_0006,ACCT_0067,ACCT_0045,5000,IMPS,2026-06-10 05:04:00,0
TXN_000150,FIR_0019,ACCT_0076,ACCT_0049,49000,UPI,2026-08-23 07:15:00,1
TXN_000151,FIR_0017,ACCT_0071,ACCT_0024,9800,NEFT,2026-03-19 09:23:00,0
TXN_000152,FIR_0012,ACCT_0019,ACCT_0056,48000,IMPS,2026-06-22 18:14:00,1
TXN_000153,FIR_0022,ACCT_0058,ACCT_0073,125000,UPI,2026-01-26 11:23:00,0
TXN_000154,FIR_0030,ACCT_0072,ACCT_0079,125000,cash_deposit,2026-05-01 19:34:00,0
TXN_000155,FIR_0003,ACCT_0033,ACCT_0072,250000,UPI,2026-03-10 04:23:00,0
TXN_000156,FIR_0008,ACCT_0033,ACCT_0043,125000,UPI,2026-02-27 23:42:00,0
TXN_000157,FIR_0029,ACCT_0006,ACCT_0071,250000,UPI,2026-02-04 18:00:00,0
TXN_000158,FIR_0008,ACCT_0039,ACCT_0058,9800,IMPS,2026-06-28 05:07:00,0
TXN_000159,FIR_0015,ACCT_0030,ACCT_0062,48000,NEFT,2026-06-28 23:37:00,1
TXN_000160,FIR_0010,ACCT_0032,ACCT_0059,125000,IMPS,2026-03-15 12:29:00,0
TXN_000161,FIR_0009,ACCT_0047,ACCT_0041,5000,cash_deposit,2026-05-20 07:15:00,0
TXN_000162,FIR_0013,ACCT_0004,ACCT_0052,1200,cash_deposit,2026-04-19 01:09:00,0
TXN_000163,FIR_0001,ACCT_0029,ACCT_0059,1200,IMPS,2026-08-02 03:05:00,0
TXN_000164,FIR_0016,ACCT_0001,ACCT_0018,75000,IMPS,2026-06-19 23:44:00,0
TXN_000165,FIR_0022,ACCT_0078,ACCT_0071,24000,UPI,2026-04-29 14:59:00,0
TXN_000166,FIR_0002,ACCT_0079,ACCT_0078,49000,IMPS,2026-04-03 00:58:00,1
TXN_000167,FIR_0027,ACCT_0063,ACCT_0004,24000,IMPS,2026-04-12 22:44:00,0
TXN_000168,FIR_0025,ACCT_0069,ACCT_0076,49000,UPI,2026-06-07 07:40:00,1
TXN_000169,FIR_0005,ACCT_0051,ACCT_0052,1200,UPI,2026-08-14 01:20:00,0
TXN_000170,FIR_0019,ACCT_0048,ACCT_0024,1200,NEFT,2026-04-11 19:29:00,0
TXN_000171,FIR_0022,ACCT_0011,ACCT_0019,24000,cash_deposit,2026-01-09 08:27:00,0
TXN_000172,FIR_0014,ACCT_0059,ACCT_0038,24000,NEFT,2026-08-21 15:09:00,0
TXN_000173,FIR_0019,ACCT_0065,ACCT_0040,125000,NEFT,2026-07-29 01:54:00,0
TXN_000174,FIR_0002,ACCT_0031,ACCT_0006,75000,IMPS,2026-05-19 21:30:00,0
TXN_000175,FIR_0005,ACCT_0052,ACCT_0074,9800,cash_deposit,2026-04-10 02:49:00,0
TXN_000176,FIR_0009,ACCT_0079,ACCT_0048,49000,NEFT,2026-06-02 01:29:00,1
TXN_000177,FIR_0023,ACCT_0032,ACCT_0029,75000,NEFT,2026-07-21 19:33:00,0
TXN_000178,FIR_0029,ACCT_0008,ACCT_0021,125000,cash_deposit,2026-08-02 22:42:00,0
TXN_000179,FIR_0009,ACCT_0015,ACCT_0022,24000,IMPS,2026-03-16 03:54:00,0
TXN_000180,FIR_0009,ACCT_0062,ACCT_0006,9800,cash_deposit,2026-01-29 16:53:00,0
TXN_000181,FIR_0009,ACCT_0029,ACCT_0055,49000,cash_deposit,2026-01-24 20:58:00,1
TXN_000182,FIR_0001,ACCT_0008,ACCT_0051,75000,cash_deposit,2026-04-15 13:43:00,0
TXN_000183,FIR_0021,ACCT_0018,ACCT_0005,9800,IMPS,2026-01-27 07:23:00,0
TXN_000184,FIR_0005,ACCT_0076,ACCT_0036,250000,NEFT,2026-05-27 05:04:00,0
TXN_000185,FIR_0016,ACCT_0064,ACCT_0023,48000,cash_deposit,2026-05-24 18:32:00,1
TXN_000186,FIR_0010,ACCT_0075,ACCT_0021,250000,UPI,2026-01-11 21:10:00,0
TXN_000187,FIR_0029,ACCT_0027,ACCT_0051,5000,UPI,2026-07-15 19:06:00,0
TXN_000188,FIR_0026,ACCT_0046,ACCT_0048,24000,IMPS,2026-06-08 22:39:00,0
TXN_000189,FIR_0011,ACCT_0041,ACCT_0052,9800,UPI,2026-02-25 00:16:00,0
TXN_000190,FIR_0007,ACCT_0059,ACCT_0001,5000,NEFT,2026-07-09 00:59:00,0
TXN_000191,FIR_0002,ACCT_0015,ACCT_0026,5000,IMPS,2026-06-22 08:55:00,0
TXN_000192,FIR_0015,ACCT_0006,ACCT_0060,125000,IMPS,2026-01-31 00:30:00,0
TXN_000193,FIR_0005,ACCT_0076,ACCT_0038,49000,UPI,2026-03-05 15:38:00,1
TXN_000194,FIR_0025,ACCT_0025,ACCT_0056,125000,UPI,2026-01-29 03:55:00,0
TXN_000195,FIR_0008,ACCT_0061,ACCT_0018,125000,IMPS,2026-08-08 17:53:00,0
TXN_000196,FIR_0029,ACCT_0061,ACCT_0040,125000,UPI,2026-03-18 15:11:00,0
TXN_000197,FIR_0002,ACCT_0065,ACCT_0019,49000,IMPS,2026-01-16 15:13:00,1
TXN_000198,FIR_0006,ACCT_0055,ACCT_0024,125000,cash_deposit,2026-06-23 12:22:00,0
TXN_000199,FIR_0015,ACCT_0047,ACCT_0036,24000,cash_deposit,2026-05-28 16:49:00,0
TXN_000200,FIR_0003,ACCT_0017,ACCT_0005,1200,IMPS,2026-08-13 14:00:00,0
TXN_000201,FIR_0018,ACCT_0027,ACCT_0010,9800,cash_deposit,2026-08-10 12:22:00,0
TXN_000202,FIR_0004,ACCT_0027,ACCT_0020,5000,IMPS,2026-07-18 12:44:00,0
TXN_000203,FIR_0012,ACCT_0017,ACCT_0061,75000,cash_deposit,2026-06-23 21:53:00,0
TXN_000204,FIR_0005,ACCT_0037,ACCT_0074,49000,cash_deposit,2026-03-22 05:19:00,1
TXN_000205,FIR_0024,ACCT_0002,ACCT_0011,9800,UPI,2026-02-26 20:10:00,0
TXN_000206,FIR_0024,ACCT_0031,ACCT_0025,49000,IMPS,2026-07-15 11:56:00,1
TXN_000207,FIR_0001,ACCT_0046,ACCT_0023,75000,NEFT,2026-02-20 16:41:00,0
TXN_000208,FIR_0010,ACCT_0016,ACCT_0014,75000,UPI,2026-06-23 04:04:00,0
TXN_000209,FIR_0002,ACCT_0040,ACCT_0014,250000,UPI,2026-07-28 11:02:00,0
TXN_000210,FIR_0003,ACCT_0027,ACCT_0042,250000,NEFT,2026-05-05 09:34:00,0
TXN_000211,FIR_0024,ACCT_0021,ACCT_0071,49000,cash_deposit,2026-03-05 09:40:00,1
TXN_000212,FIR_0004,ACCT_0005,ACCT_0051,1200,NEFT,2026-06-01 15:15:00,0
TXN_000213,FIR_0019,ACCT_0041,ACCT_0074,1200,IMPS,2026-06-23 15:21:00,0
TXN_000214,FIR_0001,ACCT_0017,ACCT_0022,48000,NEFT,2026-05-08 14:19:00,1
TXN_000215,FIR_0011,ACCT_0007,ACCT_0041,1200,NEFT,2026-08-04 23:44:00,0
TXN_000216,FIR_0021,ACCT_0080,ACCT_0001,1200,UPI,2026-06-11 22:55:00,0
TXN_000217,FIR_0009,ACCT_0014,ACCT_0061,24000,UPI,2026-02-06 15:51:00,0
TXN_000218,FIR_0024,ACCT_0002,ACCT_0073,75000,IMPS,2026-07-06 21:35:00,0
TXN_000219,FIR_0003,ACCT_0013,ACCT_0012,49000,NEFT,2026-06-14 02:19:00,1
TXN_000220,FIR_0016,ACCT_0005,ACCT_0051,5000,NEFT,2026-03-18 06:07:00,0
TXN_000221,FIR_0011,ACCT_0049,ACCT_0021,125000,NEFT,2026-07-15 17:06:00,0
TXN_000222,FIR_0008,ACCT_0025,ACCT_0040,49000,cash_deposit,2026-04-02 23:32:00,1
TXN_000223,FIR_0007,ACCT_0021,ACCT_0003,1200,NEFT,2026-03-30 11:22:00,0
TXN_000224,FIR_0027,ACCT_0055,ACCT_0032,9800,NEFT,2026-02-08 01:45:00,0
TXN_000225,FIR_0010,ACCT_0073,ACCT_0080,49000,cash_deposit,2026-05-19 02:51:00,1
TXN_000226,FIR_0002,ACCT_0015,ACCT_0047,49000,UPI,2026-02-24 00:42:00,1
TXN_000227,FIR_0017,ACCT_0048,ACCT_0022,5000,NEFT,2026-01-13 11:51:00,0
TXN_000228,FIR_0017,ACCT_0031,ACCT_0008,9800,NEFT,2026-07-04 12:40:00,0
TXN_000229,FIR_0013,ACCT_0028,ACCT_0071,1200,cash_deposit,2026-03-05 11:44:00,0
TXN_000230,FIR_0005,ACCT_0020,ACCT_0036,49000,UPI,2026-06-04 08:50:00,1
TXN_000231,FIR_0025,ACCT_0072,ACCT_0064,48000,cash_deposit,2026-03-30 11:29:00,1
TXN_000232,FIR_0014,ACCT_0058,ACCT_0077,5000,cash_deposit,2026-03-11 01:41:00,0
TXN_000233,FIR_0002,ACCT_0029,ACCT_0068,49000,NEFT,2026-06-19 07:14:00,1
TXN_000234,FIR_0015,ACCT_0032,ACCT_0024,1200,UPI,2026-04-23 20:14:00,0
TXN_000235,FIR_0006,ACCT_0038,ACCT_0063,1200,UPI,2026-06-15 12:15:00,0
TXN_000236,FIR_0027,ACCT_0044,ACCT_0048,24000,IMPS,2026-03-31 14:26:00,0
TXN_000237,FIR_0007,ACCT_0024,ACCT_0040,125000,IMPS,2026-08-29 13:33:00,0
TXN_000238,FIR_0002,ACCT_0004,ACCT_0068,5000,NEFT,2026-01-28 04:32:00,0
TXN_000239,FIR_0016,ACCT_0067,ACCT_0038,48000,UPI,2026-02-04 00:44:00,1
TXN_000240,FIR_0009,ACCT_0021,ACCT_0032,5000,NEFT,2026-04-02 21:34:00,0
TXN_000241,FIR_0023,ACCT_0058,ACCT_0070,48000,NEFT,2026-02-27 23:17:00,1
TXN_000242,FIR_0016,ACCT_0065,ACCT_0041,125000,IMPS,2026-04-17 19:16:00,0
TXN_000243,FIR_0006,ACCT_0003,ACCT_0045,24000,UPI,2026-01-19 06:04:00,0
TXN_000244,FIR_0005,ACCT_0002,ACCT_0023,9800,NEFT,2026-03-05 07:55:00,0
TXN_000245,FIR_0020,ACCT_0076,ACCT_0070,1200,IMPS,2026-06-18 16:57:00,0
TXN_000246,FIR_0029,ACCT_0072,ACCT_0012,5000,UPI,2026-04-15 03:28:00,0
TXN_000247,FIR_0028,ACCT_0062,ACCT_0036,49000,UPI,2026-03-08 05:01:00,1
TXN_000248,FIR_0017,ACCT_0072,ACCT_0051,24000,NEFT,2026-06-23 09:51:00,0
TXN_000249,FIR_0024,ACCT_0061,ACCT_0078,49000,cash_deposit,2026-07-28 21:19:00,1
TXN_000250,FIR_0024,ACCT_0004,ACCT_0070,49000,UPI,2026-07-26 21:26:00,1
TXN_000251,FIR_0002,ACCT_0034,ACCT_0016,125000,cash_deposit,2026-06-15 00:22:00,0
TXN_000252,FIR_0014,ACCT_0063,ACCT_0026,250000,IMPS,2026-08-10 10:47:00,0
TXN_000253,FIR_0030,ACCT_0012,ACCT_0047,5000,IMPS,2026-07-05 14:58:00,0
TXN_000254,FIR_0016,ACCT_0075,ACCT_0063,5000,IMPS,2026-04-04 07:58:00,0
TXN_000255,FIR_0026,ACCT_0021,ACCT_0037,75000,cash_deposit,2026-02-22 03:49:00,0
TXN_000256,FIR_0020,ACCT_0068,ACCT_0059,48000,cash_deposit,2026-03-19 02:09:00,1
TXN_000257,FIR_0017,ACCT_0054,ACCT_0009,5000,NEFT,2026-05-02 05:00:00,0
TXN_000258,FIR_0012,ACCT_0068,ACCT_0066,48000,cash_deposit,2026-05-03 14:33:00,1
TXN_000259,FIR_0002,ACCT_0049,ACCT_0074,24000,IMPS,2026-08-16 05:54:00,0
TXN_000260,FIR_0006,ACCT_0033,ACCT_0064,5000,UPI,2026-08-26 17:41:00,0
TXN_000261,FIR_0008,ACCT_0060,ACCT_0051,1200,cash_deposit,2026-08-12 19:53:00,0
TXN_000262,FIR_0015,ACCT_0027,ACCT_0021,75000,UPI,2026-04-09 00:02:00,0
TXN_000263,FIR_0016,ACCT_0029,ACCT_0030,9800,IMPS,2026-05-23 11:47:00,0
TXN_000264,FIR_0012,ACCT_0062,ACCT_0072,75000,cash_deposit,2026-01-29 08:33:00,0
TXN_000265,FIR_0004,ACCT_0051,ACCT_0023,1200,IMPS,2026-04-15 15:45:00,0
TXN_000266,FIR_0006,ACCT_0071,ACCT_0075,48000,cash_deposit,2026-03-26 09:19:00,1
TXN_000267,FIR_0027,ACCT_0040,ACCT_0035,250000,cash_deposit,2026-05-12 03:28:00,0
TXN_000268,FIR_0017,ACCT_0029,ACCT_0053,49000,NEFT,2026-07-26 05:41:00,1
TXN_000269,FIR_0001,ACCT_0066,ACCT_0076,49000,IMPS,2026-07-09 03:25:00,1
TXN_000270,FIR_0019,ACCT_0052,ACCT_0078,75000,UPI,2026-07-02 09:32:00,0
TXN_000271,FIR_0029,ACCT_0036,ACCT_0074,49000,UPI,2026-06-13 05:40:00,1
TXN_000272,FIR_0011,ACCT_0064,ACCT_0008,49000,IMPS,2026-07-25 08:18:00,1
TXN_000273,FIR_0026,ACCT_0024,ACCT_0016,48000,NEFT,2026-06-13 03:19:00,1
TXN_000274,FIR_0007,ACCT_0069,ACCT_0053,24000,IMPS,2026-01-15 14:08:00,0
TXN_000275,FIR_0002,ACCT_0053,ACCT_0010,125000,cash_deposit,2026-06-15 20:56:00,0
TXN_000276,FIR_0016,ACCT_0071,ACCT_0045,1200,UPI,2026-02-02 15:01:00,0
TXN_000277,FIR_0005,ACCT_0063,ACCT_0031,24000,NEFT,2026-05-05 12:59:00,0
TXN_000278,FIR_0001,ACCT_0030,ACCT_0076,48000,IMPS,2026-07-04 06:01:00,1
TXN_000279,FIR_0025,ACCT_0049,ACCT_0042,24000,UPI,2026-04-23 16:18:00,0
TXN_000280,FIR_0028,ACCT_0050,ACCT_0012,1200,cash_deposit,2026-08-16 19:04:00,0
TXN_000281,FIR_0010,ACCT_0060,ACCT_0069,75000,cash_deposit,2026-01-18 13:00:00,0
TXN_000282,FIR_0009,ACCT_0057,ACCT_0058,75000,NEFT,2026-07-03 18:02:00,0
TXN_000283,FIR_0021,ACCT_0053,ACCT_0030,5000,IMPS,2026-02-24 01:37:00,0
TXN_000284,FIR_0025,ACCT_0045,ACCT_0059,24000,cash_deposit,2026-08-21 16:46:00,0
TXN_000285,FIR_0010,ACCT_0003,ACCT_0014,75000,cash_deposit,2026-06-09 10:42:00,0
TXN_000286,FIR_0017,ACCT_0046,ACCT_0073,9800,UPI,2026-02-11 06:37:00,0
TXN_000287,FIR_0009,ACCT_0016,ACCT_0023,24000,cash_deposit,2026-01-18 14:48:00,0
TXN_000288,FIR_0018,ACCT_0010,ACCT_0030,24000,NEFT,2026-05-23 10:50:00,0
TXN_000289,FIR_0015,ACCT_0012,ACCT_0040,1200,NEFT,2026-01-04 01:34:00,0
TXN_000290,FIR_0013,ACCT_0031,ACCT_0053,5000,IMPS,2026-03-17 22:17:00,0
TXN_000291,FIR_0018,ACCT_0073,ACCT_0017,9800,cash_deposit,2026-03-11 16:02:00,0
TXN_000292,FIR_0012,ACCT_0062,ACCT_0076,75000,IMPS,2026-02-11 01:48:00,0
TXN_000293,FIR_0027,ACCT_0028,ACCT_0034,48000,UPI,2026-04-16 03:38:00,1
TXN_000294,FIR_0010,ACCT_0026,ACCT_0029,9800,NEFT,2026-07-02 23:31:00,0
TXN_000295,FIR_0019,ACCT_0021,ACCT_0008,75000,UPI,2026-03-16 17:21:00,0
TXN_000296,FIR_0005,ACCT_0045,ACCT_0004,24000,IMPS,2026-03-15 13:31:00,0
TXN_000297,FIR_0030,ACCT_0056,ACCT_0060,48000,cash_deposit,2026-08-13 16:19:00,1
TXN_000298,FIR_0023,ACCT_0065,ACCT_0058,24000,cash_deposit,2026-02-13 05:30:00,0
TXN_000299,FIR_0005,ACCT_0034,ACCT_0069,9800,IMPS,2026-05-13 16:18:00,0
TXN_000300,FIR_0018,ACCT_0004,ACCT_0037,75000,NEFT,2026-06-10 03:53:00,0
TXN_000301,FIR_0019,ACCT_0073,ACCT_0058,49000,cash_deposit,2026-06-27 09:28:00,1
TXN_000302,FIR_0004,ACCT_0064,ACCT_0037,75000,UPI,2026-05-23 14:28:00,0
TXN_000303,FIR_0025,ACCT_0027,ACCT_0041,5000,UPI,2026-05-13 18:21:00,0
TXN_000304,FIR_0013,ACCT_0042,ACCT_0051,1200,UPI,2026-05-07 08:33:00,0
TXN_000305,FIR_0001,ACCT_0002,ACCT_0013,1200,IMPS,2026-07-06 05:14:00,0
TXN_000306,FIR_0001,ACCT_0009,ACCT_0042,5000,cash_deposit,2026-06-12 12:05:00,0
TXN_000307,FIR_0016,ACCT_0051,ACCT_0053,5000,UPI,2026-02-18 09:58:00,0
TXN_000308,FIR_0007,ACCT_0064,ACCT_0020,5000,UPI,2026-08-08 22:44:00,0
TXN_000309,FIR_0017,ACCT_0031,ACCT_0066,250000,UPI,2026-05-08 09:51:00,0
TXN_000310,FIR_0027,ACCT_0021,ACCT_0059,49000,UPI,2026-02-07 15:55:00,1
TXN_000311,FIR_0026,ACCT_0012,ACCT_0013,9800,UPI,2026-03-28 07:44:00,0
TXN_000312,FIR_0025,ACCT_0068,ACCT_0037,24000,cash_deposit,2026-06-04 23:12:00,0
TXN_000313,FIR_0019,ACCT_0075,ACCT_0003,75000,IMPS,2026-01-05 11:32:00,0
TXN_000314,FIR_0025,ACCT_0016,ACCT_0076,125000,IMPS,2026-07-15 13:47:00,0
TXN_000315,FIR_0020,ACCT_0014,ACCT_0040,125000,NEFT,2026-04-12 19:50:00,0
TXN_000316,FIR_0024,ACCT_0060,ACCT_0053,9800,IMPS,2026-02-15 01:24:00,0
TXN_000317,FIR_0026,ACCT_0028,ACCT_0076,49000,IMPS,2026-04-12 12:03:00,1
TXN_000318,FIR_0028,ACCT_0029,ACCT_0048,24000,NEFT,2026-01-31 19:08:00,0
TXN_000319,FIR_0024,ACCT_0027,ACCT_0080,1200,IMPS,2026-08-04 05:22:00,0
TXN_000320,FIR_0019,ACCT_0034,ACCT_0072,5000,NEFT,2026-07-23 08:13:00,0
TXN_000321,FIR_0024,ACCT_0059,ACCT_0030,250000,cash_deposit,2026-06-08 20:35:00,0
TXN_000322,FIR_0015,ACCT_0020,ACCT_0004,49000,NEFT,2026-01-28 10:39:00,1
TXN_000323,FIR_0001,ACCT_0071,ACCT_0066,125000,IMPS,2026-02-05 11:48:00,0
TXN_000324,FIR_0023,ACCT_0017,ACCT_0004,125000,UPI,2026-05-20 08:10:00,0
TXN_000325,FIR_0010,ACCT_0050,ACCT_0018,24000,NEFT,2026-02-26 23:34:00,0
TXN_000326,FIR_0011,ACCT_0041,ACCT_0049,75000,IMPS,2026-03-28 21:16:00,0
TXN_000327,FIR_0004,ACCT_0079,ACCT_0039,49000,NEFT,2026-03-18 01:10:00,1
TXN_000328,FIR_0011,ACCT_0017,ACCT_0055,5000,NEFT,2026-03-15 04:05:00,0
TXN_000329,FIR_0013,ACCT_0056,ACCT_0080,250000,NEFT,2026-01-22 01:03:00,0
TXN_000330,FIR_0020,ACCT_0051,ACCT_0078,5000,UPI,2026-08-11 20:21:00,0
TXN_000331,FIR_0022,ACCT_0071,ACCT_0079,1200,cash_deposit,2026-07-14 23:33:00,0
TXN_000332,FIR_0020,ACCT_0030,ACCT_0007,1200,UPI,2026-03-02 15:33:00,0
TXN_000333,FIR_0021,ACCT_0053,ACCT_0019,5000,cash_deposit,2026-06-25 22:24:00,0
TXN_000334,FIR_0001,ACCT_0033,ACCT_0047,250000,NEFT,2026-05-18 17:15:00,0
TXN_000335,FIR_0007,ACCT_0050,ACCT_0062,5000,cash_deposit,2026-03-19 21:31:00,0
TXN_000336,FIR_0017,ACCT_0076,ACCT_0060,250000,IMPS,2026-05-10 15:55:00,0
TXN_000337,FIR_0017,ACCT_0039,ACCT_0059,49000,UPI,2026-01-12 00:30:00,1
TXN_000338,FIR_0017,ACCT_0077,ACCT_0010,75000,cash_deposit,2026-06-19 23:27:00,0
TXN_000339,FIR_0027,ACCT_0012,ACCT_0063,250000,cash_deposit,2026-05-07 14:13:00,0
TXN_000340,FIR_0022,ACCT_0027,ACCT_0077,125000,cash_deposit,2026-06-09 00:59:00,0
TXN_000341,FIR_0005,ACCT_0060,ACCT_0007,49000,NEFT,2026-02-12 15:48:00,1
TXN_000342,FIR_0019,ACCT_0044,ACCT_0004,250000,cash_deposit,2026-03-31 21:41:00,0
TXN_000343,FIR_0022,ACCT_0024,ACCT_0065,9800,UPI,2026-08-17 18:49:00,0
TXN_000344,FIR_0010,ACCT_0024,ACCT_0037,250000,NEFT,2026-07-29 10:51:00,0
TXN_000345,FIR_0009,ACCT_0051,ACCT_0006,24000,NEFT,2026-06-13 06:09:00,0
TXN_000346,FIR_0024,ACCT_0015,ACCT_0049,49000,cash_deposit,2026-02-25 22:17:00,1
TXN_000347,FIR_0007,ACCT_0063,ACCT_0052,250000,NEFT,2026-02-21 16:35:00,0
TXN_000348,FIR_0013,ACCT_0033,ACCT_0036,48000,UPI,2026-06-28 09:24:00,1
TXN_000349,FIR_0016,ACCT_0062,ACCT_0052,5000,NEFT,2026-03-21 01:08:00,0
TXN_000350,FIR_0011,ACCT_0039,ACCT_0057,250000,cash_deposit,2026-01-07 08:52:00,0
TXN_000351,FIR_0013,ACCT_0004,ACCT_0039,5000,cash_deposit,2026-02-13 06:47:00,0
TXN_000352,FIR_0002,ACCT_0065,ACCT_0036,250000,cash_deposit,2026-02-15 22:04:00,0
TXN_000353,FIR_0022,ACCT_0015,ACCT_0012,48000,UPI,2026-05-19 12:16:00,1
TXN_000354,FIR_0030,ACCT_0048,ACCT_0069,1200,UPI,2026-05-06 19:59:00,0
TXN_000355,FIR_0013,ACCT_0040,ACCT_0027,75000,cash_deposit,2026-05-17 06:25:00,0
TXN_000356,FIR_0008,ACCT_0057,ACCT_0072,24000,UPI,2026-02-10 07:07:00,0
TXN_000357,FIR_0022,ACCT_0040,ACCT_0068,5000,IMPS,2026-01-04 09:11:00,0
TXN_000358,FIR_0004,ACCT_0007,ACCT_0057,48000,cash_deposit,2026-08-25 10:33:00,1
TXN_000359,FIR_0024,ACCT_0050,ACCT_0047,125000,NEFT,2026-08-20 15:22:00,0
TXN_000360,FIR_0016,ACCT_0043,ACCT_0041,48000,cash_deposit,2026-06-01 18:37:00,1
TXN_000361,FIR_0012,ACCT_0030,ACCT_0058,9800,NEFT,2026-02-09 17:12:00,0
TXN_000362,FIR_0005,ACCT_0003,ACCT_0062,1200,IMPS,2026-05-06 15:04:00,0
TXN_000363,FIR_0020,ACCT_0023,ACCT_0044,1200,NEFT,2026-06-16 00:52:00,0
TXN_000364,FIR_0026,ACCT_0040,ACCT_0070,250000,UPI,2026-05-04 17:25:00,0
TXN_000365,FIR_0008,ACCT_0051,ACCT_0079,75000,NEFT,2026-07-01 22:23:00,0
TXN_000366,FIR_0011,ACCT_0008,ACCT_0042,250000,IMPS,2026-02-17 15:04:00,0
TXN_000367,FIR_0019,ACCT_0061,ACCT_0028,75000,UPI,2026-07-10 20:18:00,0
TXN_000368,FIR_0022,ACCT_0051,ACCT_0030,75000,UPI,2026-04-19 13:27:00,0
TXN_000369,FIR_0016,ACCT_0029,ACCT_0018,1200,cash_deposit,2026-05-30 17:32:00,0
TXN_000370,FIR_0027,ACCT_0063,ACCT_0043,1200,cash_deposit,2026-06-17 18:05:00,0
TXN_000371,FIR_0017,ACCT_0070,ACCT_0058,1200,NEFT,2026-05-13 03:37:00,0
TXN_000372,FIR_0016,ACCT_0029,ACCT_0026,250000,cash_deposit,2026-02-26 14:02:00,0
TXN_000373,FIR_0006,ACCT_0080,ACCT_0004,48000,cash_deposit,2026-03-28 01:27:00,1
TXN_000374,FIR_0002,ACCT_0023,ACCT_0050,9800,NEFT,2026-04-19 02:47:00,0
TXN_000375,FIR_0015,ACCT_0050,ACCT_0021,49000,NEFT,2026-04-17 14:15:00,1
TXN_000376,FIR_0026,ACCT_0005,ACCT_0045,9800,UPI,2026-06-24 02:52:00,0
TXN_000377,FIR_0002,ACCT_0057,ACCT_0059,125000,cash_deposit,2026-08-17 02:13:00,0
TXN_000378,FIR_0021,ACCT_0033,ACCT_0048,5000,IMPS,2026-07-20 07:21:00,0
TXN_000379,FIR_0016,ACCT_0017,ACCT_0076,9800,IMPS,2026-01-07 19:14:00,0
TXN_000380,FIR_0029,ACCT_0063,ACCT_0079,24000,IMPS,2026-02-12 13:57:00,0
TXN_000381,FIR_0029,ACCT_0031,ACCT_0033,75000,IMPS,2026-05-08 22:37:00,0
TXN_000382,FIR_0005,ACCT_0052,ACCT_0016,250000,NEFT,2026-08-21 10:18:00,0
TXN_000383,FIR_0013,ACCT_0057,ACCT_0024,75000,UPI,2026-04-17 03:27:00,0
TXN_000384,FIR_0030,ACCT_0039,ACCT_0057,125000,UPI,2026-02-27 22:00:00,0
TXN_000385,FIR_0025,ACCT_0024,ACCT_0012,49000,NEFT,2026-05-14 07:24:00,1
TXN_000386,FIR_0010,ACCT_0011,ACCT_0066,5000,IMPS,2026-06-19 19:50:00,0
TXN_000387,FIR_0004,ACCT_0041,ACCT_0036,49000,IMPS,2026-07-10 23:24:00,1
TXN_000388,FIR_0002,ACCT_0045,ACCT_0025,49000,UPI,2026-05-29 21:40:00,1
TXN_000389,FIR_0008,ACCT_0052,ACCT_0008,1200,NEFT,2026-05-05 06:31:00,0
TXN_000390,FIR_0010,ACCT_0080,ACCT_0058,48000,cash_deposit,2026-05-14 16:11:00,1
TXN_000391,FIR_0025,ACCT_0068,ACCT_0014,125000,UPI,2026-07-20 21:01:00,0
TXN_000392,FIR_0021,ACCT_0023,ACCT_0001,5000,UPI,2026-06-03 21:28:00,0
TXN_000393,FIR_0001,ACCT_0032,ACCT_0060,1200,UPI,2026-05-27 20:55:00,0
TXN_000394,FIR_0023,ACCT_0029,ACCT_0006,5000,cash_deposit,2026-08-31 13:47:00,0
TXN_000395,FIR_0005,ACCT_0023,ACCT_0069,9800,IMPS,2026-06-06 23:41:00,0
TXN_000396,FIR_0029,ACCT_0043,ACCT_0006,24000,UPI,2026-08-13 19:01:00,0
TXN_000397,FIR_0022,ACCT_0003,ACCT_0014,24000,NEFT,2026-06-28 16:37:00,0
TXN_000398,FIR_0022,ACCT_0063,ACCT_0072,9800,NEFT,2026-01-09 04:31:00,0
TXN_000399,FIR_0012,ACCT_0013,ACCT_0079,75000,NEFT,2026-03-31 17:52:00,0
TXN_000400,FIR_0003,ACCT_0016,ACCT_0009,5000,NEFT,2026-03-29 08:08:00,0
TXN_000401,FIR_0021,ACCT_0016,ACCT_0023,250000,IMPS,2026-08-25 08:48:00,0
TXN_000402,FIR_0007,ACCT_0023,ACCT_0058,49000,UPI,2026-01-24 03:15:00,1
TXN_000403,FIR_0030,ACCT_0033,ACCT_0022,9800,NEFT,2026-01-14 17:13:00,0
TXN_000404,FIR_0027,ACCT_0079,ACCT_0034,49000,NEFT,2026-04-04 04:04:00,1
TXN_000405,FIR_0030,ACCT_0009,ACCT_0077,24000,IMPS,2026-02-28 21:35:00,0
TXN_000406,FIR_0004,ACCT_0052,ACCT_0048,125000,IMPS,2026-04-17 04:29:00,0
TXN_000407,FIR_0011,ACCT_0031,ACCT_0023,5000,UPI,2026-06-24 02:29:00,0
TXN_000408,FIR_0015,ACCT_0044,ACCT_0074,250000,NEFT,2026-07-31 23:12:00,0
TXN_000409,FIR_0017,ACCT_0016,ACCT_0010,125000,cash_deposit,2026-07-18 00:14:00,0
TXN_000410,FIR_0029,ACCT_0036,ACCT_0071,9800,IMPS,2026-04-25 23:36:00,0
TXN_000411,FIR_0028,ACCT_0012,ACCT_0037,1200,IMPS,2026-07-17 03:57:00,0
TXN_000412,FIR_0019,ACCT_0007,ACCT_0015,250000,cash_deposit,2026-05-29 12:32:00,0
TXN_000413,FIR_0029,ACCT_0054,ACCT_0021,250000,NEFT,2026-03-23 02:06:00,0
TXN_000414,FIR_0027,ACCT_0046,ACCT_0005,75000,UPI,2026-01-13 09:39:00,0
TXN_000415,FIR_0012,ACCT_0016,ACCT_0008,1200,cash_deposit,2026-02-11 10:03:00,0
TXN_000416,FIR_0010,ACCT_0029,ACCT_0030,9800,NEFT,2026-06-22 07:58:00,0
TXN_000417,FIR_0010,ACCT_0022,ACCT_0080,9800,cash_deposit,2026-06-17 00:06:00,0
TXN_000418,FIR_0006,ACCT_0076,ACCT_0006,75000,cash_deposit,2026-07-14 14:53:00,0
TXN_000419,FIR_0001,ACCT_0028,ACCT_0035,125000,UPI,2026-07-24 11:06:00,0
TXN_000420,FIR_0013,ACCT_0024,ACCT_0052,1200,IMPS,2026-02-26 01:11:00,0
TXN_000421,FIR_0016,ACCT_0017,ACCT_0079,1200,UPI,2026-01-07 10:34:00,0
TXN_000422,FIR_0013,ACCT_0050,ACCT_0056,1200,NEFT,2026-06-27 09:00:00,0
TXN_000423,FIR_0014,ACCT_0014,ACCT_0016,1200,cash_deposit,2026-05-14 10:29:00,0
TXN_000424,FIR_0013,ACCT_0071,ACCT_0040,24000,cash_deposit,2026-06-05 01:30:00,0
TXN_000425,FIR_0027,ACCT_0018,ACCT_0032,9800,cash_deposit,2026-08-19 15:02:00,0
TXN_000426,FIR_0018,ACCT_0017,ACCT_0042,49000,IMPS,2026-03-29 11:10:00,1
TXN_000427,FIR_0026,ACCT_0051,ACCT_0080,250000,cash_deposit,2026-08-30 01:32:00,0
TXN_000428,FIR_0016,ACCT_0056,ACCT_0049,48000,UPI,2026-05-17 03:00:00,1
TXN_000429,FIR_0028,ACCT_0004,ACCT_0050,1200,IMPS,2026-07-21 15:08:00,0
TXN_000430,FIR_0023,ACCT_0018,ACCT_0019,125000,IMPS,2026-07-02 11:55:00,0
TXN_000431,FIR_0020,ACCT_0013,ACCT_0076,49000,cash_deposit,2026-03-24 12:55:00,1
TXN_000432,FIR_0021,ACCT_0033,ACCT_0063,75000,NEFT,2026-03-30 15:54:00,0
TXN_000433,FIR_0007,ACCT_0003,ACCT_0016,1200,cash_deposit,2026-01-07 08:43:00,0
TXN_000434,FIR_0021,ACCT_0025,ACCT_0054,250000,UPI,2026-04-20 23:00:00,0
TXN_000435,FIR_0011,ACCT_0009,ACCT_0031,48000,cash_deposit,2026-04-04 10:06:00,1
TXN_000436,FIR_0028,ACCT_0071,ACCT_0060,49000,cash_deposit,2026-05-17 09:46:00,1
TXN_000437,FIR_0027,ACCT_0035,ACCT_0051,24000,IMPS,2026-04-04 18:45:00,0
TXN_000438,FIR_0030,ACCT_0002,ACCT_0066,250000,NEFT,2026-03-28 14:15:00,0
TXN_000439,FIR_0006,ACCT_0003,ACCT_0014,250000,NEFT,2026-01-17 00:17:00,0
TXN_000440,FIR_0004,ACCT_0075,ACCT_0010,48000,UPI,2026-04-25 19:40:00,1
TXN_000441,FIR_0022,ACCT_0079,ACCT_0002,1200,UPI,2026-05-21 14:14:00,0
TXN_000442,FIR_0015,ACCT_0017,ACCT_0038,250000,cash_deposit,2026-01-15 13:09:00,0
TXN_000443,FIR_0009,ACCT_0024,ACCT_0002,75000,IMPS,2026-03-30 06:08:00,0
TXN_000444,FIR_0013,ACCT_0010,ACCT_0054,125000,IMPS,2026-01-26 03:30:00,0
TXN_000445,FIR_0024,ACCT_0079,ACCT_0062,24000,UPI,2026-08-06 03:58:00,0
TXN_000446,FIR_0028,ACCT_0052,ACCT_0010,48000,cash_deposit,2026-04-01 01:38:00,1
TXN_000447,FIR_0018,ACCT_0014,ACCT_0064,9800,UPI,2026-04-20 19:13:00,0
TXN_000448,FIR_0005,ACCT_0001,ACCT_0058,9800,IMPS,2026-04-09 11:17:00,0
TXN_000449,FIR_0006,ACCT_0008,ACCT_0042,48000,NEFT,2026-07-29 22:31:00,1
TXN_000450,FIR_0001,ACCT_0035,ACCT_0038,49000,UPI,2026-06-13 18:51:00,1
TXN_000451,FIR_0026,ACCT_0007,ACCT_0058,49000,NEFT,2026-02-10 03:32:00,1
TXN_000452,FIR_0022,ACCT_0064,ACCT_0011,9800,cash_deposit,2026-08-04 10:49:00,0
TXN_000453,FIR_0008,ACCT_0035,ACCT_0058,9800,UPI,2026-01-28 16:51:00,0
TXN_000454,FIR_0017,ACCT_0034,ACCT_0014,9800,IMPS,2026-06-24 10:56:00,0
TXN_000455,FIR_0002,ACCT_0056,ACCT_0003,75000,UPI,2026-07-17 21:36:00,0
TXN_000456,FIR_0010,ACCT_0022,ACCT_0031,75000,cash_deposit,2026-08-11 11:26:00,0
TXN_000457,FIR_0011,ACCT_0028,ACCT_0046,75000,UPI,2026-01-26 00:30:00,0
TXN_000458,FIR_0029,ACCT_0046,ACCT_0012,5000,NEFT,2026-05-05 00:48:00,0
TXN_000459,FIR_0001,ACCT_0066,ACCT_0018,250000,UPI,2026-03-14 01:55:00,0
TXN_000460,FIR_0010,ACCT_0004,ACCT_0011,5000,UPI,2026-01-05 15:52:00,0
TXN_000461,FIR_0018,ACCT_0046,ACCT_0021,49000,UPI,2026-07-17 16:59:00,1
TXN_000462,FIR_0001,ACCT_0065,ACCT_0045,24000,IMPS,2026-02-18 11:46:00,0
TXN_000463,FIR_0010,ACCT_0075,ACCT_0080,250000,UPI,2026-04-20 07:29:00,0
TXN_000464,FIR_0025,ACCT_0071,ACCT_0040,125000,UPI,2026-06-22 17:03:00,0
TXN_000465,FIR_0025,ACCT_0066,ACCT_0041,250000,cash_deposit,2026-04-09 05:56:00,0
TXN_000466,FIR_0010,ACCT_0004,ACCT_0027,9800,IMPS,2026-01-13 13:08:00,0
TXN_000467,FIR_0025,ACCT_0043,ACCT_0008,49000,cash_deposit,2026-07-13 13:53:00,1
TXN_000468,FIR_0007,ACCT_0007,ACCT_0031,250000,cash_deposit,2026-02-11 16:07:00,0
TXN_000469,FIR_0030,ACCT_0041,ACCT_0061,9800,IMPS,2026-02-12 11:56:00,0
TXN_000470,FIR_0012,ACCT_0057,ACCT_0056,1200,UPI,2026-05-28 23:47:00,0
TXN_000471,FIR_0014,ACCT_0015,ACCT_0066,250000,NEFT,2026-07-14 05:36:00,0
TXN_000472,FIR_0021,ACCT_0050,ACCT_0055,48000,IMPS,2026-05-09 19:15:00,1
TXN_000473,FIR_0026,ACCT_0002,ACCT_0027,9800,NEFT,2026-01-06 10:14:00,0
TXN_000474,FIR_0018,ACCT_0079,ACCT_0049,9800,UPI,2026-04-02 03:11:00,0
TXN_000475,FIR_0011,ACCT_0034,ACCT_0048,125000,UPI,2026-03-20 14:52:00,0
TXN_000476,FIR_0027,ACCT_0012,ACCT_0040,5000,cash_deposit,2026-05-09 21:31:00,0
TXN_000477,FIR_0025,ACCT_0021,ACCT_0022,5000,UPI,2026-05-06 09:21:00,0
TXN_000478,FIR_0005,ACCT_0037,ACCT_0017,9800,NEFT,2026-08-16 12:29:00,0
TXN_000479,FIR_0029,ACCT_0031,ACCT_0069,1200,IMPS,2026-05-20 09:59:00,0
TXN_000480,FIR_0009,ACCT_0019,ACCT_0046,250000,cash_deposit,2026-06-12 01:23:00,0
TXN_000481,FIR_0003,ACCT_0033,ACCT_0027,250000,UPI,2026-01-25 21:17:00,0
TXN_000482,FIR_0026,ACCT_0006,ACCT_0049,1200,IMPS,2026-04-05 10:04:00,0
TXN_000483,FIR_0026,ACCT_0046,ACCT_0057,24000,UPI,2026-04-24 09:16:00,0
TXN_000484,FIR_0013,ACCT_0011,ACCT_0003,250000,UPI,2026-06-04 07:01:00,0
TXN_000485,FIR_0003,ACCT_0075,ACCT_0003,75000,IMPS,2026-07-02 18:24:00,0
TXN_000486,FIR_0002,ACCT_0046,ACCT_0061,24000,UPI,2026-03-24 12:27:00,0
TXN_000487,FIR_0008,ACCT_0062,ACCT_0038,24000,UPI,2026-03-09 20:03:00,0
TXN_000488,FIR_0001,ACCT_0033,ACCT_0057,125000,UPI,2026-04-25 18:37:00,0
TXN_000489,FIR_0021,ACCT_0018,ACCT_0032,125000,NEFT,2026-07-24 16:49:00,0
TXN_000490,FIR_0016,ACCT_0045,ACCT_0032,48000,cash_deposit,2026-04-06 02:04:00,1
TXN_000491,FIR_0027,ACCT_0023,ACCT_0026,1200,NEFT,2026-06-15 21:33:00,0
TXN_000492,FIR_0007,ACCT_0070,ACCT_0059,75000,NEFT,2026-05-01 22:03:00,0
TXN_000493,FIR_0001,ACCT_0022,ACCT_0035,9800,NEFT,2026-04-01 16:50:00,0
TXN_000494,FIR_0003,ACCT_0073,ACCT_0071,49000,UPI,2026-06-24 18:13:00,1
TXN_000495,FIR_0025,ACCT_0043,ACCT_0053,24000,NEFT,2026-01-06 13:43:00,0
TXN_000496,FIR_0020,ACCT_0009,ACCT_0019,1200,NEFT,2026-05-12 06:09:00,0
TXN_000497,FIR_0015,ACCT_0071,ACCT_0046,250000,IMPS,2026-04-05 01:34:00,0
TXN_000498,FIR_0008,ACCT_0012,ACCT_0064,5000,NEFT,2026-02-15 15:25:00,0
TXN_000499,FIR_0003,ACCT_0042,ACCT_0075,125000,NEFT,2026-07-09 16:29:00,0
TXN_000500,FIR_0026,ACCT_0040,ACCT_0022,1200,NEFT,2026-06-15 18:24:00,0
TXN_000501,FIR_0018,ACCT_0014,ACCT_0037,9800,cash_deposit,2026-06-29 07:20:00,0
TXN_000502,FIR_0016,ACCT_0006,ACCT_0013,24000,UPI,2026-01-04 07:42:00,0
TXN_000503,FIR_0007,ACCT_0078,ACCT_0023,125000,cash_deposit,2026-05-10 21:14:00,0
TXN_000504,FIR_0030,ACCT_0078,ACCT_0035,250000,NEFT,2026-05-12 07:00:00,0
TXN_000505,FIR_0011,ACCT_0052,ACCT_0032,48000,cash_deposit,2026-02-19 04:28:00,1
TXN_000506,FIR_0030,ACCT_0056,ACCT_0035,1200,cash_deposit,2026-07-06 00:51:00,0
TXN_000507,FIR_0025,ACCT_0067,ACCT_0045,24000,UPI,2026-08-30 16:15:00,0
TXN_000508,FIR_0002,ACCT_0028,ACCT_0017,1200,UPI,2026-03-22 01:27:00,0
TXN_000509,FIR_0028,ACCT_0072,ACCT_0032,75000,cash_deposit,2026-05-03 12:19:00,0
TXN_000510,FIR_0028,ACCT_0011,ACCT_0076,49000,UPI,2026-07-07 19:53:00,1
TXN_000511,FIR_0003,ACCT_0015,ACCT_0020,5000,UPI,2026-06-26 20:16:00,0
TXN_000512,FIR_0015,ACCT_0049,ACCT_0031,125000,NEFT,2026-07-08 04:37:00,0
TXN_000513,FIR_0022,ACCT_0071,ACCT_0013,24000,cash_deposit,2026-06-15 09:55:00,0
TXN_000514,FIR_0019,ACCT_0044,ACCT_0038,1200,NEFT,2026-04-30 08:23:00,0
TXN_000515,FIR_0020,ACCT_0046,ACCT_0034,9800,NEFT,2026-05-09 03:34:00,0
TXN_000516,FIR_0010,ACCT_0011,ACCT_0046,125000,IMPS,2026-06-26 00:38:00,0
TXN_000517,FIR_0011,ACCT_0058,ACCT_0048,5000,cash_deposit,2026-04-12 10:33:00,0
TXN_000518,FIR_0011,ACCT_0070,ACCT_0045,24000,IMPS,2026-03-30 01:38:00,0
TXN_000519,FIR_0003,ACCT_0019,ACCT_0037,49000,IMPS,2026-02-28 00:20:00,1
TXN_000520,FIR_0025,ACCT_0031,ACCT_0009,1200,UPI,2026-02-28 07:08:00,0
TXN_000521,FIR_0020,ACCT_0066,ACCT_0031,75000,IMPS,2026-05-04 01:37:00,0
TXN_000522,FIR_0029,ACCT_0037,ACCT_0058,9800,NEFT,2026-03-07 05:27:00,0
TXN_000523,FIR_0003,ACCT_0061,ACCT_0078,49000,cash_deposit,2026-02-11 07:46:00,1
TXN_000524,FIR_0025,ACCT_0031,ACCT_0056,9800,cash_deposit,2026-04-04 07:09:00,0
TXN_000525,FIR_0010,ACCT_0038,ACCT_0040,75000,cash_deposit,2026-08-07 17:40:00,0
TXN_000526,FIR_0025,ACCT_0018,ACCT_0065,125000,NEFT,2026-03-15 23:59:00,0
TXN_000527,FIR_0029,ACCT_0050,ACCT_0022,49000,NEFT,2026-05-23 23:43:00,1
TXN_000528,FIR_0004,ACCT_0075,ACCT_0064,48000,cash_deposit,2026-04-22 17:30:00,1
TXN_000529,FIR_0015,ACCT_0056,ACCT_0071,49000,NEFT,2026-05-28 01:20:00,1
TXN_000530,FIR_0013,ACCT_0003,ACCT_0050,250000,UPI,2026-03-14 18:33:00,0
TXN_000531,FIR_0005,ACCT_0036,ACCT_0010,1200,IMPS,2026-04-12 01:22:00,0
TXN_000532,FIR_0015,ACCT_0031,ACCT_0027,9800,IMPS,2026-07-11 01:06:00,0
TXN_000533,FIR_0014,ACCT_0010,ACCT_0040,75000,UPI,2026-03-02 02:44:00,0
TXN_000534,FIR_0023,ACCT_0013,ACCT_0069,75000,IMPS,2026-09-01 08:03:00,0
TXN_000535,FIR_0002,ACCT_0014,ACCT_0017,1200,NEFT,2026-06-01 22:36:00,0
TXN_000536,FIR_0017,ACCT_0005,ACCT_0077,24000,NEFT,2026-04-24 16:39:00,0
TXN_000537,FIR_0009,ACCT_0012,ACCT_0036,1200,NEFT,2026-05-11 15:56:00,0
TXN_000538,FIR_0027,ACCT_0018,ACCT_0044,75000,NEFT,2026-07-25 15:07:00,0
TXN_000539,FIR_0002,ACCT_0042,ACCT_0064,1200,cash_deposit,2026-03-05 23:11:00,0
TXN_000540,FIR_0026,ACCT_0061,ACCT_0031,1200,NEFT,2026-06-09 17:20:00,0
TXN_000541,FIR_0028,ACCT_0063,ACCT_0002,5000,UPI,2026-05-28 11:19:00,0
TXN_000542,FIR_0007,ACCT_0069,ACCT_0049,49000,NEFT,2026-05-15 07:10:00,1
TXN_000543,FIR_0020,ACCT_0073,ACCT_0029,24000,NEFT,2026-04-25 00:52:00,0
TXN_000544,FIR_0008,ACCT_0042,ACCT_0064,250000,cash_deposit,2026-01-12 01:27:00,0
TXN_000545,FIR_0008,ACCT_0030,ACCT_0080,250000,IMPS,2026-06-20 11:13:00,0
TXN_000546,FIR_0025,ACCT_0038,ACCT_0024,125000,NEFT,2026-08-05 11:54:00,0
TXN_000547,FIR_0015,ACCT_0012,ACCT_0028,5000,NEFT,2026-06-17 13:29:00,0
TXN_000548,FIR_0013,ACCT_0014,ACCT_0018,250000,UPI,2026-07-05 10:53:00,0
TXN_000549,FIR_0023,ACCT_0010,ACCT_0038,5000,cash_deposit,2026-04-12 20:33:00,0
TXN_000550,FIR_0008,ACCT_0048,ACCT_0078,125000,cash_deposit,2026-05-29 23:05:00,0
TXN_000551,FIR_0001,ACCT_0053,ACCT_0063,1200,NEFT,2026-08-24 06:28:00,0
TXN_000552,FIR_0021,ACCT_0068,ACCT_0074,125000,UPI,2026-01-10 15:25:00,0
TXN_000553,FIR_0014,ACCT_0032,ACCT_0057,24000,cash_deposit,2026-05-19 03:32:00,0
TXN_000554,FIR_0022,ACCT_0051,ACCT_0038,75000,cash_deposit,2026-07-20 15:26:00,0
TXN_000555,FIR_0020,ACCT_0074,ACCT_0006,9800,IMPS,2026-01-14 23:02:00,0
TXN_000556,FIR_0027,ACCT_0005,ACCT_0053,24000,IMPS,2026-02-17 15:48:00,0
TXN_000557,FIR_0016,ACCT_0049,ACCT_0044,49000,cash_deposit,2026-08-14 08:57:00,1
TXN_000558,FIR_0029,ACCT_0008,ACCT_0072,48000,cash_deposit,2026-03-12 05:05:00,1
TXN_000559,FIR_0014,ACCT_0015,ACCT_0010,49000,NEFT,2026-08-20 13:52:00,1
TXN_000560,FIR_0026,ACCT_0026,ACCT_0002,9800,IMPS,2026-04-21 01:39:00,0
TXN_000561,FIR_0013,ACCT_0045,ACCT_0001,250000,NEFT,2026-03-30 22:13:00,0
TXN_000562,FIR_0021,ACCT_0041,ACCT_0068,1200,NEFT,2026-03-26 12:01:00,0
TXN_000563,FIR_0015,ACCT_0068,ACCT_0035,24000,IMPS,2026-05-09 13:41:00,0
TXN_000564,FIR_0005,ACCT_0050,ACCT_0073,250000,cash_deposit,2026-02-19 09:49:00,0
TXN_000565,FIR_0007,ACCT_0063,ACCT_0050,250000,cash_deposit,2026-01-26 13:47:00,0
TXN_000566,FIR_0018,ACCT_0016,ACCT_0028,24000,UPI,2026-08-13 06:08:00,0
TXN_000567,FIR_0023,ACCT_0074,ACCT_0031,24000,NEFT,2026-06-16 22:07:00,0
TXN_000568,FIR_0028,ACCT_0069,ACCT_0010,49000,cash_deposit,2026-02-15 13:53:00,1
TXN_000569,FIR_0004,ACCT_0055,ACCT_0037,49000,NEFT,2026-07-16 17:02:00,1
TXN_000570,FIR_0009,ACCT_0007,ACCT_0042,75000,IMPS,2026-07-28 20:51:00,0
TXN_000571,FIR_0016,ACCT_0062,ACCT_0076,250000,NEFT,2026-02-24 16:10:00,0
TXN_000572,FIR_0019,ACCT_0062,ACCT_0079,1200,IMPS,2026-01-14 04:37:00,0
TXN_000573,FIR_0014,ACCT_0042,ACCT_0010,1200,IMPS,2026-06-17 03:40:00,0
TXN_000574,FIR_0016,ACCT_0069,ACCT_0027,250000,NEFT,2026-07-27 19:41:00,0
TXN_000575,FIR_0025,ACCT_0035,ACCT_0077,49000,IMPS,2026-07-17 16:11:00,1
TXN_000576,FIR_0017,ACCT_0028,ACCT_0079,250000,cash_deposit,2026-08-19 02:44:00,0
TXN_000577,FIR_0028,ACCT_0079,ACCT_0061,24000,cash_deposit,2026-04-27 23:57:00,0
TXN_000578,FIR_0024,ACCT_0029,ACCT_0047,250000,NEFT,2026-04-12 23:41:00,0
TXN_000579,FIR_0001,ACCT_0074,ACCT_0056,24000,cash_deposit,2026-05-02 21:15:00,0
TXN_000580,FIR_0014,ACCT_0030,ACCT_0054,250000,UPI,2026-05-25 14:51:00,0
TXN_000581,FIR_0029,ACCT_0036,ACCT_0025,5000,UPI,2026-01-06 18:54:00,0
TXN_000582,FIR_0017,ACCT_0031,ACCT_0014,75000,UPI,2026-04-22 11:31:00,0
TXN_000583,FIR_0009,ACCT_0055,ACCT_0063,24000,cash_deposit,2026-07-20 10:06:00,0
TXN_000584,FIR_0027,ACCT_0080,ACCT_0038,1200,NEFT,2026-05-29 05:28:00,0
TXN_000585,FIR_0027,ACCT_0017,ACCT_0009,24000,NEFT,2026-01-08 23:44:00,0
TXN_000586,FIR_0023,ACCT_0058,ACCT_0063,125000,UPI,2026-08-07 00:44:00,0
TXN_000587,FIR_0002,ACCT_0021,ACCT_0050,48000,IMPS,2026-01-07 17:29:00,1
TXN_000588,FIR_0007,ACCT_0043,ACCT_0023,75000,cash_deposit,2026-08-10 19:26:00,0
TXN_000589,FIR_0003,ACCT_0017,ACCT_0050,125000,IMPS,2026-01-08 11:31:00,0
TXN_000590,FIR_0002,ACCT_0031,ACCT_0052,49000,IMPS,2026-03-01 15:41:00,1
TXN_000591,FIR_0027,ACCT_0063,ACCT_0068,1200,IMPS,2026-02-27 01:05:00,0
TXN_000592,FIR_0006,ACCT_0056,ACCT_0009,24000,UPI,2026-03-08 18:47:00,0
TXN_000593,FIR_0006,ACCT_0056,ACCT_0080,24000,IMPS,2026-02-04 14:36:00,0
TXN_000594,FIR_0020,ACCT_0035,ACCT_0012,125000,UPI,2026-01-20 10:42:00,0
TXN_000595,FIR_0020,ACCT_0048,ACCT_0077,5000,IMPS,2026-05-04 00:04:00,0
TXN_000596,FIR_0004,ACCT_0062,ACCT_0076,24000,IMPS,2026-01-30 11:14:00,0
TXN_000597,FIR_0028,ACCT_0053,ACCT_0022,24000,UPI,2026-02-07 05:12:00,0
TXN_000598,FIR_0030,ACCT_0019,ACCT_0063,5000,cash_deposit,2026-04-11 14:43:00,0
TXN_000599,FIR_0005,ACCT_0026,ACCT_0073,9800,cash_deposit,2026-08-16 04:22:00,0
TXN_000600,FIR_0029,ACCT_0048,ACCT_0035,48000,IMPS,2026-08-23 08:27:00,1
TXN_000601,FIR_0010,ACCT_0038,ACCT_0002,250000,NEFT,2026-04-03 14:12:00,0
TXN_000602,FIR_0003,ACCT_0014,ACCT_0053,48000,cash_deposit,2026-03-23 20:41:00,1
TXN_000603,FIR_0026,ACCT_0028,ACCT_0009,5000,IMPS,2026-03-02 09:02:00,0
TXN_000604,FIR_0011,ACCT_0001,ACCT_0034,125000,NEFT,2026-03-13 07:35:00,0
TXN_000605,FIR_0019,ACCT_0030,ACCT_0075,48000,cash_deposit,2026-05-04 13:43:00,1
TXN_000606,FIR_0008,ACCT_0074,ACCT_0065,5000,NEFT,2026-07-03 18:28:00,0
TXN_000607,FIR_0006,ACCT_0042,ACCT_0071,49000,cash_deposit,2026-02-04 04:27:00,1
TXN_000608,FIR_0020,ACCT_0057,ACCT_0021,49000,IMPS,2026-01-08 02:11:00,1
TXN_000609,FIR_0018,ACCT_0020,ACCT_0028,75000,NEFT,2026-06-23 01:22:00,0
TXN_000610,FIR_0023,ACCT_0030,ACCT_0021,75000,IMPS,2026-02-11 06:05:00,0
TXN_000611,FIR_0011,ACCT_0039,ACCT_0052,5000,NEFT,2026-08-04 03:35:00,0
TXN_000612,FIR_0003,ACCT_0039,ACCT_0030,5000,UPI,2026-05-26 09:29:00,0
TXN_000613,FIR_0021,ACCT_0017,ACCT_0046,75000,UPI,2026-06-06 08:37:00,0
TXN_000614,FIR_0020,ACCT_0023,ACCT_0001,48000,UPI,2026-06-18 08:22:00,1
TXN_000615,FIR_0023,ACCT_0074,ACCT_0063,5000,NEFT,2026-07-28 11:39:00,0
TXN_000616,FIR_0016,ACCT_0014,ACCT_0066,48000,IMPS,2026-03-22 16:59:00,1
TXN_000617,FIR_0008,ACCT_0024,ACCT_0055,49000,NEFT,2026-01-17 12:51:00,1
TXN_000618,FIR_0004,ACCT_0065,ACCT_0004,1200,UPI,2026-04-05 22:08:00,0
TXN_000619,FIR_0023,ACCT_0001,ACCT_0025,49000,cash_deposit,2026-04-23 05:47:00,1
TXN_000620,FIR_0007,ACCT_0038,ACCT_0077,5000,NEFT,2026-07-06 14:55:00,0
TXN_000621,FIR_0017,ACCT_0057,ACCT_0053,9800,NEFT,2026-02-26 17:05:00,0
TXN_000622,FIR_0008,ACCT_0050,ACCT_0049,24000,NEFT,2026-03-31 20:59:00,0
TXN_000623,FIR_0023,ACCT_0062,ACCT_0060,75000,IMPS,2026-05-24 13:40:00,0
TXN_000624,FIR_0012,ACCT_0043,ACCT_0010,5000,UPI,2026-07-18 06:46:00,0
TXN_000625,FIR_0026,ACCT_0022,ACCT_0037,75000,UPI,2026-08-01 21:48:00,0
TXN_000626,FIR_0008,ACCT_0047,ACCT_0027,9800,NEFT,2026-03-15 19:15:00,0
TXN_000627,FIR_0023,ACCT_0001,ACCT_0025,48000,cash_deposit,2026-06-14 02:06:00,1
TXN_000628,FIR_0007,ACCT_0002,ACCT_0066,75000,UPI,2026-08-22 17:30:00,0
TXN_000629,FIR_0017,ACCT_0071,ACCT_0035,48000,UPI,2026-07-15 03:52:00,1
TXN_000630,FIR_0008,ACCT_0049,ACCT_0018,5000,NEFT,2026-07-08 06:35:00,0
TXN_000631,FIR_0018,ACCT_0050,ACCT_0019,49000,NEFT,2026-05-27 06:18:00,1
TXN_000632,FIR_0030,ACCT_0053,ACCT_0070,125000,UPI,2026-01-21 04:04:00,0
TXN_000633,FIR_0028,ACCT_0060,ACCT_0037,9800,cash_deposit,2026-01-03 23:45:00,0
TXN_000634,FIR_0007,ACCT_0024,ACCT_0038,5000,NEFT,2026-05-07 20:51:00,0
TXN_000635,FIR_0002,ACCT_0001,ACCT_0003,1200,UPI,2026-01-08 15:06:00,0
TXN_000636,FIR_0006,ACCT_0078,ACCT_0070,49000,UPI,2026-07-16 08:19:00,1
TXN_000637,FIR_0023,ACCT_0037,ACCT_0029,1200,IMPS,2026-03-29 03:52:00,0
TXN_000638,FIR_0003,ACCT_0060,ACCT_0057,48000,IMPS,2026-08-21 21:11:00,1
TXN_000639,FIR_0010,ACCT_0033,ACCT_0036,250000,IMPS,2026-03-28 19:45:00,0
TXN_000640,FIR_0006,ACCT_0032,ACCT_0017,24000,IMPS,2026-02-01 19:18:00,0
TXN_000641,FIR_0027,ACCT_0026,ACCT_0033,49000,cash_deposit,2026-01-16 06:06:00,1
TXN_000642,FIR_0004,ACCT_0064,ACCT_0026,1200,NEFT,2026-08-18 12:39:00,0
TXN_000643,FIR_0029,ACCT_0028,ACCT_0053,9800,cash_deposit,2026-02-21 04:49:00,0
TXN_000644,FIR_0024,ACCT_0069,ACCT_0073,9800,UPI,2026-04-23 09:02:00,0
TXN_000645,FIR_0013,ACCT_0005,ACCT_0077,9800,UPI,2026-08-22 20:25:00,0
TXN_000646,FIR_0008,ACCT_0029,ACCT_0080,125000,UPI,2026-02-04 04:39:00,0
TXN_000647,FIR_0026,ACCT_0063,ACCT_0038,9800,cash_deposit,2026-05-03 08:49:00,0
TXN_000648,FIR_0030,ACCT_0061,ACCT_0022,48000,cash_deposit,2026-08-29 20:30:00,1
TXN_000649,FIR_0002,ACCT_0043,ACCT_0048,9800,UPI,2026-01-11 15:28:00,0
TXN_000650,FIR_0024,ACCT_0026,ACCT_0069,24000,NEFT,2026-04-14 05:40:00,0
TXN_000651,FIR_0024,ACCT_0038,ACCT_0024,9800,IMPS,2026-02-19 21:36:00,0
TXN_000652,FIR_0019,ACCT_0050,ACCT_0017,49000,UPI,2026-07-08 23:28:00,1
TXN_000653,FIR_0003,ACCT_0020,ACCT_0067,9800,UPI,2026-03-15 07:26:00,0
TXN_000654,FIR_0020,ACCT_0049,ACCT_0037,9800,NEFT,2026-08-14 08:42:00,0
TXN_000655,FIR_0010,ACCT_0069,ACCT_0034,9800,UPI,2026-08-23 22:18:00,0
TXN_000656,FIR_0023,ACCT_0024,ACCT_0023,250000,cash_deposit,2026-05-12 20:36:00,0
TXN_000657,FIR_0015,ACCT_0048,ACCT_0057,1200,IMPS,2026-04-29 15:44:00,0
TXN_000658,FIR_0022,ACCT_0061,ACCT_0038,1200,cash_deposit,2026-08-04 06:21:00,0
TXN_000659,FIR_0007,ACCT_0016,ACCT_0055,5000,UPI,2026-01-07 12:00:00,0
TXN_000660,FIR_0006,ACCT_0072,ACCT_0006,5000,cash_deposit,2026-06-13 22:06:00,0
TXN_000661,FIR_0005,ACCT_0033,ACCT_0017,48000,NEFT,2026-02-03 05:28:00,1
TXN_000662,FIR_0007,ACCT_0059,ACCT_0051,1200,cash_deposit,2026-06-04 00:03:00,0
TXN_000663,FIR_0020,ACCT_0078,ACCT_0018,48000,NEFT,2026-01-21 04:06:00,1
TXN_000664,FIR_0024,ACCT_0035,ACCT_0054,49000,NEFT,2026-01-08 15:30:00,1
TXN_000665,FIR_0011,ACCT_0053,ACCT_0036,250000,NEFT,2026-08-12 20:30:00,0
TXN_000666,FIR_0029,ACCT_0002,ACCT_0004,250000,UPI,2026-03-28 16:05:00,0
TXN_000667,FIR_0027,ACCT_0015,ACCT_0025,48000,IMPS,2026-06-18 09:46:00,1
TXN_000668,FIR_0026,ACCT_0061,ACCT_0002,49000,NEFT,2026-03-17 15:42:00,1
TXN_000669,FIR_0024,ACCT_0056,ACCT_0036,250000,IMPS,2026-05-10 12:39:00,0
TXN_000670,FIR_0029,ACCT_0046,ACCT_0020,75000,UPI,2026-06-20 20:50:00,0
TXN_000671,FIR_0021,ACCT_0019,ACCT_0029,5000,IMPS,2026-02-17 10:46:00,0
TXN_000672,FIR_0025,ACCT_0036,ACCT_0041,1200,cash_deposit,2026-08-07 14:10:00,0
TXN_000673,FIR_0021,ACCT_0076,ACCT_0031,125000,IMPS,2026-03-10 12:57:00,0
TXN_000674,FIR_0023,ACCT_0058,ACCT_0068,250000,NEFT,2026-07-05 23:13:00,0
TXN_000675,FIR_0002,ACCT_0079,ACCT_0064,49000,UPI,2026-01-18 15:19:00,1
TXN_000676,FIR_0010,ACCT_0030,ACCT_0068,24000,UPI,2026-02-10 12:01:00,0
TXN_000677,FIR_0009,ACCT_0009,ACCT_0056,250000,NEFT,2026-05-27 20:54:00,0
TXN_000678,FIR_0017,ACCT_0059,ACCT_0067,1200,NEFT,2026-03-17 23:09:00,0
TXN_000679,FIR_0002,ACCT_0067,ACCT_0019,48000,IMPS,2026-01-30 05:18:00,1
TXN_000680,FIR_0010,ACCT_0073,ACCT_0037,5000,IMPS,2026-05-08 18:38:00,0
TXN_000681,FIR_0005,ACCT_0024,ACCT_0049,5000,cash_deposit,2026-05-06 16:41:00,0
TXN_000682,FIR_0028,ACCT_0001,ACCT_0029,5000,NEFT,2026-01-05 18:50:00,0
TXN_000683,FIR_0017,ACCT_0046,ACCT_0075,24000,IMPS,2026-07-06 00:00:00,0
TXN_000684,FIR_0012,ACCT_0053,ACCT_0075,9800,IMPS,2026-06-09 14:25:00,0
TXN_000685,FIR_0029,ACCT_0032,ACCT_0025,5000,IMPS,2026-05-28 09:13:00,0
TXN_000686,FIR_0011,ACCT_0035,ACCT_0016,48000,cash_deposit,2026-04-22 23:14:00,1
TXN_000687,FIR_0029,ACCT_0028,ACCT_0072,75000,NEFT,2026-03-17 15:45:00,0
TXN_000688,FIR_0006,ACCT_0056,ACCT_0015,24000,UPI,2026-06-03 06:18:00,0
TXN_000689,FIR_0026,ACCT_0005,ACCT_0027,75000,IMPS,2026-04-13 11:27:00,0
TXN_000690,FIR_0021,ACCT_0013,ACCT_0065,75000,UPI,2026-04-07 22:33:00,0
TXN_000691,FIR_0022,ACCT_0047,ACCT_0063,250000,IMPS,2026-06-13 08:34:00,0
TXN_000692,FIR_0003,ACCT_0058,ACCT_0067,5000,UPI,2026-03-07 13:36:00,0
TXN_000693,FIR_0029,ACCT_0019,ACCT_0053,9800,NEFT,2026-07-25 22:10:00,0
TXN_000694,FIR_0010,ACCT_0068,ACCT_0015,125000,IMPS,2026-02-06 21:12:00,0
TXN_000695,FIR_0002,ACCT_0019,ACCT_0022,24000,UPI,2026-03-11 22:41:00,0
TXN_000696,FIR_0001,ACCT_0039,ACCT_0035,1200,NEFT,2026-08-18 12:41:00,0
TXN_000697,FIR_0009,ACCT_0012,ACCT_0043,125000,IMPS,2026-01-02 18:19:00,0
TXN_000698,FIR_0010,ACCT_0049,ACCT_0056,75000,NEFT,2026-04-05 23:16:00,0
TXN_000699,FIR_0024,ACCT_0056,ACCT_0064,250000,UPI,2026-08-09 05:37:00,0
TXN_000700,FIR_0024,ACCT_0037,ACCT_0046,250000,IMPS,2026-06-15 08:47:00,0
TXN_000701,FIR_0004,ACCT_0038,ACCT_0057,75000,IMPS,2026-08-19 03:03:00,0
TXN_000702,FIR_0029,ACCT_0071,ACCT_0004,9800,cash_deposit,2026-03-14 08:14:00,0
TXN_000703,FIR_0030,ACCT_0028,ACCT_0045,5000,IMPS,2026-06-27 05:31:00,0
TXN_000704,FIR_0021,ACCT_0028,ACCT_0035,1200,cash_deposit,2026-04-15 08:31:00,0
TXN_000705,FIR_0001,ACCT_0055,ACCT_0078,1200,UPI,2026-06-06 04:53:00,0
TXN_000706,FIR_0028,ACCT_0057,ACCT_0015,5000,NEFT,2026-05-07 19:11:00,0
TXN_000707,FIR_0009,ACCT_0031,ACCT_0019,125000,cash_deposit,2026-07-14 17:24:00,0
TXN_000708,FIR_0002,ACCT_0069,ACCT_0025,5000,UPI,2026-05-19 02:58:00,0
TXN_000709,FIR_0017,ACCT_0052,ACCT_0061,125000,IMPS,2026-01-11 20:13:00,0
TXN_000710,FIR_0029,ACCT_0004,ACCT_0066,49000,IMPS,2026-07-15 05:15:00,1
TXN_000711,FIR_0020,ACCT_0059,ACCT_0049,250000,UPI,2026-02-02 16:33:00,0
TXN_000712,FIR_0019,ACCT_0030,ACCT_0075,5000,IMPS,2026-06-23 16:08:00,0
TXN_000713,FIR_0005,ACCT_0023,ACCT_0056,24000,cash_deposit,2026-03-27 03:46:00,0
TXN_000714,FIR_0015,ACCT_0015,ACCT_0031,48000,NEFT,2026-04-21 05:18:00,1
TXN_000715,FIR_0024,ACCT_0041,ACCT_0056,250000,cash_deposit,2026-06-08 12:50:00,0
TXN_000716,FIR_0016,ACCT_0024,ACCT_0037,24000,UPI,2026-08-26 07:41:00,0
TXN_000717,FIR_0012,ACCT_0033,ACCT_0039,48000,UPI,2026-05-16 02:30:00,1
TXN_000718,FIR_0010,ACCT_0044,ACCT_0008,5000,IMPS,2026-07-25 16:31:00,0
TXN_000719,FIR_0030,ACCT_0015,ACCT_0013,250000,IMPS,2026-02-25 11:14:00,0
TXN_000720,FIR_0004,ACCT_0009,ACCT_0060,125000,cash_deposit,2026-04-03 01:38:00,0
TXN_000721,FIR_0024,ACCT_0040,ACCT_0025,24000,IMPS,2026-01-11 01:55:00,0
TXN_000722,FIR_0008,ACCT_0066,ACCT_0069,250000,NEFT,2026-03-04 16:46:00,0
TXN_000723,FIR_0027,ACCT_0011,ACCT_0059,48000,NEFT,2026-08-11 01:08:00,1
TXN_000724,FIR_0022,ACCT_0018,ACCT_0013,24000,cash_deposit,2026-06-06 06:21:00,0
TXN_000725,FIR_0012,ACCT_0064,ACCT_0076,5000,IMPS,2026-02-11 05:53:00,0
TXN_000726,FIR_0021,ACCT_0007,ACCT_0055,75000,cash_deposit,2026-08-31 22:35:00,0
TXN_000727,FIR_0007,ACCT_0016,ACCT_0022,250000,NEFT,2026-04-17 10:04:00,0
TXN_000728,FIR_0026,ACCT_0045,ACCT_0008,1200,IMPS,2026-06-21 00:23:00,0
TXN_000729,FIR_0024,ACCT_0027,ACCT_0020,125000,NEFT,2026-03-29 20:16:00,0
TXN_000730,FIR_0005,ACCT_0026,ACCT_0077,48000,cash_deposit,2026-05-08 05:36:00,1
TXN_000731,FIR_0029,ACCT_0080,ACCT_0069,125000,IMPS,2026-01-10 22:28:00,0
TXN_000732,FIR_0029,ACCT_0080,ACCT_0053,24000,UPI,2026-07-16 09:03:00,0
TXN_000733,FIR_0011,ACCT_0070,ACCT_0078,125000,NEFT,2026-07-30 21:05:00,0
TXN_000734,FIR_0027,ACCT_0076,ACCT_0060,9800,UPI,2026-03-06 15:29:00,0
TXN_000735,FIR_0029,ACCT_0076,ACCT_0064,250000,UPI,2026-04-03 11:01:00,0
TXN_000736,FIR_0018,ACCT_0072,ACCT_0010,5000,UPI,2026-02-16 15:43:00,0
TXN_000737,FIR_0026,ACCT_0042,ACCT_0024,24000,cash_deposit,2026-03-01 03:35:00,0
TXN_000738,FIR_0011,ACCT_0028,ACCT_0042,250000,UPI,2026-05-24 07:00:00,0
TXN_000739,FIR_0017,ACCT_0065,ACCT_0058,125000,UPI,2026-01-10 16:30:00,0
TXN_000740,FIR_0006,ACCT_0058,ACCT_0037,9800,IMPS,2026-05-13 11:32:00,0
TXN_000741,FIR_0002,ACCT_0005,ACCT_0044,75000,NEFT,2026-01-30 01:56:00,0
TXN_000742,FIR_0020,ACCT_0046,ACCT_0060,9800,NEFT,2026-05-10 18:28:00,0
TXN_000743,FIR_0007,ACCT_0051,ACCT_0042,125000,UPI,2026-05-30 16:13:00,0
TXN_000744,FIR_0023,ACCT_0080,ACCT_0022,24000,cash_deposit,2026-03-17 10:38:00,0
TXN_000745,FIR_0008,ACCT_0029,ACCT_0045,125000,IMPS,2026-08-25 08:43:00,0
TXN_000746,FIR_0007,ACCT_0051,ACCT_0032,24000,cash_deposit,2026-01-18 18:21:00,0
TXN_000747,FIR_0001,ACCT_0059,ACCT_0028,5000,cash_deposit,2026-03-23 13:27:00,0
TXN_000748,FIR_0021,ACCT_0055,ACCT_0043,125000,IMPS,2026-07-13 01:08:00,0
TXN_000749,FIR_0006,ACCT_0032,ACCT_0076,49000,UPI,2026-07-08 04:36:00,1
TXN_000750,FIR_0023,ACCT_0055,ACCT_0004,1200,UPI,2026-03-25 14:12:00,0
TXN_000751,FIR_0010,ACCT_0029,ACCT_0009,9800,NEFT,2026-04-26 22:48:00,0
TXN_000752,FIR_0016,ACCT_0078,ACCT_0024,5000,UPI,2026-07-04 00:08:00,0
TXN_000753,FIR_0015,ACCT_0046,ACCT_0008,24000,NEFT,2026-06-30 13:28:00,0
TXN_000754,FIR_0024,ACCT_0028,ACCT_0051,1200,IMPS,2026-08-27 01:21:00,0
TXN_000755,FIR_0014,ACCT_0051,ACCT_0005,1200,IMPS,2026-07-12 19:53:00,0
TXN_000756,FIR_0021,ACCT_0018,ACCT_0023,24000,IMPS,2026-02-10 22:26:00,0
TXN_000757,FIR_0023,ACCT_0067,ACCT_0035,125000,IMPS,2026-03-16 07:09:00,0
TXN_000758,FIR_0024,ACCT_0011,ACCT_0006,48000,NEFT,2026-01-04 23:31:00,1
TXN_000759,FIR_0003,ACCT_0019,ACCT_0018,1200,IMPS,2026-04-05 12:25:00,0
TXN_000760,FIR_0004,ACCT_0052,ACCT_0010,5000,UPI,2026-08-19 02:13:00,0
TXN_000761,FIR_0018,ACCT_0016,ACCT_0020,125000,IMPS,2026-02-07 16:47:00,0
TXN_000762,FIR_0013,ACCT_0058,ACCT_0004,48000,IMPS,2026-06-28 04:05:00,1
TXN_000763,FIR_0024,ACCT_0041,ACCT_0064,250000,NEFT,2026-08-10 05:40:00,0
TXN_000764,FIR_0002,ACCT_0052,ACCT_0066,125000,NEFT,2026-07-06 03:42:00,0
TXN_000765,FIR_0016,ACCT_0066,ACCT_0024,49000,NEFT,2026-03-23 07:09:00,1
TXN_000766,FIR_0012,ACCT_0029,ACCT_0049,1200,cash_deposit,2026-01-14 13:39:00,0
TXN_000767,FIR_0013,ACCT_0074,ACCT_0064,24000,IMPS,2026-06-11 11:23:00,0
TXN_000768,FIR_0026,ACCT_0017,ACCT_0079,1200,NEFT,2026-01-15 11:15:00,0
TXN_000769,FIR_0002,ACCT_0078,ACCT_0051,24000,IMPS,2026-08-11 14:33:00,0
TXN_000770,FIR_0025,ACCT_0068,ACCT_0025,1200,UPI,2026-02-12 04:28:00,0
TXN_000771,FIR_0027,ACCT_0063,ACCT_0064,75000,UPI,2026-08-21 09:55:00,0
TXN_000772,FIR_0018,ACCT_0010,ACCT_0037,75000,UPI,2026-07-28 07:25:00,0
TXN_000773,FIR_0007,ACCT_0029,ACCT_0014,9800,NEFT,2026-04-23 09:49:00,0
TXN_000774,FIR_0020,ACCT_0061,ACCT_0002,125000,UPI,2026-08-31 04:07:00,0
TXN_000775,FIR_0006,ACCT_0049,ACCT_0024,75000,NEFT,2026-03-22 20:13:00,0
TXN_000776,FIR_0012,ACCT_0036,ACCT_0019,24000,NEFT,2026-06-27 19:22:00,0
TXN_000777,FIR_0016,ACCT_0039,ACCT_0005,49000,IMPS,2026-06-13 02:57:00,1
TXN_000778,FIR_0023,ACCT_0051,ACCT_0020,1200,IMPS,2026-04-26 03:04:00,0
TXN_000779,FIR_0007,ACCT_0001,ACCT_0026,1200,NEFT,2026-04-22 19:07:00,0
TXN_000780,FIR_0008,ACCT_0028,ACCT_0074,49000,UPI,2026-01-18 17:33:00,1
TXN_000781,FIR_0011,ACCT_0014,ACCT_0010,9800,cash_deposit,2026-07-26 14:46:00,0
TXN_000782,FIR_0020,ACCT_0073,ACCT_0071,125000,NEFT,2026-07-09 04:26:00,0
TXN_000783,FIR_0022,ACCT_0041,ACCT_0079,9800,cash_deposit,2026-06-25 22:13:00,0
TXN_000784,FIR_0007,ACCT_0037,ACCT_0006,1200,UPI,2026-07-05 03:28:00,0
TXN_000785,FIR_0001,ACCT_0026,ACCT_0032,48000,UPI,2026-06-01 05:47:00,1
TXN_000786,FIR_0013,ACCT_0023,ACCT_0062,125000,cash_deposit,2026-05-21 00:55:00,0
TXN_000787,FIR_0019,ACCT_0016,ACCT_0010,49000,UPI,2026-07-05 14:36:00,1
TXN_000788,FIR_0028,ACCT_0009,ACCT_0023,250000,cash_deposit,2026-08-08 11:23:00,0
TXN_000789,FIR_0012,ACCT_0019,ACCT_0055,5000,IMPS,2026-04-16 02:23:00,0
TXN_000790,FIR_0014,ACCT_0065,ACCT_0014,250000,NEFT,2026-04-27 14:49:00,0
TXN_000791,FIR_0012,ACCT_0045,ACCT_0024,48000,UPI,2026-02-11 08:27:00,1
TXN_000792,FIR_0010,ACCT_0003,ACCT_0011,5000,cash_deposit,2026-03-29 04:49:00,0
TXN_000793,FIR_0027,ACCT_0080,ACCT_0008,1200,IMPS,2026-04-10 10:07:00,0
TXN_000794,FIR_0023,ACCT_0039,ACCT_0071,24000,UPI,2026-08-11 12:29:00,0
TXN_000795,FIR_0007,ACCT_0026,ACCT_0037,5000,UPI,2026-08-03 03:00:00,0
TXN_000796,FIR_0015,ACCT_0073,ACCT_0046,1200,NEFT,2026-03-10 20:06:00,0
TXN_000797,FIR_0004,ACCT_0006,ACCT_0004,1200,IMPS,2026-08-10 00:13:00,0
TXN_000798,FIR_0009,ACCT_0046,ACCT_0004,48000,IMPS,2026-05-03 04:27:00,1
TXN_000799,FIR_0028,ACCT_0033,ACCT_0050,125000,NEFT,2026-01-23 00:36:00,0
TXN_000800,FIR_0003,ACCT_0021,ACCT_0030,1200,UPI,2026-05-11 00:02:00,0
TXN_000801,FIR_0005,ACCT_0078,ACCT_0020,75000,NEFT,2026-08-19 03:11:00,0
TXN_000802,FIR_0005,ACCT_0005,ACCT_0037,48000,cash_deposit,2026-03-02 06:05:00,1
TXN_000803,FIR_0005,ACCT_0001,ACCT_0030,49000,UPI,2026-03-03 12:52:00,1
TXN_000804,FIR_0015,ACCT_0044,ACCT_0024,250000,NEFT,2026-03-17 00:55:00,0
TXN_000805,FIR_0010,ACCT_0005,ACCT_0015,9800,cash_deposit,2026-01-02 04:20:00,0
TXN_000806,FIR_0017,ACCT_0035,ACCT_0014,125000,NEFT,2026-08-14 08:42:00,0
TXN_000807,FIR_0002,ACCT_0042,ACCT_0012,24000,IMPS,2026-08-11 16:16:00,0
TXN_000808,FIR_0030,ACCT_0041,ACCT_0027,5000,cash_deposit,2026-02-24 06:57:00,0
TXN_000809,FIR_0006,ACCT_0061,ACCT_0069,125000,IMPS,2026-02-28 17:29:00,0
TXN_000810,FIR_0005,ACCT_0057,ACCT_0015,24000,NEFT,2026-01-07 11:03:00,0
TXN_000811,FIR_0002,ACCT_0039,ACCT_0052,75000,NEFT,2026-07-01 09:22:00,0
TXN_000812,FIR_0027,ACCT_0067,ACCT_0043,48000,NEFT,2026-07-30 16:16:00,1
TXN_000813,FIR_0019,ACCT_0046,ACCT_0073,125000,IMPS,2026-04-18 16:26:00,0
TXN_000814,FIR_0004,ACCT_0010,ACCT_0052,5000,UPI,2026-04-09 21:19:00,0
TXN_000815,FIR_0012,ACCT_0075,ACCT_0003,9800,UPI,2026-08-23 11:01:00,0
TXN_000816,FIR_0022,ACCT_0032,ACCT_0003,1200,IMPS,2026-02-01 06:58:00,0
TXN_000817,FIR_0021,ACCT_0006,ACCT_0041,5000,UPI,2026-07-27 04:57:00,0
TXN_000818,FIR_0004,ACCT_0075,ACCT_0046,49000,NEFT,2026-07-18 16:42:00,1
TXN_000819,FIR_0028,ACCT_0018,ACCT_0052,250000,UPI,2026-07-10 13:19:00,0
TXN_000820,FIR_0008,ACCT_0074,ACCT_0012,5000,UPI,2026-07-10 06:40:00,0
TXN_000821,FIR_0019,ACCT_0006,ACCT_0021,49000,UPI,2026-03-09 04:08:00,1
TXN_000822,FIR_0021,ACCT_0004,ACCT_0006,125000,cash_deposit,2026-01-19 22:30:00,0
TXN_000823,FIR_0002,ACCT_0078,ACCT_0022,49000,UPI,2026-03-31 10:19:00,1
TXN_000824,FIR_0010,ACCT_0023,ACCT_0057,24000,IMPS,2026-08-28 22:11:00,0
TXN_000825,FIR_0010,ACCT_0070,ACCT_0034,75000,NEFT,2026-04-17 09:43:00,0
TXN_000826,FIR_0030,ACCT_0068,ACCT_0055,125000,NEFT,2026-03-27 09:21:00,0
TXN_000827,FIR_0006,ACCT_0052,ACCT_0049,24000,cash_deposit,2026-02-23 19:16:00,0
TXN_000828,FIR_0009,ACCT_0073,ACCT_0059,48000,cash_deposit,2026-06-07 14:44:00,1
TXN_000829,FIR_0006,ACCT_0061,ACCT_0013,24000,NEFT,2026-07-04 09:04:00,0
TXN_000830,FIR_0010,ACCT_0022,ACCT_0014,250000,NEFT,2026-06-24 09:24:00,0
TXN_000831,FIR_0012,ACCT_0032,ACCT_0064,24000,UPI,2026-08-20 09:29:00,0
TXN_000832,FIR_0011,ACCT_0048,ACCT_0053,125000,UPI,2026-06-03 21:25:00,0
TXN_000833,FIR_0013,ACCT_0015,ACCT_0061,9800,NEFT,2026-04-27 19:37:00,0
TXN_000834,FIR_0024,ACCT_0040,ACCT_0070,49000,IMPS,2026-03-27 04:47:00,1
TXN_000835,FIR_0028,ACCT_0028,ACCT_0064,5000,UPI,2026-07-03 09:35:00,0
TXN_000836,FIR_0021,ACCT_0053,ACCT_0065,9800,IMPS,2026-07-17 22:28:00,0
TXN_000837,FIR_0018,ACCT_0026,ACCT_0054,75000,UPI,2026-03-30 14:24:00,0
TXN_000838,FIR_0011,ACCT_0074,ACCT_0064,5000,UPI,2026-03-27 00:15:00,0
TXN_000839,FIR_0026,ACCT_0050,ACCT_0016,9800,NEFT,2026-06-12 13:12:00,0
TXN_000840,FIR_0019,ACCT_0055,ACCT_0059,250000,UPI,2026-01-30 12:09:00,0
TXN_000841,FIR_0008,ACCT_0007,ACCT_0036,9800,UPI,2026-06-23 07:07:00,0
TXN_000842,FIR_0001,ACCT_0039,ACCT_0055,49000,IMPS,2026-02-21 17:02:00,1
TXN_000843,FIR_0023,ACCT_0001,ACCT_0076,75000,IMPS,2026-08-11 10:52:00,0
TXN_000844,FIR_0022,ACCT_0051,ACCT_0004,75000,IMPS,2026-06-21 16:08:00,0
TXN_000845,FIR_0025,ACCT_0052,ACCT_0006,9800,NEFT,2026-08-22 12:49:00,0
TXN_000846,FIR_0024,ACCT_0027,ACCT_0022,48000,UPI,2026-08-13 20:29:00,1
TXN_000847,FIR_0012,ACCT_0066,ACCT_0044,48000,UPI,2026-08-12 04:34:00,1
TXN_000848,FIR_0028,ACCT_0078,ACCT_0012,48000,IMPS,2026-01-22 23:19:00,1
TXN_000849,FIR_0010,ACCT_0037,ACCT_0069,1200,UPI,2026-04-15 06:31:00,0
TXN_000850,FIR_0028,ACCT_0080,ACCT_0010,9800,IMPS,2026-03-27 04:08:00,0
TXN_000851,FIR_0024,ACCT_0031,ACCT_0056,24000,cash_deposit,2026-02-02 23:40:00,0
TXN_000852,FIR_0008,ACCT_0061,ACCT_0026,125000,cash_deposit,2026-01-02 08:06:00,0
TXN_000853,FIR_0022,ACCT_0010,ACCT_0015,48000,NEFT,2026-08-06 02:24:00,1
TXN_000854,FIR_0008,ACCT_0076,ACCT_0050,75000,NEFT,2026-05-26 21:06:00,0
TXN_000855,FIR_0010,ACCT_0060,ACCT_0055,250000,IMPS,2026-08-07 04:34:00,0
TXN_000856,FIR_0020,ACCT_0022,ACCT_0014,1200,cash_deposit,2026-08-03 14:52:00,0
TXN_000857,FIR_0025,ACCT_0078,ACCT_0014,9800,NEFT,2026-07-09 07:18:00,0
TXN_000858,FIR_0012,ACCT_0038,ACCT_0068,9800,cash_deposit,2026-01-16 01:55:00,0
TXN_000859,FIR_0023,ACCT_0025,ACCT_0047,48000,NEFT,2026-02-14 16:36:00,1
TXN_000860,FIR_0004,ACCT_0067,ACCT_0079,125000,cash_deposit,2026-04-04 01:36:00,0
TXN_000861,FIR_0012,ACCT_0030,ACCT_0057,24000,cash_deposit,2026-08-05 17:41:00,0
TXN_000862,FIR_0014,ACCT_0067,ACCT_0051,9800,IMPS,2026-02-21 08:04:00,0
TXN_000863,FIR_0021,ACCT_0043,ACCT_0022,9800,NEFT,2026-08-23 00:16:00,0
TXN_000864,FIR_0030,ACCT_0023,ACCT_0073,48000,IMPS,2026-05-04 07:38:00,1
TXN_000865,FIR_0024,ACCT_0037,ACCT_0051,24000,IMPS,2026-03-14 18:46:00,0
TXN_000866,FIR_0010,ACCT_0027,ACCT_0011,75000,NEFT,2026-05-11 21:07:00,0
TXN_000867,FIR_0025,ACCT_0006,ACCT_0031,49000,NEFT,2026-08-27 15:44:00,1
TXN_000868,FIR_0009,ACCT_0022,ACCT_0024,24000,IMPS,2026-07-17 23:43:00,0
TXN_000869,FIR_0028,ACCT_0015,ACCT_0078,5000,cash_deposit,2026-07-04 21:59:00,0
TXN_000870,FIR_0012,ACCT_0022,ACCT_0069,125000,UPI,2026-07-08 02:31:00,0
TXN_000871,FIR_0029,ACCT_0022,ACCT_0067,49000,UPI,2026-04-10 01:43:00,1
TXN_000872,FIR_0003,ACCT_0066,ACCT_0048,5000,IMPS,2026-01-29 22:52:00,0
TXN_000873,FIR_0007,ACCT_0001,ACCT_0026,75000,NEFT,2026-08-25 10:39:00,0
TXN_000874,FIR_0026,ACCT_0064,ACCT_0004,9800,cash_deposit,2026-02-02 21:37:00,0
TXN_000875,FIR_0002,ACCT_0051,ACCT_0005,1200,NEFT,2026-07-26 04:33:00,0
TXN_000876,FIR_0006,ACCT_0042,ACCT_0030,5000,IMPS,2026-08-29 20:07:00,0
TXN_000877,FIR_0005,ACCT_0004,ACCT_0030,250000,cash_deposit,2026-02-06 11:05:00,0
TXN_000878,FIR_0004,ACCT_0041,ACCT_0039,5000,NEFT,2026-04-07 01:02:00,0
TXN_000879,FIR_0027,ACCT_0064,ACCT_0025,125000,UPI,2026-03-31 03:21:00,0
TXN_000880,FIR_0016,ACCT_0035,ACCT_0020,250000,cash_deposit,2026-04-17 12:33:00,0
TXN_000881,FIR_0017,ACCT_0035,ACCT_0062,5000,NEFT,2026-04-17 14:17:00,0
TXN_000882,FIR_0015,ACCT_0070,ACCT_0037,49000,NEFT,2026-04-03 17:31:00,1
TXN_000883,FIR_0024,ACCT_0044,ACCT_0029,75000,cash_deposit,2026-09-01 01:03:00,0
TXN_000884,FIR_0003,ACCT_0045,ACCT_0019,250000,cash_deposit,2026-01-10 07:29:00,0
TXN_000885,FIR_0028,ACCT_0045,ACCT_0061,250000,NEFT,2026-02-08 07:57:00,0
TXN_000886,FIR_0003,ACCT_0049,ACCT_0061,5000,cash_deposit,2026-05-22 19:52:00,0
TXN_000887,FIR_0010,ACCT_0017,ACCT_0075,5000,cash_deposit,2026-02-14 08:29:00,0
TXN_000888,FIR_0016,ACCT_0013,ACCT_0004,49000,cash_deposit,2026-04-11 08:08:00,1
TXN_000889,FIR_0027,ACCT_0044,ACCT_0062,24000,UPI,2026-03-15 18:19:00,0
TXN_000890,FIR_0021,ACCT_0040,ACCT_0046,5000,UPI,2026-05-19 04:51:00,0
TXN_000891,FIR_0003,ACCT_0032,ACCT_0031,1200,UPI,2026-07-09 04:27:00,0
TXN_000892,FIR_0013,ACCT_0065,ACCT_0068,125000,IMPS,2026-05-14 09:12:00,0
TXN_000893,FIR_0018,ACCT_0071,ACCT_0044,9800,IMPS,2026-07-20 13:18:00,0
TXN_000894,FIR_0022,ACCT_0058,ACCT_0018,75000,cash_deposit,2026-03-07 15:08:00,0
TXN_000895,FIR_0002,ACCT_0047,ACCT_0037,250000,IMPS,2026-03-11 09:37:00,0
TXN_000896,FIR_0002,ACCT_0043,ACCT_0022,24000,cash_deposit,2026-01-03 23:44:00,0
TXN_000897,FIR_0010,ACCT_0012,ACCT_0023,9800,UPI,2026-07-01 17:20:00,0
TXN_000898,FIR_0025,ACCT_0048,ACCT_0031,49000,IMPS,2026-05-29 16:46:00,1
TXN_000899,FIR_0022,ACCT_0080,ACCT_0055,1200,NEFT,2026-03-30 04:45:00,0
TXN_000900,FIR_0019,ACCT_0066,ACCT_0039,24000,IMPS,2026-03-18 11:10:00,0
TXN_000901,FIR_0015,ACCT_0058,ACCT_0013,48000,IMPS,2026-03-13 21:51:00,1
TXN_000902,FIR_0023,ACCT_0045,ACCT_0047,1200,cash_deposit,2026-07-07 19:28:00,0
TXN_000903,FIR_0016,ACCT_0057,ACCT_0012,1200,cash_deposit,2026-06-14 18:01:00,0
TXN_000904,FIR_0011,ACCT_0044,ACCT_0018,48000,UPI,2026-01-24 10:36:00,1
TXN_000905,FIR_0016,ACCT_0052,ACCT_0053,5000,NEFT,2026-03-31 16:31:00,0
TXN_000906,FIR_0017,ACCT_0040,ACCT_0010,48000,IMPS,2026-01-02 16:10:00,1
TXN_000907,FIR_0030,ACCT_0016,ACCT_0001,48000,UPI,2026-03-04 14:58:00,1
TXN_000908,FIR_0012,ACCT_0040,ACCT_0033,9800,NEFT,2026-06-16 08:29:00,0
TXN_000909,FIR_0023,ACCT_0056,ACCT_0038,75000,UPI,2026-05-12 12:04:00,0
TXN_000910,FIR_0024,ACCT_0060,ACCT_0022,5000,UPI,2026-05-26 06:43:00,0
TXN_000911,FIR_0003,ACCT_0043,ACCT_0056,250000,IMPS,2026-02-19 23:07:00,0
TXN_000912,FIR_0017,ACCT_0048,ACCT_0041,5000,NEFT,2026-06-04 12:56:00,0
TXN_000913,FIR_0002,ACCT_0008,ACCT_0025,5000,IMPS,2026-02-02 05:04:00,0
TXN_000914,FIR_0028,ACCT_0013,ACCT_0035,24000,cash_deposit,2026-07-07 04:33:00,0
TXN_000915,FIR_0016,ACCT_0048,ACCT_0076,48000,UPI,2026-03-24 21:15:00,1
TXN_000916,FIR_0020,ACCT_0041,ACCT_0031,49000,IMPS,2026-04-23 15:37:00,1
TXN_000917,FIR_0013,ACCT_0047,ACCT_0019,250000,UPI,2026-02-03 13:16:00,0
TXN_000918,FIR_0020,ACCT_0060,ACCT_0015,250000,UPI,2026-06-28 00:55:00,0
TXN_000919,FIR_0015,ACCT_0005,ACCT_0054,24000,NEFT,2026-05-13 15:33:00,0
TXN_000920,FIR_0016,ACCT_0050,ACCT_0052,1200,IMPS,2026-06-12 10:37:00,0
TXN_000921,FIR_0008,ACCT_0040,ACCT_0078,5000,IMPS,2026-01-03 09:55:00,0
TXN_000922,FIR_0007,ACCT_0046,ACCT_0076,5000,NEFT,2026-02-01 17:54:00,0
TXN_000923,FIR_0029,ACCT_0080,ACCT_0053,9800,cash_deposit,2026-01-04 16:20:00,0
TXN_000924,FIR_0028,ACCT_0058,ACCT_0009,24000,UPI,2026-02-28 07:34:00,0
TXN_000925,FIR_0003,ACCT_0077,ACCT_0038,75000,UPI,2026-03-30 12:24:00,0
TXN_000926,FIR_0028,ACCT_0055,ACCT_0072,250000,cash_deposit,2026-07-18 06:57:00,0
TXN_000927,FIR_0029,ACCT_0007,ACCT_0006,5000,NEFT,2026-04-16 02:15:00,0
TXN_000928,FIR_0010,ACCT_0005,ACCT_0054,9800,IMPS,2026-02-27 13:58:00,0
TXN_000929,FIR_0004,ACCT_0053,ACCT_0037,75000,cash_deposit,2026-03-10 02:45:00,0
TXN_000930,FIR_0023,ACCT_0008,ACCT_0052,49000,UPI,2026-07-25 03:35:00,1
TXN_000931,FIR_0025,ACCT_0004,ACCT_0035,49000,cash_deposit,2026-01-07 13:53:00,1
TXN_000932,FIR_0018,ACCT_0042,ACCT_0018,24000,cash_deposit,2026-05-14 14:00:00,0
TXN_000933,FIR_0008,ACCT_0062,ACCT_0059,1200,cash_deposit,2026-02-19 06:44:00,0
TXN_000934,FIR_0017,ACCT_0067,ACCT_0074,1200,NEFT,2026-01-25 05:17:00,0
TXN_000935,FIR_0018,ACCT_0049,ACCT_0035,49000,cash_deposit,2026-05-27 10:51:00,1
TXN_000936,FIR_0024,ACCT_0071,ACCT_0015,48000,cash_deposit,2026-06-06 14:57:00,1
TXN_000937,FIR_0008,ACCT_0036,ACCT_0068,24000,NEFT,2026-05-26 21:34:00,0
TXN_000938,FIR_0011,ACCT_0008,ACCT_0047,1200,IMPS,2026-04-03 06:22:00,0
TXN_000939,FIR_0020,ACCT_0003,ACCT_0035,5000,UPI,2026-08-11 04:56:00,0
TXN_000940,FIR_0018,ACCT_0061,ACCT_0069,5000,cash_deposit,2026-07-19 00:46:00,0
TXN_000941,FIR_0008,ACCT_0044,ACCT_0009,24000,NEFT,2026-05-22 08:24:00,0
TXN_000942,FIR_0014,ACCT_0045,ACCT_0035,250000,UPI,2026-07-28 09:36:00,0
TXN_000943,FIR_0012,ACCT_0013,ACCT_0048,75000,cash_deposit,2026-08-10 09:08:00,0
TXN_000944,FIR_0030,ACCT_0063,ACCT_0015,1200,NEFT,2026-01-25 10:12:00,0
TXN_000945,FIR_0008,ACCT_0040,ACCT_0034,48000,NEFT,2026-03-04 04:22:00,1
TXN_000946,FIR_0015,ACCT_0043,ACCT_0068,125000,IMPS,2026-02-15 02:57:00,0
TXN_000947,FIR_0027,ACCT_0012,ACCT_0072,1200,IMPS,2026-04-16 08:02:00,0
TXN_000948,FIR_0010,ACCT_0078,ACCT_0011,9800,NEFT,2026-08-03 01:32:00,0
TXN_000949,FIR_0013,ACCT_0047,ACCT_0029,24000,UPI,2026-01-24 19:27:00,0
TXN_000950,FIR_0030,ACCT_0037,ACCT_0078,125000,IMPS,2026-02-28 11:04:00,0
TXN_000951,FIR_0030,ACCT_0062,ACCT_0074,1200,UPI,2026-08-04 17:32:00,0
TXN_000952,FIR_0017,ACCT_0075,ACCT_0048,75000,UPI,2026-02-24 06:52:00,0
TXN_000953,FIR_0008,ACCT_0058,ACCT_0054,9800,NEFT,2026-01-19 21:50:00,0
TXN_000954,FIR_0001,ACCT_0048,ACCT_0012,125000,cash_deposit,2026-03-17 03:42:00,0
TXN_000955,FIR_0012,ACCT_0061,ACCT_0069,5000,IMPS,2026-02-18 10:59:00,0
TXN_000956,FIR_0005,ACCT_0016,ACCT_0023,1200,UPI,2026-07-13 05:53:00,0
TXN_000957,FIR_0020,ACCT_0028,ACCT_0036,48000,NEFT,2026-05-29 14:29:00,1
TXN_000958,FIR_0018,ACCT_0010,ACCT_0031,250000,UPI,2026-05-10 16:08:00,0
TXN_000959,FIR_0024,ACCT_0072,ACCT_0076,125000,cash_deposit,2026-06-27 19:52:00,0
TXN_000960,FIR_0017,ACCT_0056,ACCT_0023,1200,UPI,2026-02-14 02:09:00,0
TXN_000961,FIR_0018,ACCT_0044,ACCT_0043,48000,UPI,2026-02-14 19:33:00,1
TXN_000962,FIR_0004,ACCT_0048,ACCT_0016,75000,UPI,2026-06-12 21:17:00,0
TXN_000963,FIR_0010,ACCT_0012,ACCT_0037,48000,cash_deposit,2026-07-20 20:09:00,1
TXN_000964,FIR_0026,ACCT_0047,ACCT_0078,5000,NEFT,2026-03-08 19:50:00,0
TXN_000965,FIR_0021,ACCT_0008,ACCT_0017,49000,NEFT,2026-08-10 02:57:00,1
TXN_000966,FIR_0001,ACCT_0031,ACCT_0065,49000,NEFT,2026-05-04 22:21:00,1
TXN_000967,FIR_0029,ACCT_0025,ACCT_0078,125000,NEFT,2026-06-20 08:45:00,0
TXN_000968,FIR_0023,ACCT_0066,ACCT_0052,48000,IMPS,2026-06-03 00:01:00,1
TXN_000969,FIR_0010,ACCT_0010,ACCT_0024,125000,UPI,2026-01-27 20:19:00,0
TXN_000970,FIR_0024,ACCT_0024,ACCT_0003,250000,cash_deposit,2026-03-21 10:25:00,0
TXN_000971,FIR_0015,ACCT_0004,ACCT_0007,75000,cash_deposit,2026-02-28 14:06:00,0
TXN_000972,FIR_0016,ACCT_0051,ACCT_0006,48000,NEFT,2026-02-23 21:07:00,1
TXN_000973,FIR_0006,ACCT_0065,ACCT_0076,49000,UPI,2026-08-01 16:36:00,1
TXN_000974,FIR_0001,ACCT_0050,ACCT_0041,250000,NEFT,2026-03-09 20:12:00,0
TXN_000975,FIR_0009,ACCT_0028,ACCT_0024,49000,UPI,2026-05-23 17:42:00,1
TXN_000976,FIR_0023,ACCT_0072,ACCT_0045,9800,UPI,2026-03-23 12:11:00,0
TXN_000977,FIR_0027,ACCT_0033,ACCT_0015,250000,IMPS,2026-06-15 16:01:00,0
TXN_000978,FIR_0029,ACCT_0003,ACCT_0045,125000,IMPS,2026-07-12 23:14:00,0
TXN_000979,FIR_0018,ACCT_0009,ACCT_0005,49000,NEFT,2026-07-17 14:17:00,1
TXN_000980,FIR_0025,ACCT_0055,ACCT_0031,9800,NEFT,2026-02-04 10:48:00,0
TXN_000981,FIR_0007,ACCT_0029,ACCT_0070,75000,NEFT,2026-01-28 07:35:00,0
TXN_000982,FIR_0026,ACCT_0036,ACCT_0017,48000,NEFT,2026-01-13 05:54:00,1
TXN_000983,FIR_0019,ACCT_0042,ACCT_0079,125000,cash_deposit,2026-06-14 10:19:00,0
TXN_000984,FIR_0010,ACCT_0004,ACCT_0039,75000,UPI,2026-06-29 10:16:00,0
TXN_000985,FIR_0001,ACCT_0015,ACCT_0068,5000,NEFT,2026-05-01 02:04:00,0
TXN_000986,FIR_0017,ACCT_0032,ACCT_0047,48000,NEFT,2026-01-02 14:53:00,1
TXN_000987,FIR_0005,ACCT_0013,ACCT_0027,48000,IMPS,2026-06-21 05:07:00,1
TXN_000988,FIR_0028,ACCT_0064,ACCT_0047,48000,cash_deposit,2026-08-13 17:54:00,1
TXN_000989,FIR_0027,ACCT_0065,ACCT_0049,5000,IMPS,2026-01-22 07:13:00,0
TXN_000990,FIR_0029,ACCT_0030,ACCT_0077,24000,UPI,2026-05-12 01:57:00,0
TXN_000991,FIR_0024,ACCT_0041,ACCT_0064,24000,UPI,2026-05-18 21:00:00,0
TXN_000992,FIR_0025,ACCT_0062,ACCT_0059,75000,IMPS,2026-08-05 21:07:00,0
TXN_000993,FIR_0003,ACCT_0020,ACCT_0059,49000,cash_deposit,2026-08-13 13:00:00,1
TXN_000994,FIR_0025,ACCT_0014,ACCT_0038,24000,NEFT,2026-01-04 22:01:00,0
TXN_000995,FIR_0020,ACCT_0012,ACCT_0029,5000,UPI,2026-01-27 20:15:00,0
TXN_000996,FIR_0010,ACCT_0020,ACCT_0057,125000,cash_deposit,2026-04-13 16:09:00,0
TXN_000997,FIR_0015,ACCT_0072,ACCT_0040,49000,NEFT,2026-02-16 22:33:00,1
TXN_000998,FIR_0015,ACCT_0047,ACCT_0020,49000,IMPS,2026-03-14 04:29:00,1
TXN_000999,FIR_0027,ACCT_0053,ACCT_0065,75000,UPI,2026-07-11 14:56:00,0
TXN_001000,FIR_0027,ACCT_0015,ACCT_0055,49000,NEFT,2026-03-22 16:12:00,1
TXN_001001,FIR_0013,ACCT_0033,ACCT_0041,48000,NEFT,2026-01-30 09:10:00,1
TXN_001002,FIR_0007,ACCT_0042,ACCT_0047,5000,NEFT,2026-08-18 07:26:00,0
TXN_001003,FIR_0024,ACCT_0063,ACCT_0041,5000,NEFT,2026-01-08 10:27:00,0
TXN_001004,FIR_0017,ACCT_0021,ACCT_0018,250000,UPI,2026-04-13 11:30:00,0
TXN_001005,FIR_0019,ACCT_0037,ACCT_0005,9800,IMPS,2026-07-22 19:27:00,0
TXN_001006,FIR_0017,ACCT_0019,ACCT_0014,1200,IMPS,2026-07-29 02:47:00,0
TXN_001007,FIR_0008,ACCT_0079,ACCT_0032,49000,cash_deposit,2026-07-30 01:23:00,1
TXN_001008,FIR_0009,ACCT_0074,ACCT_0010,49000,IMPS,2026-05-10 01:59:00,1
TXN_001009,FIR_0030,ACCT_0065,ACCT_0040,49000,IMPS,2026-05-11 12:27:00,1
TXN_001010,FIR_0029,ACCT_0079,ACCT_0067,1200,IMPS,2026-06-17 10:43:00,0
TXN_001011,FIR_0018,ACCT_0023,ACCT_0020,75000,IMPS,2026-03-05 12:54:00,0
TXN_001012,FIR_0026,ACCT_0010,ACCT_0049,75000,UPI,2026-01-28 12:43:00,0
TXN_001013,FIR_0029,ACCT_0073,ACCT_0043,250000,IMPS,2026-07-20 05:12:00,0
TXN_001014,FIR_0011,ACCT_0060,ACCT_0079,250000,cash_deposit,2026-01-17 06:55:00,0
TXN_001015,FIR_0028,ACCT_0032,ACCT_0048,48000,UPI,2026-05-26 17:11:00,1
TXN_001016,FIR_0004,ACCT_0020,ACCT_0074,24000,UPI,2026-08-10 16:33:00,0
TXN_001017,FIR_0029,ACCT_0068,ACCT_0041,49000,UPI,2026-05-14 19:50:00,1
TXN_001018,FIR_0028,ACCT_0064,ACCT_0034,75000,IMPS,2026-06-19 11:00:00,0
TXN_001019,FIR_0002,ACCT_0006,ACCT_0008,24000,IMPS,2026-01-06 01:39:00,0
TXN_001020,FIR_0014,ACCT_0042,ACCT_0034,75000,IMPS,2026-02-09 23:07:00,0
TXN_001021,FIR_0011,ACCT_0031,ACCT_0005,9800,cash_deposit,2026-01-13 07:10:00,0
TXN_001022,FIR_0009,ACCT_0062,ACCT_0074,125000,NEFT,2026-07-26 05:31:00,0
TXN_001023,FIR_0020,ACCT_0077,ACCT_0045,250000,UPI,2026-08-03 15:51:00,0
TXN_001024,FIR_0009,ACCT_0074,ACCT_0007,48000,IMPS,2026-07-12 13:43:00,1
TXN_001025,FIR_0003,ACCT_0045,ACCT_0041,49000,cash_deposit,2026-01-18 15:25:00,1
TXN_001026,FIR_0013,ACCT_0069,ACCT_0052,48000,UPI,2026-01-18 08:27:00,1
TXN_001027,FIR_0022,ACCT_0072,ACCT_0058,9800,IMPS,2026-08-24 07:43:00,0
TXN_001028,FIR_0020,ACCT_0071,ACCT_0074,125000,NEFT,2026-01-02 13:27:00,0
TXN_001029,FIR_0025,ACCT_0054,ACCT_0004,24000,UPI,2026-06-20 14:32:00,0
TXN_001030,FIR_0009,ACCT_0063,ACCT_0045,125000,UPI,2026-02-14 11:22:00,0
TXN_001031,FIR_0020,ACCT_0056,ACCT_0015,49000,NEFT,2026-04-18 10:00:00,1
TXN_001032,FIR_0016,ACCT_0067,ACCT_0008,24000,IMPS,2026-01-28 06:57:00,0
TXN_001033,FIR_0021,ACCT_0034,ACCT_0074,75000,cash_deposit,2026-07-24 04:07:00,0
TXN_001034,FIR_0015,ACCT_0062,ACCT_0059,9800,NEFT,2026-01-21 23:41:00,0
TXN_001035,FIR_0026,ACCT_0072,ACCT_0026,5000,NEFT,2026-08-08 18:52:00,0
TXN_001036,FIR_0030,ACCT_0035,ACCT_0047,75000,IMPS,2026-07-23 02:33:00,0
TXN_001037,FIR_0028,ACCT_0052,ACCT_0063,48000,UPI,2026-06-04 09:04:00,1
TXN_001038,FIR_0027,ACCT_0064,ACCT_0021,24000,cash_deposit,2026-06-07 17:15:00,0
TXN_001039,FIR_0004,ACCT_0024,ACCT_0027,250000,NEFT,2026-05-30 01:47:00,0
TXN_001040,FIR_0028,ACCT_0073,ACCT_0007,5000,NEFT,2026-04-22 06:13:00,0
TXN_001041,FIR_0027,ACCT_0016,ACCT_0031,5000,NEFT,2026-07-24 22:09:00,0
TXN_001042,FIR_0025,ACCT_0045,ACCT_0044,1200,UPI,2026-05-20 15:17:00,0
TXN_001043,FIR_0001,ACCT_0061,ACCT_0036,5000,NEFT,2026-05-23 22:12:00,0
TXN_001044,FIR_0008,ACCT_0048,ACCT_0044,48000,UPI,2026-02-13 10:12:00,1
TXN_001045,FIR_0017,ACCT_0019,ACCT_0029,9800,NEFT,2026-07-21 00:18:00,0
TXN_001046,FIR_0026,ACCT_0062,ACCT_0034,1200,cash_deposit,2026-08-17 05:51:00,0
TXN_001047,FIR_0011,ACCT_0020,ACCT_0005,250000,cash_deposit,2026-08-29 21:24:00,0
TXN_001048,FIR_0021,ACCT_0053,ACCT_0056,48000,NEFT,2026-06-03 12:58:00,1
TXN_001049,FIR_0009,ACCT_0029,ACCT_0005,24000,UPI,2026-08-12 10:54:00,0
TXN_001050,FIR_0003,ACCT_0015,ACCT_0039,48000,cash_deposit,2026-03-20 10:36:00,1
TXN_001051,FIR_0020,ACCT_0032,ACCT_0060,125000,NEFT,2026-08-26 17:28:00,0
TXN_001052,FIR_0002,ACCT_0050,ACCT_0004,9800,UPI,2026-07-15 08:29:00,0
TXN_001053,FIR_0006,ACCT_0009,ACCT_0012,1200,NEFT,2026-05-09 05:09:00,0
TXN_001054,FIR_0011,ACCT_0014,ACCT_0063,9800,IMPS,2026-08-01 16:45:00,0
TXN_001055,FIR_0008,ACCT_0065,ACCT_0056,24000,UPI,2026-04-04 14:31:00,0
TXN_001056,FIR_0013,ACCT_0049,ACCT_0074,48000,UPI,2026-06-24 04:47:00,1
TXN_001057,FIR_0010,ACCT_0026,ACCT_0045,125000,UPI,2026-01-27 12:50:00,0
TXN_001058,FIR_0019,ACCT_0047,ACCT_0051,75000,cash_deposit,2026-08-22 15:17:00,0
TXN_001059,FIR_0010,ACCT_0058,ACCT_0077,9800,NEFT,2026-08-31 20:13:00,0
TXN_001060,FIR_0003,ACCT_0003,ACCT_0066,5000,cash_deposit,2026-04-30 12:09:00,0
TXN_001061,FIR_0017,ACCT_0062,ACCT_0046,9800,cash_deposit,2026-07-09 11:30:00,0
TXN_001062,FIR_0013,ACCT_0031,ACCT_0067,24000,NEFT,2026-01-01 14:12:00,0
TXN_001063,FIR_0001,ACCT_0015,ACCT_0045,9800,NEFT,2026-07-28 18:48:00,0
TXN_001064,FIR_0009,ACCT_0063,ACCT_0034,5000,IMPS,2026-08-13 20:55:00,0
TXN_001065,FIR_0027,ACCT_0053,ACCT_0040,9800,IMPS,2026-04-06 03:27:00,0
TXN_001066,FIR_0006,ACCT_0080,ACCT_0029,75000,cash_deposit,2026-09-01 04:15:00,0
TXN_001067,FIR_0028,ACCT_0029,ACCT_0044,125000,cash_deposit,2026-06-08 22:42:00,0
TXN_001068,FIR_0011,ACCT_0004,ACCT_0006,125000,cash_deposit,2026-08-16 06:36:00,0
TXN_001069,FIR_0008,ACCT_0076,ACCT_0071,24000,NEFT,2026-03-13 07:44:00,0
TXN_001070,FIR_0029,ACCT_0044,ACCT_0057,125000,cash_deposit,2026-07-01 07:06:00,0
TXN_001071,FIR_0005,ACCT_0055,ACCT_0015,49000,cash_deposit,2026-06-15 23:06:00,1
TXN_001072,FIR_0006,ACCT_0008,ACCT_0032,250000,IMPS,2026-01-24 10:19:00,0
TXN_001073,FIR_0013,ACCT_0053,ACCT_0015,48000,cash_deposit,2026-01-12 01:56:00,1
TXN_001074,FIR_0002,ACCT_0036,ACCT_0027,75000,IMPS,2026-04-26 15:01:00,0
TXN_001075,FIR_0025,ACCT_0032,ACCT_0019,48000,UPI,2026-08-29 19:24:00,1
TXN_001076,FIR_0028,ACCT_0007,ACCT_0029,9800,IMPS,2026-03-03 16:27:00,0
TXN_001077,FIR_0009,ACCT_0050,ACCT_0030,48000,UPI,2026-01-12 01:51:00,1
TXN_001078,FIR_0020,ACCT_0024,ACCT_0048,5000,IMPS,2026-01-06 11:25:00,0
TXN_001079,FIR_0029,ACCT_0078,ACCT_0035,9800,UPI,2026-05-27 05:00:00,0
TXN_001080,FIR_0005,ACCT_0004,ACCT_0052,5000,NEFT,2026-07-15 17:44:00,0
TXN_001081,FIR_0024,ACCT_0013,ACCT_0076,5000,NEFT,2026-08-08 22:00:00,0
TXN_001082,FIR_0029,ACCT_0078,ACCT_0042,1200,NEFT,2026-03-10 11:55:00,0
TXN_001083,FIR_0017,ACCT_0015,ACCT_0067,48000,NEFT,2026-02-01 18:19:00,1
TXN_001084,FIR_0030,ACCT_0016,ACCT_0054,1200,IMPS,2026-07-03 14:34:00,0
TXN_001085,FIR_0011,ACCT_0034,ACCT_0003,9800,IMPS,2026-02-15 08:39:00,0
TXN_001086,FIR_0021,ACCT_0016,ACCT_0041,49000,IMPS,2026-07-04 08:30:00,1
TXN_001087,FIR_0001,ACCT_0023,ACCT_0017,49000,UPI,2026-08-08 21:20:00,1
TXN_001088,FIR_0023,ACCT_0073,ACCT_0031,5000,UPI,2026-03-30 13:16:00,0
TXN_001089,FIR_0028,ACCT_0008,ACCT_0016,24000,NEFT,2026-03-15 13:01:00,0
TXN_001090,FIR_0009,ACCT_0016,ACCT_0064,24000,NEFT,2026-07-10 06:02:00,0
TXN_001091,FIR_0017,ACCT_0075,ACCT_0034,48000,cash_deposit,2026-05-10 01:37:00,1
TXN_001092,FIR_0023,ACCT_0076,ACCT_0029,125000,cash_deposit,2026-07-10 11:18:00,0
TXN_001093,FIR_0011,ACCT_0078,ACCT_0034,48000,cash_deposit,2026-06-03 04:16:00,1
TXN_001094,FIR_0012,ACCT_0071,ACCT_0068,125000,cash_deposit,2026-06-01 17:12:00,0
TXN_001095,FIR_0005,ACCT_0024,ACCT_0079,24000,NEFT,2026-07-22 07:44:00,0
TXN_001096,FIR_0011,ACCT_0019,ACCT_0052,48000,IMPS,2026-07-16 04:51:00,1
TXN_001097,FIR_0008,ACCT_0022,ACCT_0053,5000,cash_deposit,2026-05-30 08:19:00,0
TXN_001098,FIR_0015,ACCT_0006,ACCT_0032,1200,NEFT,2026-08-03 06:43:00,0
TXN_001099,FIR_0023,ACCT_0005,ACCT_0076,75000,UPI,2026-01-20 19:45:00,0
TXN_001100,FIR_0008,ACCT_0013,ACCT_0074,75000,cash_deposit,2026-02-27 09:20:00,0
TXN_001101,FIR_0010,ACCT_0035,ACCT_0013,48000,NEFT,2026-06-18 14:07:00,1
TXN_001102,FIR_0025,ACCT_0013,ACCT_0058,9800,cash_deposit,2026-01-10 14:30:00,0
TXN_001103,FIR_0019,ACCT_0011,ACCT_0040,250000,NEFT,2026-05-04 00:56:00,0
TXN_001104,FIR_0007,ACCT_0037,ACCT_0025,24000,IMPS,2026-08-14 22:29:00,0
TXN_001105,FIR_0014,ACCT_0074,ACCT_0044,24000,UPI,2026-05-12 05:53:00,0
TXN_001106,FIR_0025,ACCT_0074,ACCT_0048,24000,cash_deposit,2026-07-08 08:13:00,0
TXN_001107,FIR_0023,ACCT_0057,ACCT_0037,48000,UPI,2026-06-21 06:20:00,1
TXN_001108,FIR_0025,ACCT_0014,ACCT_0034,5000,IMPS,2026-06-14 22:12:00,0
TXN_001109,FIR_0003,ACCT_0015,ACCT_0025,5000,NEFT,2026-01-14 11:58:00,0
TXN_001110,FIR_0004,ACCT_0033,ACCT_0076,9800,UPI,2026-04-01 12:19:00,0
TXN_001111,FIR_0006,ACCT_0014,ACCT_0043,49000,UPI,2026-01-31 02:05:00,1
TXN_001112,FIR_0027,ACCT_0045,ACCT_0035,49000,NEFT,2026-08-26 22:09:00,1
TXN_001113,FIR_0014,ACCT_0051,ACCT_0075,1200,NEFT,2026-06-22 21:03:00,0
TXN_001114,FIR_0015,ACCT_0038,ACCT_0027,49000,NEFT,2026-04-14 00:02:00,1
TXN_001115,FIR_0020,ACCT_0014,ACCT_0046,24000,NEFT,2026-03-17 07:51:00,0
TXN_001116,FIR_0029,ACCT_0029,ACCT_0002,5000,NEFT,2026-01-23 21:30:00,0
TXN_001117,FIR_0030,ACCT_0003,ACCT_0048,9800,IMPS,2026-08-02 02:20:00,0
TXN_001118,FIR_0014,ACCT_0061,ACCT_0024,49000,NEFT,2026-03-01 01:00:00,1
TXN_001119,FIR_0030,ACCT_0053,ACCT_0070,48000,cash_deposit,2026-01-29 05:03:00,1
TXN_001120,FIR_0018,ACCT_0005,ACCT_0013,5000,UPI,2026-03-26 03:14:00,0
TXN_001121,FIR_0002,ACCT_0035,ACCT_0007,5000,IMPS,2026-03-26 21:26:00,0
TXN_001122,FIR_0015,ACCT_0027,ACCT_0040,250000,UPI,2026-04-20 00:36:00,0
TXN_001123,FIR_0004,ACCT_0078,ACCT_0051,49000,UPI,2026-08-25 15:26:00,1
TXN_001124,FIR_0017,ACCT_0010,ACCT_0059,125000,IMPS,2026-07-19 09:10:00,0
TXN_001125,FIR_0030,ACCT_0058,ACCT_0028,48000,IMPS,2026-04-19 21:27:00,1
TXN_001126,FIR_0021,ACCT_0052,ACCT_0012,125000,NEFT,2026-03-22 00:22:00,0
TXN_001127,FIR_0016,ACCT_0078,ACCT_0076,125000,cash_deposit,2026-08-22 08:51:00,0
TXN_001128,FIR_0012,ACCT_0054,ACCT_0026,125000,UPI,2026-04-28 06:05:00,0
TXN_001129,FIR_0021,ACCT_0027,ACCT_0032,125000,UPI,2026-07-29 07:42:00,0
TXN_001130,FIR_0006,ACCT_0032,ACCT_0062,9800,IMPS,2026-06-07 16:20:00,0
TXN_001131,FIR_0003,ACCT_0049,ACCT_0046,1200,IMPS,2026-03-26 22:50:00,0
TXN_001132,FIR_0003,ACCT_0069,ACCT_0007,48000,UPI,2026-07-28 00:41:00,1
TXN_001133,FIR_0006,ACCT_0053,ACCT_0066,75000,cash_deposit,2026-06-25 22:08:00,0
TXN_001134,FIR_0028,ACCT_0009,ACCT_0035,24000,UPI,2026-07-19 21:10:00,0
TXN_001135,FIR_0020,ACCT_0003,ACCT_0066,1200,NEFT,2026-07-01 15:59:00,0
TXN_001136,FIR_0018,ACCT_0008,ACCT_0059,75000,cash_deposit,2026-01-21 03:47:00,0
TXN_001137,FIR_0006,ACCT_0066,ACCT_0050,48000,NEFT,2026-08-18 13:01:00,1
TXN_001138,FIR_0014,ACCT_0020,ACCT_0002,1200,UPI,2026-05-14 10:53:00,0
TXN_001139,FIR_0027,ACCT_0051,ACCT_0010,48000,UPI,2026-01-26 13:55:00,1
TXN_001140,FIR_0024,ACCT_0012,ACCT_0070,48000,IMPS,2026-01-28 05:01:00,1
TXN_001141,FIR_0026,ACCT_0025,ACCT_0038,125000,cash_deposit,2026-07-28 08:51:00,0
TXN_001142,FIR_0025,ACCT_0054,ACCT_0076,125000,cash_deposit,2026-01-21 06:32:00,0
TXN_001143,FIR_0015,ACCT_0055,ACCT_0001,125000,cash_deposit,2026-03-04 09:37:00,0
TXN_001144,FIR_0004,ACCT_0006,ACCT_0023,9800,cash_deposit,2026-04-25 13:13:00,0
TXN_001145,FIR_0011,ACCT_0014,ACCT_0037,75000,UPI,2026-08-02 02:37:00,0
TXN_001146,FIR_0008,ACCT_0058,ACCT_0017,1200,UPI,2026-04-24 04:36:00,0
TXN_001147,FIR_0007,ACCT_0022,ACCT_0062,75000,NEFT,2026-03-10 10:04:00,0
TXN_001148,FIR_0026,ACCT_0033,ACCT_0058,5000,NEFT,2026-04-07 05:23:00,0
TXN_001149,FIR_0004,ACCT_0071,ACCT_0020,48000,cash_deposit,2026-04-26 07:44:00,1
TXN_001150,FIR_0016,ACCT_0021,ACCT_0057,75000,UPI,2026-02-16 19:41:00,0
TXN_001151,FIR_0017,ACCT_0073,ACCT_0079,48000,IMPS,2026-03-28 15:39:00,1
TXN_001152,FIR_0013,ACCT_0063,ACCT_0028,48000,UPI,2026-06-16 08:17:00,1
TXN_001153,FIR_0004,ACCT_0079,ACCT_0053,49000,UPI,2026-02-09 21:52:00,1
TXN_001154,FIR_0029,ACCT_0045,ACCT_0005,9800,cash_deposit,2026-03-06 09:51:00,0
TXN_001155,FIR_0005,ACCT_0028,ACCT_0039,24000,NEFT,2026-03-14 23:46:00,0
TXN_001156,FIR_0007,ACCT_0037,ACCT_0030,48000,cash_deposit,2026-07-07 06:20:00,1
TXN_001157,FIR_0029,ACCT_0040,ACCT_0063,250000,UPI,2026-07-19 20:48:00,0
TXN_001158,FIR_0018,ACCT_0030,ACCT_0026,48000,cash_deposit,2026-03-26 16:06:00,1
TXN_001159,FIR_0012,ACCT_0059,ACCT_0001,49000,cash_deposit,2026-06-07 08:55:00,1
TXN_001160,FIR_0014,ACCT_0076,ACCT_0006,9800,UPI,2026-03-05 17:47:00,0
TXN_001161,FIR_0027,ACCT_0016,ACCT_0024,5000,cash_deposit,2026-03-17 22:51:00,0
TXN_001162,FIR_0002,ACCT_0047,ACCT_0043,250000,NEFT,2026-03-26 00:36:00,0
TXN_001163,FIR_0014,ACCT_0046,ACCT_0039,250000,cash_deposit,2026-02-04 06:24:00,0
TXN_001164,FIR_0014,ACCT_0075,ACCT_0068,75000,NEFT,2026-08-27 14:56:00,0
TXN_001165,FIR_0025,ACCT_0059,ACCT_0053,125000,UPI,2026-01-13 09:37:00,0
TXN_001166,FIR_0028,ACCT_0079,ACCT_0004,5000,UPI,2026-07-19 19:25:00,0
TXN_001167,FIR_0024,ACCT_0057,ACCT_0029,5000,cash_deposit,2026-01-30 13:29:00,0
TXN_001168,FIR_0010,ACCT_0021,ACCT_0028,49000,cash_deposit,2026-07-30 06:55:00,1
TXN_001169,FIR_0002,ACCT_0068,ACCT_0023,5000,UPI,2026-05-31 02:33:00,0
TXN_001170,FIR_0008,ACCT_0003,ACCT_0040,24000,cash_deposit,2026-07-19 07:31:00,0
TXN_001171,FIR_0007,ACCT_0028,ACCT_0032,250000,cash_deposit,2026-05-25 01:29:00,0
TXN_001172,FIR_0015,ACCT_0024,ACCT_0023,5000,UPI,2026-01-27 04:20:00,0
TXN_001173,FIR_0019,ACCT_0040,ACCT_0022,5000,cash_deposit,2026-06-12 02:02:00,0
TXN_001174,FIR_0026,ACCT_0053,ACCT_0006,75000,cash_deposit,2026-01-24 08:59:00,0
TXN_001175,FIR_0029,ACCT_0029,ACCT_0073,24000,NEFT,2026-02-05 00:32:00,0
TXN_001176,FIR_0023,ACCT_0027,ACCT_0065,5000,NEFT,2026-07-31 02:20:00,0
TXN_001177,FIR_0016,ACCT_0045,ACCT_0063,1200,IMPS,2026-03-24 18:02:00,0
TXN_001178,FIR_0022,ACCT_0035,ACCT_0017,49000,IMPS,2026-01-16 02:33:00,1
TXN_001179,FIR_0004,ACCT_0018,ACCT_0043,125000,UPI,2026-05-22 08:22:00,0
TXN_001180,FIR_0015,ACCT_0011,ACCT_0004,49000,cash_deposit,2026-03-02 19:05:00,1
TXN_001181,FIR_0009,ACCT_0006,ACCT_0040,48000,IMPS,2026-03-09 16:15:00,1
TXN_001182,FIR_0029,ACCT_0047,ACCT_0035,49000,IMPS,2026-08-11 04:52:00,1
TXN_001183,FIR_0021,ACCT_0043,ACCT_0068,48000,IMPS,2026-01-23 00:37:00,1
TXN_001184,FIR_0027,ACCT_0071,ACCT_0068,48000,cash_deposit,2026-05-01 11:28:00,1
TXN_001185,FIR_0007,ACCT_0022,ACCT_0064,9800,cash_deposit,2026-01-01 11:31:00,0
TXN_001186,FIR_0012,ACCT_0016,ACCT_0040,5000,IMPS,2026-05-30 22:09:00,0
TXN_001187,FIR_0030,ACCT_0029,ACCT_0016,5000,UPI,2026-07-25 10:07:00,0
TXN_001188,FIR_0021,ACCT_0070,ACCT_0032,9800,cash_deposit,2026-02-28 08:32:00,0
TXN_001189,FIR_0024,ACCT_0071,ACCT_0043,49000,IMPS,2026-01-18 02:12:00,1
TXN_001190,FIR_0027,ACCT_0036,ACCT_0010,75000,NEFT,2026-01-27 21:03:00,0
TXN_001191,FIR_0016,ACCT_0051,ACCT_0041,125000,cash_deposit,2026-05-07 05:24:00,0
TXN_001192,FIR_0002,ACCT_0040,ACCT_0001,24000,IMPS,2026-05-21 14:57:00,0
TXN_001193,FIR_0007,ACCT_0019,ACCT_0041,250000,IMPS,2026-05-23 11:24:00,0
TXN_001194,FIR_0022,ACCT_0043,ACCT_0013,1200,NEFT,2026-01-19 18:45:00,0
TXN_001195,FIR_0009,ACCT_0012,ACCT_0026,250000,cash_deposit,2026-08-17 21:32:00,0
TXN_001196,FIR_0009,ACCT_0010,ACCT_0071,1200,NEFT,2026-07-25 20:36:00,0
TXN_001197,FIR_0005,ACCT_0036,ACCT_0016,9800,cash_deposit,2026-03-17 22:38:00,0
TXN_001198,FIR_0023,ACCT_0061,ACCT_0026,9800,cash_deposit,2026-01-25 18:35:00,0
TXN_001199,FIR_0017,ACCT_0069,ACCT_0074,5000,cash_deposit,2026-05-08 19:33:00,0
TXN_001200,FIR_0025,ACCT_0050,ACCT_0076,1200,cash_deposit,2026-08-09 07:18:00,0
TXN_001201,FIR_0016,ACCT_0015,ACCT_0014,250000,NEFT,2026-06-02 19:15:00,0
TXN_001202,FIR_0030,ACCT_0038,ACCT_0071,125000,UPI,2026-04-14 15:03:00,0
TXN_001203,FIR_0011,ACCT_0076,ACCT_0058,125000,NEFT,2026-04-28 05:41:00,0
TXN_001204,FIR_0008,ACCT_0013,ACCT_0069,5000,IMPS,2026-05-04 04:57:00,0
TXN_001205,FIR_0001,ACCT_0017,ACCT_0077,5000,NEFT,2026-08-01 08:10:00,0
TXN_001206,FIR_0026,ACCT_0012,ACCT_0072,75000,NEFT,2026-01-28 14:09:00,0
TXN_001207,FIR_0019,ACCT_0018,ACCT_0011,49000,NEFT,2026-05-13 23:32:00,1
TXN_001208,FIR_0014,ACCT_0050,ACCT_0017,1200,NEFT,2026-04-12 07:09:00,0
TXN_001209,FIR_0021,ACCT_0003,ACCT_0026,5000,cash_deposit,2026-04-29 05:37:00,0
TXN_001210,FIR_0019,ACCT_0069,ACCT_0056,75000,UPI,2026-08-05 16:34:00,0
TXN_001211,FIR_0002,ACCT_0012,ACCT_0045,24000,NEFT,2026-05-16 00:31:00,0
TXN_001212,FIR_0016,ACCT_0054,ACCT_0003,75000,IMPS,2026-08-23 01:00:00,0
TXN_001213,FIR_0010,ACCT_0056,ACCT_0027,49000,cash_deposit,2026-05-04 05:16:00,1
TXN_001214,FIR_0023,ACCT_0061,ACCT_0064,48000,IMPS,2026-02-18 06:21:00,1
TXN_001215,FIR_0025,ACCT_0021,ACCT_0072,9800,IMPS,2026-08-02 16:51:00,0
TXN_001216,FIR_0008,ACCT_0057,ACCT_0049,5000,cash_deposit,2026-06-16 03:45:00,0
TXN_001217,FIR_0022,ACCT_0040,ACCT_0014,24000,NEFT,2026-05-31 03:19:00,0
TXN_001218,FIR_0002,ACCT_0071,ACCT_0063,250000,IMPS,2026-08-01 15:11:00,0
TXN_001219,FIR_0005,ACCT_0041,ACCT_0068,5000,IMPS,2026-03-17 12:24:00,0
TXN_001220,FIR_0014,ACCT_0053,ACCT_0039,125000,IMPS,2026-08-14 15:30:00,0
TXN_001221,FIR_0002,ACCT_0080,ACCT_0052,250000,IMPS,2026-03-27 00:25:00,0
TXN_001222,FIR_0016,ACCT_0003,ACCT_0001,5000,UPI,2026-03-12 16:01:00,0
TXN_001223,FIR_0017,ACCT_0005,ACCT_0013,48000,IMPS,2026-02-17 16:37:00,1
TXN_001224,FIR_0030,ACCT_0029,ACCT_0009,5000,NEFT,2026-07-20 20:36:00,0
TXN_001225,FIR_0014,ACCT_0055,ACCT_0041,48000,IMPS,2026-06-15 04:42:00,1
TXN_001226,FIR_0020,ACCT_0057,ACCT_0068,5000,UPI,2026-05-30 12:08:00,0
TXN_001227,FIR_0018,ACCT_0077,ACCT_0049,125000,cash_deposit,2026-04-21 05:32:00,0
TXN_001228,FIR_0004,ACCT_0075,ACCT_0039,24000,IMPS,2026-04-03 08:05:00,0
TXN_001229,FIR_0009,ACCT_0007,ACCT_0058,48000,cash_deposit,2026-03-30 20:46:00,1
TXN_001230,FIR_0015,ACCT_0072,ACCT_0039,1200,UPI,2026-07-04 01:11:00,0
TXN_001231,FIR_0022,ACCT_0054,ACCT_0055,250000,cash_deposit,2026-03-27 16:16:00,0
TXN_001232,FIR_0004,ACCT_0031,ACCT_0013,5000,IMPS,2026-01-29 20:43:00,0
TXN_001233,FIR_0017,ACCT_0003,ACCT_0020,1200,UPI,2026-04-28 05:24:00,0
TXN_001234,FIR_0023,ACCT_0071,ACCT_0045,1200,cash_deposit,2026-03-16 13:05:00,0
TXN_001235,FIR_0001,ACCT_0077,ACCT_0017,24000,cash_deposit,2026-07-16 22:07:00,0
TXN_001236,FIR_0029,ACCT_0073,ACCT_0027,24000,cash_deposit,2026-06-18 07:05:00,0
TXN_001237,FIR_0015,ACCT_0058,ACCT_0051,24000,UPI,2026-07-14 02:12:00,0
TXN_001238,FIR_0002,ACCT_0061,ACCT_0059,24000,IMPS,2026-06-06 09:19:00,0
TXN_001239,FIR_0025,ACCT_0003,ACCT_0040,9800,IMPS,2026-03-26 18:22:00,0
TXN_001240,FIR_0008,ACCT_0034,ACCT_0050,9800,NEFT,2026-02-07 03:19:00,0
TXN_001241,FIR_0005,ACCT_0046,ACCT_0043,24000,IMPS,2026-03-25 08:06:00,0
TXN_001242,FIR_0029,ACCT_0005,ACCT_0018,5000,NEFT,2026-06-07 06:37:00,0
TXN_001243,FIR_0002,ACCT_0041,ACCT_0002,48000,cash_deposit,2026-05-20 16:26:00,1
TXN_001244,FIR_0021,ACCT_0070,ACCT_0066,24000,IMPS,2026-05-25 17:36:00,0
TXN_001245,FIR_0008,ACCT_0026,ACCT_0066,48000,cash_deposit,2026-02-07 11:09:00,1
TXN_001246,FIR_0021,ACCT_0073,ACCT_0008,48000,NEFT,2026-02-02 19:22:00,1
TXN_001247,FIR_0005,ACCT_0028,ACCT_0074,9800,UPI,2026-05-25 03:53:00,0
TXN_001248,FIR_0020,ACCT_0071,ACCT_0064,9800,cash_deposit,2026-08-09 13:44:00,0
TXN_001249,FIR_0015,ACCT_0025,ACCT_0039,250000,NEFT,2026-01-30 21:17:00,0
TXN_001250,FIR_0007,ACCT_0041,ACCT_0019,49000,cash_deposit,2026-05-23 19:12:00,1
TXN_001251,FIR_0027,ACCT_0057,ACCT_0037,75000,UPI,2026-03-30 12:29:00,0
TXN_001252,FIR_0018,ACCT_0028,ACCT_0018,5000,cash_deposit,2026-02-12 18:54:00,0
TXN_001253,FIR_0006,ACCT_0029,ACCT_0039,125000,cash_deposit,2026-02-06 20:08:00,0
TXN_001254,FIR_0021,ACCT_0010,ACCT_0040,125000,IMPS,2026-04-03 19:55:00,0
TXN_001255,FIR_0010,ACCT_0025,ACCT_0006,48000,cash_deposit,2026-08-01 06:27:00,1
TXN_001256,FIR_0012,ACCT_0005,ACCT_0036,125000,NEFT,2026-04-03 17:19:00,0
TXN_001257,FIR_0002,ACCT_0066,ACCT_0006,48000,NEFT,2026-03-15 19:17:00,1
TXN_001258,FIR_0014,ACCT_0040,ACCT_0042,49000,cash_deposit,2026-08-09 03:01:00,1
TXN_001259,FIR_0006,ACCT_0030,ACCT_0041,1200,NEFT,2026-06-30 11:54:00,0
TXN_001260,FIR_0024,ACCT_0024,ACCT_0060,48000,IMPS,2026-03-17 01:26:00,1
TXN_001261,FIR_0013,ACCT_0049,ACCT_0046,75000,NEFT,2026-03-04 08:02:00,0
TXN_001262,FIR_0024,ACCT_0048,ACCT_0007,24000,NEFT,2026-08-02 15:54:00,0
TXN_001263,FIR_0006,ACCT_0077,ACCT_0052,75000,UPI,2026-02-01 10:08:00,0
TXN_001264,FIR_0027,ACCT_0068,ACCT_0067,49000,UPI,2026-07-28 05:19:00,1
TXN_001265,FIR_0017,ACCT_0072,ACCT_0042,250000,NEFT,2026-05-19 10:02:00,0
TXN_001266,FIR_0010,ACCT_0072,ACCT_0035,125000,NEFT,2026-02-03 10:07:00,0
TXN_001267,FIR_0027,ACCT_0077,ACCT_0041,250000,NEFT,2026-03-17 03:53:00,0
TXN_001268,FIR_0018,ACCT_0020,ACCT_0013,9800,UPI,2026-06-22 17:12:00,0
TXN_001269,FIR_0026,ACCT_0068,ACCT_0040,24000,cash_deposit,2026-05-02 01:09:00,0
TXN_001270,FIR_0013,ACCT_0036,ACCT_0019,250000,cash_deposit,2026-01-22 22:04:00,0
TXN_001271,FIR_0005,ACCT_0031,ACCT_0016,1200,UPI,2026-03-25 00:31:00,0
TXN_001272,FIR_0030,ACCT_0027,ACCT_0077,24000,cash_deposit,2026-03-08 03:00:00,0
TXN_001273,FIR_0020,ACCT_0052,ACCT_0029,5000,IMPS,2026-04-26 22:15:00,0
TXN_001274,FIR_0003,ACCT_0063,ACCT_0031,5000,cash_deposit,2026-01-30 09:07:00,0
TXN_001275,FIR_0005,ACCT_0073,ACCT_0050,125000,IMPS,2026-01-24 07:04:00,0
TXN_001276,FIR_0011,ACCT_0077,ACCT_0054,48000,IMPS,2026-05-29 07:50:00,1
TXN_001277,FIR_0018,ACCT_0026,ACCT_0039,75000,IMPS,2026-07-10 19:31:00,0
TXN_001278,FIR_0007,ACCT_0015,ACCT_0044,125000,UPI,2026-05-25 14:47:00,0
TXN_001279,FIR_0028,ACCT_0069,ACCT_0071,125000,NEFT,2026-05-19 16:31:00,0
TXN_001280,FIR_0014,ACCT_0055,ACCT_0016,49000,IMPS,2026-03-20 18:01:00,1
TXN_001281,FIR_0024,ACCT_0015,ACCT_0016,24000,NEFT,2026-06-06 23:18:00,0
TXN_001282,FIR_0016,ACCT_0014,ACCT_0032,24000,cash_deposit,2026-07-08 21:03:00,0
TXN_001283,FIR_0005,ACCT_0079,ACCT_0011,1200,cash_deposit,2026-01-08 07:49:00,0
TXN_001284,FIR_0010,ACCT_0072,ACCT_0062,9800,UPI,2026-01-31 16:07:00,0
TXN_001285,FIR_0004,ACCT_0009,ACCT_0034,49000,UPI,2026-06-14 04:02:00,1
TXN_001286,FIR_0023,ACCT_0062,ACCT_0059,1200,cash_deposit,2026-01-19 07:41:00,0
TXN_001287,FIR_0011,ACCT_0038,ACCT_0003,1200,NEFT,2026-07-30 15:28:00,0
TXN_001288,FIR_0010,ACCT_0055,ACCT_0024,75000,NEFT,2026-06-06 03:14:00,0
TXN_001289,FIR_0024,ACCT_0013,ACCT_0042,125000,IMPS,2026-02-19 18:21:00,0
TXN_001290,FIR_0021,ACCT_0005,ACCT_0054,125000,cash_deposit,2026-01-30 18:49:00,0
TXN_001291,FIR_0020,ACCT_0049,ACCT_0035,75000,NEFT,2026-05-29 00:02:00,0
TXN_001292,FIR_0022,ACCT_0021,ACCT_0026,49000,cash_deposit,2026-07-13 10:14:00,1
TXN_001293,FIR_0006,ACCT_0045,ACCT_0051,1200,IMPS,2026-06-30 11:12:00,0
TXN_001294,FIR_0029,ACCT_0002,ACCT_0022,5000,IMPS,2026-04-28 11:28:00,0
TXN_001295,FIR_0018,ACCT_0005,ACCT_0052,24000,NEFT,2026-01-17 10:03:00,0
TXN_001296,FIR_0011,ACCT_0069,ACCT_0067,49000,NEFT,2026-03-24 20:26:00,1
TXN_001297,FIR_0012,ACCT_0064,ACCT_0041,1200,IMPS,2026-08-28 04:28:00,0
TXN_001298,FIR_0012,ACCT_0017,ACCT_0035,250000,NEFT,2026-07-12 22:21:00,0
TXN_001299,FIR_0017,ACCT_0053,ACCT_0067,1200,cash_deposit,2026-03-07 14:28:00,0
TXN_001300,FIR_0010,ACCT_0056,ACCT_0003,49000,IMPS,2026-01-07 04:41:00,1
TXN_001301,FIR_0018,ACCT_0069,ACCT_0043,5000,IMPS,2026-08-23 04:37:00,0
TXN_001302,FIR_0003,ACCT_0036,ACCT_0061,5000,UPI,2026-04-16 16:39:00,0
TXN_001303,FIR_0027,ACCT_0073,ACCT_0052,49000,UPI,2026-03-02 01:15:00,1
TXN_001304,FIR_0026,ACCT_0070,ACCT_0017,75000,cash_deposit,2026-05-08 09:52:00,0
TXN_001305,FIR_0027,ACCT_0025,ACCT_0019,1200,cash_deposit,2026-05-28 15:55:00,0
TXN_001306,FIR_0016,ACCT_0075,ACCT_0004,48000,cash_deposit,2026-06-03 03:42:00,1
TXN_001307,FIR_0029,ACCT_0008,ACCT_0018,49000,cash_deposit,2026-03-14 06:30:00,1
TXN_001308,FIR_0008,ACCT_0063,ACCT_0025,75000,IMPS,2026-05-07 18:54:00,0
TXN_001309,FIR_0023,ACCT_0063,ACCT_0057,125000,IMPS,2026-03-27 23:43:00,0
TXN_001310,FIR_0030,ACCT_0038,ACCT_0074,9800,cash_deposit,2026-02-16 10:49:00,0
TXN_001311,FIR_0025,ACCT_0054,ACCT_0042,49000,NEFT,2026-07-18 01:43:00,1
TXN_001312,FIR_0022,ACCT_0054,ACCT_0006,49000,cash_deposit,2026-04-02 23:01:00,1
TXN_001313,FIR_0001,ACCT_0038,ACCT_0068,5000,IMPS,2026-01-06 01:59:00,0
TXN_001314,FIR_0003,ACCT_0073,ACCT_0080,1200,NEFT,2026-05-21 00:01:00,0
TXN_001315,FIR_0019,ACCT_0004,ACCT_0033,1200,UPI,2026-07-14 02:30:00,0
TXN_001316,FIR_0025,ACCT_0025,ACCT_0056,75000,UPI,2026-02-05 21:34:00,0
TXN_001317,FIR_0030,ACCT_0071,ACCT_0069,75000,NEFT,2026-04-12 22:09:00,0
TXN_001318,FIR_0028,ACCT_0068,ACCT_0057,250000,NEFT,2026-01-13 23:39:00,0
TXN_001319,FIR_0027,ACCT_0036,ACCT_0017,9800,IMPS,2026-07-04 08:46:00,0
TXN_001320,FIR_0017,ACCT_0027,ACCT_0053,24000,UPI,2026-06-13 17:38:00,0
TXN_001321,FIR_0026,ACCT_0012,ACCT_0074,48000,NEFT,2026-02-07 09:58:00,1
TXN_001322,FIR_0001,ACCT_0059,ACCT_0002,75000,UPI,2026-01-18 14:47:00,0
TXN_001323,FIR_0019,ACCT_0023,ACCT_0026,125000,IMPS,2026-07-14 18:36:00,0
TXN_001324,FIR_0005,ACCT_0042,ACCT_0064,1200,cash_deposit,2026-01-02 08:10:00,0
TXN_001325,FIR_0016,ACCT_0032,ACCT_0062,24000,cash_deposit,2026-06-06 07:07:00,0
TXN_001326,FIR_0019,ACCT_0071,ACCT_0052,9800,UPI,2026-07-18 01:31:00,0
TXN_001327,FIR_0025,ACCT_0003,ACCT_0023,9800,UPI,2026-05-20 04:09:00,0
TXN_001328,FIR_0016,ACCT_0058,ACCT_0040,49000,UPI,2026-07-18 09:47:00,1
TXN_001329,FIR_0008,ACCT_0042,ACCT_0040,5000,IMPS,2026-04-19 13:00:00,0
TXN_001330,FIR_0024,ACCT_0004,ACCT_0038,1200,UPI,2026-02-24 18:18:00,0
TXN_001331,FIR_0022,ACCT_0020,ACCT_0045,1200,cash_deposit,2026-01-10 22:02:00,0
TXN_001332,FIR_0019,ACCT_0040,ACCT_0068,75000,NEFT,2026-08-23 04:03:00,0
TXN_001333,FIR_0021,ACCT_0077,ACCT_0057,1200,NEFT,2026-02-08 05:43:00,0
TXN_001334,FIR_0004,ACCT_0031,ACCT_0032,125000,NEFT,2026-05-10 23:23:00,0
TXN_001335,FIR_0012,ACCT_0035,ACCT_0076,1200,IMPS,2026-06-10 01:42:00,0
TXN_001336,FIR_0021,ACCT_0025,ACCT_0041,250000,NEFT,2026-04-19 22:42:00,0
TXN_001337,FIR_0018,ACCT_0063,ACCT_0013,250000,IMPS,2026-02-18 16:08:00,0
TXN_001338,FIR_0002,ACCT_0051,ACCT_0041,125000,cash_deposit,2026-08-02 17:37:00,0
TXN_001339,FIR_0016,ACCT_0080,ACCT_0021,250000,cash_deposit,2026-05-08 16:48:00,0
TXN_001340,FIR_0020,ACCT_0015,ACCT_0079,48000,IMPS,2026-07-13 07:33:00,1
TXN_001341,FIR_0017,ACCT_0045,ACCT_0053,24000,IMPS,2026-07-24 17:17:00,0
TXN_001342,FIR_0001,ACCT_0080,ACCT_0054,125000,UPI,2026-08-30 12:57:00,0
TXN_001343,FIR_0023,ACCT_0061,ACCT_0016,48000,cash_deposit,2026-07-29 14:14:00,1
TXN_001344,FIR_0025,ACCT_0032,ACCT_0080,250000,IMPS,2026-07-13 14:09:00,0
TXN_001345,FIR_0012,ACCT_0023,ACCT_0079,250000,NEFT,2026-01-17 01:22:00,0
TXN_001346,FIR_0005,ACCT_0044,ACCT_0013,250000,IMPS,2026-03-02 10:23:00,0
TXN_001347,FIR_0015,ACCT_0016,ACCT_0070,1200,NEFT,2026-03-13 02:44:00,0
TXN_001348,FIR_0007,ACCT_0031,ACCT_0052,125000,cash_deposit,2026-07-18 18:58:00,0
TXN_001349,FIR_0019,ACCT_0063,ACCT_0001,5000,NEFT,2026-08-20 12:49:00,0
TXN_001350,FIR_0010,ACCT_0032,ACCT_0008,24000,UPI,2026-05-13 21:48:00,0
TXN_001351,FIR_0014,ACCT_0039,ACCT_0013,5000,NEFT,2026-03-31 11:58:00,0
TXN_001352,FIR_0006,ACCT_0057,ACCT_0020,48000,UPI,2026-05-20 01:19:00,1
TXN_001353,FIR_0030,ACCT_0056,ACCT_0013,9800,UPI,2026-08-13 02:39:00,0
TXN_001354,FIR_0018,ACCT_0060,ACCT_0036,48000,IMPS,2026-01-31 11:07:00,1
TXN_001355,FIR_0027,ACCT_0002,ACCT_0056,48000,UPI,2026-01-02 01:39:00,1
TXN_001356,FIR_0020,ACCT_0011,ACCT_0047,49000,UPI,2026-05-05 12:46:00,1
TXN_001357,FIR_0025,ACCT_0013,ACCT_0010,250000,UPI,2026-08-21 23:54:00,0
TXN_001358,FIR_0004,ACCT_0009,ACCT_0049,48000,cash_deposit,2026-07-24 23:08:00,1
TXN_001359,FIR_0002,ACCT_0004,ACCT_0024,9800,UPI,2026-08-31 21:09:00,0
TXN_001360,FIR_0012,ACCT_0011,ACCT_0072,125000,NEFT,2026-07-01 12:28:00,0
TXN_001361,FIR_0010,ACCT_0074,ACCT_0041,125000,IMPS,2026-07-24 21:22:00,0
TXN_001362,FIR_0023,ACCT_0061,ACCT_0014,5000,UPI,2026-03-28 12:16:00,0
TXN_001363,FIR_0025,ACCT_0068,ACCT_0022,250000,NEFT,2026-02-21 20:52:00,0
TXN_001364,FIR_0008,ACCT_0051,ACCT_0057,9800,IMPS,2026-05-22 10:47:00,0
TXN_001365,FIR_0022,ACCT_0018,ACCT_0049,5000,IMPS,2026-07-20 22:02:00,0
TXN_001366,FIR_0021,ACCT_0068,ACCT_0032,9800,UPI,2026-01-14 09:16:00,0
TXN_001367,FIR_0002,ACCT_0029,ACCT_0023,75000,IMPS,2026-05-14 01:23:00,0
TXN_001368,FIR_0024,ACCT_0051,ACCT_0045,9800,IMPS,2026-02-02 14:52:00,0
TXN_001369,FIR_0028,ACCT_0027,ACCT_0067,125000,UPI,2026-05-24 07:06:00,0
TXN_001370,FIR_0020,ACCT_0054,ACCT_0004,75000,IMPS,2026-02-12 20:04:00,0
TXN_001371,FIR_0013,ACCT_0053,ACCT_0050,5000,NEFT,2026-08-08 04:32:00,0
TXN_001372,FIR_0028,ACCT_0064,ACCT_0014,125000,UPI,2026-07-31 12:06:00,0
TXN_001373,FIR_0009,ACCT_0026,ACCT_0007,48000,NEFT,2026-01-20 23:32:00,1
TXN_001374,FIR_0015,ACCT_0061,ACCT_0037,49000,IMPS,2026-02-22 10:35:00,1
TXN_001375,FIR_0008,ACCT_0029,ACCT_0068,24000,IMPS,2026-01-16 00:46:00,0
TXN_001376,FIR_0017,ACCT_0061,ACCT_0048,250000,IMPS,2026-08-23 05:39:00,0
TXN_001377,FIR_0006,ACCT_0058,ACCT_0037,48000,IMPS,2026-06-21 11:51:00,1
TXN_001378,FIR_0019,ACCT_0036,ACCT_0029,5000,UPI,2026-03-25 17:12:00,0
TXN_001379,FIR_0005,ACCT_0079,ACCT_0042,48000,NEFT,2026-04-02 00:08:00,1
TXN_001380,FIR_0023,ACCT_0005,ACCT_0011,24000,IMPS,2026-05-24 08:54:00,0
TXN_001381,FIR_0009,ACCT_0074,ACCT_0004,125000,cash_deposit,2026-07-12 01:00:00,0
TXN_001382,FIR_0005,ACCT_0023,ACCT_0072,1200,NEFT,2026-04-12 14:48:00,0
TXN_001383,FIR_0015,ACCT_0042,ACCT_0027,125000,UPI,2026-08-23 22:24:00,0
TXN_001384,FIR_0020,ACCT_0040,ACCT_0072,49000,UPI,2026-08-08 07:00:00,1
TXN_001385,FIR_0025,ACCT_0006,ACCT_0014,75000,IMPS,2026-04-15 21:05:00,0
TXN_001386,FIR_0019,ACCT_0073,ACCT_0031,24000,cash_deposit,2026-02-04 18:56:00,0
TXN_001387,FIR_0028,ACCT_0037,ACCT_0051,75000,cash_deposit,2026-05-10 11:15:00,0
TXN_001388,FIR_0016,ACCT_0079,ACCT_0009,24000,cash_deposit,2026-05-07 23:30:00,0
TXN_001389,FIR_0030,ACCT_0022,ACCT_0019,48000,IMPS,2026-07-24 02:40:00,1
TXN_001390,FIR_0001,ACCT_0005,ACCT_0071,125000,NEFT,2026-03-14 04:06:00,0
TXN_001391,FIR_0006,ACCT_0076,ACCT_0047,125000,UPI,2026-02-13 16:49:00,0
TXN_001392,FIR_0020,ACCT_0019,ACCT_0064,250000,UPI,2026-08-21 14:24:00,0
TXN_001393,FIR_0007,ACCT_0048,ACCT_0033,125000,IMPS,2026-07-16 10:52:00,0
TXN_001394,FIR_0023,ACCT_0023,ACCT_0007,48000,UPI,2026-04-24 06:11:00,1
TXN_001395,FIR_0008,ACCT_0032,ACCT_0011,49000,IMPS,2026-05-16 03:17:00,1
TXN_001396,FIR_0012,ACCT_0062,ACCT_0058,24000,cash_deposit,2026-02-25 19:34:00,0
TXN_001397,FIR_0007,ACCT_0001,ACCT_0078,9800,NEFT,2026-08-13 06:02:00,0
TXN_001398,FIR_0016,ACCT_0027,ACCT_0014,5000,NEFT,2026-05-13 01:39:00,0
TXN_001399,FIR_0030,ACCT_0079,ACCT_0003,9800,cash_deposit,2026-01-23 13:53:00,0
TXN_001400,FIR_0020,ACCT_0057,ACCT_0035,125000,UPI,2026-07-13 06:18:00,0
TXN_001401,FIR_0006,ACCT_0023,ACCT_0020,24000,IMPS,2026-03-28 14:06:00,0
TXN_001402,FIR_0002,ACCT_0079,ACCT_0037,48000,cash_deposit,2026-06-25 04:59:00,1
TXN_001403,FIR_0014,ACCT_0078,ACCT_0018,5000,UPI,2026-01-17 08:23:00,0
TXN_001404,FIR_0014,ACCT_0056,ACCT_0070,9800,cash_deposit,2026-01-06 10:16:00,0
TXN_001405,FIR_0005,ACCT_0073,ACCT_0011,125000,UPI,2026-02-23 11:24:00,0
TXN_001406,FIR_0012,ACCT_0074,ACCT_0053,24000,UPI,2026-08-17 17:49:00,0
TXN_001407,FIR_0027,ACCT_0069,ACCT_0030,75000,NEFT,2026-06-01 03:28:00,0
TXN_001408,FIR_0026,ACCT_0052,ACCT_0069,1200,IMPS,2026-07-27 15:22:00,0
TXN_001409,FIR_0011,ACCT_0005,ACCT_0078,5000,cash_deposit,2026-02-07 00:20:00,0
TXN_001410,FIR_0014,ACCT_0049,ACCT_0071,49000,cash_deposit,2026-01-02 18:12:00,1
TXN_001411,FIR_0022,ACCT_0058,ACCT_0027,9800,IMPS,2026-03-19 13:00:00,0
TXN_001412,FIR_0017,ACCT_0017,ACCT_0043,49000,UPI,2026-02-05 07:57:00,1
TXN_001413,FIR_0028,ACCT_0011,ACCT_0002,5000,UPI,2026-04-24 11:48:00,0
TXN_001414,FIR_0004,ACCT_0009,ACCT_0076,75000,IMPS,2026-03-28 03:42:00,0
TXN_001415,FIR_0002,ACCT_0061,ACCT_0026,9800,cash_deposit,2026-07-19 15:46:00,0
TXN_001416,FIR_0029,ACCT_0067,ACCT_0022,48000,cash_deposit,2026-06-15 03:23:00,1
TXN_001417,FIR_0016,ACCT_0038,ACCT_0013,5000,NEFT,2026-08-08 15:25:00,0
TXN_001418,FIR_0013,ACCT_0065,ACCT_0003,48000,IMPS,2026-08-23 16:04:00,1
TXN_001419,FIR_0009,ACCT_0079,ACCT_0076,24000,UPI,2026-03-05 03:24:00,0
TXN_001420,FIR_0023,ACCT_0052,ACCT_0064,75000,NEFT,2026-08-08 14:29:00,0
TXN_001421,FIR_0023,ACCT_0024,ACCT_0004,125000,UPI,2026-08-05 05:26:00,0
TXN_001422,FIR_0025,ACCT_0080,ACCT_0036,48000,cash_deposit,2026-02-22 18:20:00,1
TXN_001423,FIR_0016,ACCT_0077,ACCT_0059,49000,UPI,2026-03-02 20:32:00,1
TXN_001424,FIR_0010,ACCT_0054,ACCT_0075,250000,cash_deposit,2026-07-03 19:53:00,0
TXN_001425,FIR_0012,ACCT_0074,ACCT_0023,125000,cash_deposit,2026-07-15 20:53:00,0
TXN_001426,FIR_0007,ACCT_0026,ACCT_0014,125000,NEFT,2026-07-11 18:26:00,0
TXN_001427,FIR_0012,ACCT_0018,ACCT_0035,1200,IMPS,2026-08-27 15:34:00,0
TXN_001428,FIR_0003,ACCT_0008,ACCT_0076,24000,UPI,2026-03-26 17:17:00,0
TXN_001429,FIR_0027,ACCT_0039,ACCT_0058,5000,cash_deposit,2026-06-03 17:02:00,0
TXN_001430,FIR_0014,ACCT_0009,ACCT_0040,125000,NEFT,2026-04-12 05:49:00,0
TXN_001431,FIR_0002,ACCT_0029,ACCT_0077,5000,NEFT,2026-01-25 18:10:00,0
TXN_001432,FIR_0013,ACCT_0035,ACCT_0018,75000,IMPS,2026-08-03 13:05:00,0
TXN_001433,FIR_0001,ACCT_0059,ACCT_0025,48000,cash_deposit,2026-07-21 04:17:00,1
TXN_001434,FIR_0030,ACCT_0060,ACCT_0054,9800,IMPS,2026-05-11 22:36:00,0
TXN_001435,FIR_0002,ACCT_0040,ACCT_0060,1200,IMPS,2026-02-14 06:32:00,0
TXN_001436,FIR_0023,ACCT_0041,ACCT_0049,49000,NEFT,2026-02-22 13:51:00,1
TXN_001437,FIR_0001,ACCT_0069,ACCT_0073,9800,cash_deposit,2026-03-09 15:29:00,0
TXN_001438,FIR_0004,ACCT_0077,ACCT_0046,49000,NEFT,2026-04-29 00:22:00,1
TXN_001439,FIR_0017,ACCT_0045,ACCT_0043,9800,cash_deposit,2026-03-24 10:09:00,0
TXN_001440,FIR_0023,ACCT_0053,ACCT_0074,48000,cash_deposit,2026-01-01 11:25:00,1
TXN_001441,FIR_0003,ACCT_0002,ACCT_0078,125000,cash_deposit,2026-08-18 16:45:00,0
TXN_001442,FIR_0024,ACCT_0062,ACCT_0028,75000,IMPS,2026-03-06 14:42:00,0
TXN_001443,FIR_0023,ACCT_0067,ACCT_0003,250000,cash_deposit,2026-02-14 03:26:00,0
TXN_001444,FIR_0002,ACCT_0023,ACCT_0024,5000,IMPS,2026-07-19 17:33:00,0
TXN_001445,FIR_0006,ACCT_0015,ACCT_0038,1200,cash_deposit,2026-06-12 13:01:00,0
TXN_001446,FIR_0030,ACCT_0032,ACCT_0041,5000,NEFT,2026-01-18 13:52:00,0
TXN_001447,FIR_0020,ACCT_0018,ACCT_0007,1200,NEFT,2026-08-21 13:46:00,0
TXN_001448,FIR_0004,ACCT_0026,ACCT_0051,5000,UPI,2026-01-22 13:21:00,0
TXN_001449,FIR_0021,ACCT_0062,ACCT_0032,49000,NEFT,2026-06-22 23:23:00,1
TXN_001450,FIR_0009,ACCT_0006,ACCT_0033,9800,NEFT,2026-03-02 21:22:00,0
TXN_001451,FIR_0029,ACCT_0040,ACCT_0060,75000,NEFT,2026-07-24 22:45:00,0
TXN_001452,FIR_0023,ACCT_0080,ACCT_0069,125000,UPI,2026-07-25 19:07:00,0
TXN_001453,FIR_0027,ACCT_0024,ACCT_0080,5000,cash_deposit,2026-06-16 10:01:00,0
TXN_001454,FIR_0029,ACCT_0012,ACCT_0060,48000,UPI,2026-07-13 10:22:00,1
TXN_001455,FIR_0026,ACCT_0041,ACCT_0032,49000,IMPS,2026-01-06 12:04:00,1
TXN_001456,FIR_0006,ACCT_0040,ACCT_0012,9800,IMPS,2026-08-08 22:23:00,0
TXN_001457,FIR_0030,ACCT_0071,ACCT_0017,9800,NEFT,2026-03-17 11:09:00,0
TXN_001458,FIR_0015,ACCT_0036,ACCT_0068,24000,cash_deposit,2026-04-30 21:25:00,0
TXN_001459,FIR_0028,ACCT_0008,ACCT_0077,75000,IMPS,2026-02-26 13:39:00,0
TXN_001460,FIR_0015,ACCT_0080,ACCT_0067,125000,UPI,2026-03-12 02:44:00,0
TXN_001461,FIR_0030,ACCT_0020,ACCT_0058,49000,cash_deposit,2026-08-29 08:22:00,1
TXN_001462,FIR_0002,ACCT_0077,ACCT_0045,49000,UPI,2026-01-30 09:47:00,1
TXN_001463,FIR_0013,ACCT_0052,ACCT_0048,24000,NEFT,2026-01-18 09:13:00,0
TXN_001464,FIR_0023,ACCT_0075,ACCT_0046,9800,cash_deposit,2026-06-30 05:28:00,0
TXN_001465,FIR_0010,ACCT_0001,ACCT_0029,24000,NEFT,2026-06-16 14:45:00,0
TXN_001466,FIR_0029,ACCT_0020,ACCT_0022,24000,NEFT,2026-08-11 14:04:00,0
TXN_001467,FIR_0002,ACCT_0001,ACCT_0079,75000,NEFT,2026-06-26 11:42:00,0
TXN_001468,FIR_0005,ACCT_0012,ACCT_0029,24000,IMPS,2026-04-06 23:29:00,0
TXN_001469,FIR_0006,ACCT_0017,ACCT_0002,5000,NEFT,2026-06-07 09:57:00,0
TXN_001470,FIR_0025,ACCT_0019,ACCT_0045,125000,cash_deposit,2026-04-09 20:12:00,0
TXN_001471,FIR_0025,ACCT_0025,ACCT_0044,1200,UPI,2026-07-11 09:31:00,0
TXN_001472,FIR_0001,ACCT_0069,ACCT_0042,24000,UPI,2026-07-18 10:55:00,0
TXN_001473,FIR_0001,ACCT_0043,ACCT_0055,5000,NEFT,2026-05-09 04:40:00,0
TXN_001474,FIR_0022,ACCT_0030,ACCT_0020,1200,IMPS,2026-02-20 21:42:00,0
TXN_001475,FIR_0027,ACCT_0042,ACCT_0007,9800,cash_deposit,2026-06-03 10:44:00,0
TXN_001476,FIR_0030,ACCT_0014,ACCT_0062,49000,NEFT,2026-07-28 08:37:00,1
TXN_001477,FIR_0013,ACCT_0080,ACCT_0066,49000,cash_deposit,2026-05-28 22:53:00,1
TXN_001478,FIR_0028,ACCT_0037,ACCT_0018,9800,IMPS,2026-03-06 14:28:00,0
TXN_001479,FIR_0010,ACCT_0020,ACCT_0013,5000,NEFT,2026-04-22 05:52:00,0
TXN_001480,FIR_0003,ACCT_0036,ACCT_0051,75000,UPI,2026-08-15 09:46:00,0
TXN_001481,FIR_0026,ACCT_0025,ACCT_0071,9800,IMPS,2026-03-01 09:23:00,0
TXN_001482,FIR_0028,ACCT_0076,ACCT_0062,24000,cash_deposit,2026-07-18 09:40:00,0
TXN_001483,FIR_0002,ACCT_0067,ACCT_0002,24000,cash_deposit,2026-01-27 19:22:00,0
TXN_001484,FIR_0011,ACCT_0003,ACCT_0073,9800,NEFT,2026-08-12 08:33:00,0
TXN_001485,FIR_0009,ACCT_0026,ACCT_0050,75000,UPI,2026-07-25 08:41:00,0
TXN_001486,FIR_0027,ACCT_0036,ACCT_0025,250000,IMPS,2026-06-15 11:31:00,0
TXN_001487,FIR_0007,ACCT_0053,ACCT_0017,125000,cash_deposit,2026-05-06 00:01:00,0
TXN_001488,FIR_0015,ACCT_0006,ACCT_0065,49000,IMPS,2026-07-28 14:05:00,1
TXN_001489,FIR_0021,ACCT_0056,ACCT_0072,5000,cash_deposit,2026-03-11 13:19:00,0
TXN_001490,FIR_0005,ACCT_0004,ACCT_0008,75000,cash_deposit,2026-05-14 15:49:00,0
TXN_001491,FIR_0025,ACCT_0079,ACCT_0031,9800,cash_deposit,2026-05-19 14:22:00,0
TXN_001492,FIR_0002,ACCT_0074,ACCT_0013,48000,cash_deposit,2026-01-05 12:08:00,1
TXN_001493,FIR_0008,ACCT_0059,ACCT_0005,125000,NEFT,2026-01-01 22:28:00,0
TXN_001494,FIR_0015,ACCT_0019,ACCT_0057,24000,cash_deposit,2026-01-07 08:58:00,0
TXN_001495,FIR_0002,ACCT_0032,ACCT_0069,250000,cash_deposit,2026-01-28 10:20:00,0
TXN_001496,FIR_0019,ACCT_0014,ACCT_0034,9800,NEFT,2026-07-08 03:34:00,0
TXN_001497,FIR_0002,ACCT_0026,ACCT_0077,48000,cash_deposit,2026-06-20 16:43:00,1
TXN_001498,FIR_0023,ACCT_0011,ACCT_0003,75000,UPI,2026-08-18 01:10:00,0
TXN_001499,FIR_0010,ACCT_0049,ACCT_0047,75000,NEFT,2026-07-27 19:44:00,0
TXN_001500,FIR_0014,ACCT_0014,ACCT_0059,48000,IMPS,2026-05-04 14:22:00,1
TXN_001501,FIR_0009,ACCT_0046,ACCT_0049,1200,NEFT,2026-01-04 19:09:00,0
TXN_001502,FIR_0024,ACCT_0047,ACCT_0079,1200,cash_deposit,2026-05-11 00:54:00,0
TXN_001503,FIR_0025,ACCT_0011,ACCT_0077,9800,cash_deposit,2026-05-11 19:48:00,0
TXN_001504,FIR_0016,ACCT_0016,ACCT_0057,49000,IMPS,2026-05-20 09:09:00,1
TXN_001505,FIR_0026,ACCT_0004,ACCT_0021,75000,cash_deposit,2026-04-28 20:23:00,0
TXN_001506,FIR_0004,ACCT_0039,ACCT_0052,49000,cash_deposit,2026-08-14 17:08:00,1
TXN_001507,FIR_0003,ACCT_0012,ACCT_0013,250000,IMPS,2026-02-26 11:37:00,0
TXN_001508,FIR_0018,ACCT_0059,ACCT_0037,49000,NEFT,2026-03-21 09:27:00,1
TXN_001509,FIR_0016,ACCT_0027,ACCT_0011,1200,UPI,2026-02-25 18:37:00,0
TXN_001510,FIR_0023,ACCT_0055,ACCT_0039,9800,IMPS,2026-04-13 00:29:00,0
TXN_001511,FIR_0021,ACCT_0011,ACCT_0014,24000,IMPS,2026-05-02 16:18:00,0
TXN_001512,FIR_0021,ACCT_0009,ACCT_0056,5000,IMPS,2026-08-20 03:19:00,0
TXN_001513,FIR_0020,ACCT_0070,ACCT_0048,5000,UPI,2026-06-29 05:35:00,0
TXN_001514,FIR_0022,ACCT_0077,ACCT_0060,250000,UPI,2026-08-14 21:20:00,0
TXN_001515,FIR_0024,ACCT_0003,ACCT_0013,125000,cash_deposit,2026-04-15 16:54:00,0
TXN_001516,FIR_0028,ACCT_0048,ACCT_0066,1200,IMPS,2026-06-06 23:08:00,0
TXN_001517,FIR_0021,ACCT_0017,ACCT_0008,250000,UPI,2026-05-13 21:58:00,0
TXN_001518,FIR_0022,ACCT_0055,ACCT_0061,48000,IMPS,2026-07-01 08:04:00,1
TXN_001519,FIR_0029,ACCT_0016,ACCT_0028,250000,NEFT,2026-05-24 23:42:00,0
TXN_001520,FIR_0013,ACCT_0062,ACCT_0012,49000,NEFT,2026-02-21 15:27:00,1
TXN_001521,FIR_0005,ACCT_0001,ACCT_0055,24000,UPI,2026-03-05 23:00:00,0
TXN_001522,FIR_0011,ACCT_0066,ACCT_0041,75000,cash_deposit,2026-07-27 17:00:00,0
TXN_001523,FIR_0015,ACCT_0021,ACCT_0032,49000,IMPS,2026-01-18 14:59:00,1
TXN_001524,FIR_0026,ACCT_0006,ACCT_0060,125000,cash_deposit,2026-04-23 16:12:00,0
TXN_001525,FIR_0005,ACCT_0047,ACCT_0030,125000,NEFT,2026-08-21 05:00:00,0
TXN_001526,FIR_0001,ACCT_0008,ACCT_0025,125000,cash_deposit,2026-02-28 15:19:00,0
TXN_001527,FIR_0001,ACCT_0076,ACCT_0050,250000,NEFT,2026-08-12 23:23:00,0
TXN_001528,FIR_0021,ACCT_0011,ACCT_0042,9800,IMPS,2026-07-31 12:49:00,0
TXN_001529,FIR_0006,ACCT_0041,ACCT_0040,250000,UPI,2026-08-14 11:57:00,0
TXN_001530,FIR_0004,ACCT_0065,ACCT_0078,9800,cash_deposit,2026-08-19 01:55:00,0
TXN_001531,FIR_0020,ACCT_0050,ACCT_0029,125000,cash_deposit,2026-08-10 14:38:00,0
TXN_001532,FIR_0012,ACCT_0009,ACCT_0042,24000,cash_deposit,2026-05-19 08:21:00,0
TXN_001533,FIR_0024,ACCT_0036,ACCT_0071,48000,IMPS,2026-07-03 22:58:00,1
TXN_001534,FIR_0002,ACCT_0055,ACCT_0016,9800,IMPS,2026-02-08 15:13:00,0
TXN_001535,FIR_0009,ACCT_0037,ACCT_0008,48000,NEFT,2026-04-02 10:55:00,1
TXN_001536,FIR_0013,ACCT_0052,ACCT_0031,9800,UPI,2026-07-08 05:59:00,0
TXN_001537,FIR_0002,ACCT_0074,ACCT_0070,75000,UPI,2026-08-14 20:27:00,0
TXN_001538,FIR_0014,ACCT_0049,ACCT_0057,49000,NEFT,2026-05-26 18:26:00,1
TXN_001539,FIR_0010,ACCT_0009,ACCT_0004,24000,NEFT,2026-08-03 22:39:00,0
TXN_001540,FIR_0030,ACCT_0052,ACCT_0078,250000,UPI,2026-08-05 15:20:00,0
TXN_001541,FIR_0014,ACCT_0074,ACCT_0073,250000,UPI,2026-05-02 16:32:00,0
TXN_001542,FIR_0002,ACCT_0058,ACCT_0050,1200,IMPS,2026-02-02 02:50:00,0
TXN_001543,FIR_0026,ACCT_0027,ACCT_0007,125000,UPI,2026-08-26 23:10:00,0
TXN_001544,FIR_0005,ACCT_0013,ACCT_0006,49000,UPI,2026-01-16 20:55:00,1
TXN_001545,FIR_0016,ACCT_0025,ACCT_0053,5000,NEFT,2026-04-03 23:32:00,0
TXN_001546,FIR_0013,ACCT_0027,ACCT_0025,75000,cash_deposit,2026-07-02 21:27:00,0
TXN_001547,FIR_0010,ACCT_0027,ACCT_0002,1200,UPI,2026-04-19 13:35:00,0
TXN_001548,FIR_0029,ACCT_0050,ACCT_0051,9800,cash_deposit,2026-04-21 01:03:00,0
TXN_001549,FIR_0013,ACCT_0055,ACCT_0053,24000,UPI,2026-05-08 19:12:00,0
TXN_001550,FIR_0003,ACCT_0036,ACCT_0011,75000,NEFT,2026-03-25 21:30:00,0
TXN_001551,FIR_0011,ACCT_0055,ACCT_0026,48000,UPI,2026-06-10 15:39:00,1
TXN_001552,FIR_0020,ACCT_0023,ACCT_0067,75000,IMPS,2026-07-11 16:42:00,0
TXN_001553,FIR_0018,ACCT_0046,ACCT_0012,5000,NEFT,2026-05-30 22:38:00,0
TXN_001554,FIR_0002,ACCT_0073,ACCT_0040,250000,UPI,2026-06-14 09:20:00,0
TXN_001555,FIR_0015,ACCT_0061,ACCT_0023,24000,cash_deposit,2026-01-09 01:17:00,0
TXN_001556,FIR_0023,ACCT_0049,ACCT_0010,49000,NEFT,2026-08-24 20:36:00,1
TXN_001557,FIR_0020,ACCT_0009,ACCT_0032,1200,cash_deposit,2026-05-26 10:06:00,0
TXN_001558,FIR_0018,ACCT_0031,ACCT_0073,125000,cash_deposit,2026-05-22 16:30:00,0
TXN_001559,FIR_0030,ACCT_0005,ACCT_0020,75000,IMPS,2026-07-04 07:02:00,0
TXN_001560,FIR_0019,ACCT_0070,ACCT_0012,49000,cash_deposit,2026-06-02 18:26:00,1
TXN_001561,FIR_0012,ACCT_0045,ACCT_0076,75000,UPI,2026-01-08 04:59:00,0
TXN_001562,FIR_0029,ACCT_0007,ACCT_0038,48000,UPI,2026-09-01 05:50:00,1
TXN_001563,FIR_0029,ACCT_0079,ACCT_0065,48000,UPI,2026-04-09 06:57:00,1
TXN_001564,FIR_0007,ACCT_0027,ACCT_0052,5000,cash_deposit,2026-03-20 12:33:00,0
TXN_001565,FIR_0022,ACCT_0027,ACCT_0004,48000,NEFT,2026-06-19 19:29:00,1
TXN_001566,FIR_0001,ACCT_0003,ACCT_0076,48000,UPI,2026-02-17 03:21:00,1
TXN_001567,FIR_0005,ACCT_0050,ACCT_0053,5000,cash_deposit,2026-07-03 14:06:00,0
TXN_001568,FIR_0027,ACCT_0022,ACCT_0067,9800,IMPS,2026-01-13 21:09:00,0
TXN_001569,FIR_0010,ACCT_0001,ACCT_0078,1200,UPI,2026-03-27 00:37:00,0
TXN_001570,FIR_0001,ACCT_0021,ACCT_0075,125000,cash_deposit,2026-04-04 02:05:00,0
TXN_001571,FIR_0019,ACCT_0025,ACCT_0026,49000,UPI,2026-04-04 19:48:00,1
TXN_001572,FIR_0016,ACCT_0028,ACCT_0015,48000,cash_deposit,2026-01-30 19:58:00,1
TXN_001573,FIR_0007,ACCT_0032,ACCT_0007,49000,UPI,2026-05-26 17:11:00,1
TXN_001574,FIR_0026,ACCT_0021,ACCT_0061,75000,cash_deposit,2026-05-26 23:07:00,0
TXN_001575,FIR_0023,ACCT_0068,ACCT_0036,75000,NEFT,2026-05-27 07:14:00,0
TXN_001576,FIR_0029,ACCT_0039,ACCT_0033,5000,UPI,2026-03-07 17:54:00,0
TXN_001577,FIR_0010,ACCT_0043,ACCT_0017,48000,cash_deposit,2026-01-08 12:40:00,1
TXN_001578,FIR_0008,ACCT_0018,ACCT_0048,9800,UPI,2026-03-23 13:18:00,0
TXN_001579,FIR_0012,ACCT_0012,ACCT_0058,1200,IMPS,2026-08-14 19:22:00,0
TXN_001580,FIR_0019,ACCT_0079,ACCT_0075,1200,cash_deposit,2026-01-29 12:39:00,0
TXN_001581,FIR_0007,ACCT_0006,ACCT_0052,75000,cash_deposit,2026-07-06 18:55:00,0
TXN_001582,FIR_0024,ACCT_0042,ACCT_0022,5000,IMPS,2026-03-12 20:50:00,0
TXN_001583,FIR_0001,ACCT_0065,ACCT_0078,1200,IMPS,2026-07-08 00:47:00,0
TXN_001584,FIR_0026,ACCT_0023,ACCT_0012,250000,cash_deposit,2026-01-27 13:06:00,0
TXN_001585,FIR_0029,ACCT_0069,ACCT_0007,75000,IMPS,2026-07-22 14:42:00,0
TXN_001586,FIR_0021,ACCT_0050,ACCT_0001,125000,cash_deposit,2026-02-03 00:43:00,0
TXN_001587,FIR_0016,ACCT_0032,ACCT_0040,1200,NEFT,2026-02-23 07:53:00,0
TXN_001588,FIR_0020,ACCT_0030,ACCT_0032,24000,IMPS,2026-02-17 10:06:00,0
TXN_001589,FIR_0011,ACCT_0018,ACCT_0056,1200,NEFT,2026-05-18 09:22:00,0
TXN_001590,FIR_0026,ACCT_0073,ACCT_0078,125000,cash_deposit,2026-07-10 22:28:00,0
TXN_001591,FIR_0028,ACCT_0043,ACCT_0035,24000,UPI,2026-07-03 16:52:00,0
TXN_001592,FIR_0001,ACCT_0033,ACCT_0047,24000,UPI,2026-04-26 00:25:00,0
TXN_001593,FIR_0016,ACCT_0050,ACCT_0068,49000,IMPS,2026-01-19 04:56:00,1
TXN_001594,FIR_0022,ACCT_0061,ACCT_0076,48000,NEFT,2026-07-23 20:05:00,1
TXN_001595,FIR_0013,ACCT_0080,ACCT_0036,75000,UPI,2026-06-20 20:31:00,0
TXN_001596,FIR_0018,ACCT_0010,ACCT_0036,5000,UPI,2026-01-13 06:11:00,0
TXN_001597,FIR_0019,ACCT_0066,ACCT_0045,24000,UPI,2026-06-13 07:45:00,0
TXN_001598,FIR_0018,ACCT_0055,ACCT_0049,250000,cash_deposit,2026-08-12 11:38:00,0
TXN_001599,FIR_0029,ACCT_0012,ACCT_0036,48000,cash_deposit,2026-01-26 17:04:00,1
TXN_001600,FIR_0001,ACCT_0042,ACCT_0043,5000,NEFT,2026-08-23 00:50:00,0
TXN_001601,FIR_0007,ACCT_0008,ACCT_0060,48000,NEFT,2026-08-30 07:10:00,1
TXN_001602,FIR_0015,ACCT_0036,ACCT_0011,250000,cash_deposit,2026-01-04 08:55:00,0
TXN_001603,FIR_0006,ACCT_0078,ACCT_0063,24000,UPI,2026-03-27 13:46:00,0
TXN_001604,FIR_0006,ACCT_0056,ACCT_0060,75000,cash_deposit,2026-06-05 22:56:00,0
TXN_001605,FIR_0027,ACCT_0061,ACCT_0072,24000,cash_deposit,2026-07-30 07:29:00,0
TXN_001606,FIR_0017,ACCT_0066,ACCT_0024,250000,UPI,2026-07-30 02:04:00,0
TXN_001607,FIR_0018,ACCT_0068,ACCT_0020,5000,IMPS,2026-06-25 09:28:00,0
TXN_001608,FIR_0022,ACCT_0057,ACCT_0001,250000,IMPS,2026-08-23 08:54:00,0
TXN_001609,FIR_0001,ACCT_0031,ACCT_0028,75000,cash_deposit,2026-04-21 07:40:00,0
TXN_001610,FIR_0028,ACCT_0023,ACCT_0008,1200,cash_deposit,2026-03-04 14:13:00,0
TXN_001611,FIR_0022,ACCT_0065,ACCT_0079,125000,NEFT,2026-08-23 13:00:00,0
TXN_001612,FIR_0004,ACCT_0038,ACCT_0007,48000,IMPS,2026-02-12 20:26:00,1
TXN_001613,FIR_0006,ACCT_0075,ACCT_0056,75000,IMPS,2026-04-12 20:19:00,0
TXN_001614,FIR_0018,ACCT_0025,ACCT_0020,75000,UPI,2026-03-23 13:07:00,0
TXN_001615,FIR_0003,ACCT_0012,ACCT_0044,5000,cash_deposit,2026-04-23 20:41:00,0
TXN_001616,FIR_0021,ACCT_0068,ACCT_0031,9800,UPI,2026-03-13 12:43:00,0
TXN_001617,FIR_0001,ACCT_0019,ACCT_0054,5000,cash_deposit,2026-03-15 16:00:00,0
TXN_001618,FIR_0002,ACCT_0080,ACCT_0036,250000,IMPS,2026-04-13 09:53:00,0
TXN_001619,FIR_0029,ACCT_0019,ACCT_0029,5000,IMPS,2026-04-10 04:03:00,0
TXN_001620,FIR_0010,ACCT_0078,ACCT_0059,250000,NEFT,2026-04-23 01:52:00,0
TXN_001621,FIR_0016,ACCT_0044,ACCT_0061,75000,UPI,2026-03-04 22:55:00,0
TXN_001622,FIR_0015,ACCT_0016,ACCT_0041,1200,cash_deposit,2026-05-29 23:33:00,0
TXN_001623,FIR_0015,ACCT_0024,ACCT_0034,48000,NEFT,2026-07-10 23:42:00,1
TXN_001624,FIR_0028,ACCT_0032,ACCT_0030,49000,cash_deposit,2026-03-12 18:33:00,1
TXN_001625,FIR_0006,ACCT_0004,ACCT_0051,125000,NEFT,2026-02-23 08:49:00,0
TXN_001626,FIR_0003,ACCT_0044,ACCT_0032,49000,IMPS,2026-02-12 22:56:00,1
TXN_001627,FIR_0023,ACCT_0047,ACCT_0006,75000,cash_deposit,2026-01-16 17:34:00,0
TXN_001628,FIR_0021,ACCT_0061,ACCT_0010,9800,cash_deposit,2026-03-30 15:34:00,0
TXN_001629,FIR_0022,ACCT_0019,ACCT_0074,24000,IMPS,2026-02-18 11:16:00,0
TXN_001630,FIR_0003,ACCT_0040,ACCT_0027,49000,UPI,2026-08-06 03:25:00,1
TXN_001631,FIR_0020,ACCT_0050,ACCT_0055,24000,IMPS,2026-03-05 12:00:00,0
TXN_001632,FIR_0005,ACCT_0077,ACCT_0053,5000,NEFT,2026-05-25 20:50:00,0
TXN_001633,FIR_0004,ACCT_0022,ACCT_0031,24000,NEFT,2026-05-19 20:53:00,0
TXN_001634,FIR_0011,ACCT_0008,ACCT_0056,48000,IMPS,2026-02-11 06:58:00,1
TXN_001635,FIR_0002,ACCT_0048,ACCT_0035,75000,NEFT,2026-03-05 04:19:00,0
TXN_001636,FIR_0024,ACCT_0066,ACCT_0080,48000,UPI,2026-03-20 02:53:00,1
TXN_001637,FIR_0004,ACCT_0027,ACCT_0078,5000,cash_deposit,2026-06-14 22:42:00,0
TXN_001638,FIR_0017,ACCT_0072,ACCT_0065,49000,NEFT,2026-04-06 14:48:00,1
TXN_001639,FIR_0005,ACCT_0077,ACCT_0071,24000,IMPS,2026-08-26 01:22:00,0
TXN_001640,FIR_0001,ACCT_0015,ACCT_0027,48000,cash_deposit,2026-04-21 02:34:00,1
TXN_001641,FIR_0020,ACCT_0035,ACCT_0073,9800,UPI,2026-01-08 02:30:00,0
TXN_001642,FIR_0015,ACCT_0025,ACCT_0044,1200,NEFT,2026-02-15 11:28:00,0
TXN_001643,FIR_0013,ACCT_0005,ACCT_0058,125000,NEFT,2026-05-31 23:44:00,0
TXN_001644,FIR_0013,ACCT_0024,ACCT_0014,5000,NEFT,2026-05-15 23:53:00,0
TXN_001645,FIR_0022,ACCT_0045,ACCT_0058,49000,cash_deposit,2026-05-01 21:02:00,1
TXN_001646,FIR_0012,ACCT_0040,ACCT_0072,250000,NEFT,2026-01-14 02:52:00,0
TXN_001647,FIR_0022,ACCT_0078,ACCT_0003,1200,IMPS,2026-03-10 11:01:00,0
TXN_001648,FIR_0009,ACCT_0031,ACCT_0013,5000,cash_deposit,2026-04-12 03:38:00,0
TXN_001649,FIR_0007,ACCT_0032,ACCT_0057,75000,NEFT,2026-04-04 01:57:00,0
TXN_001650,FIR_0010,ACCT_0053,ACCT_0017,49000,UPI,2026-04-04 17:21:00,1
TXN_001651,FIR_0015,ACCT_0021,ACCT_0037,5000,IMPS,2026-03-20 00:53:00,0
TXN_001652,FIR_0030,ACCT_0035,ACCT_0036,250000,NEFT,2026-04-18 21:34:00,0
TXN_001653,FIR_0027,ACCT_0011,ACCT_0034,9800,UPI,2026-03-12 18:57:00,0
TXN_001654,FIR_0005,ACCT_0007,ACCT_0032,250000,UPI,2026-02-17 05:46:00,0
TXN_001655,FIR_0013,ACCT_0015,ACCT_0057,125000,UPI,2026-02-17 11:46:00,0
TXN_001656,FIR_0009,ACCT_0050,ACCT_0076,48000,cash_deposit,2026-05-04 15:50:00,1
TXN_001657,FIR_0001,ACCT_0059,ACCT_0053,48000,NEFT,2026-03-04 04:34:00,1
TXN_001658,FIR_0015,ACCT_0053,ACCT_0017,75000,cash_deposit,2026-08-31 07:37:00,0
TXN_001659,FIR_0015,ACCT_0032,ACCT_0004,75000,NEFT,2026-05-29 10:33:00,0
TXN_001660,FIR_0001,ACCT_0019,ACCT_0068,5000,UPI,2026-06-18 18:03:00,0
TXN_001661,FIR_0030,ACCT_0066,ACCT_0061,250000,IMPS,2026-05-03 18:12:00,0
TXN_001662,FIR_0005,ACCT_0066,ACCT_0049,24000,IMPS,2026-08-19 04:29:00,0
TXN_001663,FIR_0006,ACCT_0074,ACCT_0048,49000,cash_deposit,2026-03-29 09:18:00,1
TXN_001664,FIR_0002,ACCT_0071,ACCT_0032,9800,UPI,2026-06-08 16:32:00,0
TXN_001665,FIR_0007,ACCT_0043,ACCT_0069,1200,NEFT,2026-02-05 12:57:00,0
TXN_001666,FIR_0001,ACCT_0045,ACCT_0039,48000,IMPS,2026-05-17 02:12:00,1
TXN_001667,FIR_0020,ACCT_0019,ACCT_0007,5000,UPI,2026-07-27 05:17:00,0
TXN_001668,FIR_0005,ACCT_0024,ACCT_0027,250000,UPI,2026-07-10 21:52:00,0
TXN_001669,FIR_0030,ACCT_0031,ACCT_0050,125000,NEFT,2026-05-26 01:18:00,0
TXN_001670,FIR_0014,ACCT_0040,ACCT_0023,1200,IMPS,2026-06-16 04:49:00,0
TXN_001671,FIR_0001,ACCT_0052,ACCT_0037,250000,NEFT,2026-07-31 16:19:00,0
TXN_001672,FIR_0027,ACCT_0052,ACCT_0009,1200,NEFT,2026-06-10 16:39:00,0
TXN_001673,FIR_0005,ACCT_0010,ACCT_0016,75000,IMPS,2026-02-21 09:11:00,0
TXN_001674,FIR_0009,ACCT_0005,ACCT_0069,9800,IMPS,2026-03-09 15:36:00,0
TXN_001675,FIR_0027,ACCT_0029,ACCT_0022,125000,NEFT,2026-07-14 20:46:00,0
TXN_001676,FIR_0018,ACCT_0022,ACCT_0023,9800,cash_deposit,2026-03-15 00:21:00,0
TXN_001677,FIR_0012,ACCT_0030,ACCT_0074,250000,UPI,2026-02-01 00:25:00,0
TXN_001678,FIR_0019,ACCT_0047,ACCT_0040,75000,NEFT,2026-01-20 08:17:00,0
TXN_001679,FIR_0025,ACCT_0024,ACCT_0065,49000,NEFT,2026-04-04 00:17:00,1
TXN_001680,FIR_0008,ACCT_0036,ACCT_0078,125000,cash_deposit,2026-07-29 15:11:00,0
TXN_001681,FIR_0002,ACCT_0059,ACCT_0070,75000,cash_deposit,2026-04-27 00:26:00,0
TXN_001682,FIR_0021,ACCT_0049,ACCT_0005,125000,cash_deposit,2026-02-09 15:08:00,0
TXN_001683,FIR_0022,ACCT_0005,ACCT_0062,1200,IMPS,2026-06-03 08:41:00,0
TXN_001684,FIR_0007,ACCT_0043,ACCT_0019,48000,IMPS,2026-05-25 10:45:00,1
TXN_001685,FIR_0002,ACCT_0076,ACCT_0011,125000,IMPS,2026-05-11 11:53:00,0
TXN_001686,FIR_0015,ACCT_0072,ACCT_0067,125000,IMPS,2026-02-03 01:05:00,0
TXN_001687,FIR_0028,ACCT_0053,ACCT_0030,24000,IMPS,2026-02-12 10:13:00,0
TXN_001688,FIR_0014,ACCT_0052,ACCT_0009,49000,UPI,2026-01-06 18:45:00,1
TXN_001689,FIR_0028,ACCT_0068,ACCT_0062,1200,IMPS,2026-06-21 12:41:00,0
TXN_001690,FIR_0005,ACCT_0063,ACCT_0024,48000,UPI,2026-07-12 21:03:00,1
TXN_001691,FIR_0001,ACCT_0008,ACCT_0025,125000,IMPS,2026-05-09 17:19:00,0
TXN_001692,FIR_0030,ACCT_0027,ACCT_0013,5000,UPI,2026-08-25 19:56:00,0
TXN_001693,FIR_0006,ACCT_0008,ACCT_0031,1200,cash_deposit,2026-08-28 02:59:00,0
TXN_001694,FIR_0026,ACCT_0032,ACCT_0041,48000,cash_deposit,2026-02-27 10:36:00,1
TXN_001695,FIR_0022,ACCT_0028,ACCT_0048,5000,cash_deposit,2026-01-13 17:30:00,0
TXN_001696,FIR_0013,ACCT_0008,ACCT_0056,125000,cash_deposit,2026-08-14 22:03:00,0
TXN_001697,FIR_0009,ACCT_0003,ACCT_0018,49000,NEFT,2026-06-24 09:54:00,1
TXN_001698,FIR_0006,ACCT_0007,ACCT_0042,9800,cash_deposit,2026-05-30 17:29:00,0
TXN_001699,FIR_0002,ACCT_0045,ACCT_0067,9800,cash_deposit,2026-06-07 05:38:00,0
TXN_001700,FIR_0022,ACCT_0055,ACCT_0078,48000,NEFT,2026-03-17 05:40:00,1
TXN_001701,FIR_0010,ACCT_0061,ACCT_0025,49000,IMPS,2026-06-25 20:44:00,1
TXN_001702,FIR_0018,ACCT_0014,ACCT_0012,75000,cash_deposit,2026-06-02 13:22:00,0
TXN_001703,FIR_0019,ACCT_0004,ACCT_0039,49000,cash_deposit,2026-06-10 13:06:00,1
TXN_001704,FIR_0015,ACCT_0024,ACCT_0064,1200,NEFT,2026-08-27 16:48:00,0
TXN_001705,FIR_0007,ACCT_0003,ACCT_0044,49000,UPI,2026-08-09 06:54:00,1
TXN_001706,FIR_0029,ACCT_0018,ACCT_0001,49000,cash_deposit,2026-07-14 07:00:00,1
TXN_001707,FIR_0012,ACCT_0076,ACCT_0063,24000,UPI,2026-02-07 09:31:00,0
TXN_001708,FIR_0029,ACCT_0068,ACCT_0037,125000,cash_deposit,2026-03-15 14:21:00,0
TXN_001709,FIR_0014,ACCT_0078,ACCT_0061,5000,UPI,2026-02-09 13:54:00,0
TXN_001710,FIR_0018,ACCT_0015,ACCT_0066,75000,IMPS,2026-03-16 16:51:00,0
TXN_001711,FIR_0015,ACCT_0080,ACCT_0048,49000,UPI,2026-02-02 05:04:00,1
TXN_001712,FIR_0024,ACCT_0035,ACCT_0013,49000,NEFT,2026-04-17 14:41:00,1
TXN_001713,FIR_0028,ACCT_0042,ACCT_0025,9800,cash_deposit,2026-03-27 08:49:00,0
TXN_001714,FIR_0001,ACCT_0010,ACCT_0047,49000,cash_deposit,2026-08-19 14:44:00,1
TXN_001715,FIR_0010,ACCT_0013,ACCT_0058,125000,cash_deposit,2026-03-05 16:10:00,0
TXN_001716,FIR_0016,ACCT_0045,ACCT_0055,1200,cash_deposit,2026-04-29 17:23:00,0
TXN_001717,FIR_0020,ACCT_0073,ACCT_0060,48000,IMPS,2026-02-19 05:50:00,1
TXN_001718,FIR_0022,ACCT_0010,ACCT_0032,5000,cash_deposit,2026-05-04 15:59:00,0
TXN_001719,FIR_0012,ACCT_0027,ACCT_0044,250000,UPI,2026-02-11 01:25:00,0
TXN_001720,FIR_0009,ACCT_0023,ACCT_0076,75000,UPI,2026-02-27 17:28:00,0
TXN_001721,FIR_0024,ACCT_0071,ACCT_0040,250000,IMPS,2026-03-20 01:19:00,0
TXN_001722,FIR_0017,ACCT_0012,ACCT_0077,48000,IMPS,2026-08-22 19:47:00,1
TXN_001723,FIR_0006,ACCT_0034,ACCT_0069,9800,cash_deposit,2026-05-15 07:42:00,0
TXN_001724,FIR_0004,ACCT_0046,ACCT_0019,9800,IMPS,2026-05-25 06:31:00,0
TXN_001725,FIR_0005,ACCT_0014,ACCT_0042,48000,NEFT,2026-06-13 23:49:00,1
TXN_001726,FIR_0008,ACCT_0032,ACCT_0065,125000,IMPS,2026-06-29 05:12:00,0
TXN_001727,FIR_0028,ACCT_0011,ACCT_0049,5000,cash_deposit,2026-03-15 09:52:00,0
TXN_001728,FIR_0025,ACCT_0020,ACCT_0050,250000,UPI,2026-06-14 22:17:00,0
TXN_001729,FIR_0024,ACCT_0068,ACCT_0048,250000,UPI,2026-04-06 13:43:00,0
TXN_001730,FIR_0023,ACCT_0053,ACCT_0003,9800,UPI,2026-05-14 19:19:00,0
TXN_001731,FIR_0009,ACCT_0005,ACCT_0042,1200,IMPS,2026-01-05 23:38:00,0
TXN_001732,FIR_0019,ACCT_0068,ACCT_0066,24000,IMPS,2026-07-24 03:33:00,0
TXN_001733,FIR_0013,ACCT_0014,ACCT_0019,9800,IMPS,2026-04-05 22:36:00,0
TXN_001734,FIR_0022,ACCT_0024,ACCT_0057,24000,IMPS,2026-01-08 02:51:00,0
TXN_001735,FIR_0013,ACCT_0017,ACCT_0065,250000,UPI,2026-07-31 15:02:00,0
TXN_001736,FIR_0006,ACCT_0077,ACCT_0036,125000,NEFT,2026-01-22 18:03:00,0
TXN_001737,FIR_0022,ACCT_0050,ACCT_0033,125000,NEFT,2026-02-17 02:31:00,0
TXN_001738,FIR_0024,ACCT_0039,ACCT_0056,49000,NEFT,2026-07-08 02:53:00,1
TXN_001739,FIR_0020,ACCT_0064,ACCT_0073,1200,UPI,2026-07-26 04:18:00,0
TXN_001740,FIR_0013,ACCT_0067,ACCT_0073,49000,IMPS,2026-05-24 11:36:00,1
TXN_001741,FIR_0010,ACCT_0007,ACCT_0052,5000,cash_deposit,2026-02-09 13:35:00,0
TXN_001742,FIR_0009,ACCT_0003,ACCT_0015,125000,IMPS,2026-01-27 07:23:00,0
TXN_001743,FIR_0027,ACCT_0058,ACCT_0063,9800,NEFT,2026-05-19 04:31:00,0
TXN_001744,FIR_0008,ACCT_0037,ACCT_0019,49000,IMPS,2026-05-05 06:32:00,1
TXN_001745,FIR_0002,ACCT_0016,ACCT_0030,5000,cash_deposit,2026-06-23 17:31:00,0
TXN_001746,FIR_0024,ACCT_0049,ACCT_0045,5000,UPI,2026-05-05 00:22:00,0
TXN_001747,FIR_0028,ACCT_0041,ACCT_0053,250000,cash_deposit,2026-09-01 08:30:00,0
TXN_001748,FIR_0019,ACCT_0056,ACCT_0079,5000,NEFT,2026-04-18 17:10:00,0
TXN_001749,FIR_0007,ACCT_0050,ACCT_0020,250000,NEFT,2026-07-22 09:09:00,0
TXN_001750,FIR_0024,ACCT_0004,ACCT_0065,49000,cash_deposit,2026-07-23 17:48:00,1
TXN_001751,FIR_0011,ACCT_0039,ACCT_0070,250000,IMPS,2026-02-13 13:01:00,0
TXN_001752,FIR_0030,ACCT_0035,ACCT_0041,75000,NEFT,2026-04-01 18:08:00,0
TXN_001753,FIR_0002,ACCT_0007,ACCT_0042,125000,UPI,2026-06-12 18:20:00,0
TXN_001754,FIR_0022,ACCT_0070,ACCT_0067,5000,IMPS,2026-07-27 09:37:00,0
TXN_001755,FIR_0018,ACCT_0044,ACCT_0061,24000,NEFT,2026-06-20 05:23:00,0
TXN_001756,FIR_0008,ACCT_0062,ACCT_0042,5000,cash_deposit,2026-02-13 23:25:00,0
TXN_001757,FIR_0005,ACCT_0059,ACCT_0004,24000,IMPS,2026-07-27 13:15:00,0
TXN_001758,FIR_0009,ACCT_0059,ACCT_0016,125000,UPI,2026-05-20 09:49:00,0
TXN_001759,FIR_0001,ACCT_0066,ACCT_0028,1200,IMPS,2026-01-12 09:16:00,0
TXN_001760,FIR_0005,ACCT_0025,ACCT_0026,5000,NEFT,2026-05-01 09:40:00,0
TXN_001761,FIR_0003,ACCT_0038,ACCT_0073,48000,cash_deposit,2026-08-01 17:32:00,1
TXN_001762,FIR_0026,ACCT_0001,ACCT_0073,24000,cash_deposit,2026-04-19 19:51:00,0
TXN_001763,FIR_0003,ACCT_0015,ACCT_0061,250000,UPI,2026-05-21 16:54:00,0
TXN_001764,FIR_0014,ACCT_0071,ACCT_0058,5000,UPI,2026-03-19 16:07:00,0
TXN_001765,FIR_0027,ACCT_0023,ACCT_0075,24000,NEFT,2026-01-28 11:43:00,0
TXN_001766,FIR_0027,ACCT_0005,ACCT_0054,48000,cash_deposit,2026-01-30 12:20:00,1
TXN_001767,FIR_0004,ACCT_0031,ACCT_0020,250000,NEFT,2026-02-19 08:13:00,0
TXN_001768,FIR_0017,ACCT_0032,ACCT_0017,9800,IMPS,2026-04-28 12:08:00,0
TXN_001769,FIR_0024,ACCT_0066,ACCT_0062,49000,cash_deposit,2026-07-19 00:13:00,1
TXN_001770,FIR_0005,ACCT_0005,ACCT_0032,48000,IMPS,2026-01-31 21:39:00,1
TXN_001771,FIR_0013,ACCT_0023,ACCT_0030,1200,IMPS,2026-01-08 06:44:00,0
TXN_001772,FIR_0015,ACCT_0038,ACCT_0057,5000,NEFT,2026-02-26 11:20:00,0
TXN_001773,FIR_0004,ACCT_0059,ACCT_0012,75000,cash_deposit,2026-04-09 03:57:00,0
TXN_001774,FIR_0024,ACCT_0078,ACCT_0046,48000,NEFT,2026-01-06 20:42:00,1
TXN_001775,FIR_0019,ACCT_0032,ACCT_0039,250000,NEFT,2026-02-27 04:37:00,0
TXN_001776,FIR_0023,ACCT_0023,ACCT_0049,250000,UPI,2026-01-04 09:31:00,0
TXN_001777,FIR_0012,ACCT_0054,ACCT_0018,24000,IMPS,2026-06-17 08:09:00,0
TXN_001778,FIR_0002,ACCT_0012,ACCT_0058,125000,UPI,2026-03-23 22:42:00,0
TXN_001779,FIR_0008,ACCT_0030,ACCT_0036,48000,NEFT,2026-05-28 02:55:00,1
TXN_001780,FIR_0006,ACCT_0062,ACCT_0014,48000,NEFT,2026-01-08 09:16:00,1
TXN_001781,FIR_0006,ACCT_0071,ACCT_0039,125000,NEFT,2026-06-29 21:19:00,0
TXN_001782,FIR_0029,ACCT_0008,ACCT_0076,1200,cash_deposit,2026-06-22 15:20:00,0
TXN_001783,FIR_0021,ACCT_0043,ACCT_0044,250000,IMPS,2026-08-01 01:52:00,0
TXN_001784,FIR_0011,ACCT_0048,ACCT_0056,75000,cash_deposit,2026-04-09 12:51:00,0
TXN_001785,FIR_0006,ACCT_0062,ACCT_0053,1200,UPI,2026-04-08 20:00:00,0
TXN_001786,FIR_0023,ACCT_0013,ACCT_0057,49000,IMPS,2026-02-09 13:30:00,1
TXN_001787,FIR_0001,ACCT_0015,ACCT_0052,125000,IMPS,2026-08-28 00:16:00,0
TXN_001788,FIR_0016,ACCT_0021,ACCT_0056,49000,IMPS,2026-02-01 12:42:00,1
TXN_001789,FIR_0009,ACCT_0003,ACCT_0058,75000,cash_deposit,2026-07-19 06:43:00,0
TXN_001790,FIR_0006,ACCT_0017,ACCT_0046,24000,NEFT,2026-03-12 04:03:00,0
TXN_001791,FIR_0005,ACCT_0005,ACCT_0076,250000,UPI,2026-01-12 08:55:00,0
TXN_001792,FIR_0025,ACCT_0044,ACCT_0022,125000,IMPS,2026-04-07 02:20:00,0
TXN_001793,FIR_0028,ACCT_0038,ACCT_0036,9800,UPI,2026-04-09 01:51:00,0
TXN_001794,FIR_0001,ACCT_0040,ACCT_0075,250000,UPI,2026-08-13 23:19:00,0
TXN_001795,FIR_0024,ACCT_0053,ACCT_0021,9800,UPI,2026-07-13 03:45:00,0
TXN_001796,FIR_0005,ACCT_0022,ACCT_0023,48000,UPI,2026-02-05 22:29:00,1
TXN_001797,FIR_0017,ACCT_0073,ACCT_0044,24000,IMPS,2026-08-24 08:56:00,0
TXN_001798,FIR_0015,ACCT_0053,ACCT_0035,250000,UPI,2026-08-21 05:11:00,0
TXN_001799,FIR_0003,ACCT_0021,ACCT_0070,125000,IMPS,2026-07-19 14:05:00,0
TXN_001800,FIR_0018,ACCT_0009,ACCT_0051,24000,cash_deposit,2026-03-25 12:44:00,0
TXN_001801,FIR_0023,ACCT_0049,ACCT_0035,250000,UPI,2026-02-17 23:36:00,0
TXN_001802,FIR_0011,ACCT_0028,ACCT_0012,75000,NEFT,2026-07-28 08:15:00,0
TXN_001803,FIR_0027,ACCT_0002,ACCT_0063,48000,IMPS,2026-01-24 18:38:00,1
TXN_001804,FIR_0012,ACCT_0066,ACCT_0068,24000,NEFT,2026-07-03 23:18:00,0
TXN_001805,FIR_0012,ACCT_0046,ACCT_0056,24000,NEFT,2026-04-29 19:32:00,0
TXN_001806,FIR_0001,ACCT_0015,ACCT_0039,49000,IMPS,2026-05-07 02:49:00,1
TXN_001807,FIR_0024,ACCT_0042,ACCT_0009,75000,cash_deposit,2026-05-08 13:19:00,0
TXN_001808,FIR_0003,ACCT_0054,ACCT_0016,125000,IMPS,2026-07-10 17:55:00,0
TXN_001809,FIR_0018,ACCT_0036,ACCT_0002,250000,UPI,2026-03-17 14:32:00,0
TXN_001810,FIR_0001,ACCT_0031,ACCT_0046,48000,IMPS,2026-01-29 00:13:00,1
TXN_001811,FIR_0029,ACCT_0077,ACCT_0022,48000,cash_deposit,2026-07-19 00:29:00,1
TXN_001812,FIR_0013,ACCT_0032,ACCT_0055,49000,UPI,2026-06-27 19:20:00,1
TXN_001813,FIR_0020,ACCT_0013,ACCT_0054,1200,cash_deposit,2026-05-28 02:32:00,0
TXN_001814,FIR_0029,ACCT_0080,ACCT_0072,9800,UPI,2026-06-03 08:50:00,0
TXN_001815,FIR_0002,ACCT_0018,ACCT_0034,49000,NEFT,2026-08-04 17:05:00,1
TXN_001816,FIR_0011,ACCT_0016,ACCT_0019,125000,IMPS,2026-06-02 08:18:00,0
TXN_001817,FIR_0002,ACCT_0051,ACCT_0049,49000,UPI,2026-07-31 05:07:00,1
TXN_001818,FIR_0018,ACCT_0036,ACCT_0068,48000,NEFT,2026-08-11 13:27:00,1
TXN_001819,FIR_0009,ACCT_0049,ACCT_0013,9800,NEFT,2026-02-01 15:03:00,0
TXN_001820,FIR_0029,ACCT_0009,ACCT_0006,9800,NEFT,2026-03-28 21:37:00,0
TXN_001821,FIR_0025,ACCT_0009,ACCT_0063,125000,NEFT,2026-02-27 21:20:00,0
TXN_001822,FIR_0013,ACCT_0031,ACCT_0020,49000,cash_deposit,2026-07-21 03:28:00,1
TXN_001823,FIR_0023,ACCT_0052,ACCT_0001,9800,cash_deposit,2026-03-28 00:32:00,0
TXN_001824,FIR_0005,ACCT_0006,ACCT_0011,1200,NEFT,2026-08-11 10:07:00,0
TXN_001825,FIR_0026,ACCT_0063,ACCT_0040,1200,UPI,2026-06-15 14:11:00,0
TXN_001826,FIR_0015,ACCT_0050,ACCT_0055,1200,cash_deposit,2026-07-23 07:29:00,0
TXN_001827,FIR_0019,ACCT_0061,ACCT_0035,24000,cash_deposit,2026-07-13 08:59:00,0
TXN_001828,FIR_0026,ACCT_0020,ACCT_0052,48000,UPI,2026-06-05 14:38:00,1
TXN_001829,FIR_0014,ACCT_0066,ACCT_0072,48000,IMPS,2026-01-14 06:39:00,1
TXN_001830,FIR_0024,ACCT_0061,ACCT_0020,250000,IMPS,2026-02-18 07:46:00,0
TXN_001831,FIR_0016,ACCT_0022,ACCT_0071,75000,UPI,2026-07-30 18:43:00,0
TXN_001832,FIR_0017,ACCT_0018,ACCT_0041,1200,NEFT,2026-02-01 22:31:00,0
TXN_001833,FIR_0016,ACCT_0005,ACCT_0035,5000,IMPS,2026-03-14 01:26:00,0
TXN_001834,FIR_0021,ACCT_0075,ACCT_0026,5000,NEFT,2026-07-02 05:57:00,0
TXN_001835,FIR_0030,ACCT_0019,ACCT_0030,5000,IMPS,2026-07-13 07:18:00,0
TXN_001836,FIR_0003,ACCT_0074,ACCT_0042,75000,IMPS,2026-05-31 07:54:00,0
TXN_001837,FIR_0022,ACCT_0005,ACCT_0006,75000,IMPS,2026-03-28 23:58:00,0
TXN_001838,FIR_0013,ACCT_0069,ACCT_0043,9800,IMPS,2026-02-28 10:57:00,0
TXN_001839,FIR_0017,ACCT_0076,ACCT_0008,1200,UPI,2026-08-24 07:13:00,0
TXN_001840,FIR_0006,ACCT_0035,ACCT_0026,48000,IMPS,2026-08-06 08:07:00,1
TXN_001841,FIR_0015,ACCT_0057,ACCT_0005,9800,UPI,2026-07-30 09:04:00,0
TXN_001842,FIR_0015,ACCT_0020,ACCT_0037,75000,NEFT,2026-04-30 14:53:00,0
TXN_001843,FIR_0005,ACCT_0060,ACCT_0033,24000,NEFT,2026-06-21 11:35:00,0
TXN_001844,FIR_0024,ACCT_0043,ACCT_0061,49000,cash_deposit,2026-01-06 14:35:00,1
TXN_001845,FIR_0002,ACCT_0068,ACCT_0005,250000,NEFT,2026-02-26 03:34:00,0
TXN_001846,FIR_0005,ACCT_0014,ACCT_0041,125000,cash_deposit,2026-03-02 05:54:00,0
TXN_001847,FIR_0013,ACCT_0064,ACCT_0073,250000,UPI,2026-07-19 15:16:00,0
TXN_001848,FIR_0005,ACCT_0050,ACCT_0028,1200,NEFT,2026-01-08 06:11:00,0
TXN_001849,FIR_0007,ACCT_0030,ACCT_0037,125000,NEFT,2026-06-20 22:12:00,0
TXN_001850,FIR_0017,ACCT_0016,ACCT_0026,250000,UPI,2026-06-04 03:15:00,0
TXN_001851,FIR_0007,ACCT_0024,ACCT_0040,125000,IMPS,2026-02-27 05:49:00,0
TXN_001852,FIR_0002,ACCT_0041,ACCT_0051,75000,cash_deposit,2026-04-01 07:52:00,0
TXN_001853,FIR_0002,ACCT_0077,ACCT_0079,24000,NEFT,2026-07-29 23:05:00,0
TXN_001854,FIR_0003,ACCT_0059,ACCT_0023,5000,NEFT,2026-01-17 17:23:00,0
TXN_001855,FIR_0005,ACCT_0077,ACCT_0052,5000,NEFT,2026-07-08 13:36:00,0
TXN_001856,FIR_0018,ACCT_0048,ACCT_0013,1200,NEFT,2026-05-25 22:03:00,0
TXN_001857,FIR_0027,ACCT_0049,ACCT_0002,1200,NEFT,2026-01-16 21:47:00,0
TXN_001858,FIR_0015,ACCT_0011,ACCT_0007,49000,NEFT,2026-06-06 01:19:00,1
TXN_001859,FIR_0030,ACCT_0034,ACCT_0031,250000,IMPS,2026-03-12 09:12:00,0
TXN_001860,FIR_0007,ACCT_0071,ACCT_0054,5000,UPI,2026-05-01 23:30:00,0
TXN_001861,FIR_0025,ACCT_0021,ACCT_0027,250000,NEFT,2026-04-23 16:16:00,0
TXN_001862,FIR_0019,ACCT_0021,ACCT_0066,48000,NEFT,2026-04-03 11:07:00,1
TXN_001863,FIR_0010,ACCT_0077,ACCT_0070,48000,cash_deposit,2026-02-10 18:23:00,1
TXN_001864,FIR_0022,ACCT_0067,ACCT_0073,5000,NEFT,2026-05-07 16:14:00,0
TXN_001865,FIR_0021,ACCT_0030,ACCT_0058,48000,NEFT,2026-04-06 06:24:00,1
TXN_001866,FIR_0004,ACCT_0069,ACCT_0007,49000,NEFT,2026-05-05 16:31:00,1
TXN_001867,FIR_0026,ACCT_0045,ACCT_0050,125000,cash_deposit,2026-01-14 20:20:00,0
TXN_001868,FIR_0025,ACCT_0014,ACCT_0054,48000,NEFT,2026-03-14 02:59:00,1
TXN_001869,FIR_0003,ACCT_0044,ACCT_0067,24000,cash_deposit,2026-08-14 10:35:00,0
TXN_001870,FIR_0007,ACCT_0036,ACCT_0058,49000,IMPS,2026-05-17 06:30:00,1
TXN_001871,FIR_0016,ACCT_0022,ACCT_0018,5000,NEFT,2026-04-14 15:11:00,0
TXN_001872,FIR_0025,ACCT_0058,ACCT_0050,48000,IMPS,2026-01-05 08:55:00,1
TXN_001873,FIR_0027,ACCT_0039,ACCT_0020,125000,IMPS,2026-04-07 21:39:00,0
TXN_001874,FIR_0022,ACCT_0006,ACCT_0070,9800,IMPS,2026-07-09 12:46:00,0
TXN_001875,FIR_0002,ACCT_0029,ACCT_0005,24000,IMPS,2026-07-14 10:37:00,0
TXN_001876,FIR_0009,ACCT_0036,ACCT_0072,75000,UPI,2026-01-03 11:52:00,0
TXN_001877,FIR_0023,ACCT_0012,ACCT_0045,49000,IMPS,2026-02-24 05:54:00,1
TXN_001878,FIR_0013,ACCT_0037,ACCT_0033,250000,NEFT,2026-05-05 00:09:00,0
TXN_001879,FIR_0017,ACCT_0032,ACCT_0048,1200,cash_deposit,2026-04-04 23:39:00,0
TXN_001880,FIR_0011,ACCT_0040,ACCT_0018,1200,UPI,2026-06-30 15:23:00,0
TXN_001881,FIR_0019,ACCT_0065,ACCT_0019,125000,cash_deposit,2026-05-21 09:17:00,0
TXN_001882,FIR_0015,ACCT_0045,ACCT_0037,75000,cash_deposit,2026-06-07 23:10:00,0
TXN_001883,FIR_0027,ACCT_0053,ACCT_0008,75000,cash_deposit,2026-08-09 12:42:00,0
TXN_001884,FIR_0030,ACCT_0005,ACCT_0028,250000,NEFT,2026-03-28 01:47:00,0
TXN_001885,FIR_0008,ACCT_0071,ACCT_0042,1200,IMPS,2026-04-23 21:02:00,0
TXN_001886,FIR_0002,ACCT_0002,ACCT_0001,5000,IMPS,2026-02-04 02:33:00,0
TXN_001887,FIR_0013,ACCT_0079,ACCT_0076,125000,UPI,2026-04-23 08:59:00,0
TXN_001888,FIR_0027,ACCT_0033,ACCT_0012,125000,cash_deposit,2026-05-03 08:58:00,0
TXN_001889,FIR_0027,ACCT_0038,ACCT_0012,125000,IMPS,2026-05-22 11:14:00,0
TXN_001890,FIR_0030,ACCT_0010,ACCT_0070,49000,cash_deposit,2026-06-12 23:04:00,1
TXN_001891,FIR_0020,ACCT_0075,ACCT_0001,24000,cash_deposit,2026-06-29 08:04:00,0
TXN_001892,FIR_0015,ACCT_0045,ACCT_0043,75000,cash_deposit,2026-02-07 14:49:00,0
TXN_001893,FIR_0003,ACCT_0035,ACCT_0024,9800,IMPS,2026-04-10 04:03:00,0
TXN_001894,FIR_0008,ACCT_0068,ACCT_0069,9800,UPI,2026-02-26 22:51:00,0
TXN_001895,FIR_0011,ACCT_0011,ACCT_0010,5000,cash_deposit,2026-07-15 09:46:00,0
TXN_001896,FIR_0030,ACCT_0039,ACCT_0001,125000,NEFT,2026-01-17 21:08:00,0
TXN_001897,FIR_0029,ACCT_0048,ACCT_0026,24000,UPI,2026-08-13 17:54:00,0
TXN_001898,FIR_0017,ACCT_0022,ACCT_0070,9800,cash_deposit,2026-05-29 08:28:00,0
TXN_001899,FIR_0011,ACCT_0063,ACCT_0044,49000,NEFT,2026-05-16 01:06:00,1
TXN_001900,FIR_0007,ACCT_0009,ACCT_0028,5000,NEFT,2026-04-02 12:35:00,0
TXN_001901,FIR_0015,ACCT_0058,ACCT_0038,48000,IMPS,2026-07-19 13:30:00,1
TXN_001902,FIR_0016,ACCT_0038,ACCT_0040,49000,IMPS,2026-02-12 16:35:00,1
TXN_001903,FIR_0004,ACCT_0043,ACCT_0060,5000,NEFT,2026-08-17 14:01:00,0
TXN_001904,FIR_0009,ACCT_0069,ACCT_0075,49000,IMPS,2026-05-31 12:16:00,1
TXN_001905,FIR_0011,ACCT_0008,ACCT_0029,250000,UPI,2026-04-30 06:29:00,0
TXN_001906,FIR_0004,ACCT_0043,ACCT_0066,75000,cash_deposit,2026-05-07 11:00:00,0
TXN_001907,FIR_0010,ACCT_0041,ACCT_0007,24000,IMPS,2026-04-29 08:21:00,0
TXN_001908,FIR_0030,ACCT_0024,ACCT_0014,24000,NEFT,2026-07-27 05:00:00,0
TXN_001909,FIR_0004,ACCT_0065,ACCT_0070,125000,NEFT,2026-02-19 19:36:00,0
TXN_001910,FIR_0025,ACCT_0054,ACCT_0013,125000,cash_deposit,2026-02-27 17:11:00,0
TXN_001911,FIR_0012,ACCT_0075,ACCT_0054,5000,cash_deposit,2026-06-19 10:47:00,0
TXN_001912,FIR_0006,ACCT_0016,ACCT_0013,48000,cash_deposit,2026-02-18 22:56:00,1
TXN_001913,FIR_0029,ACCT_0040,ACCT_0075,5000,NEFT,2026-01-10 10:58:00,0
TXN_001914,FIR_0002,ACCT_0071,ACCT_0026,9800,cash_deposit,2026-08-25 11:27:00,0
TXN_001915,FIR_0006,ACCT_0046,ACCT_0047,250000,cash_deposit,2026-03-15 15:48:00,0
TXN_001916,FIR_0008,ACCT_0034,ACCT_0005,24000,IMPS,2026-04-22 02:35:00,0
TXN_001917,FIR_0009,ACCT_0037,ACCT_0040,49000,IMPS,2026-06-08 23:33:00,1
TXN_001918,FIR_0005,ACCT_0020,ACCT_0071,5000,cash_deposit,2026-01-29 06:58:00,0
TXN_001919,FIR_0023,ACCT_0039,ACCT_0012,75000,cash_deposit,2026-03-03 19:45:00,0
TXN_001920,FIR_0026,ACCT_0038,ACCT_0005,5000,cash_deposit,2026-04-24 07:23:00,0
TXN_001921,FIR_0019,ACCT_0032,ACCT_0036,75000,UPI,2026-02-05 07:57:00,0
TXN_001922,FIR_0025,ACCT_0048,ACCT_0059,24000,UPI,2026-05-08 20:29:00,0
TXN_001923,FIR_0014,ACCT_0061,ACCT_0013,75000,cash_deposit,2026-01-07 03:02:00,0
TXN_001924,FIR_0013,ACCT_0048,ACCT_0020,24000,NEFT,2026-03-02 02:47:00,0
TXN_001925,FIR_0029,ACCT_0075,ACCT_0022,250000,NEFT,2026-03-14 19:06:00,0
TXN_001926,FIR_0023,ACCT_0071,ACCT_0060,5000,NEFT,2026-01-13 08:34:00,0
TXN_001927,FIR_0015,ACCT_0048,ACCT_0074,75000,UPI,2026-04-09 19:53:00,0
TXN_001928,FIR_0017,ACCT_0011,ACCT_0032,125000,UPI,2026-07-18 21:38:00,0
TXN_001929,FIR_0026,ACCT_0022,ACCT_0061,9800,NEFT,2026-01-09 03:39:00,0
TXN_001930,FIR_0013,ACCT_0063,ACCT_0062,1200,cash_deposit,2026-04-04 20:58:00,0
TXN_001931,FIR_0018,ACCT_0059,ACCT_0009,48000,NEFT,2026-03-28 19:25:00,1
TXN_001932,FIR_0023,ACCT_0039,ACCT_0052,48000,cash_deposit,2026-06-30 03:25:00,1
TXN_001933,FIR_0013,ACCT_0067,ACCT_0069,5000,NEFT,2026-03-21 03:43:00,0
TXN_001934,FIR_0001,ACCT_0002,ACCT_0030,24000,IMPS,2026-04-17 19:58:00,0
TXN_001935,FIR_0005,ACCT_0059,ACCT_0070,75000,UPI,2026-05-06 15:42:00,0
TXN_001936,FIR_0022,ACCT_0058,ACCT_0055,5000,IMPS,2026-03-15 18:41:00,0
TXN_001937,FIR_0030,ACCT_0031,ACCT_0024,5000,UPI,2026-03-07 13:04:00,0
TXN_001938,FIR_0020,ACCT_0045,ACCT_0007,75000,UPI,2026-03-28 10:29:00,0
TXN_001939,FIR_0025,ACCT_0020,ACCT_0028,48000,NEFT,2026-08-27 10:04:00,1
TXN_001940,FIR_0001,ACCT_0064,ACCT_0025,5000,UPI,2026-05-25 22:43:00,0
TXN_001941,FIR_0026,ACCT_0017,ACCT_0044,75000,UPI,2026-03-28 15:40:00,0
TXN_001942,FIR_0023,ACCT_0055,ACCT_0004,75000,cash_deposit,2026-04-10 14:30:00,0
TXN_001943,FIR_0006,ACCT_0012,ACCT_0014,1200,UPI,2026-04-16 19:03:00,0
TXN_001944,FIR_0030,ACCT_0028,ACCT_0051,1200,UPI,2026-04-18 05:58:00,0
TXN_001945,FIR_0012,ACCT_0055,ACCT_0056,9800,NEFT,2026-02-03 10:32:00,0
TXN_001946,FIR_0027,ACCT_0051,ACCT_0026,48000,cash_deposit,2026-03-12 23:11:00,1
TXN_001947,FIR_0008,ACCT_0016,ACCT_0043,49000,UPI,2026-06-27 21:21:00,1
TXN_001948,FIR_0011,ACCT_0029,ACCT_0019,250000,NEFT,2026-05-11 22:50:00,0
TXN_001949,FIR_0014,ACCT_0072,ACCT_0040,49000,IMPS,2026-01-16 23:58:00,1
TXN_001950,FIR_0002,ACCT_0011,ACCT_0007,125000,cash_deposit,2026-01-28 09:17:00,0
TXN_001951,FIR_0010,ACCT_0036,ACCT_0067,250000,IMPS,2026-01-22 20:09:00,0
TXN_001952,FIR_0018,ACCT_0017,ACCT_0062,75000,UPI,2026-06-14 02:29:00,0
TXN_001953,FIR_0003,ACCT_0056,ACCT_0028,250000,IMPS,2026-03-21 23:31:00,0
TXN_001954,FIR_0013,ACCT_0062,ACCT_0077,48000,IMPS,2026-08-05 22:05:00,1
TXN_001955,FIR_0020,ACCT_0077,ACCT_0033,9800,IMPS,2026-02-22 03:36:00,0
TXN_001956,FIR_0019,ACCT_0052,ACCT_0045,125000,cash_deposit,2026-04-06 00:23:00,0
TXN_001957,FIR_0002,ACCT_0046,ACCT_0003,9800,cash_deposit,2026-04-13 21:27:00,0
TXN_001958,FIR_0017,ACCT_0028,ACCT_0007,9800,UPI,2026-01-05 00:34:00,0
TXN_001959,FIR_0018,ACCT_0068,ACCT_0063,5000,IMPS,2026-08-25 23:22:00,0
TXN_001960,FIR_0025,ACCT_0004,ACCT_0049,9800,UPI,2026-02-17 03:46:00,0
TXN_001961,FIR_0012,ACCT_0027,ACCT_0050,250000,IMPS,2026-07-28 17:46:00,0
TXN_001962,FIR_0020,ACCT_0060,ACCT_0061,250000,UPI,2026-05-31 02:53:00,0
TXN_001963,FIR_0004,ACCT_0012,ACCT_0040,24000,IMPS,2026-01-22 05:16:00,0
TXN_001964,FIR_0007,ACCT_0054,ACCT_0034,5000,IMPS,2026-07-19 15:06:00,0
TXN_001965,FIR_0012,ACCT_0005,ACCT_0032,125000,UPI,2026-01-13 13:40:00,0
TXN_001966,FIR_0001,ACCT_0034,ACCT_0068,48000,cash_deposit,2026-01-05 03:03:00,1
TXN_001967,FIR_0008,ACCT_0031,ACCT_0033,24000,IMPS,2026-02-18 22:30:00,0
TXN_001968,FIR_0001,ACCT_0018,ACCT_0048,125000,IMPS,2026-01-05 11:00:00,0
TXN_001969,FIR_0019,ACCT_0032,ACCT_0066,9800,IMPS,2026-08-26 22:20:00,0
TXN_001970,FIR_0013,ACCT_0038,ACCT_0062,125000,NEFT,2026-06-11 06:39:00,0
TXN_001971,FIR_0017,ACCT_0021,ACCT_0033,24000,UPI,2026-04-08 05:06:00,0
TXN_001972,FIR_0006,ACCT_0055,ACCT_0070,125000,UPI,2026-04-18 03:14:00,0
TXN_001973,FIR_0010,ACCT_0035,ACCT_0045,250000,UPI,2026-06-26 20:41:00,0
TXN_001974,FIR_0008,ACCT_0071,ACCT_0069,125000,NEFT,2026-05-14 02:29:00,0
TXN_001975,FIR_0005,ACCT_0040,ACCT_0034,250000,NEFT,2026-06-12 09:58:00,0
TXN_001976,FIR_0010,ACCT_0080,ACCT_0075,125000,cash_deposit,2026-03-13 07:33:00,0
TXN_001977,FIR_0015,ACCT_0062,ACCT_0002,48000,UPI,2026-05-26 00:40:00,1
TXN_001978,FIR_0018,ACCT_0029,ACCT_0030,49000,UPI,2026-04-08 22:43:00,1
TXN_001979,FIR_0011,ACCT_0030,ACCT_0051,125000,UPI,2026-03-28 07:37:00,0
TXN_001980,FIR_0029,ACCT_0024,ACCT_0067,1200,NEFT,2026-04-13 13:04:00,0
TXN_001981,FIR_0030,ACCT_0004,ACCT_0036,49000,IMPS,2026-02-01 13:25:00,1
TXN_001982,FIR_0026,ACCT_0063,ACCT_0005,49000,NEFT,2026-04-02 17:50:00,1
TXN_001983,FIR_0021,ACCT_0052,ACCT_0042,49000,NEFT,2026-04-20 17:45:00,1
TXN_001984,FIR_0030,ACCT_0067,ACCT_0058,75000,UPI,2026-05-25 04:08:00,0
TXN_001985,FIR_0027,ACCT_0017,ACCT_0042,5000,NEFT,2026-08-06 18:28:00,0
TXN_001986,FIR_0001,ACCT_0027,ACCT_0006,24000,UPI,2026-02-21 17:32:00,0
TXN_001987,FIR_0028,ACCT_0061,ACCT_0078,250000,IMPS,2026-08-31 16:48:00,0
TXN_001988,FIR_0026,ACCT_0012,ACCT_0069,125000,cash_deposit,2026-08-13 18:25:00,0
TXN_001989,FIR_0011,ACCT_0073,ACCT_0012,9800,cash_deposit,2026-05-02 23:09:00,0
TXN_001990,FIR_0010,ACCT_0051,ACCT_0057,1200,NEFT,2026-07-24 15:27:00,0
TXN_001991,FIR_0017,ACCT_0025,ACCT_0016,24000,UPI,2026-02-09 22:34:00,0
TXN_001992,FIR_0017,ACCT_0071,ACCT_0079,24000,NEFT,2026-06-10 16:10:00,0
TXN_001993,FIR_0028,ACCT_0029,ACCT_0078,9800,NEFT,2026-06-10 13:59:00,0
TXN_001994,FIR_0022,ACCT_0064,ACCT_0071,5000,cash_deposit,2026-06-19 14:55:00,0
TXN_001995,FIR_0021,ACCT_0024,ACCT_0053,75000,cash_deposit,2026-01-03 16:59:00,0
TXN_001996,FIR_0013,ACCT_0002,ACCT_0044,48000,cash_deposit,2026-06-28 21:36:00,1
TXN_001997,FIR_0007,ACCT_0035,ACCT_0069,75000,UPI,2026-04-27 20:39:00,0
TXN_001998,FIR_0022,ACCT_0035,ACCT_0079,5000,UPI,2026-01-07 08:00:00,0
TXN_001999,FIR_0005,ACCT_0028,ACCT_0051,1200,NEFT,2026-07-01 13:03:00,0
TXN_002000,FIR_0027,ACCT_0020,ACCT_0026,49000,IMPS,2026-04-27 02:55:00,1
TXN_002001,FIR_0013,ACCT_0038,ACCT_0002,9800,cash_deposit,2026-06-27 15:35:00,0
TXN_002002,FIR_0007,ACCT_0071,ACCT_0041,5000,cash_deposit,2026-08-23 23:00:00,0
TXN_002003,FIR_0024,ACCT_0029,ACCT_0039,48000,NEFT,2026-07-03 23:46:00,1
TXN_002004,FIR_0001,ACCT_0004,ACCT_0013,48000,IMPS,2026-07-14 01:16:00,1
TXN_002005,FIR_0019,ACCT_0061,ACCT_0026,48000,UPI,2026-06-03 11:12:00,1
TXN_002006,FIR_0023,ACCT_0050,ACCT_0051,75000,NEFT,2026-06-05 19:27:00,0
TXN_002007,FIR_0005,ACCT_0069,ACCT_0036,75000,UPI,2026-01-22 10:29:00,0
TXN_002008,FIR_0024,ACCT_0037,ACCT_0073,1200,IMPS,2026-07-03 21:40:00,0
TXN_002009,FIR_0027,ACCT_0054,ACCT_0080,49000,cash_deposit,2026-02-12 23:16:00,1
TXN_002010,FIR_0018,ACCT_0039,ACCT_0005,9800,UPI,2026-05-18 15:08:00,0
TXN_002011,FIR_0008,ACCT_0046,ACCT_0022,24000,UPI,2026-04-24 07:59:00,0
TXN_002012,FIR_0028,ACCT_0020,ACCT_0071,75000,NEFT,2026-05-04 10:29:00,0
TXN_002013,FIR_0001,ACCT_0012,ACCT_0039,1200,cash_deposit,2026-03-24 04:47:00,0
TXN_002014,FIR_0002,ACCT_0048,ACCT_0050,75000,UPI,2026-08-22 23:56:00,0
TXN_002015,FIR_0029,ACCT_0046,ACCT_0035,1200,cash_deposit,2026-01-23 00:08:00,0
TXN_002016,FIR_0015,ACCT_0047,ACCT_0012,250000,NEFT,2026-06-08 15:53:00,0
TXN_002017,FIR_0004,ACCT_0011,ACCT_0031,75000,cash_deposit,2026-05-27 10:37:00,0
TXN_002018,FIR_0014,ACCT_0001,ACCT_0057,5000,cash_deposit,2026-07-29 19:10:00,0
TXN_002019,FIR_0019,ACCT_0031,ACCT_0077,49000,cash_deposit,2026-05-18 02:32:00,1
TXN_002020,FIR_0012,ACCT_0010,ACCT_0067,48000,UPI,2026-08-29 16:31:00,1
TXN_002021,FIR_0021,ACCT_0056,ACCT_0046,125000,cash_deposit,2026-04-21 02:26:00,0
TXN_002022,FIR_0021,ACCT_0019,ACCT_0026,5000,NEFT,2026-08-23 09:46:00,0
TXN_002023,FIR_0022,ACCT_0025,ACCT_0080,9800,IMPS,2026-02-05 00:50:00,0
TXN_002024,FIR_0016,ACCT_0077,ACCT_0069,9800,cash_deposit,2026-02-24 05:44:00,0
TXN_002025,FIR_0016,ACCT_0062,ACCT_0017,1200,cash_deposit,2026-07-17 09:00:00,0
TXN_002026,FIR_0029,ACCT_0020,ACCT_0032,125000,UPI,2026-05-18 09:24:00,0
TXN_002027,FIR_0017,ACCT_0039,ACCT_0020,24000,NEFT,2026-03-07 21:58:00,0
TXN_002028,FIR_0010,ACCT_0022,ACCT_0065,49000,NEFT,2026-05-13 09:14:00,1
TXN_002029,FIR_0008,ACCT_0032,ACCT_0073,5000,cash_deposit,2026-08-02 02:16:00,0
TXN_002030,FIR_0022,ACCT_0010,ACCT_0067,125000,IMPS,2026-04-20 07:19:00,0
TXN_002031,FIR_0020,ACCT_0021,ACCT_0070,125000,UPI,2026-07-30 13:44:00,0
TXN_002032,FIR_0029,ACCT_0067,ACCT_0063,24000,IMPS,2026-07-05 21:35:00,0
TXN_002033,FIR_0008,ACCT_0019,ACCT_0047,125000,UPI,2026-08-25 18:54:00,0
TXN_002034,FIR_0003,ACCT_0057,ACCT_0078,9800,IMPS,2026-02-10 17:06:00,0
TXN_002035,FIR_0012,ACCT_0016,ACCT_0017,1200,cash_deposit,2026-01-29 08:26:00,0
TXN_002036,FIR_0015,ACCT_0040,ACCT_0012,49000,IMPS,2026-04-05 17:39:00,1
TXN_002037,FIR_0013,ACCT_0011,ACCT_0013,75000,IMPS,2026-05-14 16:42:00,0
TXN_002038,FIR_0025,ACCT_0017,ACCT_0059,9800,NEFT,2026-01-02 08:36:00,0
TXN_002039,FIR_0025,ACCT_0080,ACCT_0009,250000,NEFT,2026-02-28 16:12:00,0
TXN_002040,FIR_0017,ACCT_0030,ACCT_0031,9800,cash_deposit,2026-06-22 20:48:00,0
TXN_002041,FIR_0003,ACCT_0040,ACCT_0048,48000,NEFT,2026-04-15 13:51:00,1
TXN_002042,FIR_0004,ACCT_0049,ACCT_0030,75000,UPI,2026-01-04 22:10:00,0
TXN_002043,FIR_0006,ACCT_0056,ACCT_0017,250000,UPI,2026-03-26 09:04:00,0
TXN_002044,FIR_0020,ACCT_0028,ACCT_0061,75000,cash_deposit,2026-06-10 00:24:00,0
TXN_002045,FIR_0016,ACCT_0057,ACCT_0074,48000,IMPS,2026-02-25 22:36:00,1
TXN_002046,FIR_0024,ACCT_0054,ACCT_0069,250000,UPI,2026-02-28 03:52:00,0
TXN_002047,FIR_0029,ACCT_0042,ACCT_0001,125000,cash_deposit,2026-08-05 09:22:00,0
TXN_002048,FIR_0001,ACCT_0007,ACCT_0018,1200,IMPS,2026-03-04 10:05:00,0
TXN_002049,FIR_0008,ACCT_0050,ACCT_0066,48000,UPI,2026-08-10 20:14:00,1
TXN_002050,FIR_0019,ACCT_0062,ACCT_0046,1200,NEFT,2026-01-03 09:28:00,0
TXN_002051,FIR_0004,ACCT_0018,ACCT_0066,49000,cash_deposit,2026-07-16 19:47:00,1
TXN_002052,FIR_0026,ACCT_0035,ACCT_0072,48000,UPI,2026-04-13 13:37:00,1
TXN_002053,FIR_0010,ACCT_0040,ACCT_0075,125000,UPI,2026-05-29 01:48:00,0
TXN_002054,FIR_0015,ACCT_0035,ACCT_0056,24000,UPI,2026-03-20 13:25:00,0
TXN_002055,FIR_0009,ACCT_0004,ACCT_0031,49000,UPI,2026-07-02 06:31:00,1
TXN_002056,FIR_0020,ACCT_0006,ACCT_0007,9800,IMPS,2026-07-14 18:14:00,0
TXN_002057,FIR_0027,ACCT_0008,ACCT_0037,75000,NEFT,2026-02-09 20:57:00,0
TXN_002058,FIR_0017,ACCT_0077,ACCT_0072,24000,UPI,2026-05-30 09:05:00,0
TXN_002059,FIR_0005,ACCT_0031,ACCT_0018,5000,UPI,2026-02-07 09:25:00,0
TXN_002060,FIR_0026,ACCT_0046,ACCT_0002,5000,cash_deposit,2026-02-03 13:22:00,0
TXN_002061,FIR_0015,ACCT_0030,ACCT_0043,5000,IMPS,2026-02-21 22:43:00,0
TXN_002062,FIR_0003,ACCT_0065,ACCT_0069,125000,IMPS,2026-02-20 13:20:00,0
TXN_002063,FIR_0006,ACCT_0052,ACCT_0041,24000,cash_deposit,2026-01-03 06:50:00,0
TXN_002064,FIR_0028,ACCT_0064,ACCT_0002,1200,IMPS,2026-05-04 12:59:00,0
TXN_002065,FIR_0003,ACCT_0012,ACCT_0024,9800,NEFT,2026-04-15 20:11:00,0
TXN_002066,FIR_0001,ACCT_0037,ACCT_0022,5000,NEFT,2026-01-25 16:08:00,0
TXN_002067,FIR_0005,ACCT_0065,ACCT_0063,250000,NEFT,2026-03-19 09:40:00,0
TXN_002068,FIR_0026,ACCT_0046,ACCT_0063,48000,IMPS,2026-07-27 20:11:00,1
TXN_002069,FIR_0008,ACCT_0026,ACCT_0053,1200,UPI,2026-07-20 05:12:00,0
TXN_002070,FIR_0025,ACCT_0008,ACCT_0022,24000,NEFT,2026-04-01 20:48:00,0
TXN_002071,FIR_0008,ACCT_0031,ACCT_0072,125000,UPI,2026-03-07 10:01:00,0
TXN_002072,FIR_0017,ACCT_0014,ACCT_0030,24000,UPI,2026-08-09 19:12:00,0
TXN_002073,FIR_0023,ACCT_0047,ACCT_0004,49000,IMPS,2026-03-10 06:02:00,1
TXN_002074,FIR_0016,ACCT_0026,ACCT_0044,250000,UPI,2026-04-07 13:25:00,0
TXN_002075,FIR_0007,ACCT_0079,ACCT_0016,48000,UPI,2026-03-22 03:47:00,1
TXN_002076,FIR_0014,ACCT_0052,ACCT_0023,48000,cash_deposit,2026-05-18 10:37:00,1
TXN_002077,FIR_0008,ACCT_0026,ACCT_0057,125000,cash_deposit,2026-01-19 21:49:00,0
TXN_002078,FIR_0012,ACCT_0027,ACCT_0051,49000,cash_deposit,2026-04-28 23:20:00,1
TXN_002079,FIR_0028,ACCT_0053,ACCT_0069,24000,cash_deposit,2026-06-19 13:53:00,0
TXN_002080,FIR_0006,ACCT_0023,ACCT_0041,48000,cash_deposit,2026-03-18 17:02:00,1
TXN_002081,FIR_0001,ACCT_0003,ACCT_0041,5000,UPI,2026-04-02 21:11:00,0
TXN_002082,FIR_0023,ACCT_0072,ACCT_0080,75000,cash_deposit,2026-08-24 07:40:00,0
TXN_002083,FIR_0027,ACCT_0073,ACCT_0018,1200,IMPS,2026-05-20 07:08:00,0
TXN_002084,FIR_0014,ACCT_0031,ACCT_0016,1200,NEFT,2026-03-09 16:37:00,0
TXN_002085,FIR_0003,ACCT_0011,ACCT_0002,48000,IMPS,2026-03-15 17:30:00,1
TXN_002086,FIR_0021,ACCT_0021,ACCT_0005,48000,NEFT,2026-08-23 17:34:00,1
TXN_002087,FIR_0018,ACCT_0030,ACCT_0037,125000,cash_deposit,2026-02-23 17:13:00,0
TXN_002088,FIR_0011,ACCT_0073,ACCT_0061,1200,IMPS,2026-05-11 18:23:00,0
TXN_002089,FIR_0019,ACCT_0043,ACCT_0021,5000,cash_deposit,2026-08-08 15:45:00,0
TXN_002090,FIR_0014,ACCT_0021,ACCT_0011,9800,NEFT,2026-02-26 04:56:00,0
TXN_002091,FIR_0018,ACCT_0060,ACCT_0059,48000,UPI,2026-02-11 11:25:00,1
TXN_002092,FIR_0018,ACCT_0072,ACCT_0014,75000,cash_deposit,2026-02-07 03:22:00,0
TXN_002093,FIR_0007,ACCT_0026,ACCT_0068,24000,UPI,2026-04-19 10:05:00,0
TXN_002094,FIR_0029,ACCT_0050,ACCT_0080,9800,NEFT,2026-06-27 13:09:00,0
TXN_002095,FIR_0004,ACCT_0014,ACCT_0031,1200,cash_deposit,2026-07-31 01:13:00,0
TXN_002096,FIR_0024,ACCT_0049,ACCT_0042,125000,IMPS,2026-06-25 02:49:00,0
TXN_002097,FIR_0010,ACCT_0062,ACCT_0004,75000,IMPS,2026-06-22 10:04:00,0
TXN_002098,FIR_0030,ACCT_0014,ACCT_0028,9800,cash_deposit,2026-07-22 23:13:00,0
TXN_002099,FIR_0011,ACCT_0079,ACCT_0042,9800,cash_deposit,2026-01-26 23:04:00,0
TXN_002100,FIR_0030,ACCT_0045,ACCT_0040,125000,IMPS,2026-02-25 17:32:00,0
TXN_002101,FIR_0004,ACCT_0076,ACCT_0019,125000,cash_deposit,2026-02-07 00:40:00,0
TXN_002102,FIR_0007,ACCT_0026,ACCT_0041,1200,NEFT,2026-06-26 07:24:00,0
TXN_002103,FIR_0029,ACCT_0033,ACCT_0075,49000,cash_deposit,2026-01-15 19:36:00,1
TXN_002104,FIR_0008,ACCT_0001,ACCT_0012,9800,IMPS,2026-06-15 23:48:00,0
TXN_002105,FIR_0009,ACCT_0047,ACCT_0051,5000,cash_deposit,2026-03-19 04:03:00,0
TXN_002106,FIR_0006,ACCT_0068,ACCT_0076,49000,cash_deposit,2026-08-14 18:50:00,1
TXN_002107,FIR_0008,ACCT_0020,ACCT_0001,1200,NEFT,2026-01-24 11:25:00,0
TXN_002108,FIR_0002,ACCT_0006,ACCT_0038,5000,UPI,2026-05-11 14:14:00,0
TXN_002109,FIR_0028,ACCT_0076,ACCT_0053,250000,UPI,2026-04-18 01:45:00,0
TXN_002110,FIR_0029,ACCT_0041,ACCT_0074,250000,UPI,2026-02-21 21:09:00,0
TXN_002111,FIR_0003,ACCT_0072,ACCT_0051,48000,UPI,2026-08-16 06:36:00,1
TXN_002112,FIR_0027,ACCT_0026,ACCT_0058,125000,IMPS,2026-08-09 15:41:00,0
TXN_002113,FIR_0012,ACCT_0075,ACCT_0029,49000,UPI,2026-04-29 10:51:00,1
TXN_002114,FIR_0010,ACCT_0032,ACCT_0048,1200,cash_deposit,2026-07-20 11:54:00,0
TXN_002115,FIR_0007,ACCT_0072,ACCT_0005,9800,NEFT,2026-05-10 23:40:00,0
TXN_002116,FIR_0003,ACCT_0046,ACCT_0059,125000,UPI,2026-07-28 06:17:00,0
TXN_002117,FIR_0028,ACCT_0070,ACCT_0071,75000,IMPS,2026-01-03 17:14:00,0
TXN_002118,FIR_0021,ACCT_0054,ACCT_0057,48000,UPI,2026-03-26 00:58:00,1
TXN_002119,FIR_0027,ACCT_0045,ACCT_0004,75000,UPI,2026-01-08 07:44:00,0
TXN_002120,FIR_0010,ACCT_0016,ACCT_0028,125000,cash_deposit,2026-08-17 23:21:00,0
TXN_002121,FIR_0023,ACCT_0070,ACCT_0005,125000,cash_deposit,2026-05-04 23:16:00,0
TXN_002122,FIR_0027,ACCT_0032,ACCT_0018,49000,UPI,2026-01-03 13:38:00,1
TXN_002123,FIR_0009,ACCT_0020,ACCT_0032,48000,cash_deposit,2026-07-26 17:34:00,1
TXN_002124,FIR_0024,ACCT_0059,ACCT_0007,49000,UPI,2026-05-07 03:01:00,1
TXN_002125,FIR_0016,ACCT_0043,ACCT_0027,75000,cash_deposit,2026-01-16 11:08:00,0
TXN_002126,FIR_0009,ACCT_0011,ACCT_0007,1200,UPI,2026-05-02 15:07:00,0
TXN_002127,FIR_0022,ACCT_0030,ACCT_0057,48000,cash_deposit,2026-05-18 23:12:00,1
TXN_002128,FIR_0013,ACCT_0060,ACCT_0019,24000,cash_deposit,2026-08-24 04:29:00,0
TXN_002129,FIR_0022,ACCT_0052,ACCT_0027,5000,NEFT,2026-05-02 07:43:00,0
TXN_002130,FIR_0012,ACCT_0032,ACCT_0033,250000,IMPS,2026-01-17 14:24:00,0
TXN_002131,FIR_0002,ACCT_0006,ACCT_0042,5000,UPI,2026-06-02 15:15:00,0
TXN_002132,FIR_0025,ACCT_0046,ACCT_0050,5000,cash_deposit,2026-03-17 07:39:00,0
TXN_002133,FIR_0002,ACCT_0078,ACCT_0017,49000,NEFT,2026-04-02 17:38:00,1
TXN_002134,FIR_0008,ACCT_0005,ACCT_0052,1200,NEFT,2026-05-19 18:48:00,0
TXN_002135,FIR_0006,ACCT_0029,ACCT_0051,9800,IMPS,2026-04-04 18:04:00,0
TXN_002136,FIR_0006,ACCT_0032,ACCT_0016,24000,NEFT,2026-07-24 08:40:00,0
TXN_002137,FIR_0009,ACCT_0040,ACCT_0042,250000,UPI,2026-01-05 10:06:00,0
TXN_002138,FIR_0021,ACCT_0027,ACCT_0071,125000,UPI,2026-04-03 21:52:00,0
TXN_002139,FIR_0028,ACCT_0025,ACCT_0032,48000,NEFT,2026-07-21 11:39:00,1
TXN_002140,FIR_0021,ACCT_0071,ACCT_0014,24000,NEFT,2026-07-08 23:10:00,0
TXN_002141,FIR_0006,ACCT_0025,ACCT_0003,24000,IMPS,2026-03-27 14:48:00,0
TXN_002142,FIR_0023,ACCT_0077,ACCT_0015,24000,IMPS,2026-01-29 01:24:00,0
TXN_002143,FIR_0004,ACCT_0043,ACCT_0050,125000,cash_deposit,2026-02-15 16:45:00,0
TXN_002144,FIR_0001,ACCT_0052,ACCT_0076,5000,NEFT,2026-06-05 10:49:00,0
TXN_002145,FIR_0022,ACCT_0016,ACCT_0063,125000,UPI,2026-03-20 10:42:00,0
TXN_002146,FIR_0020,ACCT_0019,ACCT_0062,125000,NEFT,2026-04-17 21:30:00,0
TXN_002147,FIR_0009,ACCT_0015,ACCT_0003,1200,IMPS,2026-06-13 21:30:00,0
TXN_002148,FIR_0029,ACCT_0044,ACCT_0007,48000,cash_deposit,2026-06-06 05:27:00,1
TXN_002149,FIR_0007,ACCT_0049,ACCT_0028,9800,UPI,2026-05-19 11:15:00,0
TXN_002150,FIR_0020,ACCT_0034,ACCT_0018,24000,NEFT,2026-06-18 04:13:00,0
TXN_002151,FIR_0016,ACCT_0050,ACCT_0007,250000,IMPS,2026-04-20 20:25:00,0
TXN_002152,FIR_0011,ACCT_0078,ACCT_0047,24000,NEFT,2026-05-09 00:24:00,0
TXN_002153,FIR_0010,ACCT_0074,ACCT_0053,250000,cash_deposit,2026-08-07 19:52:00,0
TXN_002154,FIR_0025,ACCT_0071,ACCT_0077,48000,cash_deposit,2026-07-12 09:48:00,1
TXN_002155,FIR_0010,ACCT_0054,ACCT_0071,49000,cash_deposit,2026-02-10 14:08:00,1
TXN_002156,FIR_0029,ACCT_0056,ACCT_0028,125000,cash_deposit,2026-06-01 04:36:00,0
TXN_002157,FIR_0012,ACCT_0006,ACCT_0002,49000,UPI,2026-04-07 08:36:00,1
TXN_002158,FIR_0010,ACCT_0073,ACCT_0074,1200,NEFT,2026-04-15 14:23:00,0
TXN_002159,FIR_0010,ACCT_0011,ACCT_0043,49000,IMPS,2026-03-01 15:42:00,1
TXN_002160,FIR_0030,ACCT_0021,ACCT_0054,125000,NEFT,2026-07-24 11:51:00,0
TXN_002161,FIR_0002,ACCT_0052,ACCT_0068,24000,IMPS,2026-07-08 09:38:00,0
TXN_002162,FIR_0007,ACCT_0049,ACCT_0037,250000,cash_deposit,2026-01-07 16:15:00,0
TXN_002163,FIR_0016,ACCT_0060,ACCT_0036,9800,IMPS,2026-08-02 09:43:00,0
TXN_002164,FIR_0024,ACCT_0063,ACCT_0051,5000,NEFT,2026-05-28 14:33:00,0
TXN_002165,FIR_0028,ACCT_0077,ACCT_0002,48000,NEFT,2026-02-24 12:30:00,1
TXN_002166,FIR_0027,ACCT_0048,ACCT_0073,24000,NEFT,2026-08-29 08:55:00,0
TXN_002167,FIR_0001,ACCT_0058,ACCT_0052,250000,IMPS,2026-05-28 05:52:00,0
TXN_002168,FIR_0029,ACCT_0051,ACCT_0034,48000,UPI,2026-02-13 01:38:00,1
TXN_002169,FIR_0018,ACCT_0073,ACCT_0010,125000,IMPS,2026-07-16 09:32:00,0
TXN_002170,FIR_0007,ACCT_0032,ACCT_0034,250000,NEFT,2026-01-08 06:57:00,0
TXN_002171,FIR_0017,ACCT_0034,ACCT_0065,250000,IMPS,2026-02-21 08:11:00,0
TXN_002172,FIR_0006,ACCT_0080,ACCT_0023,9800,NEFT,2026-03-20 16:26:00,0
TXN_002173,FIR_0021,ACCT_0035,ACCT_0020,24000,IMPS,2026-05-09 04:20:00,0
TXN_002174,FIR_0008,ACCT_0017,ACCT_0010,24000,cash_deposit,2026-06-17 05:54:00,0
TXN_002175,FIR_0008,ACCT_0028,ACCT_0063,48000,UPI,2026-07-11 02:45:00,1
TXN_002176,FIR_0015,ACCT_0013,ACCT_0003,24000,cash_deposit,2026-03-18 18:47:00,0
TXN_002177,FIR_0019,ACCT_0057,ACCT_0009,24000,IMPS,2026-07-25 19:27:00,0
TXN_002178,FIR_0007,ACCT_0052,ACCT_0022,48000,NEFT,2026-03-12 16:01:00,1
TXN_002179,FIR_0017,ACCT_0048,ACCT_0045,75000,cash_deposit,2026-03-10 16:55:00,0
TXN_002180,FIR_0012,ACCT_0030,ACCT_0042,75000,IMPS,2026-05-22 19:03:00,0
TXN_002181,FIR_0005,ACCT_0019,ACCT_0074,5000,cash_deposit,2026-07-13 09:33:00,0
TXN_002182,FIR_0017,ACCT_0002,ACCT_0007,48000,NEFT,2026-03-22 21:49:00,1
TXN_002183,FIR_0016,ACCT_0045,ACCT_0079,9800,IMPS,2026-05-26 21:37:00,0
TXN_002184,FIR_0007,ACCT_0077,ACCT_0078,48000,IMPS,2026-08-06 11:04:00,1
TXN_002185,FIR_0022,ACCT_0068,ACCT_0008,49000,IMPS,2026-08-25 01:32:00,1
TXN_002186,FIR_0008,ACCT_0069,ACCT_0044,1200,UPI,2026-05-21 15:49:00,0
TXN_002187,FIR_0014,ACCT_0047,ACCT_0070,24000,cash_deposit,2026-07-17 00:38:00,0
TXN_002188,FIR_0010,ACCT_0073,ACCT_0030,48000,IMPS,2026-07-07 16:11:00,1
TXN_002189,FIR_0006,ACCT_0073,ACCT_0011,250000,IMPS,2026-02-11 01:56:00,0
TXN_002190,FIR_0014,ACCT_0076,ACCT_0042,250000,cash_deposit,2026-02-11 01:46:00,0
TXN_002191,FIR_0010,ACCT_0063,ACCT_0067,75000,UPI,2026-01-16 22:29:00,0
TXN_002192,FIR_0003,ACCT_0001,ACCT_0041,49000,IMPS,2026-03-26 15:24:00,1
TXN_002193,FIR_0014,ACCT_0035,ACCT_0071,1200,UPI,2026-04-23 23:11:00,0
TXN_002194,FIR_0028,ACCT_0066,ACCT_0034,5000,NEFT,2026-06-30 11:18:00,0
TXN_002195,FIR_0013,ACCT_0048,ACCT_0031,48000,UPI,2026-07-28 14:42:00,1
TXN_002196,FIR_0008,ACCT_0078,ACCT_0009,75000,UPI,2026-06-23 11:46:00,0
TXN_002197,FIR_0027,ACCT_0050,ACCT_0052,1200,cash_deposit,2026-08-05 23:24:00,0
TXN_002198,FIR_0006,ACCT_0030,ACCT_0070,49000,NEFT,2026-05-06 04:56:00,1
TXN_002199,FIR_0007,ACCT_0040,ACCT_0021,75000,UPI,2026-03-10 22:25:00,0
TXN_002200,FIR_0010,ACCT_0007,ACCT_0040,49000,IMPS,2026-01-09 22:47:00,1
TXN_002201,FIR_0026,ACCT_0046,ACCT_0068,9800,NEFT,2026-03-22 11:29:00,0
TXN_002202,FIR_0003,ACCT_0080,ACCT_0025,250000,cash_deposit,2026-01-22 07:59:00,0
TXN_002203,FIR_0030,ACCT_0071,ACCT_0046,125000,cash_deposit,2026-03-18 01:22:00,0
TXN_002204,FIR_0001,ACCT_0055,ACCT_0061,9800,IMPS,2026-08-11 18:07:00,0
TXN_002205,FIR_0010,ACCT_0061,ACCT_0010,1200,NEFT,2026-05-14 07:09:00,0
TXN_002206,FIR_0023,ACCT_0050,ACCT_0063,5000,NEFT,2026-05-29 14:36:00,0
TXN_002207,FIR_0028,ACCT_0015,ACCT_0022,250000,NEFT,2026-05-16 06:17:00,0
TXN_002208,FIR_0023,ACCT_0002,ACCT_0040,75000,UPI,2026-04-27 20:10:00,0
TXN_002209,FIR_0003,ACCT_0073,ACCT_0054,9800,IMPS,2026-07-30 02:14:00,0
TXN_002210,FIR_0016,ACCT_0048,ACCT_0079,9800,cash_deposit,2026-03-28 15:28:00,0
TXN_002211,FIR_0003,ACCT_0060,ACCT_0050,75000,UPI,2026-02-19 08:14:00,0
TXN_002212,FIR_0019,ACCT_0055,ACCT_0077,75000,NEFT,2026-04-12 07:09:00,0
TXN_002213,FIR_0017,ACCT_0079,ACCT_0059,5000,UPI,2026-02-10 06:51:00,0
TXN_002214,FIR_0008,ACCT_0040,ACCT_0054,5000,IMPS,2026-05-06 21:36:00,0
TXN_002215,FIR_0023,ACCT_0074,ACCT_0038,1200,IMPS,2026-03-12 08:52:00,0
TXN_002216,FIR_0012,ACCT_0039,ACCT_0072,1200,cash_deposit,2026-06-03 18:42:00,0
TXN_002217,FIR_0011,ACCT_0056,ACCT_0006,9800,NEFT,2026-02-22 12:19:00,0
TXN_002218,FIR_0027,ACCT_0007,ACCT_0060,1200,NEFT,2026-03-04 08:17:00,0
TXN_002219,FIR_0016,ACCT_0001,ACCT_0077,48000,cash_deposit,2026-06-13 06:11:00,1
TXN_002220,FIR_0027,ACCT_0065,ACCT_0073,75000,cash_deposit,2026-01-17 21:28:00,0
TXN_002221,FIR_0024,ACCT_0054,ACCT_0029,1200,NEFT,2026-01-12 09:56:00,0
TXN_002222,FIR_0028,ACCT_0060,ACCT_0004,75000,NEFT,2026-08-26 14:02:00,0
TXN_002223,FIR_0014,ACCT_0044,ACCT_0043,125000,UPI,2026-06-27 00:06:00,0
TXN_002224,FIR_0021,ACCT_0065,ACCT_0058,125000,NEFT,2026-01-15 01:43:00,0
TXN_002225,FIR_0018,ACCT_0029,ACCT_0054,48000,cash_deposit,2026-06-06 02:59:00,1
TXN_002226,FIR_0030,ACCT_0075,ACCT_0062,125000,UPI,2026-07-31 11:44:00,0
TXN_002227,FIR_0005,ACCT_0005,ACCT_0008,250000,IMPS,2026-06-12 15:11:00,0
TXN_002228,FIR_0009,ACCT_0065,ACCT_0079,75000,NEFT,2026-02-13 20:08:00,0
TXN_002229,FIR_0007,ACCT_0008,ACCT_0055,75000,IMPS,2026-05-25 17:09:00,0
TXN_002230,FIR_0026,ACCT_0021,ACCT_0044,49000,UPI,2026-01-20 05:19:00,1
TXN_002231,FIR_0007,ACCT_0057,ACCT_0045,5000,UPI,2026-07-27 04:06:00,0
TXN_002232,FIR_0003,ACCT_0078,ACCT_0013,48000,UPI,2026-02-17 10:45:00,1
TXN_002233,FIR_0011,ACCT_0058,ACCT_0072,5000,NEFT,2026-02-27 05:18:00,0
TXN_002234,FIR_0024,ACCT_0016,ACCT_0031,125000,IMPS,2026-03-09 00:56:00,0
TXN_002235,FIR_0018,ACCT_0020,ACCT_0059,24000,UPI,2026-03-17 23:20:00,0
TXN_002236,FIR_0006,ACCT_0055,ACCT_0049,75000,NEFT,2026-08-10 11:48:00,0
TXN_002237,FIR_0027,ACCT_0038,ACCT_0037,49000,cash_deposit,2026-07-21 15:59:00,1
TXN_002238,FIR_0020,ACCT_0059,ACCT_0035,9800,IMPS,2026-03-24 22:18:00,0
TXN_002239,FIR_0016,ACCT_0043,ACCT_0069,75000,IMPS,2026-01-21 03:27:00,0
TXN_002240,FIR_0002,ACCT_0018,ACCT_0054,24000,NEFT,2026-06-06 01:25:00,0
TXN_002241,FIR_0002,ACCT_0039,ACCT_0036,1200,UPI,2026-02-24 06:07:00,0
TXN_002242,FIR_0012,ACCT_0064,ACCT_0051,5000,NEFT,2026-07-22 22:54:00,0
TXN_002243,FIR_0022,ACCT_0052,ACCT_0056,5000,NEFT,2026-06-26 12:23:00,0
TXN_002244,FIR_0017,ACCT_0034,ACCT_0044,75000,UPI,2026-04-13 00:16:00,0
TXN_002245,FIR_0023,ACCT_0074,ACCT_0063,24000,UPI,2026-03-12 05:48:00,0
TXN_002246,FIR_0020,ACCT_0004,ACCT_0051,24000,UPI,2026-05-31 05:21:00,0
TXN_002247,FIR_0025,ACCT_0060,ACCT_0048,125000,UPI,2026-05-11 04:29:00,0
TXN_002248,FIR_0001,ACCT_0020,ACCT_0021,5000,NEFT,2026-01-15 02:56:00,0
TXN_002249,FIR_0023,ACCT_0054,ACCT_0010,9800,IMPS,2026-06-11 13:55:00,0
TXN_002250,FIR_0012,ACCT_0021,ACCT_0026,125000,cash_deposit,2026-08-07 18:44:00,0
TXN_002251,FIR_0004,ACCT_0050,ACCT_0013,75000,IMPS,2026-01-08 07:28:00,0
TXN_002252,FIR_0023,ACCT_0039,ACCT_0034,5000,UPI,2026-02-23 05:33:00,0
TXN_002253,FIR_0012,ACCT_0073,ACCT_0069,24000,IMPS,2026-01-09 14:04:00,0
TXN_002254,FIR_0019,ACCT_0001,ACCT_0061,24000,cash_deposit,2026-02-16 18:49:00,0
TXN_002255,FIR_0009,ACCT_0076,ACCT_0066,9800,UPI,2026-03-19 10:22:00,0
TXN_002256,FIR_0012,ACCT_0063,ACCT_0054,9800,IMPS,2026-03-16 21:15:00,0
TXN_002257,FIR_0018,ACCT_0053,ACCT_0033,5000,cash_deposit,2026-04-24 15:22:00,0
TXN_002258,FIR_0003,ACCT_0040,ACCT_0051,5000,IMPS,2026-03-02 00:35:00,0
TXN_002259,FIR_0023,ACCT_0019,ACCT_0003,5000,NEFT,2026-02-09 01:05:00,0
TXN_002260,FIR_0018,ACCT_0057,ACCT_0053,125000,cash_deposit,2026-06-24 06:35:00,0
TXN_002261,FIR_0015,ACCT_0059,ACCT_0020,75000,cash_deposit,2026-01-21 10:56:00,0
TXN_002262,FIR_0023,ACCT_0028,ACCT_0074,48000,UPI,2026-05-31 20:03:00,1
TXN_002263,FIR_0030,ACCT_0069,ACCT_0031,24000,IMPS,2026-08-18 06:31:00,0
TXN_002264,FIR_0023,ACCT_0032,ACCT_0030,49000,NEFT,2026-07-30 02:41:00,1
TXN_002265,FIR_0024,ACCT_0052,ACCT_0015,125000,cash_deposit,2026-01-04 12:27:00,0
TXN_002266,FIR_0016,ACCT_0070,ACCT_0055,48000,UPI,2026-06-11 06:37:00,1
TXN_002267,FIR_0020,ACCT_0060,ACCT_0043,24000,NEFT,2026-04-26 12:17:00,0
TXN_002268,FIR_0002,ACCT_0054,ACCT_0070,5000,cash_deposit,2026-08-19 04:53:00,0
TXN_002269,FIR_0013,ACCT_0019,ACCT_0012,125000,cash_deposit,2026-04-21 06:41:00,0
TXN_002270,FIR_0018,ACCT_0005,ACCT_0051,5000,NEFT,2026-07-17 22:23:00,0
TXN_002271,FIR_0008,ACCT_0067,ACCT_0060,250000,IMPS,2026-04-02 02:57:00,0
TXN_002272,FIR_0007,ACCT_0036,ACCT_0004,48000,IMPS,2026-06-24 09:33:00,1
TXN_002273,FIR_0027,ACCT_0046,ACCT_0079,49000,IMPS,2026-01-19 20:39:00,1
TXN_002274,FIR_0008,ACCT_0010,ACCT_0033,125000,IMPS,2026-08-04 17:44:00,0
TXN_002275,FIR_0001,ACCT_0065,ACCT_0070,75000,NEFT,2026-02-02 12:44:00,0
TXN_002276,FIR_0011,ACCT_0007,ACCT_0012,24000,IMPS,2026-07-22 17:02:00,0
TXN_002277,FIR_0002,ACCT_0048,ACCT_0055,49000,NEFT,2026-03-03 02:44:00,1
TXN_002278,FIR_0008,ACCT_0064,ACCT_0018,250000,IMPS,2026-01-26 10:10:00,0
TXN_002279,FIR_0020,ACCT_0013,ACCT_0029,1200,cash_deposit,2026-06-21 04:09:00,0
TXN_002280,FIR_0017,ACCT_0002,ACCT_0032,5000,NEFT,2026-06-01 13:59:00,0
TXN_002281,FIR_0023,ACCT_0044,ACCT_0019,24000,IMPS,2026-04-29 00:17:00,0
TXN_002282,FIR_0001,ACCT_0012,ACCT_0041,24000,NEFT,2026-07-30 19:19:00,0
TXN_002283,FIR_0030,ACCT_0051,ACCT_0076,125000,UPI,2026-06-08 17:27:00,0
TXN_002284,FIR_0016,ACCT_0069,ACCT_0044,75000,cash_deposit,2026-01-28 05:55:00,0
TXN_002285,FIR_0014,ACCT_0042,ACCT_0028,250000,NEFT,2026-08-04 08:28:00,0
TXN_002286,FIR_0013,ACCT_0017,ACCT_0003,48000,NEFT,2026-05-24 09:15:00,1
TXN_002287,FIR_0004,ACCT_0018,ACCT_0013,24000,IMPS,2026-01-20 05:48:00,0
TXN_002288,FIR_0014,ACCT_0051,ACCT_0056,5000,cash_deposit,2026-02-16 06:43:00,0
TXN_002289,FIR_0020,ACCT_0066,ACCT_0062,1200,IMPS,2026-01-30 18:34:00,0
TXN_002290,FIR_0019,ACCT_0003,ACCT_0052,24000,NEFT,2026-06-22 19:50:00,0
TXN_002291,FIR_0003,ACCT_0025,ACCT_0009,1200,UPI,2026-06-19 19:02:00,0
TXN_002292,FIR_0022,ACCT_0061,ACCT_0043,49000,cash_deposit,2026-01-06 08:19:00,1
TXN_002293,FIR_0015,ACCT_0052,ACCT_0042,24000,UPI,2026-02-05 21:58:00,0
TXN_002294,FIR_0002,ACCT_0063,ACCT_0076,9800,UPI,2026-01-20 04:54:00,0
TXN_002295,FIR_0017,ACCT_0068,ACCT_0044,250000,NEFT,2026-01-31 20:23:00,0
TXN_002296,FIR_0010,ACCT_0040,ACCT_0031,49000,NEFT,2026-07-21 20:31:00,1
TXN_002297,FIR_0007,ACCT_0036,ACCT_0038,49000,UPI,2026-03-18 04:54:00,1
TXN_002298,FIR_0001,ACCT_0010,ACCT_0053,9800,cash_deposit,2026-06-10 11:37:00,0
TXN_002299,FIR_0013,ACCT_0051,ACCT_0060,24000,NEFT,2026-06-08 20:15:00,0
TXN_002300,FIR_0015,ACCT_0009,ACCT_0001,75000,UPI,2026-07-30 12:02:00,0
TXN_002301,FIR_0023,ACCT_0023,ACCT_0078,49000,UPI,2026-08-14 15:31:00,1
TXN_002302,FIR_0009,ACCT_0010,ACCT_0065,48000,UPI,2026-02-25 05:14:00,1
TXN_002303,FIR_0016,ACCT_0006,ACCT_0040,5000,NEFT,2026-06-06 05:28:00,0
TXN_002304,FIR_0001,ACCT_0066,ACCT_0044,5000,cash_deposit,2026-06-03 12:21:00,0
TXN_002305,FIR_0027,ACCT_0076,ACCT_0032,250000,cash_deposit,2026-05-15 07:13:00,0
TXN_002306,FIR_0007,ACCT_0060,ACCT_0080,125000,NEFT,2026-01-06 19:32:00,0
TXN_002307,FIR_0030,ACCT_0076,ACCT_0009,9800,NEFT,2026-06-08 18:33:00,0
TXN_002308,FIR_0015,ACCT_0012,ACCT_0019,24000,cash_deposit,2026-03-30 10:55:00,0
TXN_002309,FIR_0016,ACCT_0076,ACCT_0057,24000,UPI,2026-05-20 07:23:00,0
TXN_002310,FIR_0001,ACCT_0027,ACCT_0008,250000,IMPS,2026-07-09 18:43:00,0
TXN_002311,FIR_0023,ACCT_0025,ACCT_0066,49000,UPI,2026-05-03 19:53:00,1
TXN_002312,FIR_0010,ACCT_0032,ACCT_0077,75000,UPI,2026-03-22 22:54:00,0
TXN_002313,FIR_0028,ACCT_0063,ACCT_0030,24000,NEFT,2026-06-14 07:19:00,0
TXN_002314,FIR_0024,ACCT_0075,ACCT_0053,1200,IMPS,2026-05-27 00:26:00,0
TXN_002315,FIR_0015,ACCT_0046,ACCT_0028,5000,IMPS,2026-07-04 05:25:00,0
TXN_002316,FIR_0010,ACCT_0005,ACCT_0018,125000,UPI,2026-04-08 14:11:00,0
TXN_002317,FIR_0014,ACCT_0029,ACCT_0060,1200,cash_deposit,2026-05-31 11:46:00,0
TXN_002318,FIR_0007,ACCT_0006,ACCT_0021,1200,NEFT,2026-04-21 09:36:00,0
TXN_002319,FIR_0024,ACCT_0050,ACCT_0028,24000,NEFT,2026-01-13 13:50:00,0
TXN_002320,FIR_0023,ACCT_0061,ACCT_0069,1200,IMPS,2026-03-25 16:44:00,0
TXN_002321,FIR_0006,ACCT_0066,ACCT_0044,75000,cash_deposit,2026-04-30 02:00:00,0
TXN_002322,FIR_0003,ACCT_0052,ACCT_0007,49000,NEFT,2026-02-18 00:31:00,1
TXN_002323,FIR_0027,ACCT_0041,ACCT_0014,9800,cash_deposit,2026-04-30 03:14:00,0
TXN_002324,FIR_0018,ACCT_0008,ACCT_0013,9800,NEFT,2026-03-29 02:22:00,0
TXN_002325,FIR_0002,ACCT_0076,ACCT_0004,48000,NEFT,2026-08-13 22:39:00,1
TXN_002326,FIR_0022,ACCT_0006,ACCT_0049,5000,NEFT,2026-05-14 14:37:00,0
TXN_002327,FIR_0016,ACCT_0016,ACCT_0010,75000,IMPS,2026-08-17 13:32:00,0
TXN_002328,FIR_0017,ACCT_0024,ACCT_0007,48000,cash_deposit,2026-02-04 22:56:00,1
TXN_002329,FIR_0023,ACCT_0072,ACCT_0020,75000,cash_deposit,2026-03-23 07:36:00,0
TXN_002330,FIR_0025,ACCT_0007,ACCT_0069,48000,cash_deposit,2026-03-02 17:15:00,1
TXN_002331,FIR_0025,ACCT_0014,ACCT_0037,75000,UPI,2026-06-04 08:06:00,0
TXN_002332,FIR_0022,ACCT_0061,ACCT_0072,125000,IMPS,2026-01-21 17:08:00,0
TXN_002333,FIR_0019,ACCT_0054,ACCT_0078,1200,UPI,2026-03-26 20:47:00,0
TXN_002334,FIR_0030,ACCT_0001,ACCT_0060,1200,NEFT,2026-07-13 06:55:00,0
TXN_002335,FIR_0017,ACCT_0056,ACCT_0076,1200,cash_deposit,2026-06-21 13:30:00,0
TXN_002336,FIR_0024,ACCT_0036,ACCT_0074,5000,IMPS,2026-06-23 06:23:00,0
TXN_002337,FIR_0016,ACCT_0040,ACCT_0025,125000,IMPS,2026-04-12 17:04:00,0
TXN_002338,FIR_0029,ACCT_0008,ACCT_0034,125000,IMPS,2026-04-24 12:05:00,0
TXN_002339,FIR_0007,ACCT_0034,ACCT_0071,250000,cash_deposit,2026-07-23 11:12:00,0
TXN_002340,FIR_0011,ACCT_0045,ACCT_0025,49000,cash_deposit,2026-08-15 14:35:00,1
TXN_002341,FIR_0020,ACCT_0066,ACCT_0043,9800,cash_deposit,2026-05-11 17:41:00,0
TXN_002342,FIR_0020,ACCT_0024,ACCT_0023,9800,cash_deposit,2026-03-28 19:31:00,0
TXN_002343,FIR_0012,ACCT_0028,ACCT_0077,48000,cash_deposit,2026-02-18 07:18:00,1
TXN_002344,FIR_0015,ACCT_0067,ACCT_0032,1200,cash_deposit,2026-01-04 03:55:00,0
TXN_002345,FIR_0001,ACCT_0049,ACCT_0078,48000,UPI,2026-03-12 07:08:00,1
TXN_002346,FIR_0024,ACCT_0007,ACCT_0002,75000,UPI,2026-04-28 21:50:00,0
TXN_002347,FIR_0004,ACCT_0011,ACCT_0019,125000,cash_deposit,2026-02-27 02:57:00,0
TXN_002348,FIR_0007,ACCT_0043,ACCT_0069,250000,cash_deposit,2026-08-30 04:34:00,0
TXN_002349,FIR_0014,ACCT_0044,ACCT_0067,125000,cash_deposit,2026-06-17 22:19:00,0
TXN_002350,FIR_0020,ACCT_0040,ACCT_0072,9800,cash_deposit,2026-05-27 09:28:00,0
TXN_002351,FIR_0011,ACCT_0075,ACCT_0019,48000,cash_deposit,2026-01-29 03:27:00,1
TXN_002352,FIR_0003,ACCT_0051,ACCT_0004,9800,cash_deposit,2026-05-24 18:17:00,0
TXN_002353,FIR_0007,ACCT_0029,ACCT_0048,24000,IMPS,2026-06-18 22:53:00,0
TXN_002354,FIR_0022,ACCT_0054,ACCT_0069,24000,cash_deposit,2026-08-05 01:48:00,0
TXN_002355,FIR_0026,ACCT_0009,ACCT_0055,125000,IMPS,2026-02-14 11:04:00,0
TXN_002356,FIR_0016,ACCT_0044,ACCT_0061,48000,UPI,2026-04-17 05:25:00,1
TXN_002357,FIR_0022,ACCT_0038,ACCT_0035,1200,IMPS,2026-02-13 00:36:00,0
TXN_002358,FIR_0014,ACCT_0017,ACCT_0056,48000,NEFT,2026-08-15 06:06:00,1
TXN_002359,FIR_0027,ACCT_0060,ACCT_0046,9800,NEFT,2026-02-15 12:44:00,0
TXN_002360,FIR_0014,ACCT_0044,ACCT_0046,5000,NEFT,2026-01-09 04:59:00,0
TXN_002361,FIR_0001,ACCT_0030,ACCT_0053,48000,NEFT,2026-08-09 14:14:00,1
TXN_002362,FIR_0018,ACCT_0017,ACCT_0040,9800,UPI,2026-07-22 10:09:00,0
TXN_002363,FIR_0010,ACCT_0069,ACCT_0047,125000,UPI,2026-02-20 07:32:00,0
TXN_002364,FIR_0025,ACCT_0055,ACCT_0020,24000,IMPS,2026-04-01 10:27:00,0
TXN_002365,FIR_0029,ACCT_0014,ACCT_0012,125000,IMPS,2026-03-06 17:57:00,0
TXN_002366,FIR_0006,ACCT_0031,ACCT_0005,9800,UPI,2026-04-15 03:20:00,0
TXN_002367,FIR_0023,ACCT_0022,ACCT_0057,24000,NEFT,2026-07-04 16:44:00,0
TXN_002368,FIR_0007,ACCT_0028,ACCT_0017,250000,IMPS,2026-02-15 01:56:00,0
TXN_002369,FIR_0015,ACCT_0061,ACCT_0044,250000,UPI,2026-05-19 16:30:00,0
TXN_002370,FIR_0020,ACCT_0060,ACCT_0036,125000,IMPS,2026-08-01 23:10:00,0
TXN_002371,FIR_0027,ACCT_0041,ACCT_0021,9800,NEFT,2026-03-19 16:21:00,0
TXN_002372,FIR_0014,ACCT_0071,ACCT_0045,125000,UPI,2026-08-16 08:43:00,0
TXN_002373,FIR_0025,ACCT_0029,ACCT_0051,250000,NEFT,2026-02-28 07:52:00,0
TXN_002374,FIR_0029,ACCT_0032,ACCT_0015,48000,IMPS,2026-06-01 07:09:00,1
TXN_002375,FIR_0028,ACCT_0064,ACCT_0037,5000,IMPS,2026-06-15 05:44:00,0
TXN_002376,FIR_0028,ACCT_0021,ACCT_0038,1200,cash_deposit,2026-07-19 17:42:00,0
TXN_002377,FIR_0009,ACCT_0048,ACCT_0050,24000,cash_deposit,2026-03-11 00:42:00,0
TXN_002378,FIR_0020,ACCT_0058,ACCT_0059,125000,IMPS,2026-04-21 21:36:00,0
TXN_002379,FIR_0022,ACCT_0051,ACCT_0007,49000,UPI,2026-02-22 22:34:00,1
TXN_002380,FIR_0025,ACCT_0051,ACCT_0061,49000,UPI,2026-04-25 13:06:00,1
TXN_002381,FIR_0024,ACCT_0042,ACCT_0022,250000,IMPS,2026-06-12 06:29:00,0
TXN_002382,FIR_0030,ACCT_0074,ACCT_0008,49000,cash_deposit,2026-04-10 20:16:00,1
TXN_002383,FIR_0015,ACCT_0065,ACCT_0007,250000,IMPS,2026-07-09 08:11:00,0
TXN_002384,FIR_0007,ACCT_0059,ACCT_0029,75000,NEFT,2026-05-26 11:57:00,0
TXN_002385,FIR_0010,ACCT_0052,ACCT_0031,1200,NEFT,2026-06-13 20:28:00,0
TXN_002386,FIR_0012,ACCT_0029,ACCT_0075,5000,IMPS,2026-07-17 11:40:00,0
TXN_002387,FIR_0030,ACCT_0065,ACCT_0075,9800,NEFT,2026-03-24 11:38:00,0
TXN_002388,FIR_0019,ACCT_0038,ACCT_0013,5000,NEFT,2026-06-05 09:58:00,0
TXN_002389,FIR_0013,ACCT_0042,ACCT_0077,5000,cash_deposit,2026-02-11 18:25:00,0
TXN_002390,FIR_0001,ACCT_0035,ACCT_0057,5000,UPI,2026-04-11 12:24:00,0
TXN_002391,FIR_0020,ACCT_0022,ACCT_0064,9800,UPI,2026-05-01 12:13:00,0
TXN_002392,FIR_0009,ACCT_0013,ACCT_0049,24000,UPI,2026-06-18 12:40:00,0
TXN_002393,FIR_0026,ACCT_0011,ACCT_0008,1200,NEFT,2026-06-06 06:01:00,0
TXN_002394,FIR_0026,ACCT_0045,ACCT_0062,49000,IMPS,2026-07-22 22:25:00,1
TXN_002395,FIR_0009,ACCT_0079,ACCT_0017,75000,IMPS,2026-03-11 22:37:00,0
TXN_002396,FIR_0001,ACCT_0017,ACCT_0005,1200,IMPS,2026-03-17 19:24:00,0
TXN_002397,FIR_0017,ACCT_0013,ACCT_0064,9800,UPI,2026-04-04 22:00:00,0
TXN_002398,FIR_0026,ACCT_0029,ACCT_0012,9800,IMPS,2026-08-08 04:08:00,0
TXN_002399,FIR_0022,ACCT_0032,ACCT_0034,75000,NEFT,2026-05-02 12:16:00,0
TXN_002400,FIR_0014,ACCT_0012,ACCT_0062,48000,UPI,2026-08-13 17:34:00,1
TXN_002401,FIR_0006,ACCT_0072,ACCT_0078,125000,IMPS,2026-05-10 10:58:00,0
TXN_002402,FIR_0005,ACCT_0067,ACCT_0028,125000,cash_deposit,2026-05-20 18:51:00,0
TXN_002403,FIR_0012,ACCT_0014,ACCT_0078,1200,IMPS,2026-08-12 18:18:00,0
TXN_002404,FIR_0014,ACCT_0068,ACCT_0028,24000,NEFT,2026-08-16 21:42:00,0
TXN_002405,FIR_0007,ACCT_0009,ACCT_0045,24000,IMPS,2026-05-24 18:58:00,0
TXN_002406,FIR_0026,ACCT_0003,ACCT_0042,49000,IMPS,2026-03-10 10:53:00,1
TXN_002407,FIR_0022,ACCT_0013,ACCT_0073,48000,IMPS,2026-02-17 09:51:00,1
TXN_002408,FIR_0030,ACCT_0064,ACCT_0043,48000,UPI,2026-03-09 06:45:00,1
TXN_002409,FIR_0014,ACCT_0045,ACCT_0022,75000,cash_deposit,2026-08-27 17:21:00,0
TXN_002410,FIR_0030,ACCT_0078,ACCT_0076,24000,cash_deposit,2026-02-09 09:19:00,0
TXN_002411,FIR_0001,ACCT_0059,ACCT_0065,48000,UPI,2026-07-23 18:12:00,1
TXN_002412,FIR_0030,ACCT_0075,ACCT_0052,5000,NEFT,2026-01-20 19:33:00,0
TXN_002413,FIR_0012,ACCT_0062,ACCT_0077,9800,UPI,2026-04-11 16:49:00,0
TXN_002414,FIR_0020,ACCT_0066,ACCT_0041,5000,cash_deposit,2026-06-20 01:50:00,0
TXN_002415,FIR_0029,ACCT_0076,ACCT_0009,24000,NEFT,2026-01-10 19:11:00,0
TXN_002416,FIR_0018,ACCT_0013,ACCT_0001,24000,UPI,2026-05-27 10:02:00,0
TXN_002417,FIR_0007,ACCT_0070,ACCT_0012,24000,UPI,2026-01-25 13:17:00,0
TXN_002418,FIR_0027,ACCT_0010,ACCT_0021,1200,NEFT,2026-08-27 01:51:00,0
TXN_002419,FIR_0020,ACCT_0042,ACCT_0050,5000,UPI,2026-05-01 09:21:00,0
TXN_002420,FIR_0012,ACCT_0008,ACCT_0051,49000,UPI,2026-07-24 09:05:00,1
TXN_002421,FIR_0020,ACCT_0006,ACCT_0071,125000,UPI,2026-06-23 13:34:00,0
TXN_002422,FIR_0024,ACCT_0059,ACCT_0003,1200,cash_deposit,2026-08-30 02:27:00,0
TXN_002423,FIR_0014,ACCT_0004,ACCT_0073,75000,UPI,2026-05-13 17:09:00,0
TXN_002424,FIR_0029,ACCT_0030,ACCT_0059,49000,cash_deposit,2026-07-18 16:40:00,1
TXN_002425,FIR_0012,ACCT_0007,ACCT_0036,250000,cash_deposit,2026-01-10 23:08:00,0
TXN_002426,FIR_0025,ACCT_0039,ACCT_0058,125000,cash_deposit,2026-03-03 01:30:00,0
TXN_002427,FIR_0014,ACCT_0028,ACCT_0069,1200,cash_deposit,2026-06-11 17:32:00,0
TXN_002428,FIR_0020,ACCT_0003,ACCT_0059,24000,UPI,2026-06-25 18:14:00,0
TXN_002429,FIR_0006,ACCT_0024,ACCT_0003,1200,UPI,2026-01-28 16:49:00,0
TXN_002430,FIR_0023,ACCT_0039,ACCT_0024,9800,cash_deposit,2026-01-01 21:28:00,0
TXN_002431,FIR_0014,ACCT_0042,ACCT_0006,250000,UPI,2026-05-16 08:58:00,0
TXN_002432,FIR_0024,ACCT_0032,ACCT_0053,48000,cash_deposit,2026-08-22 01:21:00,1
TXN_002433,FIR_0025,ACCT_0068,ACCT_0017,49000,NEFT,2026-03-02 10:00:00,1
TXN_002434,FIR_0029,ACCT_0024,ACCT_0038,125000,UPI,2026-05-13 07:45:00,0
TXN_002435,FIR_0014,ACCT_0012,ACCT_0003,24000,cash_deposit,2026-03-12 02:17:00,0
TXN_002436,FIR_0024,ACCT_0066,ACCT_0001,9800,NEFT,2026-07-17 10:29:00,0
TXN_002437,FIR_0009,ACCT_0071,ACCT_0038,48000,NEFT,2026-05-24 18:11:00,1
TXN_002438,FIR_0013,ACCT_0038,ACCT_0080,1200,IMPS,2026-06-11 22:15:00,0
TXN_002439,FIR_0030,ACCT_0064,ACCT_0012,125000,IMPS,2026-08-31 06:31:00,0
TXN_002440,FIR_0013,ACCT_0053,ACCT_0069,24000,cash_deposit,2026-07-26 02:11:00,0
TXN_002441,FIR_0029,ACCT_0062,ACCT_0065,48000,UPI,2026-01-18 10:35:00,1
TXN_002442,FIR_0003,ACCT_0067,ACCT_0068,24000,NEFT,2026-03-19 18:55:00,0
TXN_002443,FIR_0004,ACCT_0057,ACCT_0068,24000,cash_deposit,2026-03-05 04:06:00,0
TXN_002444,FIR_0015,ACCT_0052,ACCT_0018,125000,NEFT,2026-07-14 17:46:00,0
TXN_002445,FIR_0008,ACCT_0014,ACCT_0009,75000,NEFT,2026-02-11 01:33:00,0
TXN_002446,FIR_0001,ACCT_0040,ACCT_0063,75000,NEFT,2026-01-21 08:18:00,0
TXN_002447,FIR_0014,ACCT_0074,ACCT_0064,49000,UPI,2026-03-02 08:52:00,1
TXN_002448,FIR_0011,ACCT_0061,ACCT_0023,75000,NEFT,2026-02-21 13:15:00,0
TXN_002449,FIR_0007,ACCT_0032,ACCT_0012,24000,IMPS,2026-08-03 03:48:00,0
TXN_002450,FIR_0019,ACCT_0002,ACCT_0044,1200,cash_deposit,2026-07-28 01:28:00,0
TXN_002451,FIR_0004,ACCT_0014,ACCT_0062,9800,IMPS,2026-04-06 07:55:00,0
TXN_002452,FIR_0005,ACCT_0049,ACCT_0077,49000,IMPS,2026-02-17 17:42:00,1
TXN_002453,FIR_0010,ACCT_0001,ACCT_0045,9800,cash_deposit,2026-01-23 00:17:00,0
TXN_002454,FIR_0026,ACCT_0031,ACCT_0009,48000,UPI,2026-06-07 05:16:00,1
TXN_002455,FIR_0012,ACCT_0012,ACCT_0027,125000,cash_deposit,2026-07-25 12:19:00,0
TXN_002456,FIR_0029,ACCT_0003,ACCT_0071,75000,NEFT,2026-04-28 06:23:00,0
TXN_002457,FIR_0010,ACCT_0009,ACCT_0070,250000,IMPS,2026-08-28 12:59:00,0
TXN_002458,FIR_0005,ACCT_0033,ACCT_0015,24000,IMPS,2026-06-03 05:34:00,0
TXN_002459,FIR_0008,ACCT_0048,ACCT_0052,75000,IMPS,2026-08-04 08:00:00,0
TXN_002460,FIR_0011,ACCT_0007,ACCT_0032,250000,NEFT,2026-08-15 09:21:00,0
TXN_002461,FIR_0007,ACCT_0046,ACCT_0031,5000,cash_deposit,2026-01-25 18:04:00,0
TXN_002462,FIR_0002,ACCT_0028,ACCT_0005,24000,UPI,2026-03-23 18:32:00,0
TXN_002463,FIR_0020,ACCT_0039,ACCT_0001,5000,IMPS,2026-06-22 05:37:00,0
TXN_002464,FIR_0010,ACCT_0068,ACCT_0034,48000,cash_deposit,2026-08-22 14:24:00,1
TXN_002465,FIR_0017,ACCT_0036,ACCT_0008,1200,NEFT,2026-01-22 12:08:00,0
TXN_002466,FIR_0016,ACCT_0077,ACCT_0063,9800,NEFT,2026-05-15 13:18:00,0
TXN_002467,FIR_0029,ACCT_0054,ACCT_0079,125000,cash_deposit,2026-05-15 19:04:00,0
TXN_002468,FIR_0014,ACCT_0069,ACCT_0038,5000,UPI,2026-08-05 07:48:00,0
TXN_002469,FIR_0005,ACCT_0042,ACCT_0010,9800,NEFT,2026-08-23 06:25:00,0
TXN_002470,FIR_0025,ACCT_0022,ACCT_0018,48000,IMPS,2026-01-10 14:34:00,1
TXN_002471,FIR_0010,ACCT_0079,ACCT_0042,48000,UPI,2026-02-20 18:42:00,1
TXN_002472,FIR_0007,ACCT_0072,ACCT_0064,250000,cash_deposit,2026-01-22 03:20:00,0
TXN_002473,FIR_0007,ACCT_0069,ACCT_0073,49000,UPI,2026-05-21 18:00:00,1
TXN_002474,FIR_0001,ACCT_0038,ACCT_0058,9800,IMPS,2026-03-22 13:23:00,0
TXN_002475,FIR_0002,ACCT_0050,ACCT_0079,48000,cash_deposit,2026-02-10 11:04:00,1
TXN_002476,FIR_0005,ACCT_0048,ACCT_0007,5000,UPI,2026-06-23 05:15:00,0
TXN_002477,FIR_0024,ACCT_0012,ACCT_0055,1200,UPI,2026-04-04 19:13:00,0
TXN_002478,FIR_0015,ACCT_0035,ACCT_0044,250000,cash_deposit,2026-06-15 20:48:00,0
TXN_002479,FIR_0013,ACCT_0068,ACCT_0034,250000,IMPS,2026-08-01 15:09:00,0
TXN_002480,FIR_0020,ACCT_0038,ACCT_0022,48000,cash_deposit,2026-06-26 18:03:00,1
TXN_002481,FIR_0008,ACCT_0023,ACCT_0055,250000,cash_deposit,2026-03-13 02:49:00,0
TXN_002482,FIR_0026,ACCT_0010,ACCT_0004,5000,UPI,2026-03-28 18:16:00,0
TXN_002483,FIR_0003,ACCT_0020,ACCT_0044,250000,IMPS,2026-04-17 00:59:00,0
TXN_002484,FIR_0005,ACCT_0019,ACCT_0027,75000,NEFT,2026-05-12 02:58:00,0
TXN_002485,FIR_0006,ACCT_0029,ACCT_0073,5000,IMPS,2026-04-21 20:13:00,0
TXN_002486,FIR_0028,ACCT_0017,ACCT_0033,48000,UPI,2026-05-19 16:50:00,1
TXN_002487,FIR_0025,ACCT_0043,ACCT_0071,1200,UPI,2026-01-10 06:43:00,0
TXN_002488,FIR_0008,ACCT_0047,ACCT_0067,5000,IMPS,2026-06-25 17:32:00,0
TXN_002489,FIR_0018,ACCT_0055,ACCT_0008,75000,UPI,2026-01-16 02:54:00,0
TXN_002490,FIR_0022,ACCT_0021,ACCT_0068,250000,cash_deposit,2026-08-04 17:43:00,0
TXN_002491,FIR_0012,ACCT_0059,ACCT_0032,9800,NEFT,2026-02-09 01:49:00,0
TXN_002492,FIR_0021,ACCT_0020,ACCT_0037,49000,IMPS,2026-01-12 03:22:00,1
TXN_002493,FIR_0016,ACCT_0077,ACCT_0039,48000,NEFT,2026-06-29 21:03:00,1
TXN_002494,FIR_0007,ACCT_0059,ACCT_0015,24000,IMPS,2026-06-14 05:09:00,0
TXN_002495,FIR_0007,ACCT_0001,ACCT_0071,125000,UPI,2026-05-25 07:48:00,0
TXN_002496,FIR_0005,ACCT_0008,ACCT_0061,1200,IMPS,2026-04-25 16:25:00,0
TXN_002497,FIR_0014,ACCT_0031,ACCT_0056,9800,cash_deposit,2026-01-06 17:20:00,0
TXN_002498,FIR_0025,ACCT_0004,ACCT_0049,125000,UPI,2026-04-08 06:59:00,0
TXN_002499,FIR_0017,ACCT_0036,ACCT_0046,48000,NEFT,2026-06-22 09:46:00,1
TXN_002500,FIR_0030,ACCT_0026,ACCT_0038,125000,UPI,2026-04-05 17:12:00,0
TXN_002501,FIR_0017,ACCT_0051,ACCT_0002,24000,UPI,2026-01-22 23:10:00,0
TXN_002502,FIR_0022,ACCT_0017,ACCT_0028,1200,IMPS,2026-05-18 20:25:00,0
TXN_002503,FIR_0015,ACCT_0066,ACCT_0018,9800,NEFT,2026-06-21 05:42:00,0
TXN_002504,FIR_0016,ACCT_0035,ACCT_0011,24000,UPI,2026-06-24 21:11:00,0
TXN_002505,FIR_0004,ACCT_0039,ACCT_0029,24000,cash_deposit,2026-08-29 23:07:00,0
TXN_002506,FIR_0019,ACCT_0023,ACCT_0067,1200,IMPS,2026-08-29 19:03:00,0
TXN_002507,FIR_0002,ACCT_0043,ACCT_0009,75000,IMPS,2026-03-24 11:39:00,0
TXN_002508,FIR_0020,ACCT_0017,ACCT_0022,9800,cash_deposit,2026-08-13 05:13:00,0
TXN_002509,FIR_0028,ACCT_0009,ACCT_0047,49000,NEFT,2026-01-14 20:16:00,1
TXN_002510,FIR_0020,ACCT_0050,ACCT_0026,5000,NEFT,2026-01-21 17:25:00,0
TXN_002511,FIR_0030,ACCT_0051,ACCT_0044,9800,UPI,2026-08-10 17:10:00,0
TXN_002512,FIR_0017,ACCT_0031,ACCT_0073,9800,UPI,2026-01-24 22:36:00,0
TXN_002513,FIR_0027,ACCT_0059,ACCT_0024,250000,cash_deposit,2026-06-06 08:49:00,0
TXN_002514,FIR_0021,ACCT_0071,ACCT_0049,49000,IMPS,2026-04-11 22:40:00,1
TXN_002515,FIR_0027,ACCT_0030,ACCT_0017,24000,NEFT,2026-05-27 01:34:00,0
TXN_002516,FIR_0023,ACCT_0073,ACCT_0066,250000,IMPS,2026-02-09 13:25:00,0
TXN_002517,FIR_0005,ACCT_0070,ACCT_0060,1200,UPI,2026-03-20 04:44:00,0
TXN_002518,FIR_0007,ACCT_0014,ACCT_0074,125000,NEFT,2026-05-05 14:31:00,0
TXN_002519,FIR_0016,ACCT_0005,ACCT_0067,250000,UPI,2026-06-08 09:52:00,0
TXN_002520,FIR_0018,ACCT_0072,ACCT_0019,1200,UPI,2026-05-20 21:32:00,0
TXN_002521,FIR_0029,ACCT_0045,ACCT_0067,49000,UPI,2026-08-17 02:18:00,1
TXN_002522,FIR_0028,ACCT_0046,ACCT_0074,1200,cash_deposit,2026-02-11 16:27:00,0
TXN_002523,FIR_0014,ACCT_0080,ACCT_0071,9800,IMPS,2026-05-29 07:56:00,0
TXN_002524,FIR_0001,ACCT_0056,ACCT_0020,48000,IMPS,2026-02-12 08:24:00,1
TXN_002525,FIR_0030,ACCT_0049,ACCT_0035,48000,cash_deposit,2026-06-19 14:39:00,1
TXN_002526,FIR_0016,ACCT_0071,ACCT_0073,9800,NEFT,2026-05-30 03:46:00,0
TXN_002527,FIR_0025,ACCT_0047,ACCT_0037,5000,IMPS,2026-04-27 04:18:00,0
TXN_002528,FIR_0019,ACCT_0045,ACCT_0066,125000,cash_deposit,2026-04-04 09:12:00,0
TXN_002529,FIR_0021,ACCT_0034,ACCT_0025,125000,cash_deposit,2026-04-21 11:36:00,0
TXN_002530,FIR_0012,ACCT_0027,ACCT_0037,125000,cash_deposit,2026-03-28 13:59:00,0
TXN_002531,FIR_0001,ACCT_0049,ACCT_0060,75000,UPI,2026-08-21 18:48:00,0
TXN_002532,FIR_0026,ACCT_0049,ACCT_0080,125000,NEFT,2026-07-28 06:45:00,0
TXN_002533,FIR_0006,ACCT_0039,ACCT_0010,1200,NEFT,2026-03-03 22:35:00,0
TXN_002534,FIR_0026,ACCT_0078,ACCT_0004,5000,UPI,2026-07-04 22:14:00,0
TXN_002535,FIR_0026,ACCT_0076,ACCT_0002,125000,IMPS,2026-07-29 08:08:00,0
TXN_002536,FIR_0006,ACCT_0004,ACCT_0033,49000,IMPS,2026-03-18 10:59:00,1
TXN_002537,FIR_0014,ACCT_0052,ACCT_0072,49000,cash_deposit,2026-07-03 00:17:00,1
TXN_002538,FIR_0023,ACCT_0054,ACCT_0045,5000,cash_deposit,2026-03-11 19:48:00,0
TXN_002539,FIR_0012,ACCT_0006,ACCT_0042,9800,UPI,2026-07-16 19:41:00,0
TXN_002540,FIR_0015,ACCT_0021,ACCT_0023,125000,UPI,2026-04-24 07:25:00,0
TXN_002541,FIR_0028,ACCT_0006,ACCT_0068,49000,cash_deposit,2026-04-03 02:36:00,1
TXN_002542,FIR_0009,ACCT_0029,ACCT_0008,49000,IMPS,2026-03-28 16:38:00,1
TXN_002543,FIR_0017,ACCT_0042,ACCT_0015,9800,IMPS,2026-02-09 03:31:00,0
TXN_002544,FIR_0027,ACCT_0027,ACCT_0041,48000,NEFT,2026-02-20 02:00:00,1
TXN_002545,FIR_0006,ACCT_0005,ACCT_0017,24000,UPI,2026-04-09 13:49:00,0
TXN_002546,FIR_0010,ACCT_0060,ACCT_0068,250000,NEFT,2026-07-29 09:17:00,0
TXN_002547,FIR_0015,ACCT_0044,ACCT_0046,9800,IMPS,2026-04-17 09:24:00,0
TXN_002548,FIR_0003,ACCT_0061,ACCT_0068,9800,NEFT,2026-04-16 00:12:00,0
TXN_002549,FIR_0009,ACCT_0027,ACCT_0056,49000,NEFT,2026-04-24 08:53:00,1
TXN_002550,FIR_0019,ACCT_0029,ACCT_0044,125000,UPI,2026-08-06 21:49:00,0
TXN_002551,FIR_0015,ACCT_0001,ACCT_0032,48000,UPI,2026-02-28 02:29:00,1
TXN_002552,FIR_0013,ACCT_0033,ACCT_0004,125000,IMPS,2026-08-21 04:13:00,0
TXN_002553,FIR_0004,ACCT_0080,ACCT_0004,75000,cash_deposit,2026-08-13 23:14:00,0
TXN_002554,FIR_0029,ACCT_0048,ACCT_0021,48000,cash_deposit,2026-06-15 00:19:00,1
TXN_002555,FIR_0025,ACCT_0063,ACCT_0040,75000,UPI,2026-05-22 20:49:00,0
TXN_002556,FIR_0013,ACCT_0027,ACCT_0033,1200,UPI,2026-04-20 21:03:00,0
TXN_002557,FIR_0024,ACCT_0035,ACCT_0009,48000,NEFT,2026-04-26 09:22:00,1
TXN_002558,FIR_0024,ACCT_0001,ACCT_0056,49000,cash_deposit,2026-03-19 13:52:00,1
TXN_002559,FIR_0007,ACCT_0019,ACCT_0017,49000,NEFT,2026-05-14 01:01:00,1
TXN_002560,FIR_0012,ACCT_0073,ACCT_0045,125000,NEFT,2026-03-11 13:50:00,0
TXN_002561,FIR_0013,ACCT_0004,ACCT_0064,1200,UPI,2026-04-30 07:10:00,0
TXN_002562,FIR_0020,ACCT_0019,ACCT_0014,125000,IMPS,2026-06-29 14:19:00,0
TXN_002563,FIR_0013,ACCT_0039,ACCT_0005,1200,cash_deposit,2026-02-15 09:42:00,0
TXN_002564,FIR_0009,ACCT_0079,ACCT_0027,49000,NEFT,2026-01-08 21:02:00,1
TXN_002565,FIR_0018,ACCT_0005,ACCT_0045,48000,UPI,2026-01-26 20:17:00,1
TXN_002566,FIR_0027,ACCT_0050,ACCT_0029,125000,IMPS,2026-06-05 14:55:00,0
TXN_002567,FIR_0009,ACCT_0009,ACCT_0070,48000,cash_deposit,2026-06-19 09:19:00,1
TXN_002568,FIR_0008,ACCT_0067,ACCT_0043,48000,IMPS,2026-03-29 03:47:00,1
TXN_002569,FIR_0004,ACCT_0020,ACCT_0068,75000,NEFT,2026-01-28 01:38:00,0
TXN_002570,FIR_0012,ACCT_0030,ACCT_0069,75000,UPI,2026-07-07 16:48:00,0
TXN_002571,FIR_0026,ACCT_0003,ACCT_0026,250000,cash_deposit,2026-02-03 18:44:00,0
TXN_002572,FIR_0012,ACCT_0071,ACCT_0062,5000,NEFT,2026-08-18 20:39:00,0
TXN_002573,FIR_0013,ACCT_0014,ACCT_0002,48000,cash_deposit,2026-07-21 07:51:00,1
TXN_002574,FIR_0011,ACCT_0001,ACCT_0063,125000,cash_deposit,2026-06-27 19:46:00,0
TXN_002575,FIR_0029,ACCT_0032,ACCT_0023,125000,IMPS,2026-01-13 17:16:00,0
TXN_002576,FIR_0015,ACCT_0041,ACCT_0030,5000,NEFT,2026-02-27 01:39:00,0
TXN_002577,FIR_0028,ACCT_0075,ACCT_0025,24000,NEFT,2026-02-05 07:37:00,0
TXN_002578,FIR_0029,ACCT_0040,ACCT_0013,24000,cash_deposit,2026-05-17 19:16:00,0
TXN_002579,FIR_0014,ACCT_0018,ACCT_0050,1200,UPI,2026-04-10 08:20:00,0
TXN_002580,FIR_0004,ACCT_0057,ACCT_0020,125000,UPI,2026-02-04 08:38:00,0
TXN_002581,FIR_0020,ACCT_0059,ACCT_0078,49000,UPI,2026-04-06 22:10:00,1
TXN_002582,FIR_0025,ACCT_0034,ACCT_0048,48000,cash_deposit,2026-04-30 21:11:00,1
TXN_002583,FIR_0008,ACCT_0062,ACCT_0022,75000,cash_deposit,2026-02-06 11:20:00,0
TXN_002584,FIR_0005,ACCT_0079,ACCT_0076,250000,UPI,2026-05-24 03:28:00,0
TXN_002585,FIR_0010,ACCT_0050,ACCT_0069,125000,IMPS,2026-06-20 05:01:00,0
TXN_002586,FIR_0024,ACCT_0052,ACCT_0024,5000,IMPS,2026-02-22 13:38:00,0
TXN_002587,FIR_0001,ACCT_0005,ACCT_0041,9800,IMPS,2026-05-02 11:57:00,0
TXN_002588,FIR_0006,ACCT_0015,ACCT_0026,125000,NEFT,2026-04-15 21:23:00,0
TXN_002589,FIR_0010,ACCT_0010,ACCT_0063,1200,UPI,2026-05-21 06:27:00,0
TXN_002590,FIR_0029,ACCT_0036,ACCT_0037,9800,cash_deposit,2026-08-12 07:37:00,0
TXN_002591,FIR_0016,ACCT_0073,ACCT_0075,5000,NEFT,2026-05-31 06:56:00,0
TXN_002592,FIR_0018,ACCT_0027,ACCT_0047,9800,IMPS,2026-05-24 21:54:00,0
TXN_002593,FIR_0007,ACCT_0024,ACCT_0067,75000,UPI,2026-03-18 01:02:00,0
TXN_002594,FIR_0016,ACCT_0056,ACCT_0064,9800,UPI,2026-08-15 19:39:00,0
TXN_002595,FIR_0005,ACCT_0005,ACCT_0003,49000,NEFT,2026-06-18 20:57:00,1
TXN_002596,FIR_0015,ACCT_0060,ACCT_0006,250000,NEFT,2026-06-17 12:02:00,0
TXN_002597,FIR_0012,ACCT_0051,ACCT_0048,48000,NEFT,2026-07-13 13:48:00,1
TXN_002598,FIR_0015,ACCT_0050,ACCT_0004,48000,UPI,2026-08-10 20:13:00,1
TXN_002599,FIR_0004,ACCT_0019,ACCT_0013,49000,UPI,2026-05-22 02:05:00,1
TXN_002600,FIR_0008,ACCT_0034,ACCT_0057,9800,UPI,2026-05-06 17:38:00,0
TXN_002601,FIR_0021,ACCT_0005,ACCT_0039,24000,NEFT,2026-05-20 03:35:00,0
TXN_002602,FIR_0024,ACCT_0056,ACCT_0007,48000,NEFT,2026-08-04 11:00:00,1
TXN_002603,FIR_0014,ACCT_0043,ACCT_0058,75000,NEFT,2026-01-16 22:34:00,0
TXN_002604,FIR_0029,ACCT_0068,ACCT_0053,49000,cash_deposit,2026-03-25 17:23:00,1
TXN_002605,FIR_0002,ACCT_0036,ACCT_0025,75000,NEFT,2026-07-04 20:09:00,0
TXN_002606,FIR_0007,ACCT_0005,ACCT_0056,24000,UPI,2026-04-08 12:49:00,0
TXN_002607,FIR_0015,ACCT_0018,ACCT_0072,9800,IMPS,2026-05-25 02:14:00,0
TXN_002608,FIR_0008,ACCT_0021,ACCT_0067,9800,IMPS,2026-07-29 13:36:00,0
TXN_002609,FIR_0019,ACCT_0053,ACCT_0070,48000,IMPS,2026-07-16 08:14:00,1
TXN_002610,FIR_0024,ACCT_0007,ACCT_0059,250000,IMPS,2026-01-11 22:00:00,0
TXN_002611,FIR_0011,ACCT_0054,ACCT_0047,5000,NEFT,2026-04-30 14:34:00,0
TXN_002612,FIR_0002,ACCT_0068,ACCT_0080,9800,IMPS,2026-07-12 14:39:00,0
TXN_002613,FIR_0007,ACCT_0078,ACCT_0005,1200,cash_deposit,2026-08-05 16:00:00,0
TXN_002614,FIR_0012,ACCT_0074,ACCT_0068,49000,UPI,2026-06-07 12:06:00,1
TXN_002615,FIR_0002,ACCT_0068,ACCT_0013,49000,NEFT,2026-05-21 12:50:00,1
TXN_002616,FIR_0024,ACCT_0029,ACCT_0015,49000,IMPS,2026-04-17 05:33:00,1
TXN_002617,FIR_0020,ACCT_0061,ACCT_0044,5000,UPI,2026-04-15 14:54:00,0
TXN_002618,FIR_0027,ACCT_0066,ACCT_0055,75000,NEFT,2026-07-12 03:51:00,0
TXN_002619,FIR_0012,ACCT_0078,ACCT_0016,49000,UPI,2026-03-01 15:25:00,1
TXN_002620,FIR_0001,ACCT_0067,ACCT_0020,125000,UPI,2026-06-02 01:43:00,0
TXN_002621,FIR_0017,ACCT_0015,ACCT_0026,5000,UPI,2026-05-10 19:51:00,0
TXN_002622,FIR_0029,ACCT_0057,ACCT_0008,49000,UPI,2026-01-31 00:02:00,1
TXN_002623,FIR_0030,ACCT_0079,ACCT_0013,75000,NEFT,2026-08-16 09:05:00,0
TXN_002624,FIR_0026,ACCT_0055,ACCT_0059,75000,NEFT,2026-02-06 17:47:00,0
TXN_002625,FIR_0019,ACCT_0044,ACCT_0014,49000,IMPS,2026-08-10 08:44:00,1
TXN_002626,FIR_0020,ACCT_0060,ACCT_0010,1200,IMPS,2026-06-23 14:22:00,0
TXN_002627,FIR_0009,ACCT_0073,ACCT_0040,250000,IMPS,2026-05-13 02:05:00,0
TXN_002628,FIR_0003,ACCT_0051,ACCT_0050,5000,NEFT,2026-08-29 08:05:00,0
TXN_002629,FIR_0026,ACCT_0001,ACCT_0016,250000,NEFT,2026-07-25 19:22:00,0
TXN_002630,FIR_0012,ACCT_0066,ACCT_0025,125000,NEFT,2026-03-08 09:56:00,0
TXN_002631,FIR_0025,ACCT_0003,ACCT_0004,125000,cash_deposit,2026-07-31 00:43:00,0
TXN_002632,FIR_0015,ACCT_0038,ACCT_0052,1200,cash_deposit,2026-05-24 05:45:00,0
TXN_002633,FIR_0001,ACCT_0030,ACCT_0027,75000,UPI,2026-08-11 15:17:00,0
TXN_002634,FIR_0023,ACCT_0076,ACCT_0013,5000,NEFT,2026-05-25 04:03:00,0
TXN_002635,FIR_0015,ACCT_0052,ACCT_0072,1200,NEFT,2026-05-28 09:51:00,0
TXN_002636,FIR_0012,ACCT_0071,ACCT_0072,48000,cash_deposit,2026-02-03 06:49:00,1
TXN_002637,FIR_0002,ACCT_0010,ACCT_0069,250000,NEFT,2026-02-28 07:09:00,0
TXN_002638,FIR_0030,ACCT_0072,ACCT_0033,5000,IMPS,2026-02-23 20:27:00,0
TXN_002639,FIR_0018,ACCT_0030,ACCT_0024,1200,cash_deposit,2026-05-06 22:24:00,0
TXN_002640,FIR_0028,ACCT_0015,ACCT_0058,125000,IMPS,2026-04-20 00:50:00,0
TXN_002641,FIR_0022,ACCT_0030,ACCT_0045,75000,NEFT,2026-01-20 13:42:00,0
TXN_002642,FIR_0006,ACCT_0007,ACCT_0075,1200,NEFT,2026-05-01 17:21:00,0
TXN_002643,FIR_0030,ACCT_0002,ACCT_0047,24000,cash_deposit,2026-08-29 23:06:00,0
TXN_002644,FIR_0024,ACCT_0075,ACCT_0047,75000,UPI,2026-07-19 01:00:00,0
TXN_002645,FIR_0024,ACCT_0066,ACCT_0059,5000,cash_deposit,2026-06-22 07:44:00,0
TXN_002646,FIR_0017,ACCT_0047,ACCT_0006,1200,NEFT,2026-08-08 12:15:00,0
TXN_002647,FIR_0029,ACCT_0014,ACCT_0016,75000,UPI,2026-08-17 18:27:00,0
TXN_002648,FIR_0030,ACCT_0014,ACCT_0025,49000,IMPS,2026-02-17 09:28:00,1
TXN_002649,FIR_0025,ACCT_0007,ACCT_0013,1200,cash_deposit,2026-05-29 16:11:00,0
TXN_002650,FIR_0002,ACCT_0016,ACCT_0020,75000,UPI,2026-01-30 08:38:00,0
TXN_002651,FIR_0011,ACCT_0015,ACCT_0039,5000,UPI,2026-05-08 12:09:00,0
TXN_002652,FIR_0004,ACCT_0036,ACCT_0012,48000,IMPS,2026-02-09 12:27:00,1
TXN_002653,FIR_0023,ACCT_0058,ACCT_0045,9800,cash_deposit,2026-01-03 04:18:00,0
TXN_002654,FIR_0015,ACCT_0054,ACCT_0061,49000,cash_deposit,2026-06-16 16:14:00,1
TXN_002655,FIR_0005,ACCT_0042,ACCT_0039,9800,UPI,2026-06-29 18:13:00,0
TXN_002656,FIR_0019,ACCT_0028,ACCT_0056,24000,IMPS,2026-08-15 02:09:00,0
TXN_002657,FIR_0006,ACCT_0080,ACCT_0065,250000,NEFT,2026-04-19 17:23:00,0
TXN_002658,FIR_0001,ACCT_0005,ACCT_0040,125000,IMPS,2026-07-05 09:38:00,0
TXN_002659,FIR_0006,ACCT_0026,ACCT_0005,250000,IMPS,2026-08-09 21:08:00,0
TXN_002660,FIR_0002,ACCT_0062,ACCT_0069,250000,cash_deposit,2026-02-19 19:41:00,0
TXN_002661,FIR_0002,ACCT_0056,ACCT_0035,24000,NEFT,2026-02-22 20:39:00,0
TXN_002662,FIR_0017,ACCT_0040,ACCT_0055,75000,cash_deposit,2026-04-02 00:56:00,0
TXN_002663,FIR_0016,ACCT_0068,ACCT_0004,24000,IMPS,2026-07-26 17:25:00,0
TXN_002664,FIR_0003,ACCT_0020,ACCT_0024,48000,UPI,2026-07-05 04:11:00,1
TXN_002665,FIR_0007,ACCT_0030,ACCT_0029,48000,NEFT,2026-04-11 04:31:00,1
TXN_002666,FIR_0007,ACCT_0039,ACCT_0038,48000,cash_deposit,2026-08-10 10:14:00,1
TXN_002667,FIR_0005,ACCT_0070,ACCT_0079,9800,NEFT,2026-03-02 12:14:00,0
TXN_002668,FIR_0006,ACCT_0039,ACCT_0003,9800,cash_deposit,2026-01-29 15:17:00,0
TXN_002669,FIR_0013,ACCT_0042,ACCT_0080,250000,UPI,2026-04-14 06:39:00,0
TXN_002670,FIR_0024,ACCT_0048,ACCT_0052,250000,cash_deposit,2026-05-27 03:09:00,0
TXN_002671,FIR_0010,ACCT_0055,ACCT_0002,1200,cash_deposit,2026-04-25 09:39:00,0
TXN_002672,FIR_0030,ACCT_0065,ACCT_0068,5000,cash_deposit,2026-07-09 14:06:00,0
TXN_002673,FIR_0017,ACCT_0039,ACCT_0009,24000,IMPS,2026-08-20 11:49:00,0
TXN_002674,FIR_0009,ACCT_0075,ACCT_0050,5000,NEFT,2026-03-28 13:15:00,0
TXN_002675,FIR_0008,ACCT_0041,ACCT_0023,9800,cash_deposit,2026-05-20 02:35:00,0
TXN_002676,FIR_0004,ACCT_0069,ACCT_0014,5000,cash_deposit,2026-06-12 10:26:00,0
TXN_002677,FIR_0025,ACCT_0072,ACCT_0044,1200,NEFT,2026-06-05 03:36:00,0
TXN_002678,FIR_0022,ACCT_0075,ACCT_0033,49000,cash_deposit,2026-03-22 21:22:00,1
TXN_002679,FIR_0025,ACCT_0010,ACCT_0024,1200,NEFT,2026-04-08 00:17:00,0
TXN_002680,FIR_0003,ACCT_0071,ACCT_0026,24000,NEFT,2026-05-26 04:07:00,0
TXN_002681,FIR_0010,ACCT_0056,ACCT_0018,250000,UPI,2026-01-31 02:23:00,0
TXN_002682,FIR_0012,ACCT_0024,ACCT_0018,9800,NEFT,2026-04-04 19:53:00,0
TXN_002683,FIR_0021,ACCT_0079,ACCT_0040,49000,IMPS,2026-07-07 21:03:00,1
TXN_002684,FIR_0026,ACCT_0049,ACCT_0002,49000,UPI,2026-02-09 05:18:00,1
TXN_002685,FIR_0022,ACCT_0040,ACCT_0074,5000,NEFT,2026-05-15 08:33:00,0
TXN_002686,FIR_0021,ACCT_0044,ACCT_0001,9800,NEFT,2026-01-11 19:16:00,0
TXN_002687,FIR_0027,ACCT_0022,ACCT_0019,9800,IMPS,2026-05-13 17:32:00,0
TXN_002688,FIR_0012,ACCT_0007,ACCT_0001,250000,NEFT,2026-02-08 08:35:00,0
TXN_002689,FIR_0004,ACCT_0057,ACCT_0050,125000,NEFT,2026-04-18 13:15:00,0
TXN_002690,FIR_0005,ACCT_0080,ACCT_0038,250000,UPI,2026-05-07 19:22:00,0
TXN_002691,FIR_0004,ACCT_0001,ACCT_0066,75000,UPI,2026-08-15 23:04:00,0
TXN_002692,FIR_0011,ACCT_0051,ACCT_0030,5000,UPI,2026-06-09 13:06:00,0
TXN_002693,FIR_0005,ACCT_0015,ACCT_0076,125000,UPI,2026-03-09 17:34:00,0
TXN_002694,FIR_0022,ACCT_0070,ACCT_0012,24000,IMPS,2026-01-20 12:45:00,0
TXN_002695,FIR_0001,ACCT_0025,ACCT_0042,48000,UPI,2026-08-22 00:40:00,1
TXN_002696,FIR_0017,ACCT_0029,ACCT_0064,75000,IMPS,2026-08-21 08:33:00,0
TXN_002697,FIR_0020,ACCT_0039,ACCT_0007,24000,UPI,2026-01-18 08:50:00,0
TXN_002698,FIR_0023,ACCT_0046,ACCT_0041,48000,UPI,2026-07-12 01:23:00,1
TXN_002699,FIR_0013,ACCT_0059,ACCT_0061,125000,NEFT,2026-08-18 21:18:00,0
TXN_002700,FIR_0016,ACCT_0067,ACCT_0073,48000,cash_deposit,2026-08-11 02:48:00,1
TXN_002701,FIR_0013,ACCT_0060,ACCT_0056,48000,IMPS,2026-01-19 08:18:00,1
TXN_002702,FIR_0003,ACCT_0018,ACCT_0072,1200,UPI,2026-02-10 10:19:00,0
TXN_002703,FIR_0006,ACCT_0079,ACCT_0074,24000,IMPS,2026-02-24 14:03:00,0
TXN_002704,FIR_0016,ACCT_0024,ACCT_0033,49000,NEFT,2026-02-21 17:31:00,1
TXN_002705,FIR_0015,ACCT_0043,ACCT_0053,49000,NEFT,2026-03-15 16:55:00,1
TXN_002706,FIR_0029,ACCT_0068,ACCT_0003,49000,IMPS,2026-08-11 05:58:00,1
TXN_002707,FIR_0020,ACCT_0015,ACCT_0023,48000,cash_deposit,2026-01-05 01:21:00,1
TXN_002708,FIR_0024,ACCT_0047,ACCT_0062,49000,cash_deposit,2026-01-23 21:01:00,1
TXN_002709,FIR_0017,ACCT_0032,ACCT_0037,49000,NEFT,2026-06-29 12:32:00,1
TXN_002710,FIR_0007,ACCT_0073,ACCT_0003,9800,NEFT,2026-04-06 14:19:00,0
TXN_002711,FIR_0003,ACCT_0061,ACCT_0077,48000,UPI,2026-03-23 13:31:00,1
TXN_002712,FIR_0011,ACCT_0049,ACCT_0040,49000,NEFT,2026-01-19 19:17:00,1
TXN_002713,FIR_0010,ACCT_0019,ACCT_0073,5000,NEFT,2026-06-24 08:41:00,0
TXN_002714,FIR_0027,ACCT_0010,ACCT_0055,1200,UPI,2026-07-11 21:21:00,0
TXN_002715,FIR_0025,ACCT_0003,ACCT_0062,75000,IMPS,2026-05-15 15:35:00,0
TXN_002716,FIR_0019,ACCT_0068,ACCT_0011,24000,cash_deposit,2026-02-01 14:37:00,0
TXN_002717,FIR_0030,ACCT_0046,ACCT_0057,9800,cash_deposit,2026-05-26 22:08:00,0
TXN_002718,FIR_0026,ACCT_0009,ACCT_0029,1200,UPI,2026-03-06 14:11:00,0
TXN_002719,FIR_0015,ACCT_0029,ACCT_0032,250000,IMPS,2026-01-13 13:27:00,0
TXN_002720,FIR_0018,ACCT_0033,ACCT_0048,24000,UPI,2026-07-15 03:39:00,0
TXN_002721,FIR_0003,ACCT_0028,ACCT_0075,1200,cash_deposit,2026-07-29 05:59:00,0
TXN_002722,FIR_0013,ACCT_0027,ACCT_0020,75000,NEFT,2026-06-24 23:33:00,0
TXN_002723,FIR_0012,ACCT_0033,ACCT_0031,5000,IMPS,2026-07-25 08:32:00,0
TXN_002724,FIR_0020,ACCT_0026,ACCT_0046,9800,IMPS,2026-04-18 21:40:00,0
TXN_002725,FIR_0004,ACCT_0058,ACCT_0021,49000,NEFT,2026-06-07 10:25:00,1
TXN_002726,FIR_0002,ACCT_0043,ACCT_0061,49000,IMPS,2026-06-13 13:43:00,1
TXN_002727,FIR_0014,ACCT_0013,ACCT_0041,49000,cash_deposit,2026-01-18 04:40:00,1
TXN_002728,FIR_0017,ACCT_0033,ACCT_0067,48000,UPI,2026-07-27 06:45:00,1
TXN_002729,FIR_0016,ACCT_0020,ACCT_0012,49000,UPI,2026-02-11 08:43:00,1
TXN_002730,FIR_0027,ACCT_0054,ACCT_0050,9800,UPI,2026-06-24 19:43:00,0
TXN_002731,FIR_0028,ACCT_0016,ACCT_0010,125000,IMPS,2026-01-17 04:27:00,0
TXN_002732,FIR_0018,ACCT_0044,ACCT_0070,9800,NEFT,2026-02-23 12:06:00,0
TXN_002733,FIR_0022,ACCT_0014,ACCT_0016,75000,cash_deposit,2026-07-01 07:57:00,0
TXN_002734,FIR_0002,ACCT_0037,ACCT_0064,1200,IMPS,2026-01-27 03:49:00,0
TXN_002735,FIR_0003,ACCT_0019,ACCT_0017,1200,NEFT,2026-02-12 17:14:00,0
TXN_002736,FIR_0011,ACCT_0016,ACCT_0079,5000,cash_deposit,2026-08-23 22:56:00,0
TXN_002737,FIR_0017,ACCT_0067,ACCT_0053,24000,cash_deposit,2026-03-13 22:11:00,0
TXN_002738,FIR_0018,ACCT_0025,ACCT_0054,1200,NEFT,2026-08-21 13:40:00,0
TXN_002739,FIR_0012,ACCT_0062,ACCT_0001,24000,NEFT,2026-05-05 22:59:00,0
TXN_002740,FIR_0009,ACCT_0049,ACCT_0011,49000,IMPS,2026-03-01 20:41:00,1
TXN_002741,FIR_0026,ACCT_0074,ACCT_0046,250000,IMPS,2026-08-13 10:42:00,0
TXN_002742,FIR_0016,ACCT_0076,ACCT_0069,125000,IMPS,2026-05-14 13:44:00,0
TXN_002743,FIR_0018,ACCT_0079,ACCT_0035,75000,NEFT,2026-07-06 15:33:00,0
TXN_002744,FIR_0009,ACCT_0019,ACCT_0056,125000,UPI,2026-01-31 17:56:00,0
TXN_002745,FIR_0030,ACCT_0066,ACCT_0020,48000,NEFT,2026-07-12 12:12:00,1
TXN_002746,FIR_0015,ACCT_0011,ACCT_0027,1200,NEFT,2026-07-11 10:37:00,0
TXN_002747,FIR_0003,ACCT_0064,ACCT_0031,75000,cash_deposit,2026-03-15 19:59:00,0
TXN_002748,FIR_0023,ACCT_0045,ACCT_0068,9800,NEFT,2026-08-24 22:32:00,0
TXN_002749,FIR_0027,ACCT_0011,ACCT_0056,49000,UPI,2026-01-27 01:41:00,1
TXN_002750,FIR_0030,ACCT_0053,ACCT_0063,5000,cash_deposit,2026-03-05 23:10:00,0
TXN_002751,FIR_0023,ACCT_0067,ACCT_0032,125000,NEFT,2026-04-10 16:13:00,0
TXN_002752,FIR_0006,ACCT_0019,ACCT_0030,49000,UPI,2026-08-18 00:56:00,1
TXN_002753,FIR_0009,ACCT_0045,ACCT_0073,75000,UPI,2026-07-03 20:27:00,0
TXN_002754,FIR_0017,ACCT_0060,ACCT_0020,5000,UPI,2026-01-02 14:37:00,0
TXN_002755,FIR_0027,ACCT_0066,ACCT_0040,9800,UPI,2026-01-18 23:39:00,0
TXN_002756,FIR_0004,ACCT_0054,ACCT_0003,9800,NEFT,2026-08-19 14:42:00,0
TXN_002757,FIR_0009,ACCT_0029,ACCT_0030,75000,cash_deposit,2026-01-17 14:12:00,0
TXN_002758,FIR_0021,ACCT_0011,ACCT_0048,1200,cash_deposit,2026-01-31 16:06:00,0
TXN_002759,FIR_0007,ACCT_0073,ACCT_0032,1200,UPI,2026-03-26 00:24:00,0
TXN_002760,FIR_0020,ACCT_0070,ACCT_0076,125000,cash_deposit,2026-01-12 20:12:00,0
TXN_002761,FIR_0010,ACCT_0019,ACCT_0023,1200,UPI,2026-04-30 21:11:00,0
TXN_002762,FIR_0017,ACCT_0047,ACCT_0008,24000,cash_deposit,2026-04-13 08:24:00,0
TXN_002763,FIR_0018,ACCT_0048,ACCT_0013,49000,cash_deposit,2026-02-16 11:40:00,1
TXN_002764,FIR_0010,ACCT_0031,ACCT_0014,48000,IMPS,2026-04-14 07:01:00,1
TXN_002765,FIR_0011,ACCT_0022,ACCT_0045,75000,UPI,2026-07-12 15:13:00,0
TXN_002766,FIR_0029,ACCT_0034,ACCT_0050,1200,NEFT,2026-04-26 02:33:00,0
TXN_002767,FIR_0030,ACCT_0061,ACCT_0059,125000,UPI,2026-05-29 19:24:00,0
TXN_002768,FIR_0028,ACCT_0024,ACCT_0035,9800,NEFT,2026-06-19 03:35:00,0
TXN_002769,FIR_0010,ACCT_0079,ACCT_0017,48000,IMPS,2026-06-02 00:18:00,1
TXN_002770,FIR_0015,ACCT_0064,ACCT_0007,9800,IMPS,2026-08-10 09:07:00,0
TXN_002771,FIR_0004,ACCT_0001,ACCT_0069,125000,NEFT,2026-05-30 23:00:00,0
TXN_002772,FIR_0023,ACCT_0008,ACCT_0057,9800,NEFT,2026-07-30 08:34:00,0
TXN_002773,FIR_0008,ACCT_0027,ACCT_0056,250000,UPI,2026-02-07 02:43:00,0
TXN_002774,FIR_0014,ACCT_0023,ACCT_0031,5000,cash_deposit,2026-08-22 11:14:00,0
TXN_002775,FIR_0023,ACCT_0046,ACCT_0037,1200,cash_deposit,2026-06-01 14:27:00,0
TXN_002776,FIR_0029,ACCT_0075,ACCT_0010,250000,NEFT,2026-07-17 01:58:00,0
TXN_002777,FIR_0010,ACCT_0018,ACCT_0020,9800,NEFT,2026-01-17 05:57:00,0
TXN_002778,FIR_0018,ACCT_0004,ACCT_0007,24000,NEFT,2026-05-16 10:06:00,0
TXN_002779,FIR_0010,ACCT_0023,ACCT_0015,1200,cash_deposit,2026-05-12 17:46:00,0
TXN_002780,FIR_0006,ACCT_0074,ACCT_0075,1200,NEFT,2026-05-17 06:33:00,0
TXN_002781,FIR_0009,ACCT_0057,ACCT_0044,1200,cash_deposit,2026-07-03 20:55:00,0
TXN_002782,FIR_0017,ACCT_0004,ACCT_0016,125000,IMPS,2026-06-18 17:27:00,0
TXN_002783,FIR_0022,ACCT_0060,ACCT_0033,24000,IMPS,2026-06-14 11:03:00,0
TXN_002784,FIR_0018,ACCT_0028,ACCT_0055,49000,cash_deposit,2026-01-04 23:37:00,1
TXN_002785,FIR_0005,ACCT_0005,ACCT_0009,24000,cash_deposit,2026-02-24 15:12:00,0
TXN_002786,FIR_0012,ACCT_0050,ACCT_0068,125000,cash_deposit,2026-01-26 13:02:00,0
TXN_002787,FIR_0025,ACCT_0012,ACCT_0053,250000,cash_deposit,2026-04-05 13:30:00,0
TXN_002788,FIR_0002,ACCT_0021,ACCT_0068,250000,UPI,2026-02-15 07:51:00,0
TXN_002789,FIR_0028,ACCT_0050,ACCT_0009,250000,cash_deposit,2026-04-10 17:50:00,0
TXN_002790,FIR_0015,ACCT_0041,ACCT_0047,9800,IMPS,2026-02-16 10:37:00,0
TXN_002791,FIR_0006,ACCT_0011,ACCT_0056,24000,cash_deposit,2026-03-07 07:22:00,0
TXN_002792,FIR_0020,ACCT_0012,ACCT_0013,48000,cash_deposit,2026-03-23 05:21:00,1
TXN_002793,FIR_0005,ACCT_0024,ACCT_0039,1200,NEFT,2026-01-03 15:52:00,0
TXN_002794,FIR_0021,ACCT_0076,ACCT_0048,48000,cash_deposit,2026-03-27 07:17:00,1
TXN_002795,FIR_0026,ACCT_0011,ACCT_0025,75000,UPI,2026-03-15 07:31:00,0
TXN_002796,FIR_0009,ACCT_0076,ACCT_0046,5000,NEFT,2026-03-29 07:17:00,0
TXN_002797,FIR_0013,ACCT_0041,ACCT_0039,250000,IMPS,2026-03-27 21:45:00,0
TXN_002798,FIR_0026,ACCT_0009,ACCT_0073,250000,cash_deposit,2026-04-10 03:58:00,0
TXN_002799,FIR_0015,ACCT_0028,ACCT_0010,48000,NEFT,2026-03-06 11:34:00,1
TXN_002800,FIR_0014,ACCT_0075,ACCT_0066,9800,IMPS,2026-03-31 14:38:00,0
TXN_002801,FIR_0015,ACCT_0025,ACCT_0012,48000,UPI,2026-08-11 17:03:00,1
TXN_002802,FIR_0029,ACCT_0077,ACCT_0023,5000,cash_deposit,2026-06-07 00:16:00,0
TXN_002803,FIR_0005,ACCT_0041,ACCT_0036,24000,UPI,2026-07-15 02:08:00,0
TXN_002804,FIR_0006,ACCT_0009,ACCT_0007,125000,cash_deposit,2026-06-16 23:04:00,0
TXN_002805,FIR_0010,ACCT_0070,ACCT_0058,250000,NEFT,2026-05-03 18:26:00,0
TXN_002806,FIR_0006,ACCT_0029,ACCT_0001,125000,NEFT,2026-06-27 04:43:00,0
TXN_002807,FIR_0003,ACCT_0019,ACCT_0047,75000,UPI,2026-07-16 20:45:00,0
TXN_002808,FIR_0007,ACCT_0053,ACCT_0049,250000,UPI,2026-07-08 22:16:00,0
TXN_002809,FIR_0006,ACCT_0043,ACCT_0008,49000,IMPS,2026-05-09 00:23:00,1
TXN_002810,FIR_0024,ACCT_0068,ACCT_0064,250000,cash_deposit,2026-07-22 13:38:00,0
TXN_002811,FIR_0010,ACCT_0051,ACCT_0075,1200,UPI,2026-08-21 10:22:00,0
TXN_002812,FIR_0009,ACCT_0078,ACCT_0055,5000,NEFT,2026-05-17 11:19:00,0
TXN_002813,FIR_0027,ACCT_0073,ACCT_0006,75000,cash_deposit,2026-06-23 17:03:00,0
TXN_002814,FIR_0020,ACCT_0024,ACCT_0068,9800,UPI,2026-06-01 08:11:00,0
TXN_002815,FIR_0012,ACCT_0043,ACCT_0076,5000,cash_deposit,2026-07-07 09:47:00,0
TXN_002816,FIR_0001,ACCT_0066,ACCT_0019,250000,IMPS,2026-01-16 12:04:00,0
TXN_002817,FIR_0008,ACCT_0036,ACCT_0066,9800,IMPS,2026-07-27 12:06:00,0
TXN_002818,FIR_0017,ACCT_0033,ACCT_0015,48000,IMPS,2026-05-24 13:45:00,1
TXN_002819,FIR_0015,ACCT_0016,ACCT_0043,9800,cash_deposit,2026-03-03 21:01:00,0
TXN_002820,FIR_0028,ACCT_0075,ACCT_0004,250000,NEFT,2026-05-23 01:03:00,0
TXN_002821,FIR_0016,ACCT_0031,ACCT_0022,24000,NEFT,2026-04-13 02:48:00,0
TXN_002822,FIR_0009,ACCT_0051,ACCT_0041,5000,cash_deposit,2026-03-06 04:19:00,0
TXN_002823,FIR_0018,ACCT_0062,ACCT_0043,48000,cash_deposit,2026-04-17 05:51:00,1
TXN_002824,FIR_0027,ACCT_0007,ACCT_0047,9800,IMPS,2026-02-23 20:55:00,0
TXN_002825,FIR_0004,ACCT_0016,ACCT_0015,75000,NEFT,2026-01-08 23:42:00,0
TXN_002826,FIR_0026,ACCT_0038,ACCT_0077,48000,cash_deposit,2026-07-27 12:41:00,1
TXN_002827,FIR_0008,ACCT_0006,ACCT_0008,5000,NEFT,2026-05-04 05:29:00,0
TXN_002828,FIR_0008,ACCT_0044,ACCT_0035,125000,NEFT,2026-08-01 06:18:00,0
TXN_002829,FIR_0009,ACCT_0039,ACCT_0010,24000,cash_deposit,2026-05-01 09:34:00,0
TXN_002830,FIR_0011,ACCT_0038,ACCT_0058,75000,UPI,2026-02-06 22:36:00,0
TXN_002831,FIR_0006,ACCT_0075,ACCT_0024,1200,UPI,2026-05-14 03:43:00,0
TXN_002832,FIR_0003,ACCT_0046,ACCT_0070,9800,NEFT,2026-06-21 09:53:00,0
TXN_002833,FIR_0012,ACCT_0051,ACCT_0004,48000,IMPS,2026-06-09 13:08:00,1
TXN_002834,FIR_0005,ACCT_0004,ACCT_0009,49000,NEFT,2026-03-09 20:59:00,1
TXN_002835,FIR_0024,ACCT_0070,ACCT_0029,125000,cash_deposit,2026-04-20 22:00:00,0
TXN_002836,FIR_0028,ACCT_0001,ACCT_0008,48000,NEFT,2026-04-18 00:29:00,1
TXN_002837,FIR_0029,ACCT_0070,ACCT_0048,9800,IMPS,2026-08-14 11:17:00,0
TXN_002838,FIR_0028,ACCT_0034,ACCT_0054,125000,cash_deposit,2026-01-06 22:19:00,0
TXN_002839,FIR_0002,ACCT_0033,ACCT_0038,9800,cash_deposit,2026-02-27 14:43:00,0
TXN_002840,FIR_0004,ACCT_0006,ACCT_0039,250000,IMPS,2026-01-02 16:28:00,0
TXN_002841,FIR_0009,ACCT_0037,ACCT_0027,9800,cash_deposit,2026-03-17 23:55:00,0
TXN_002842,FIR_0015,ACCT_0014,ACCT_0068,9800,UPI,2026-01-08 08:00:00,0
TXN_002843,FIR_0005,ACCT_0070,ACCT_0050,9800,NEFT,2026-07-07 06:47:00,0
TXN_002844,FIR_0026,ACCT_0029,ACCT_0073,125000,NEFT,2026-08-24 08:26:00,0
TXN_002845,FIR_0030,ACCT_0047,ACCT_0001,49000,IMPS,2026-03-10 13:22:00,1
TXN_002846,FIR_0022,ACCT_0011,ACCT_0075,9800,IMPS,2026-06-15 02:52:00,0
TXN_002847,FIR_0024,ACCT_0021,ACCT_0078,24000,cash_deposit,2026-06-17 15:24:00,0
TXN_002848,FIR_0013,ACCT_0022,ACCT_0019,48000,NEFT,2026-04-15 14:38:00,1
TXN_002849,FIR_0013,ACCT_0039,ACCT_0058,9800,NEFT,2026-01-04 03:33:00,0
TXN_002850,FIR_0005,ACCT_0056,ACCT_0079,9800,cash_deposit,2026-01-24 02:19:00,0
TXN_002851,FIR_0004,ACCT_0046,ACCT_0019,125000,IMPS,2026-04-15 05:52:00,0
TXN_002852,FIR_0018,ACCT_0077,ACCT_0027,5000,NEFT,2026-08-05 23:10:00,0
TXN_002853,FIR_0030,ACCT_0044,ACCT_0079,250000,cash_deposit,2026-02-08 07:16:00,0
TXN_002854,FIR_0008,ACCT_0063,ACCT_0004,75000,NEFT,2026-08-10 22:54:00,0
TXN_002855,FIR_0002,ACCT_0065,ACCT_0034,9800,UPI,2026-07-28 05:15:00,0
TXN_002856,FIR_0017,ACCT_0027,ACCT_0037,75000,IMPS,2026-06-24 15:16:00,0
TXN_002857,FIR_0004,ACCT_0067,ACCT_0035,1200,cash_deposit,2026-03-25 06:54:00,0
TXN_002858,FIR_0017,ACCT_0041,ACCT_0018,250000,IMPS,2026-02-19 23:01:00,0
TXN_002859,FIR_0014,ACCT_0020,ACCT_0007,250000,IMPS,2026-04-30 14:02:00,0
TXN_002860,FIR_0029,ACCT_0047,ACCT_0025,48000,NEFT,2026-08-08 13:00:00,1
TXN_002861,FIR_0018,ACCT_0015,ACCT_0019,24000,NEFT,2026-05-11 04:48:00,0
TXN_002862,FIR_0017,ACCT_0064,ACCT_0029,9800,cash_deposit,2026-05-19 19:58:00,0
TXN_002863,FIR_0007,ACCT_0045,ACCT_0014,5000,NEFT,2026-06-12 12:41:00,0
TXN_002864,FIR_0002,ACCT_0051,ACCT_0063,75000,cash_deposit,2026-05-13 11:22:00,0
TXN_002865,FIR_0027,ACCT_0004,ACCT_0011,1200,cash_deposit,2026-05-12 12:34:00,0
TXN_002866,FIR_0017,ACCT_0061,ACCT_0027,125000,cash_deposit,2026-03-17 07:19:00,0
TXN_002867,FIR_0020,ACCT_0021,ACCT_0019,250000,NEFT,2026-08-10 17:20:00,0
TXN_002868,FIR_0008,ACCT_0017,ACCT_0059,75000,NEFT,2026-01-30 13:31:00,0
TXN_002869,FIR_0023,ACCT_0005,ACCT_0010,250000,cash_deposit,2026-03-28 14:12:00,0
TXN_002870,FIR_0002,ACCT_0012,ACCT_0049,125000,cash_deposit,2026-07-17 09:33:00,0
TXN_002871,FIR_0009,ACCT_0050,ACCT_0049,24000,NEFT,2026-01-25 19:20:00,0
TXN_002872,FIR_0013,ACCT_0036,ACCT_0033,125000,cash_deposit,2026-06-08 06:37:00,0
TXN_002873,FIR_0026,ACCT_0056,ACCT_0078,125000,cash_deposit,2026-07-14 03:54:00,0
TXN_002874,FIR_0023,ACCT_0073,ACCT_0053,49000,IMPS,2026-07-23 14:30:00,1
TXN_002875,FIR_0017,ACCT_0049,ACCT_0066,49000,cash_deposit,2026-05-30 22:52:00,1
TXN_002876,FIR_0014,ACCT_0026,ACCT_0065,250000,UPI,2026-01-04 03:14:00,0
TXN_002877,FIR_0009,ACCT_0040,ACCT_0024,24000,cash_deposit,2026-05-24 06:57:00,0
TXN_002878,FIR_0008,ACCT_0035,ACCT_0052,5000,UPI,2026-07-22 22:26:00,0
TXN_002879,FIR_0029,ACCT_0003,ACCT_0071,48000,UPI,2026-02-18 11:57:00,1
TXN_002880,FIR_0022,ACCT_0077,ACCT_0045,250000,IMPS,2026-04-13 14:12:00,0
TXN_002881,FIR_0012,ACCT_0044,ACCT_0059,9800,UPI,2026-05-05 19:28:00,0
TXN_002882,FIR_0007,ACCT_0012,ACCT_0014,1200,IMPS,2026-04-22 23:57:00,0
TXN_002883,FIR_0005,ACCT_0005,ACCT_0060,250000,NEFT,2026-06-04 14:40:00,0
TXN_002884,FIR_0030,ACCT_0002,ACCT_0014,9800,IMPS,2026-02-11 05:16:00,0
TXN_002885,FIR_0026,ACCT_0002,ACCT_0035,125000,IMPS,2026-07-01 03:03:00,0
TXN_002886,FIR_0029,ACCT_0020,ACCT_0065,48000,UPI,2026-03-24 19:40:00,1
TXN_002887,FIR_0029,ACCT_0020,ACCT_0058,250000,NEFT,2026-01-16 12:56:00,0
TXN_002888,FIR_0022,ACCT_0070,ACCT_0068,24000,cash_deposit,2026-06-20 14:42:00,0
TXN_002889,FIR_0005,ACCT_0034,ACCT_0049,24000,UPI,2026-02-06 19:40:00,0
TXN_002890,FIR_0016,ACCT_0046,ACCT_0020,5000,IMPS,2026-04-21 14:18:00,0
TXN_002891,FIR_0019,ACCT_0033,ACCT_0025,5000,UPI,2026-03-30 09:40:00,0
TXN_002892,FIR_0027,ACCT_0039,ACCT_0040,9800,IMPS,2026-04-13 19:02:00,0
TXN_002893,FIR_0009,ACCT_0080,ACCT_0061,1200,cash_deposit,2026-04-02 21:47:00,0
TXN_002894,FIR_0017,ACCT_0007,ACCT_0049,250000,UPI,2026-04-09 14:38:00,0
TXN_002895,FIR_0014,ACCT_0044,ACCT_0006,75000,UPI,2026-06-11 15:17:00,0
TXN_002896,FIR_0028,ACCT_0002,ACCT_0024,5000,cash_deposit,2026-01-26 13:52:00,0
TXN_002897,FIR_0028,ACCT_0037,ACCT_0041,1200,IMPS,2026-08-22 15:57:00,0
TXN_002898,FIR_0021,ACCT_0052,ACCT_0044,24000,cash_deposit,2026-06-26 19:44:00,0
TXN_002899,FIR_0010,ACCT_0044,ACCT_0079,125000,UPI,2026-05-31 09:32:00,0
TXN_002900,FIR_0007,ACCT_0054,ACCT_0001,48000,UPI,2026-04-11 00:03:00,1
TXN_002901,FIR_0018,ACCT_0022,ACCT_0008,1200,UPI,2026-01-23 04:11:00,0
TXN_002902,FIR_0027,ACCT_0017,ACCT_0050,49000,cash_deposit,2026-03-26 07:59:00,1
TXN_002903,FIR_0022,ACCT_0010,ACCT_0027,1200,UPI,2026-07-04 00:12:00,0
TXN_002904,FIR_0012,ACCT_0078,ACCT_0077,125000,IMPS,2026-07-30 15:11:00,0
TXN_002905,FIR_0024,ACCT_0009,ACCT_0063,24000,UPI,2026-03-28 02:47:00,0
TXN_002906,FIR_0030,ACCT_0002,ACCT_0067,250000,IMPS,2026-05-24 05:32:00,0
TXN_002907,FIR_0009,ACCT_0068,ACCT_0058,49000,UPI,2026-05-31 23:25:00,1
TXN_002908,FIR_0022,ACCT_0066,ACCT_0032,250000,NEFT,2026-06-24 01:13:00,0
TXN_002909,FIR_0003,ACCT_0036,ACCT_0078,24000,cash_deposit,2026-02-21 23:26:00,0
TXN_002910,FIR_0005,ACCT_0013,ACCT_0027,5000,NEFT,2026-05-11 10:33:00,0
TXN_002911,FIR_0013,ACCT_0060,ACCT_0078,48000,UPI,2026-08-15 04:48:00,1
TXN_002912,FIR_0022,ACCT_0027,ACCT_0020,75000,NEFT,2026-03-26 18:05:00,0
TXN_002913,FIR_0014,ACCT_0020,ACCT_0008,49000,UPI,2026-01-05 09:03:00,1
TXN_002914,FIR_0015,ACCT_0028,ACCT_0012,250000,cash_deposit,2026-03-27 08:02:00,0
TXN_002915,FIR_0007,ACCT_0024,ACCT_0077,49000,cash_deposit,2026-01-04 01:36:00,1
TXN_002916,FIR_0026,ACCT_0020,ACCT_0063,5000,UPI,2026-08-13 18:22:00,0
TXN_002917,FIR_0022,ACCT_0065,ACCT_0072,48000,NEFT,2026-06-15 04:09:00,1
TXN_002918,FIR_0030,ACCT_0003,ACCT_0019,48000,UPI,2026-07-17 20:51:00,1
TXN_002919,FIR_0026,ACCT_0039,ACCT_0049,5000,cash_deposit,2026-03-26 15:43:00,0
TXN_002920,FIR_0012,ACCT_0034,ACCT_0018,125000,IMPS,2026-03-05 01:07:00,0
TXN_002921,FIR_0001,ACCT_0032,ACCT_0034,48000,NEFT,2026-08-05 19:53:00,1
TXN_002922,FIR_0028,ACCT_0022,ACCT_0012,1200,IMPS,2026-06-05 12:42:00,0
TXN_002923,FIR_0016,ACCT_0028,ACCT_0041,5000,UPI,2026-02-05 18:58:00,0
TXN_002924,FIR_0019,ACCT_0027,ACCT_0043,250000,NEFT,2026-03-01 19:51:00,0
TXN_002925,FIR_0001,ACCT_0026,ACCT_0036,24000,IMPS,2026-07-14 13:35:00,0
TXN_002926,FIR_0024,ACCT_0068,ACCT_0017,75000,UPI,2026-07-26 15:35:00,0
TXN_002927,FIR_0010,ACCT_0058,ACCT_0033,1200,IMPS,2026-05-17 05:27:00,0
TXN_002928,FIR_0014,ACCT_0042,ACCT_0080,75000,IMPS,2026-03-23 03:54:00,0
TXN_002929,FIR_0018,ACCT_0014,ACCT_0002,250000,cash_deposit,2026-02-22 07:34:00,0
TXN_002930,FIR_0019,ACCT_0008,ACCT_0019,75000,UPI,2026-03-04 03:51:00,0
TXN_002931,FIR_0026,ACCT_0058,ACCT_0077,24000,UPI,2026-04-24 18:54:00,0
TXN_002932,FIR_0012,ACCT_0067,ACCT_0057,49000,UPI,2026-03-01 10:29:00,1
TXN_002933,FIR_0016,ACCT_0004,ACCT_0053,5000,UPI,2026-06-26 23:52:00,0
TXN_002934,FIR_0030,ACCT_0007,ACCT_0016,125000,NEFT,2026-02-26 05:31:00,0
TXN_002935,FIR_0023,ACCT_0080,ACCT_0055,250000,UPI,2026-08-01 12:41:00,0
TXN_002936,FIR_0017,ACCT_0064,ACCT_0063,250000,IMPS,2026-02-13 07:05:00,0
TXN_002937,FIR_0029,ACCT_0072,ACCT_0008,1200,IMPS,2026-05-29 22:31:00,0
TXN_002938,FIR_0019,ACCT_0009,ACCT_0063,24000,NEFT,2026-06-27 14:50:00,0
TXN_002939,FIR_0015,ACCT_0060,ACCT_0045,49000,cash_deposit,2026-05-12 20:58:00,1
TXN_002940,FIR_0021,ACCT_0072,ACCT_0008,75000,IMPS,2026-08-23 09:07:00,0
TXN_002941,FIR_0004,ACCT_0051,ACCT_0024,24000,UPI,2026-06-09 19:18:00,0
TXN_002942,FIR_0009,ACCT_0045,ACCT_0067,5000,IMPS,2026-01-14 17:04:00,0
TXN_002943,FIR_0009,ACCT_0062,ACCT_0079,9800,IMPS,2026-04-18 09:22:00,0
TXN_002944,FIR_0007,ACCT_0055,ACCT_0080,5000,cash_deposit,2026-01-11 16:10:00,0
TXN_002945,FIR_0010,ACCT_0055,ACCT_0025,49000,IMPS,2026-02-02 03:22:00,1
TXN_002946,FIR_0024,ACCT_0051,ACCT_0017,24000,NEFT,2026-07-06 18:19:00,0
TXN_002947,FIR_0023,ACCT_0024,ACCT_0079,75000,NEFT,2026-07-15 02:09:00,0
TXN_002948,FIR_0004,ACCT_0055,ACCT_0020,9800,IMPS,2026-08-27 08:11:00,0
TXN_002949,FIR_0016,ACCT_0038,ACCT_0028,5000,UPI,2026-02-27 05:12:00,0
TXN_002950,FIR_0028,ACCT_0059,ACCT_0069,24000,IMPS,2026-08-10 11:10:00,0
TXN_002951,FIR_0011,ACCT_0080,ACCT_0073,9800,IMPS,2026-02-24 01:20:00,0
TXN_002952,FIR_0001,ACCT_0035,ACCT_0049,48000,UPI,2026-04-05 20:58:00,1
TXN_002953,FIR_0024,ACCT_0056,ACCT_0026,5000,NEFT,2026-03-25 15:17:00,0
TXN_002954,FIR_0013,ACCT_0027,ACCT_0054,48000,cash_deposit,2026-03-29 18:07:00,1
TXN_002955,FIR_0002,ACCT_0078,ACCT_0032,250000,cash_deposit,2026-04-04 10:56:00,0
TXN_002956,FIR_0030,ACCT_0005,ACCT_0011,49000,cash_deposit,2026-04-30 08:18:00,1
TXN_002957,FIR_0014,ACCT_0044,ACCT_0037,24000,NEFT,2026-06-24 18:23:00,0
TXN_002958,FIR_0021,ACCT_0072,ACCT_0004,48000,cash_deposit,2026-02-14 22:08:00,1
TXN_002959,FIR_0023,ACCT_0068,ACCT_0064,5000,NEFT,2026-06-01 08:44:00,0
TXN_002960,FIR_0003,ACCT_0032,ACCT_0071,49000,NEFT,2026-01-25 19:47:00,1
TXN_002961,FIR_0012,ACCT_0063,ACCT_0052,75000,NEFT,2026-04-14 12:32:00,0
TXN_002962,FIR_0028,ACCT_0001,ACCT_0066,1200,IMPS,2026-01-06 17:50:00,0
TXN_002963,FIR_0019,ACCT_0013,ACCT_0024,49000,UPI,2026-05-28 22:23:00,1
TXN_002964,FIR_0003,ACCT_0058,ACCT_0075,5000,IMPS,2026-04-07 13:09:00,0
TXN_002965,FIR_0008,ACCT_0052,ACCT_0001,125000,IMPS,2026-02-06 03:10:00,0
TXN_002966,FIR_0011,ACCT_0080,ACCT_0011,250000,NEFT,2026-02-05 12:13:00,0
TXN_002967,FIR_0012,ACCT_0064,ACCT_0066,1200,cash_deposit,2026-07-28 02:24:00,0
TXN_002968,FIR_0005,ACCT_0069,ACCT_0019,250000,NEFT,2026-07-09 11:06:00,0
TXN_002969,FIR_0014,ACCT_0058,ACCT_0042,49000,IMPS,2026-05-20 19:22:00,1
TXN_002970,FIR_0007,ACCT_0005,ACCT_0039,75000,UPI,2026-01-31 16:22:00,0
TXN_002971,FIR_0030,ACCT_0038,ACCT_0044,250000,IMPS,2026-06-05 03:50:00,0
TXN_002972,FIR_0020,ACCT_0066,ACCT_0039,250000,IMPS,2026-06-13 17:59:00,0
TXN_002973,FIR_0017,ACCT_0026,ACCT_0077,250000,IMPS,2026-03-07 18:43:00,0
TXN_002974,FIR_0008,ACCT_0068,ACCT_0047,49000,IMPS,2026-02-01 17:43:00,1
TXN_002975,FIR_0029,ACCT_0033,ACCT_0012,5000,NEFT,2026-01-27 23:18:00,0
TXN_002976,FIR_0010,ACCT_0001,ACCT_0078,9800,NEFT,2026-02-20 10:23:00,0
TXN_002977,FIR_0012,ACCT_0002,ACCT_0027,1200,UPI,2026-04-24 11:07:00,0
TXN_002978,FIR_0017,ACCT_0070,ACCT_0046,250000,IMPS,2026-08-08 20:26:00,0
TXN_002979,FIR_0020,ACCT_0068,ACCT_0023,24000,UPI,2026-01-03 18:30:00,0
TXN_002980,FIR_0026,ACCT_0054,ACCT_0069,125000,UPI,2026-04-02 07:54:00,0
TXN_002981,FIR_0016,ACCT_0046,ACCT_0034,125000,UPI,2026-08-21 16:01:00,0
TXN_002982,FIR_0029,ACCT_0009,ACCT_0069,250000,UPI,2026-07-19 16:21:00,0
TXN_002983,FIR_0010,ACCT_0025,ACCT_0041,250000,cash_deposit,2026-01-15 05:03:00,0
TXN_002984,FIR_0015,ACCT_0021,ACCT_0079,24000,NEFT,2026-06-15 11:29:00,0
TXN_002985,FIR_0003,ACCT_0018,ACCT_0067,75000,cash_deposit,2026-04-16 04:22:00,0
TXN_002986,FIR_0006,ACCT_0054,ACCT_0004,24000,IMPS,2026-08-20 12:21:00,0
TXN_002987,FIR_0011,ACCT_0020,ACCT_0062,24000,NEFT,2026-01-02 22:30:00,0
TXN_002988,FIR_0014,ACCT_0070,ACCT_0062,49000,UPI,2026-08-08 05:17:00,1
TXN_002989,FIR_0016,ACCT_0044,ACCT_0019,9800,UPI,2026-04-15 12:58:00,0
TXN_002990,FIR_0018,ACCT_0063,ACCT_0043,5000,IMPS,2026-02-15 00:48:00,0
TXN_002991,FIR_0008,ACCT_0048,ACCT_0065,9800,cash_deposit,2026-07-10 02:50:00,0
TXN_002992,FIR_0005,ACCT_0032,ACCT_0030,24000,cash_deposit,2026-05-06 18:19:00,0
TXN_002993,FIR_0022,ACCT_0008,ACCT_0001,24000,cash_deposit,2026-03-21 22:32:00,0
TXN_002994,FIR_0007,ACCT_0001,ACCT_0020,1200,UPI,2026-01-06 15:18:00,0
TXN_002995,FIR_0030,ACCT_0077,ACCT_0026,250000,cash_deposit,2026-08-30 23:08:00,0
TXN_002996,FIR_0010,ACCT_0067,ACCT_0060,24000,cash_deposit,2026-08-04 02:36:00,0
TXN_002997,FIR_0011,ACCT_0043,ACCT_0048,9800,NEFT,2026-04-23 00:37:00,0
TXN_002998,FIR_0018,ACCT_0006,ACCT_0047,48000,UPI,2026-02-16 16:51:00,1
TXN_002999,FIR_0029,ACCT_0042,ACCT_0015,24000,NEFT,2026-07-26 09:30:00,0
TXN_003000,FIR_0008,ACCT_0057,ACCT_0036,48000,cash_deposit,2026-04-19 08:31:00,1
TXN_003001,FIR_0006,ACCT_0066,ACCT_0014,125000,IMPS,2026-01-05 17:24:00,0
TXN_003002,FIR_0022,ACCT_0063,ACCT_0016,48000,NEFT,2026-05-14 13:00:00,1
TXN_003003,FIR_0013,ACCT_0036,ACCT_0047,49000,IMPS,2026-01-20 22:05:00,1
TXN_003004,FIR_0026,ACCT_0043,ACCT_0052,1200,IMPS,2026-04-03 21:00:00,0
TXN_003005,FIR_0016,ACCT_0059,ACCT_0020,125000,IMPS,2026-01-09 21:47:00,0
TXN_003006,FIR_0025,ACCT_0019,ACCT_0076,48000,IMPS,2026-07-24 09:01:00,1
TXN_003007,FIR_0013,ACCT_0072,ACCT_0054,1200,cash_deposit,2026-07-15 22:12:00,0
TXN_003008,FIR_0016,ACCT_0015,ACCT_0054,24000,cash_deposit,2026-03-18 16:41:00,0
TXN_003009,FIR_0008,ACCT_0072,ACCT_0026,24000,NEFT,2026-04-16 15:43:00,0
TXN_003010,FIR_0019,ACCT_0038,ACCT_0005,49000,IMPS,2026-05-18 15:23:00,1
TXN_003011,FIR_0012,ACCT_0080,ACCT_0071,125000,NEFT,2026-02-28 23:36:00,0
TXN_003012,FIR_0001,ACCT_0049,ACCT_0013,24000,IMPS,2026-01-01 09:06:00,0
TXN_003013,FIR_0015,ACCT_0014,ACCT_0042,5000,UPI,2026-07-05 14:00:00,0
TXN_003014,FIR_0005,ACCT_0035,ACCT_0009,9800,IMPS,2026-07-09 19:34:00,0
TXN_003015,FIR_0019,ACCT_0046,ACCT_0069,5000,IMPS,2026-07-14 01:24:00,0
TXN_003016,FIR_0004,ACCT_0013,ACCT_0070,48000,NEFT,2026-03-16 07:32:00,1
TXN_003017,FIR_0008,ACCT_0008,ACCT_0067,1200,IMPS,2026-01-04 00:35:00,0
TXN_003018,FIR_0019,ACCT_0066,ACCT_0023,48000,UPI,2026-04-07 00:51:00,1
TXN_003019,FIR_0028,ACCT_0010,ACCT_0072,5000,UPI,2026-03-20 07:19:00,0
TXN_003020,FIR_0030,ACCT_0018,ACCT_0002,125000,NEFT,2026-02-12 09:40:00,0
TXN_003021,FIR_0027,ACCT_0039,ACCT_0061,250000,NEFT,2026-03-13 04:59:00,0
TXN_003022,FIR_0005,ACCT_0065,ACCT_0046,125000,cash_deposit,2026-07-23 12:40:00,0
TXN_003023,FIR_0009,ACCT_0066,ACCT_0003,250000,cash_deposit,2026-05-21 01:59:00,0
TXN_003024,FIR_0009,ACCT_0004,ACCT_0050,125000,IMPS,2026-04-07 00:56:00,0
TXN_003025,FIR_0015,ACCT_0004,ACCT_0025,5000,cash_deposit,2026-04-05 06:43:00,0
TXN_003026,FIR_0020,ACCT_0062,ACCT_0027,125000,cash_deposit,2026-02-17 14:49:00,0
TXN_003027,FIR_0017,ACCT_0065,ACCT_0047,9800,NEFT,2026-04-08 07:39:00,0
TXN_003028,FIR_0024,ACCT_0046,ACCT_0053,9800,IMPS,2026-02-03 18:03:00,0
TXN_003029,FIR_0007,ACCT_0074,ACCT_0059,49000,cash_deposit,2026-07-01 09:24:00,1
TXN_003030,FIR_0015,ACCT_0002,ACCT_0006,9800,IMPS,2026-05-12 13:26:00,0
TXN_003031,FIR_0007,ACCT_0010,ACCT_0052,9800,cash_deposit,2026-01-13 00:17:00,0
TXN_003032,FIR_0028,ACCT_0043,ACCT_0002,1200,NEFT,2026-04-29 06:50:00,0
TXN_003033,FIR_0013,ACCT_0066,ACCT_0007,250000,IMPS,2026-03-18 12:59:00,0
TXN_003034,FIR_0015,ACCT_0058,ACCT_0060,49000,UPI,2026-01-16 03:03:00,1
TXN_003035,FIR_0026,ACCT_0031,ACCT_0005,75000,cash_deposit,2026-01-02 14:08:00,0
TXN_003036,FIR_0030,ACCT_0004,ACCT_0023,48000,UPI,2026-06-15 14:55:00,1
TXN_003037,FIR_0011,ACCT_0066,ACCT_0015,48000,NEFT,2026-06-28 02:38:00,1
TXN_003038,FIR_0022,ACCT_0026,ACCT_0002,250000,NEFT,2026-04-19 21:16:00,0
TXN_003039,FIR_0010,ACCT_0079,ACCT_0017,24000,IMPS,2026-08-02 07:17:00,0
TXN_003040,FIR_0023,ACCT_0061,ACCT_0062,250000,NEFT,2026-07-09 05:32:00,0
TXN_003041,FIR_0012,ACCT_0054,ACCT_0068,49000,IMPS,2026-01-16 11:14:00,1
TXN_003042,FIR_0020,ACCT_0026,ACCT_0024,75000,NEFT,2026-05-24 15:38:00,0
TXN_003043,FIR_0012,ACCT_0031,ACCT_0077,75000,IMPS,2026-05-26 19:51:00,0
TXN_003044,FIR_0021,ACCT_0047,ACCT_0003,49000,cash_deposit,2026-08-01 03:30:00,1
TXN_003045,FIR_0011,ACCT_0013,ACCT_0002,1200,UPI,2026-06-21 06:00:00,0
TXN_003046,FIR_0014,ACCT_0040,ACCT_0042,9800,IMPS,2026-02-22 17:30:00,0
TXN_003047,FIR_0008,ACCT_0045,ACCT_0004,48000,IMPS,2026-02-08 02:14:00,1
TXN_003048,FIR_0025,ACCT_0024,ACCT_0059,250000,NEFT,2026-06-05 17:48:00,0
TXN_003049,FIR_0026,ACCT_0074,ACCT_0004,125000,UPI,2026-03-29 12:57:00,0
TXN_003050,FIR_0009,ACCT_0048,ACCT_0025,1200,cash_deposit,2026-05-04 13:07:00,0
TXN_003051,FIR_0007,ACCT_0036,ACCT_0020,75000,UPI,2026-04-21 23:22:00,0
TXN_003052,FIR_0024,ACCT_0066,ACCT_0072,125000,cash_deposit,2026-04-19 17:40:00,0
TXN_003053,FIR_0023,ACCT_0003,ACCT_0005,5000,IMPS,2026-08-05 00:10:00,0
TXN_003054,FIR_0005,ACCT_0062,ACCT_0005,48000,NEFT,2026-06-08 04:02:00,1
TXN_003055,FIR_0021,ACCT_0075,ACCT_0057,24000,NEFT,2026-04-08 08:06:00,0
TXN_003056,FIR_0025,ACCT_0003,ACCT_0078,5000,cash_deposit,2026-05-21 09:00:00,0
TXN_003057,FIR_0030,ACCT_0077,ACCT_0045,49000,UPI,2026-06-15 08:56:00,1
TXN_003058,FIR_0024,ACCT_0026,ACCT_0021,1200,cash_deposit,2026-05-08 13:35:00,0
TXN_003059,FIR_0024,ACCT_0078,ACCT_0020,250000,cash_deposit,2026-05-12 02:33:00,0
TXN_003060,FIR_0010,ACCT_0037,ACCT_0007,9800,UPI,2026-01-22 02:07:00,0
TXN_003061,FIR_0004,ACCT_0041,ACCT_0007,1200,NEFT,2026-02-18 13:50:00,0
TXN_003062,FIR_0008,ACCT_0052,ACCT_0042,75000,IMPS,2026-04-13 15:49:00,0
TXN_003063,FIR_0012,ACCT_0018,ACCT_0034,49000,IMPS,2026-05-08 01:05:00,1
TXN_003064,FIR_0003,ACCT_0075,ACCT_0004,75000,IMPS,2026-05-14 10:40:00,0
TXN_003065,FIR_0007,ACCT_0008,ACCT_0080,75000,UPI,2026-04-19 14:22:00,0
TXN_003066,FIR_0002,ACCT_0072,ACCT_0013,9800,NEFT,2026-01-12 00:14:00,0
TXN_003067,FIR_0030,ACCT_0001,ACCT_0072,24000,IMPS,2026-02-14 21:41:00,0
TXN_003068,FIR_0005,ACCT_0062,ACCT_0022,250000,UPI,2026-07-16 01:17:00,0
TXN_003069,FIR_0020,ACCT_0048,ACCT_0071,75000,cash_deposit,2026-08-21 09:52:00,0
TXN_003070,FIR_0006,ACCT_0036,ACCT_0053,48000,UPI,2026-01-30 00:16:00,1
TXN_003071,FIR_0026,ACCT_0050,ACCT_0061,250000,NEFT,2026-07-03 09:58:00,0
TXN_003072,FIR_0001,ACCT_0009,ACCT_0075,250000,NEFT,2026-08-23 13:42:00,0
TXN_003073,FIR_0026,ACCT_0009,ACCT_0057,24000,cash_deposit,2026-05-01 17:03:00,0
TXN_003074,FIR_0012,ACCT_0058,ACCT_0075,48000,IMPS,2026-04-14 02:37:00,1
TXN_003075,FIR_0029,ACCT_0054,ACCT_0071,1200,IMPS,2026-03-16 01:28:00,0
TXN_003076,FIR_0026,ACCT_0026,ACCT_0028,1200,cash_deposit,2026-04-19 04:50:00,0
TXN_003077,FIR_0016,ACCT_0080,ACCT_0051,9800,cash_deposit,2026-01-13 20:35:00,0
TXN_003078,FIR_0015,ACCT_0039,ACCT_0060,1200,IMPS,2026-06-10 23:24:00,0
TXN_003079,FIR_0020,ACCT_0020,ACCT_0030,24000,UPI,2026-03-16 03:36:00,0
TXN_003080,FIR_0004,ACCT_0034,ACCT_0017,125000,cash_deposit,2026-08-01 14:10:00,0
TXN_003081,FIR_0011,ACCT_0039,ACCT_0008,75000,IMPS,2026-06-17 10:28:00,0
TXN_003082,FIR_0012,ACCT_0036,ACCT_0016,48000,cash_deposit,2026-03-13 09:59:00,1
TXN_003083,FIR_0002,ACCT_0025,ACCT_0009,75000,NEFT,2026-02-03 23:38:00,0
TXN_003084,FIR_0003,ACCT_0049,ACCT_0062,24000,cash_deposit,2026-06-16 22:50:00,0
TXN_003085,FIR_0019,ACCT_0052,ACCT_0072,75000,IMPS,2026-07-23 05:38:00,0
TXN_003086,FIR_0004,ACCT_0014,ACCT_0006,48000,cash_deposit,2026-07-23 22:34:00,1
TXN_003087,FIR_0025,ACCT_0004,ACCT_0066,1200,IMPS,2026-07-31 21:49:00,0
TXN_003088,FIR_0005,ACCT_0045,ACCT_0005,125000,UPI,2026-04-24 09:36:00,0
TXN_003089,FIR_0029,ACCT_0055,ACCT_0047,49000,UPI,2026-01-28 04:28:00,1
TXN_003090,FIR_0027,ACCT_0054,ACCT_0061,5000,UPI,2026-01-04 10:53:00,0
TXN_003091,FIR_0008,ACCT_0018,ACCT_0006,5000,cash_deposit,2026-06-02 16:23:00,0
TXN_003092,FIR_0004,ACCT_0072,ACCT_0032,75000,UPI,2026-08-11 00:04:00,0
TXN_003093,FIR_0010,ACCT_0054,ACCT_0053,1200,NEFT,2026-02-10 22:44:00,0
TXN_003094,FIR_0006,ACCT_0003,ACCT_0070,49000,cash_deposit,2026-01-24 21:32:00,1
TXN_003095,FIR_0026,ACCT_0037,ACCT_0059,9800,cash_deposit,2026-02-24 12:34:00,0
TXN_003096,FIR_0002,ACCT_0010,ACCT_0051,75000,cash_deposit,2026-08-09 16:48:00,0
TXN_003097,FIR_0007,ACCT_0002,ACCT_0021,250000,UPI,2026-06-12 23:58:00,0
TXN_003098,FIR_0026,ACCT_0053,ACCT_0058,24000,IMPS,2026-04-18 06:45:00,0
TXN_003099,FIR_0028,ACCT_0030,ACCT_0059,24000,UPI,2026-05-15 18:26:00,0
TXN_003100,FIR_0028,ACCT_0060,ACCT_0042,5000,NEFT,2026-01-19 09:18:00,0
TXN_003101,FIR_0017,ACCT_0011,ACCT_0031,1200,IMPS,2026-06-02 01:49:00,0
TXN_003102,FIR_0011,ACCT_0038,ACCT_0016,75000,UPI,2026-04-24 15:32:00,0
TXN_003103,FIR_0013,ACCT_0066,ACCT_0025,49000,cash_deposit,2026-04-08 00:55:00,1
TXN_003104,FIR_0007,ACCT_0019,ACCT_0002,5000,IMPS,2026-07-23 08:05:00,0
TXN_003105,FIR_0015,ACCT_0036,ACCT_0025,9800,IMPS,2026-02-05 18:53:00,0
TXN_003106,FIR_0025,ACCT_0051,ACCT_0047,125000,UPI,2026-04-09 21:39:00,0
TXN_003107,FIR_0008,ACCT_0037,ACCT_0044,24000,IMPS,2026-05-12 22:53:00,0
TXN_003108,FIR_0007,ACCT_0076,ACCT_0043,250000,cash_deposit,2026-06-04 21:01:00,0
TXN_003109,FIR_0024,ACCT_0054,ACCT_0076,9800,IMPS,2026-07-17 02:55:00,0
TXN_003110,FIR_0021,ACCT_0046,ACCT_0064,49000,NEFT,2026-06-30 22:12:00,1
TXN_003111,FIR_0005,ACCT_0049,ACCT_0077,24000,UPI,2026-08-12 22:15:00,0
TXN_003112,FIR_0022,ACCT_0040,ACCT_0069,24000,cash_deposit,2026-08-09 23:22:00,0
TXN_003113,FIR_0004,ACCT_0042,ACCT_0058,75000,cash_deposit,2026-01-01 10:46:00,0
TXN_003114,FIR_0009,ACCT_0037,ACCT_0052,5000,UPI,2026-06-08 11:29:00,0
TXN_003115,FIR_0006,ACCT_0009,ACCT_0029,48000,NEFT,2026-05-02 00:10:00,1
TXN_003116,FIR_0014,ACCT_0077,ACCT_0053,1200,IMPS,2026-02-23 15:49:00,0
TXN_003117,FIR_0021,ACCT_0001,ACCT_0054,49000,cash_deposit,2026-07-06 11:29:00,1
TXN_003118,FIR_0017,ACCT_0060,ACCT_0029,250000,cash_deposit,2026-02-22 20:29:00,0
TXN_003119,FIR_0028,ACCT_0011,ACCT_0040,5000,IMPS,2026-09-01 08:00:00,0
TXN_003120,FIR_0004,ACCT_0057,ACCT_0060,49000,UPI,2026-02-09 14:53:00,1
TXN_003121,FIR_0025,ACCT_0009,ACCT_0067,9800,IMPS,2026-02-08 00:49:00,0
TXN_003122,FIR_0009,ACCT_0078,ACCT_0044,75000,IMPS,2026-07-21 16:20:00,0
TXN_003123,FIR_0020,ACCT_0067,ACCT_0065,5000,UPI,2026-01-16 20:41:00,0
TXN_003124,FIR_0007,ACCT_0065,ACCT_0053,250000,IMPS,2026-07-24 05:37:00,0
TXN_003125,FIR_0027,ACCT_0073,ACCT_0008,49000,NEFT,2026-01-21 07:23:00,1
TXN_003126,FIR_0004,ACCT_0034,ACCT_0028,1200,IMPS,2026-01-08 22:23:00,0
TXN_003127,FIR_0008,ACCT_0080,ACCT_0050,125000,cash_deposit,2026-03-26 18:43:00,0
TXN_003128,FIR_0020,ACCT_0009,ACCT_0063,5000,UPI,2026-07-21 16:33:00,0
TXN_003129,FIR_0018,ACCT_0038,ACCT_0026,24000,IMPS,2026-02-21 05:08:00,0
TXN_003130,FIR_0015,ACCT_0038,ACCT_0030,24000,IMPS,2026-07-28 07:57:00,0
TXN_003131,FIR_0017,ACCT_0051,ACCT_0034,75000,UPI,2026-04-24 16:36:00,0
TXN_003132,FIR_0021,ACCT_0026,ACCT_0073,75000,IMPS,2026-02-09 13:55:00,0
TXN_003133,FIR_0025,ACCT_0002,ACCT_0005,49000,UPI,2026-03-02 12:06:00,1
TXN_003134,FIR_0024,ACCT_0028,ACCT_0008,5000,IMPS,2026-01-19 13:36:00,0
TXN_003135,FIR_0015,ACCT_0038,ACCT_0016,250000,UPI,2026-07-22 03:51:00,0
TXN_003136,FIR_0001,ACCT_0036,ACCT_0064,1200,NEFT,2026-05-11 12:59:00,0
TXN_003137,FIR_0011,ACCT_0045,ACCT_0002,49000,NEFT,2026-08-16 12:48:00,1
TXN_003138,FIR_0009,ACCT_0066,ACCT_0054,9800,NEFT,2026-03-08 18:05:00,0
TXN_003139,FIR_0025,ACCT_0051,ACCT_0052,75000,NEFT,2026-04-01 19:02:00,0
TXN_003140,FIR_0026,ACCT_0051,ACCT_0067,9800,IMPS,2026-03-02 08:04:00,0
TXN_003141,FIR_0002,ACCT_0080,ACCT_0026,9800,IMPS,2026-05-18 10:58:00,0
TXN_003142,FIR_0030,ACCT_0025,ACCT_0037,48000,UPI,2026-06-29 03:51:00,1
TXN_003143,FIR_0013,ACCT_0058,ACCT_0045,9800,cash_deposit,2026-07-04 14:27:00,0
TXN_003144,FIR_0006,ACCT_0050,ACCT_0037,75000,UPI,2026-07-06 08:13:00,0
TXN_003145,FIR_0009,ACCT_0024,ACCT_0072,48000,NEFT,2026-04-12 09:48:00,1
TXN_003146,FIR_0011,ACCT_0005,ACCT_0010,1200,IMPS,2026-06-11 07:17:00,0
TXN_003147,FIR_0026,ACCT_0030,ACCT_0032,5000,cash_deposit,2026-07-04 12:07:00,0
TXN_003148,FIR_0003,ACCT_0003,ACCT_0022,9800,cash_deposit,2026-02-04 15:40:00,0
TXN_003149,FIR_0009,ACCT_0080,ACCT_0049,125000,NEFT,2026-06-02 16:02:00,0
TXN_003150,FIR_0012,ACCT_0058,ACCT_0056,75000,UPI,2026-06-05 05:09:00,0
TXN_003151,FIR_0025,ACCT_0021,ACCT_0060,9800,IMPS,2026-02-24 15:42:00,0
TXN_003152,FIR_0007,ACCT_0060,ACCT_0025,5000,IMPS,2026-07-06 04:37:00,0
TXN_003153,FIR_0001,ACCT_0071,ACCT_0064,9800,IMPS,2026-08-31 10:56:00,0
TXN_003154,FIR_0014,ACCT_0052,ACCT_0035,5000,UPI,2026-06-23 04:21:00,0
TXN_003155,FIR_0016,ACCT_0064,ACCT_0041,48000,NEFT,2026-08-08 04:25:00,1
TXN_003156,FIR_0020,ACCT_0049,ACCT_0065,125000,IMPS,2026-07-10 01:47:00,0
TXN_003157,FIR_0005,ACCT_0076,ACCT_0020,49000,IMPS,2026-05-11 12:11:00,1
TXN_003158,FIR_0029,ACCT_0062,ACCT_0073,1200,UPI,2026-03-07 01:32:00,0
TXN_003159,FIR_0019,ACCT_0043,ACCT_0075,9800,cash_deposit,2026-01-25 02:51:00,0
TXN_003160,FIR_0018,ACCT_0027,ACCT_0054,1200,cash_deposit,2026-04-07 04:21:00,0
TXN_003161,FIR_0011,ACCT_0006,ACCT_0053,49000,cash_deposit,2026-07-13 05:40:00,1
TXN_003162,FIR_0020,ACCT_0051,ACCT_0038,5000,IMPS,2026-06-22 18:13:00,0
TXN_003163,FIR_0007,ACCT_0023,ACCT_0060,250000,NEFT,2026-03-14 00:42:00,0
TXN_003164,FIR_0003,ACCT_0072,ACCT_0010,5000,UPI,2026-03-31 16:49:00,0
TXN_003165,FIR_0024,ACCT_0033,ACCT_0035,1200,NEFT,2026-06-06 09:43:00,0
TXN_003166,FIR_0017,ACCT_0031,ACCT_0044,5000,UPI,2026-05-13 15:38:00,0
TXN_003167,FIR_0015,ACCT_0060,ACCT_0025,49000,NEFT,2026-02-24 22:44:00,1
TXN_003168,FIR_0020,ACCT_0070,ACCT_0031,125000,UPI,2026-05-16 23:53:00,0
TXN_003169,FIR_0007,ACCT_0043,ACCT_0050,75000,IMPS,2026-07-23 21:10:00,0
TXN_003170,FIR_0006,ACCT_0020,ACCT_0076,9800,cash_deposit,2026-02-17 13:48:00,0
TXN_003171,FIR_0030,ACCT_0035,ACCT_0074,75000,NEFT,2026-02-12 11:20:00,0
TXN_003172,FIR_0022,ACCT_0003,ACCT_0004,24000,NEFT,2026-06-25 14:47:00,0
TXN_003173,FIR_0026,ACCT_0017,ACCT_0074,48000,cash_deposit,2026-06-09 20:37:00,1
TXN_003174,FIR_0013,ACCT_0052,ACCT_0001,48000,IMPS,2026-05-08 20:46:00,1
TXN_003175,FIR_0021,ACCT_0039,ACCT_0067,5000,UPI,2026-03-17 02:01:00,0
TXN_003176,FIR_0026,ACCT_0008,ACCT_0079,125000,cash_deposit,2026-03-22 15:39:00,0
TXN_003177,FIR_0006,ACCT_0028,ACCT_0075,1200,NEFT,2026-06-14 15:23:00,0
TXN_003178,FIR_0016,ACCT_0049,ACCT_0006,250000,IMPS,2026-08-20 00:35:00,0
TXN_003179,FIR_0030,ACCT_0018,ACCT_0070,250000,cash_deposit,2026-08-29 22:34:00,0
TXN_003180,FIR_0020,ACCT_0032,ACCT_0042,250000,IMPS,2026-02-02 05:02:00,0
TXN_003181,FIR_0024,ACCT_0013,ACCT_0015,9800,UPI,2026-01-29 17:24:00,0
TXN_003182,FIR_0001,ACCT_0045,ACCT_0077,9800,NEFT,2026-05-01 18:23:00,0
TXN_003183,FIR_0008,ACCT_0017,ACCT_0015,125000,UPI,2026-01-19 17:53:00,0
TXN_003184,FIR_0010,ACCT_0027,ACCT_0025,1200,NEFT,2026-01-23 03:17:00,0
TXN_003185,FIR_0011,ACCT_0074,ACCT_0006,48000,NEFT,2026-08-03 16:58:00,1
TXN_003186,FIR_0022,ACCT_0031,ACCT_0045,49000,NEFT,2026-01-21 05:29:00,1
TXN_003187,FIR_0022,ACCT_0051,ACCT_0032,9800,UPI,2026-05-12 01:19:00,0
TXN_003188,FIR_0008,ACCT_0019,ACCT_0071,75000,NEFT,2026-04-04 14:05:00,0
TXN_003189,FIR_0016,ACCT_0054,ACCT_0041,1200,cash_deposit,2026-06-11 04:32:00,0
TXN_003190,FIR_0011,ACCT_0067,ACCT_0016,49000,NEFT,2026-02-23 22:27:00,1
TXN_003191,FIR_0014,ACCT_0037,ACCT_0045,1200,IMPS,2026-08-12 06:38:00,0
TXN_003192,FIR_0007,ACCT_0044,ACCT_0020,1200,NEFT,2026-07-26 12:31:00,0
TXN_003193,FIR_0016,ACCT_0017,ACCT_0010,48000,NEFT,2026-04-07 23:36:00,1
TXN_003194,FIR_0026,ACCT_0080,ACCT_0013,49000,IMPS,2026-03-18 12:32:00,1
TXN_003195,FIR_0002,ACCT_0029,ACCT_0050,1200,NEFT,2026-05-06 10:22:00,0
TXN_003196,FIR_0010,ACCT_0031,ACCT_0050,49000,NEFT,2026-03-22 15:58:00,1
TXN_003197,FIR_0016,ACCT_0074,ACCT_0076,24000,UPI,2026-08-14 14:53:00,0
TXN_003198,FIR_0029,ACCT_0017,ACCT_0044,125000,UPI,2026-08-14 14:09:00,0
TXN_003199,FIR_0017,ACCT_0052,ACCT_0038,24000,IMPS,2026-01-14 01:32:00,0
TXN_003200,FIR_0025,ACCT_0059,ACCT_0012,1200,UPI,2026-04-26 20:28:00,0
TXN_003201,FIR_0014,ACCT_0033,ACCT_0043,1200,NEFT,2026-03-01 07:14:00,0
TXN_003202,FIR_0021,ACCT_0070,ACCT_0006,5000,cash_deposit,2026-01-05 06:11:00,0
TXN_003203,FIR_0002,ACCT_0026,ACCT_0067,75000,UPI,2026-07-07 10:26:00,0
TXN_003204,FIR_0026,ACCT_0067,ACCT_0078,5000,IMPS,2026-05-30 07:43:00,0
TXN_003205,FIR_0001,ACCT_0047,ACCT_0052,48000,cash_deposit,2026-02-16 07:46:00,1
TXN_003206,FIR_0016,ACCT_0029,ACCT_0008,24000,NEFT,2026-03-22 18:33:00,0
TXN_003207,FIR_0004,ACCT_0067,ACCT_0041,5000,UPI,2026-01-05 04:38:00,0
TXN_003208,FIR_0002,ACCT_0023,ACCT_0021,1200,NEFT,2026-08-28 14:53:00,0
TXN_003209,FIR_0012,ACCT_0023,ACCT_0011,9800,IMPS,2026-07-08 07:45:00,0
TXN_003210,FIR_0007,ACCT_0034,ACCT_0073,5000,IMPS,2026-05-13 18:22:00,0
TXN_003211,FIR_0027,ACCT_0035,ACCT_0050,1200,UPI,2026-03-16 20:36:00,0
TXN_003212,FIR_0009,ACCT_0051,ACCT_0074,250000,NEFT,2026-08-29 17:09:00,0
TXN_003213,FIR_0001,ACCT_0046,ACCT_0059,75000,NEFT,2026-05-03 05:15:00,0
TXN_003214,FIR_0001,ACCT_0016,ACCT_0004,125000,UPI,2026-08-29 00:06:00,0
TXN_003215,FIR_0001,ACCT_0014,ACCT_0038,5000,IMPS,2026-08-28 20:03:00,0
TXN_003216,FIR_0029,ACCT_0062,ACCT_0038,49000,IMPS,2026-05-21 13:16:00,1
TXN_003217,FIR_0022,ACCT_0042,ACCT_0017,48000,UPI,2026-04-22 22:52:00,1
TXN_003218,FIR_0011,ACCT_0066,ACCT_0078,49000,cash_deposit,2026-08-02 02:46:00,1
TXN_003219,FIR_0004,ACCT_0041,ACCT_0001,9800,IMPS,2026-06-14 02:04:00,0
TXN_003220,FIR_0021,ACCT_0077,ACCT_0007,250000,IMPS,2026-06-03 12:43:00,0
TXN_003221,FIR_0021,ACCT_0043,ACCT_0032,24000,NEFT,2026-02-27 15:51:00,0
TXN_003222,FIR_0004,ACCT_0041,ACCT_0079,1200,IMPS,2026-05-02 21:39:00,0
TXN_003223,FIR_0026,ACCT_0023,ACCT_0015,48000,UPI,2026-08-01 20:05:00,1
TXN_003224,FIR_0021,ACCT_0051,ACCT_0005,75000,NEFT,2026-08-30 20:41:00,0
TXN_003225,FIR_0009,ACCT_0065,ACCT_0036,9800,UPI,2026-08-26 20:14:00,0
TXN_003226,FIR_0022,ACCT_0013,ACCT_0007,9800,IMPS,2026-02-14 22:00:00,0
TXN_003227,FIR_0015,ACCT_0069,ACCT_0037,75000,NEFT,2026-02-04 09:05:00,0
TXN_003228,FIR_0029,ACCT_0046,ACCT_0039,24000,NEFT,2026-08-28 23:51:00,0
TXN_003229,FIR_0022,ACCT_0068,ACCT_0079,49000,NEFT,2026-01-13 23:24:00,1
TXN_003230,FIR_0009,ACCT_0072,ACCT_0038,250000,NEFT,2026-08-16 17:43:00,0
TXN_003231,FIR_0022,ACCT_0067,ACCT_0027,125000,IMPS,2026-01-09 14:37:00,0
TXN_003232,FIR_0030,ACCT_0017,ACCT_0039,1200,cash_deposit,2026-08-03 17:51:00,0
TXN_003233,FIR_0021,ACCT_0050,ACCT_0061,250000,UPI,2026-04-04 00:24:00,0
TXN_003234,FIR_0008,ACCT_0036,ACCT_0056,49000,cash_deposit,2026-03-07 05:13:00,1
TXN_003235,FIR_0008,ACCT_0037,ACCT_0035,48000,cash_deposit,2026-04-28 21:13:00,1
TXN_003236,FIR_0013,ACCT_0017,ACCT_0036,48000,IMPS,2026-05-27 13:59:00,1
TXN_003237,FIR_0015,ACCT_0060,ACCT_0028,75000,IMPS,2026-07-12 23:24:00,0
TXN_003238,FIR_0004,ACCT_0056,ACCT_0031,24000,IMPS,2026-04-10 08:30:00,0
TXN_003239,FIR_0016,ACCT_0012,ACCT_0006,1200,cash_deposit,2026-08-14 09:35:00,0
TXN_003240,FIR_0006,ACCT_0008,ACCT_0028,75000,UPI,2026-04-20 13:02:00,0
TXN_003241,FIR_0030,ACCT_0004,ACCT_0069,1200,NEFT,2026-08-28 04:23:00,0
TXN_003242,FIR_0013,ACCT_0024,ACCT_0027,24000,IMPS,2026-04-08 03:01:00,0
TXN_003243,FIR_0007,ACCT_0037,ACCT_0075,1200,NEFT,2026-02-16 08:31:00,0
TXN_003244,FIR_0026,ACCT_0019,ACCT_0076,75000,UPI,2026-02-02 20:12:00,0
TXN_003245,FIR_0008,ACCT_0053,ACCT_0021,9800,IMPS,2026-06-08 16:32:00,0
TXN_003246,FIR_0009,ACCT_0043,ACCT_0074,48000,UPI,2026-01-27 15:18:00,1
TXN_003247,FIR_0013,ACCT_0035,ACCT_0022,1200,IMPS,2026-08-18 03:48:00,0
TXN_003248,FIR_0023,ACCT_0080,ACCT_0067,49000,UPI,2026-03-21 19:28:00,1
TXN_003249,FIR_0024,ACCT_0064,ACCT_0038,75000,NEFT,2026-05-11 07:33:00,0
TXN_003250,FIR_0029,ACCT_0051,ACCT_0055,250000,UPI,2026-06-05 03:01:00,0
TXN_003251,FIR_0012,ACCT_0028,ACCT_0015,5000,UPI,2026-05-17 06:45:00,0
TXN_003252,FIR_0009,ACCT_0014,ACCT_0074,24000,NEFT,2026-03-22 19:52:00,0
TXN_003253,FIR_0010,ACCT_0071,ACCT_0015,5000,IMPS,2026-02-12 10:23:00,0
TXN_003254,FIR_0029,ACCT_0004,ACCT_0008,75000,IMPS,2026-05-12 12:16:00,0
TXN_003255,FIR_0006,ACCT_0022,ACCT_0017,5000,IMPS,2026-05-23 19:21:00,0
TXN_003256,FIR_0019,ACCT_0012,ACCT_0060,24000,cash_deposit,2026-07-31 19:14:00,0
TXN_003257,FIR_0005,ACCT_0009,ACCT_0020,24000,cash_deposit,2026-04-04 10:47:00,0
TXN_003258,FIR_0026,ACCT_0003,ACCT_0031,1200,NEFT,2026-01-30 21:13:00,0
TXN_003259,FIR_0006,ACCT_0070,ACCT_0011,48000,UPI,2026-05-08 11:56:00,1
TXN_003260,FIR_0020,ACCT_0022,ACCT_0021,49000,UPI,2026-08-22 22:49:00,1
TXN_003261,FIR_0010,ACCT_0064,ACCT_0039,75000,cash_deposit,2026-01-30 10:44:00,0
TXN_003262,FIR_0017,ACCT_0071,ACCT_0038,49000,IMPS,2026-08-28 11:12:00,1
TXN_003263,FIR_0018,ACCT_0046,ACCT_0005,49000,IMPS,2026-01-15 12:11:00,1
TXN_003264,FIR_0026,ACCT_0079,ACCT_0016,49000,UPI,2026-07-27 22:35:00,1
TXN_003265,FIR_0017,ACCT_0042,ACCT_0012,49000,IMPS,2026-02-16 21:40:00,1
TXN_003266,FIR_0021,ACCT_0072,ACCT_0026,9800,NEFT,2026-07-11 13:03:00,0
TXN_003267,FIR_0001,ACCT_0008,ACCT_0023,5000,NEFT,2026-04-27 19:26:00,0
TXN_003268,FIR_0013,ACCT_0031,ACCT_0064,48000,cash_deposit,2026-02-18 18:20:00,1
TXN_003269,FIR_0015,ACCT_0069,ACCT_0028,250000,UPI,2026-04-06 19:39:00,0
TXN_003270,FIR_0030,ACCT_0030,ACCT_0002,9800,UPI,2026-08-09 04:51:00,0
TXN_003271,FIR_0004,ACCT_0018,ACCT_0076,49000,UPI,2026-07-24 10:30:00,1
TXN_003272,FIR_0010,ACCT_0023,ACCT_0067,5000,cash_deposit,2026-08-12 12:00:00,0
TXN_003273,FIR_0011,ACCT_0078,ACCT_0050,49000,UPI,2026-08-25 09:22:00,1
TXN_003274,FIR_0018,ACCT_0080,ACCT_0007,75000,cash_deposit,2026-04-16 05:34:00,0
TXN_003275,FIR_0024,ACCT_0025,ACCT_0021,5000,NEFT,2026-01-05 17:06:00,0
TXN_003276,FIR_0008,ACCT_0028,ACCT_0026,48000,NEFT,2026-03-05 13:56:00,1
TXN_003277,FIR_0030,ACCT_0015,ACCT_0016,1200,NEFT,2026-08-30 10:36:00,0
TXN_003278,FIR_0013,ACCT_0080,ACCT_0032,125000,IMPS,2026-03-13 15:08:00,0
TXN_003279,FIR_0008,ACCT_0015,ACCT_0030,75000,cash_deposit,2026-08-03 09:23:00,0
TXN_003280,FIR_0016,ACCT_0032,ACCT_0047,125000,UPI,2026-07-15 15:54:00,0
TXN_003281,FIR_0024,ACCT_0025,ACCT_0073,48000,NEFT,2026-01-02 15:51:00,1
TXN_003282,FIR_0018,ACCT_0057,ACCT_0065,49000,UPI,2026-05-10 16:57:00,1
TXN_003283,FIR_0018,ACCT_0057,ACCT_0027,24000,UPI,2026-01-09 21:38:00,0
TXN_003284,FIR_0028,ACCT_0005,ACCT_0012,48000,IMPS,2026-06-14 13:28:00,1
TXN_003285,FIR_0016,ACCT_0067,ACCT_0022,48000,cash_deposit,2026-05-11 08:44:00,1
TXN_003286,FIR_0013,ACCT_0058,ACCT_0047,5000,UPI,2026-05-18 00:54:00,0
TXN_003287,FIR_0027,ACCT_0049,ACCT_0020,250000,IMPS,2026-02-27 21:20:00,0
TXN_003288,FIR_0008,ACCT_0029,ACCT_0034,75000,NEFT,2026-02-18 08:11:00,0
TXN_003289,FIR_0009,ACCT_0025,ACCT_0072,250000,IMPS,2026-05-14 23:56:00,0
TXN_003290,FIR_0008,ACCT_0026,ACCT_0017,125000,UPI,2026-07-26 13:54:00,0
TXN_003291,FIR_0015,ACCT_0010,ACCT_0055,125000,NEFT,2026-05-28 16:08:00,0
TXN_003292,FIR_0016,ACCT_0043,ACCT_0045,49000,cash_deposit,2026-03-08 17:43:00,1
TXN_003293,FIR_0026,ACCT_0054,ACCT_0032,48000,NEFT,2026-05-28 06:40:00,1
TXN_003294,FIR_0008,ACCT_0038,ACCT_0066,5000,cash_deposit,2026-08-04 02:43:00,0
TXN_003295,FIR_0001,ACCT_0064,ACCT_0040,75000,UPI,2026-02-11 02:49:00,0
TXN_003296,FIR_0024,ACCT_0064,ACCT_0052,5000,UPI,2026-05-23 08:34:00,0
TXN_003297,FIR_0005,ACCT_0017,ACCT_0045,250000,NEFT,2026-05-07 23:01:00,0
TXN_003298,FIR_0018,ACCT_0073,ACCT_0079,5000,IMPS,2026-07-03 03:49:00,0
TXN_003299,FIR_0022,ACCT_0016,ACCT_0005,9800,cash_deposit,2026-08-06 04:17:00,0
TXN_003300,FIR_0024,ACCT_0010,ACCT_0067,48000,cash_deposit,2026-07-16 19:49:00,1
TXN_003301,FIR_0029,ACCT_0078,ACCT_0016,5000,NEFT,2026-02-17 17:00:00,0
TXN_003302,FIR_0019,ACCT_0001,ACCT_0056,9800,cash_deposit,2026-07-19 10:27:00,0
TXN_003303,FIR_0024,ACCT_0015,ACCT_0052,125000,UPI,2026-08-06 06:19:00,0
TXN_003304,FIR_0007,ACCT_0070,ACCT_0054,1200,IMPS,2026-08-03 05:35:00,0
TXN_003305,FIR_0001,ACCT_0022,ACCT_0038,1200,NEFT,2026-04-21 20:23:00,0
TXN_003306,FIR_0027,ACCT_0074,ACCT_0039,5000,NEFT,2026-03-01 03:14:00,0
TXN_003307,FIR_0001,ACCT_0051,ACCT_0035,49000,IMPS,2026-02-01 23:34:00,1
TXN_003308,FIR_0021,ACCT_0022,ACCT_0059,48000,cash_deposit,2026-05-27 06:03:00,1
TXN_003309,FIR_0030,ACCT_0005,ACCT_0065,5000,NEFT,2026-07-29 02:21:00,0
TXN_003310,FIR_0019,ACCT_0011,ACCT_0034,1200,UPI,2026-06-13 10:33:00,0
TXN_003311,FIR_0015,ACCT_0043,ACCT_0063,75000,UPI,2026-02-16 23:52:00,0
TXN_003312,FIR_0007,ACCT_0019,ACCT_0028,24000,cash_deposit,2026-02-21 04:58:00,0
TXN_003313,FIR_0001,ACCT_0003,ACCT_0057,24000,UPI,2026-01-13 15:32:00,0
TXN_003314,FIR_0021,ACCT_0051,ACCT_0009,75000,cash_deposit,2026-04-14 19:24:00,0
TXN_003315,FIR_0026,ACCT_0002,ACCT_0059,9800,IMPS,2026-07-27 00:02:00,0
TXN_003316,FIR_0004,ACCT_0079,ACCT_0076,48000,IMPS,2026-04-25 01:15:00,1
TXN_003317,FIR_0020,ACCT_0032,ACCT_0060,125000,UPI,2026-06-16 06:33:00,0
TXN_003318,FIR_0010,ACCT_0020,ACCT_0056,9800,IMPS,2026-08-01 23:54:00,0
TXN_003319,FIR_0019,ACCT_0050,ACCT_0038,1200,cash_deposit,2026-03-11 01:03:00,0
TXN_003320,FIR_0022,ACCT_0056,ACCT_0019,250000,cash_deposit,2026-06-05 00:43:00,0
TXN_003321,FIR_0016,ACCT_0073,ACCT_0008,125000,IMPS,2026-08-08 04:39:00,0
TXN_003322,FIR_0021,ACCT_0005,ACCT_0009,250000,IMPS,2026-04-10 04:54:00,0
TXN_003323,FIR_0010,ACCT_0020,ACCT_0078,24000,UPI,2026-05-11 21:49:00,0
TXN_003324,FIR_0023,ACCT_0012,ACCT_0032,24000,cash_deposit,2026-01-12 08:24:00,0
TXN_003325,FIR_0030,ACCT_0040,ACCT_0059,24000,IMPS,2026-07-22 09:03:00,0
TXN_003326,FIR_0024,ACCT_0051,ACCT_0071,75000,NEFT,2026-08-27 20:11:00,0
TXN_003327,FIR_0024,ACCT_0065,ACCT_0042,24000,NEFT,2026-05-04 12:58:00,0
TXN_003328,FIR_0029,ACCT_0043,ACCT_0021,75000,IMPS,2026-01-04 23:07:00,0
TXN_003329,FIR_0027,ACCT_0036,ACCT_0044,1200,cash_deposit,2026-06-14 08:12:00,0
TXN_003330,FIR_0002,ACCT_0059,ACCT_0010,1200,NEFT,2026-01-28 07:35:00,0
TXN_003331,FIR_0024,ACCT_0047,ACCT_0055,5000,cash_deposit,2026-05-31 13:34:00,0
TXN_003332,FIR_0028,ACCT_0074,ACCT_0025,125000,UPI,2026-04-14 20:37:00,0
TXN_003333,FIR_0015,ACCT_0055,ACCT_0051,250000,NEFT,2026-03-16 03:43:00,0
TXN_003334,FIR_0025,ACCT_0024,ACCT_0061,125000,cash_deposit,2026-05-24 11:26:00,0
TXN_003335,FIR_0030,ACCT_0055,ACCT_0037,48000,IMPS,2026-01-21 15:03:00,1
TXN_003336,FIR_0016,ACCT_0049,ACCT_0050,75000,cash_deposit,2026-03-03 14:39:00,0
TXN_003337,FIR_0027,ACCT_0007,ACCT_0047,75000,IMPS,2026-03-31 09:38:00,0
TXN_003338,FIR_0020,ACCT_0033,ACCT_0037,250000,UPI,2026-08-28 15:30:00,0
TXN_003339,FIR_0007,ACCT_0051,ACCT_0067,75000,cash_deposit,2026-07-31 21:22:00,0
TXN_003340,FIR_0022,ACCT_0001,ACCT_0073,75000,IMPS,2026-07-22 17:24:00,0
TXN_003341,FIR_0010,ACCT_0061,ACCT_0068,250000,NEFT,2026-01-09 20:00:00,0
TXN_003342,FIR_0004,ACCT_0015,ACCT_0061,75000,UPI,2026-02-15 16:36:00,0
TXN_003343,FIR_0028,ACCT_0043,ACCT_0061,250000,cash_deposit,2026-01-05 05:40:00,0
TXN_003344,FIR_0028,ACCT_0080,ACCT_0003,125000,UPI,2026-05-18 18:12:00,0
TXN_003345,FIR_0026,ACCT_0079,ACCT_0070,9800,NEFT,2026-03-09 12:09:00,0
TXN_003346,FIR_0022,ACCT_0060,ACCT_0079,5000,NEFT,2026-02-24 04:59:00,0
TXN_003347,FIR_0012,ACCT_0035,ACCT_0060,49000,cash_deposit,2026-05-24 13:37:00,1
TXN_003348,FIR_0030,ACCT_0080,ACCT_0021,75000,NEFT,2026-08-03 04:10:00,0
TXN_003349,FIR_0004,ACCT_0055,ACCT_0053,125000,IMPS,2026-04-12 06:56:00,0
TXN_003350,FIR_0004,ACCT_0035,ACCT_0015,9800,IMPS,2026-07-23 16:58:00,0
TXN_003351,FIR_0030,ACCT_0023,ACCT_0027,49000,UPI,2026-04-11 02:10:00,1
TXN_003352,FIR_0002,ACCT_0007,ACCT_0066,125000,UPI,2026-07-22 04:13:00,0
TXN_003353,FIR_0009,ACCT_0031,ACCT_0050,75000,UPI,2026-08-26 18:02:00,0
TXN_003354,FIR_0024,ACCT_0061,ACCT_0047,250000,IMPS,2026-04-16 03:47:00,0
TXN_003355,FIR_0016,ACCT_0033,ACCT_0028,48000,cash_deposit,2026-07-02 23:16:00,1
TXN_003356,FIR_0007,ACCT_0028,ACCT_0034,125000,NEFT,2026-07-03 03:13:00,0
TXN_003357,FIR_0021,ACCT_0033,ACCT_0041,49000,NEFT,2026-06-03 13:14:00,1
TXN_003358,FIR_0023,ACCT_0035,ACCT_0060,125000,NEFT,2026-08-09 04:04:00,0
TXN_003359,FIR_0018,ACCT_0078,ACCT_0054,1200,NEFT,2026-04-08 22:39:00,0
TXN_003360,FIR_0019,ACCT_0063,ACCT_0023,5000,NEFT,2026-02-24 22:08:00,0
TXN_003361,FIR_0018,ACCT_0066,ACCT_0008,49000,IMPS,2026-08-23 11:24:00,1
TXN_003362,FIR_0006,ACCT_0072,ACCT_0027,24000,cash_deposit,2026-07-02 16:09:00,0
TXN_003363,FIR_0030,ACCT_0074,ACCT_0028,48000,cash_deposit,2026-08-04 09:33:00,1
TXN_003364,FIR_0018,ACCT_0002,ACCT_0073,250000,IMPS,2026-06-10 19:54:00,0
TXN_003365,FIR_0025,ACCT_0014,ACCT_0057,9800,IMPS,2026-07-21 01:46:00,0
TXN_003366,FIR_0013,ACCT_0008,ACCT_0037,1200,cash_deposit,2026-04-24 14:11:00,0
TXN_003367,FIR_0013,ACCT_0030,ACCT_0069,24000,cash_deposit,2026-07-29 03:32:00,0
TXN_003368,FIR_0011,ACCT_0071,ACCT_0027,5000,IMPS,2026-03-02 00:59:00,0
TXN_003369,FIR_0007,ACCT_0018,ACCT_0076,5000,UPI,2026-07-18 20:48:00,0
TXN_003370,FIR_0014,ACCT_0005,ACCT_0061,125000,NEFT,2026-08-05 06:02:00,0
TXN_003371,FIR_0010,ACCT_0037,ACCT_0031,48000,NEFT,2026-03-26 05:26:00,1
TXN_003372,FIR_0009,ACCT_0017,ACCT_0045,24000,cash_deposit,2026-01-23 13:45:00,0
TXN_003373,FIR_0027,ACCT_0059,ACCT_0063,49000,cash_deposit,2026-03-28 22:40:00,1
TXN_003374,FIR_0028,ACCT_0071,ACCT_0077,9800,NEFT,2026-06-04 06:35:00,0
TXN_003375,FIR_0009,ACCT_0011,ACCT_0034,125000,NEFT,2026-01-25 12:19:00,0
TXN_003376,FIR_0012,ACCT_0065,ACCT_0057,1200,IMPS,2026-02-19 02:57:00,0
TXN_003377,FIR_0015,ACCT_0039,ACCT_0017,125000,cash_deposit,2026-07-28 05:22:00,0
TXN_003378,FIR_0010,ACCT_0013,ACCT_0024,75000,IMPS,2026-04-04 12:19:00,0
TXN_003379,FIR_0025,ACCT_0069,ACCT_0062,1200,IMPS,2026-06-14 17:52:00,0
TXN_003380,FIR_0014,ACCT_0076,ACCT_0054,48000,cash_deposit,2026-07-14 00:26:00,1
TXN_003381,FIR_0016,ACCT_0017,ACCT_0039,24000,cash_deposit,2026-02-28 14:21:00,0
TXN_003382,FIR_0005,ACCT_0029,ACCT_0036,5000,cash_deposit,2026-04-11 21:17:00,0
TXN_003383,FIR_0027,ACCT_0066,ACCT_0079,5000,cash_deposit,2026-01-17 01:37:00,0
TXN_003384,FIR_0020,ACCT_0019,ACCT_0073,49000,cash_deposit,2026-06-19 02:07:00,1
TXN_003385,FIR_0025,ACCT_0002,ACCT_0026,1200,cash_deposit,2026-08-14 01:26:00,0
TXN_003386,FIR_0001,ACCT_0039,ACCT_0017,24000,UPI,2026-02-13 14:51:00,0
TXN_003387,FIR_0012,ACCT_0072,ACCT_0074,24000,UPI,2026-05-19 05:32:00,0
TXN_003388,FIR_0030,ACCT_0020,ACCT_0050,48000,NEFT,2026-04-03 01:01:00,1
TXN_003389,FIR_0022,ACCT_0025,ACCT_0028,1200,IMPS,2026-05-24 03:36:00,0
TXN_003390,FIR_0027,ACCT_0072,ACCT_0045,250000,IMPS,2026-06-29 09:50:00,0
TXN_003391,FIR_0028,ACCT_0016,ACCT_0011,125000,cash_deposit,2026-05-20 09:32:00,0
TXN_003392,FIR_0024,ACCT_0040,ACCT_0001,24000,cash_deposit,2026-01-30 06:09:00,0
TXN_003393,FIR_0017,ACCT_0004,ACCT_0049,125000,NEFT,2026-04-15 02:49:00,0
TXN_003394,FIR_0007,ACCT_0079,ACCT_0017,1200,cash_deposit,2026-04-23 10:02:00,0
TXN_003395,FIR_0007,ACCT_0015,ACCT_0011,49000,NEFT,2026-06-18 05:20:00,1
TXN_003396,FIR_0015,ACCT_0020,ACCT_0001,75000,IMPS,2026-06-22 22:31:00,0
TXN_003397,FIR_0006,ACCT_0042,ACCT_0078,125000,IMPS,2026-06-22 12:51:00,0
TXN_003398,FIR_0008,ACCT_0039,ACCT_0015,24000,cash_deposit,2026-03-19 14:36:00,0
TXN_003399,FIR_0014,ACCT_0056,ACCT_0077,1200,cash_deposit,2026-04-07 14:39:00,0
TXN_003400,FIR_0003,ACCT_0043,ACCT_0024,5000,UPI,2026-03-03 23:53:00,0
TXN_003401,FIR_0013,ACCT_0016,ACCT_0044,24000,UPI,2026-07-22 00:08:00,0
TXN_003402,FIR_0001,ACCT_0024,ACCT_0064,24000,NEFT,2026-06-12 16:25:00,0
TXN_003403,FIR_0014,ACCT_0074,ACCT_0004,9800,UPI,2026-02-26 20:38:00,0
TXN_003404,FIR_0013,ACCT_0038,ACCT_0008,48000,cash_deposit,2026-01-02 11:40:00,1
TXN_003405,FIR_0022,ACCT_0020,ACCT_0037,250000,UPI,2026-06-17 09:02:00,0
TXN_003406,FIR_0024,ACCT_0031,ACCT_0056,250000,cash_deposit,2026-01-04 11:25:00,0
TXN_003407,FIR_0014,ACCT_0018,ACCT_0053,48000,cash_deposit,2026-05-16 21:30:00,1
TXN_003408,FIR_0002,ACCT_0057,ACCT_0069,5000,UPI,2026-06-06 11:29:00,0
TXN_003409,FIR_0004,ACCT_0049,ACCT_0011,48000,cash_deposit,2026-05-10 11:31:00,1
TXN_003410,FIR_0001,ACCT_0071,ACCT_0010,48000,IMPS,2026-01-17 13:41:00,1
TXN_003411,FIR_0026,ACCT_0027,ACCT_0033,5000,cash_deposit,2026-08-27 00:44:00,0
TXN_003412,FIR_0014,ACCT_0022,ACCT_0035,24000,cash_deposit,2026-05-31 15:11:00,0
TXN_003413,FIR_0014,ACCT_0012,ACCT_0033,48000,cash_deposit,2026-06-27 12:51:00,1
TXN_003414,FIR_0026,ACCT_0055,ACCT_0049,48000,IMPS,2026-03-17 01:57:00,1
TXN_003415,FIR_0003,ACCT_0038,ACCT_0045,75000,IMPS,2026-03-07 22:25:00,0
TXN_003416,FIR_0005,ACCT_0039,ACCT_0051,9800,NEFT,2026-04-26 15:56:00,0
TXN_003417,FIR_0023,ACCT_0053,ACCT_0066,125000,IMPS,2026-05-11 00:14:00,0
TXN_003418,FIR_0015,ACCT_0037,ACCT_0030,250000,IMPS,2026-08-24 17:08:00,0
TXN_003419,FIR_0009,ACCT_0058,ACCT_0070,250000,NEFT,2026-08-12 16:17:00,0
TXN_003420,FIR_0005,ACCT_0007,ACCT_0054,24000,NEFT,2026-06-19 23:09:00,0
TXN_003421,FIR_0017,ACCT_0043,ACCT_0012,48000,NEFT,2026-09-01 06:35:00,1
TXN_003422,FIR_0006,ACCT_0023,ACCT_0006,49000,IMPS,2026-01-27 16:29:00,1
TXN_003423,FIR_0025,ACCT_0055,ACCT_0014,5000,IMPS,2026-02-21 09:56:00,0
TXN_003424,FIR_0029,ACCT_0012,ACCT_0080,250000,UPI,2026-06-06 00:22:00,0
TXN_003425,FIR_0021,ACCT_0072,ACCT_0034,75000,cash_deposit,2026-04-01 02:23:00,0
TXN_003426,FIR_0020,ACCT_0026,ACCT_0048,24000,UPI,2026-07-24 00:34:00,0
TXN_003427,FIR_0025,ACCT_0074,ACCT_0054,48000,UPI,2026-04-23 22:27:00,1
TXN_003428,FIR_0022,ACCT_0069,ACCT_0073,1200,cash_deposit,2026-09-01 06:23:00,0
TXN_003429,FIR_0027,ACCT_0031,ACCT_0038,48000,cash_deposit,2026-07-21 07:20:00,1
TXN_003430,FIR_0006,ACCT_0058,ACCT_0001,49000,UPI,2026-06-09 05:18:00,1
TXN_003431,FIR_0018,ACCT_0054,ACCT_0045,1200,IMPS,2026-03-28 19:29:00,0
TXN_003432,FIR_0015,ACCT_0056,ACCT_0022,48000,cash_deposit,2026-03-26 17:28:00,1
TXN_003433,FIR_0001,ACCT_0058,ACCT_0062,24000,IMPS,2026-02-12 20:28:00,0
TXN_003434,FIR_0023,ACCT_0010,ACCT_0024,125000,IMPS,2026-02-07 22:25:00,0
TXN_003435,FIR_0030,ACCT_0011,ACCT_0069,125000,IMPS,2026-07-24 02:11:00,0
TXN_003436,FIR_0016,ACCT_0056,ACCT_0021,125000,UPI,2026-01-11 14:16:00,0
TXN_003437,FIR_0025,ACCT_0036,ACCT_0021,9800,NEFT,2026-02-16 09:52:00,0
TXN_003438,FIR_0028,ACCT_0036,ACCT_0067,5000,UPI,2026-04-11 09:26:00,0
TXN_003439,FIR_0019,ACCT_0072,ACCT_0041,24000,cash_deposit,2026-08-10 07:01:00,0
TXN_003440,FIR_0002,ACCT_0065,ACCT_0022,1200,cash_deposit,2026-01-13 08:50:00,0
TXN_003441,FIR_0017,ACCT_0059,ACCT_0058,5000,UPI,2026-01-01 13:00:00,0
TXN_003442,FIR_0018,ACCT_0013,ACCT_0038,5000,NEFT,2026-06-23 12:46:00,0
TXN_003443,FIR_0030,ACCT_0017,ACCT_0067,125000,cash_deposit,2026-05-23 13:28:00,0
TXN_003444,FIR_0015,ACCT_0001,ACCT_0064,49000,NEFT,2026-07-17 15:03:00,1
TXN_003445,FIR_0013,ACCT_0025,ACCT_0052,75000,NEFT,2026-07-02 10:36:00,0
TXN_003446,FIR_0007,ACCT_0056,ACCT_0013,9800,cash_deposit,2026-07-25 20:10:00,0
TXN_003447,FIR_0028,ACCT_0078,ACCT_0062,125000,cash_deposit,2026-05-16 04:29:00,0
TXN_003448,FIR_0016,ACCT_0042,ACCT_0045,1200,cash_deposit,2026-01-07 03:16:00,0
TXN_003449,FIR_0026,ACCT_0030,ACCT_0021,24000,cash_deposit,2026-01-04 14:34:00,0
TXN_003450,FIR_0008,ACCT_0072,ACCT_0059,125000,cash_deposit,2026-04-06 07:55:00,0
TXN_003451,FIR_0005,ACCT_0055,ACCT_0030,250000,UPI,2026-04-13 02:08:00,0
TXN_003452,FIR_0007,ACCT_0078,ACCT_0003,5000,NEFT,2026-04-22 20:11:00,0
TXN_003453,FIR_0008,ACCT_0018,ACCT_0015,5000,cash_deposit,2026-08-11 18:29:00,0
TXN_003454,FIR_0004,ACCT_0059,ACCT_0066,24000,IMPS,2026-06-23 13:37:00,0
TXN_003455,FIR_0029,ACCT_0015,ACCT_0034,9800,IMPS,2026-02-24 08:26:00,0
TXN_003456,FIR_0020,ACCT_0056,ACCT_0012,48000,UPI,2026-07-27 21:09:00,1
TXN_003457,FIR_0017,ACCT_0048,ACCT_0047,125000,cash_deposit,2026-02-28 14:38:00,0
TXN_003458,FIR_0023,ACCT_0060,ACCT_0043,125000,NEFT,2026-03-12 14:26:00,0
TXN_003459,FIR_0010,ACCT_0027,ACCT_0070,1200,IMPS,2026-07-26 04:42:00,0
TXN_003460,FIR_0013,ACCT_0060,ACCT_0039,250000,NEFT,2026-01-06 22:00:00,0
TXN_003461,FIR_0019,ACCT_0074,ACCT_0060,1200,NEFT,2026-02-28 04:52:00,0
TXN_003462,FIR_0024,ACCT_0051,ACCT_0039,5000,UPI,2026-06-05 13:31:00,0
TXN_003463,FIR_0009,ACCT_0025,ACCT_0047,1200,cash_deposit,2026-04-17 12:18:00,0
TXN_003464,FIR_0030,ACCT_0067,ACCT_0029,49000,cash_deposit,2026-03-30 16:38:00,1
TXN_003465,FIR_0023,ACCT_0066,ACCT_0080,49000,NEFT,2026-08-03 11:14:00,1
TXN_003466,FIR_0006,ACCT_0029,ACCT_0059,9800,IMPS,2026-06-27 21:13:00,0
TXN_003467,FIR_0024,ACCT_0013,ACCT_0003,125000,NEFT,2026-01-01 11:03:00,0
TXN_003468,FIR_0014,ACCT_0034,ACCT_0003,5000,cash_deposit,2026-03-14 17:43:00,0
TXN_003469,FIR_0002,ACCT_0072,ACCT_0054,5000,NEFT,2026-01-25 14:20:00,0
TXN_003470,FIR_0025,ACCT_0062,ACCT_0018,5000,UPI,2026-08-13 14:21:00,0
TXN_003471,FIR_0012,ACCT_0002,ACCT_0068,24000,cash_deposit,2026-01-22 13:34:00,0
TXN_003472,FIR_0030,ACCT_0020,ACCT_0079,125000,IMPS,2026-02-05 05:20:00,0
TXN_003473,FIR_0007,ACCT_0004,ACCT_0052,250000,IMPS,2026-02-25 09:35:00,0
TXN_003474,FIR_0014,ACCT_0038,ACCT_0041,125000,cash_deposit,2026-04-12 15:39:00,0
TXN_003475,FIR_0018,ACCT_0058,ACCT_0080,125000,IMPS,2026-05-01 22:43:00,0
TXN_003476,FIR_0013,ACCT_0047,ACCT_0032,49000,UPI,2026-03-23 09:38:00,1
TXN_003477,FIR_0024,ACCT_0077,ACCT_0061,5000,NEFT,2026-01-25 14:07:00,0
TXN_003478,FIR_0014,ACCT_0005,ACCT_0036,1200,IMPS,2026-03-26 21:03:00,0
TXN_003479,FIR_0010,ACCT_0008,ACCT_0078,75000,UPI,2026-02-25 14:38:00,0
TXN_003480,FIR_0015,ACCT_0062,ACCT_0079,9800,IMPS,2026-07-26 18:08:00,0
TXN_003481,FIR_0001,ACCT_0007,ACCT_0008,125000,cash_deposit,2026-08-31 21:19:00,0
TXN_003482,FIR_0020,ACCT_0003,ACCT_0069,9800,cash_deposit,2026-02-28 11:08:00,0
TXN_003483,FIR_0023,ACCT_0019,ACCT_0003,49000,IMPS,2026-01-27 10:27:00,1
TXN_003484,FIR_0012,ACCT_0009,ACCT_0073,48000,UPI,2026-07-03 01:35:00,1
TXN_003485,FIR_0025,ACCT_0066,ACCT_0064,75000,cash_deposit,2026-08-02 01:22:00,0
TXN_003486,FIR_0007,ACCT_0056,ACCT_0011,48000,NEFT,2026-03-28 04:17:00,1
TXN_003487,FIR_0002,ACCT_0070,ACCT_0016,1200,IMPS,2026-07-13 19:48:00,0
TXN_003488,FIR_0023,ACCT_0029,ACCT_0024,49000,NEFT,2026-02-15 07:59:00,1
TXN_003489,FIR_0026,ACCT_0040,ACCT_0047,250000,IMPS,2026-02-13 13:06:00,0
TXN_003490,FIR_0019,ACCT_0068,ACCT_0058,49000,UPI,2026-08-22 23:12:00,1
TXN_003491,FIR_0020,ACCT_0031,ACCT_0020,24000,IMPS,2026-07-06 09:41:00,0
TXN_003492,FIR_0016,ACCT_0001,ACCT_0027,48000,UPI,2026-06-22 11:48:00,1
TXN_003493,FIR_0006,ACCT_0065,ACCT_0032,48000,IMPS,2026-01-13 08:57:00,1
TXN_003494,FIR_0017,ACCT_0039,ACCT_0077,9800,UPI,2026-06-10 08:07:00,0
TXN_003495,FIR_0008,ACCT_0036,ACCT_0046,75000,UPI,2026-03-03 02:00:00,0
TXN_003496,FIR_0002,ACCT_0022,ACCT_0074,9800,IMPS,2026-07-06 18:54:00,0
TXN_003497,FIR_0002,ACCT_0030,ACCT_0053,24000,IMPS,2026-03-13 01:10:00,0
TXN_003498,FIR_0022,ACCT_0026,ACCT_0067,5000,IMPS,2026-01-23 00:53:00,0
TXN_003499,FIR_0021,ACCT_0061,ACCT_0072,125000,IMPS,2026-04-26 15:23:00,0
TXN_003500,FIR_0024,ACCT_0013,ACCT_0056,24000,cash_deposit,2026-05-24 10:31:00,0
TXN_003501,FIR_0005,ACCT_0054,ACCT_0056,5000,cash_deposit,2026-03-06 07:43:00,0
TXN_003502,FIR_0016,ACCT_0032,ACCT_0014,75000,cash_deposit,2026-01-25 19:13:00,0
TXN_003503,FIR_0013,ACCT_0001,ACCT_0077,49000,UPI,2026-04-07 01:43:00,1
TXN_003504,FIR_0027,ACCT_0040,ACCT_0072,9800,IMPS,2026-05-10 08:50:00,0
TXN_003505,FIR_0023,ACCT_0005,ACCT_0069,1200,cash_deposit,2026-05-07 07:45:00,0
TXN_003506,FIR_0004,ACCT_0061,ACCT_0062,24000,IMPS,2026-08-17 10:26:00,0
TXN_003507,FIR_0004,ACCT_0064,ACCT_0036,5000,NEFT,2026-06-20 12:13:00,0
TXN_003508,FIR_0019,ACCT_0038,ACCT_0001,24000,cash_deposit,2026-08-10 14:00:00,0
TXN_003509,FIR_0008,ACCT_0026,ACCT_0012,48000,NEFT,2026-08-16 23:07:00,1
TXN_003510,FIR_0022,ACCT_0011,ACCT_0015,75000,NEFT,2026-04-13 07:55:00,0
TXN_003511,FIR_0001,ACCT_0025,ACCT_0074,250000,cash_deposit,2026-04-07 01:15:00,0
TXN_003512,FIR_0006,ACCT_0007,ACCT_0065,5000,IMPS,2026-03-10 01:06:00,0
TXN_003513,FIR_0028,ACCT_0046,ACCT_0014,5000,UPI,2026-04-20 17:15:00,0
TXN_003514,FIR_0005,ACCT_0080,ACCT_0074,9800,IMPS,2026-03-12 13:01:00,0
TXN_003515,FIR_0006,ACCT_0077,ACCT_0080,48000,IMPS,2026-02-19 06:29:00,1
TXN_003516,FIR_0025,ACCT_0014,ACCT_0037,49000,IMPS,2026-07-09 16:13:00,1
TXN_003517,FIR_0006,ACCT_0013,ACCT_0047,250000,UPI,2026-03-14 22:00:00,0
TXN_003518,FIR_0019,ACCT_0031,ACCT_0054,9800,cash_deposit,2026-04-13 19:41:00,0
TXN_003519,FIR_0012,ACCT_0003,ACCT_0015,9800,IMPS,2026-03-31 17:23:00,0
TXN_003520,FIR_0011,ACCT_0006,ACCT_0057,5000,NEFT,2026-04-05 13:33:00,0
TXN_003521,FIR_0030,ACCT_0038,ACCT_0050,24000,IMPS,2026-08-14 17:11:00,0
TXN_003522,FIR_0013,ACCT_0070,ACCT_0032,250000,NEFT,2026-05-10 19:14:00,0
TXN_003523,FIR_0028,ACCT_0004,ACCT_0067,125000,UPI,2026-05-18 22:51:00,0
TXN_003524,FIR_0019,ACCT_0004,ACCT_0073,75000,cash_deposit,2026-07-07 22:18:00,0
TXN_003525,FIR_0023,ACCT_0059,ACCT_0009,9800,UPI,2026-03-14 10:10:00,0
TXN_003526,FIR_0006,ACCT_0011,ACCT_0057,1200,UPI,2026-01-19 04:00:00,0
TXN_003527,FIR_0022,ACCT_0065,ACCT_0041,1200,UPI,2026-07-01 19:36:00,0
TXN_003528,FIR_0008,ACCT_0015,ACCT_0028,250000,cash_deposit,2026-03-10 17:59:00,0
TXN_003529,FIR_0027,ACCT_0044,ACCT_0070,1200,NEFT,2026-01-29 01:13:00,0
TXN_003530,FIR_0027,ACCT_0039,ACCT_0051,250000,IMPS,2026-06-16 01:52:00,0
TXN_003531,FIR_0028,ACCT_0074,ACCT_0049,75000,cash_deposit,2026-07-19 10:09:00,0
TXN_003532,FIR_0008,ACCT_0043,ACCT_0080,9800,UPI,2026-06-17 01:54:00,0
TXN_003533,FIR_0012,ACCT_0075,ACCT_0030,24000,NEFT,2026-06-05 00:12:00,0
TXN_003534,FIR_0002,ACCT_0035,ACCT_0047,250000,UPI,2026-02-26 16:12:00,0
TXN_003535,FIR_0022,ACCT_0067,ACCT_0076,24000,NEFT,2026-02-07 14:19:00,0
TXN_003536,FIR_0008,ACCT_0016,ACCT_0013,49000,IMPS,2026-04-20 14:13:00,1
TXN_003537,FIR_0020,ACCT_0004,ACCT_0023,48000,NEFT,2026-04-06 13:17:00,1
TXN_003538,FIR_0029,ACCT_0061,ACCT_0010,1200,UPI,2026-03-24 15:47:00,0
TXN_003539,FIR_0030,ACCT_0022,ACCT_0034,125000,cash_deposit,2026-08-19 11:24:00,0
TXN_003540,FIR_0002,ACCT_0005,ACCT_0023,125000,IMPS,2026-01-10 03:54:00,0
TXN_003541,FIR_0014,ACCT_0002,ACCT_0026,5000,NEFT,2026-02-23 21:58:00,0
TXN_003542,FIR_0017,ACCT_0047,ACCT_0064,9800,UPI,2026-04-13 18:38:00,0
TXN_003543,FIR_0013,ACCT_0070,ACCT_0042,49000,IMPS,2026-06-08 05:45:00,1
TXN_003544,FIR_0022,ACCT_0044,ACCT_0017,75000,IMPS,2026-04-07 21:11:00,0
TXN_003545,FIR_0029,ACCT_0052,ACCT_0040,9800,cash_deposit,2026-05-24 07:15:00,0
TXN_003546,FIR_0008,ACCT_0009,ACCT_0042,24000,NEFT,2026-06-12 17:40:00,0
TXN_003547,FIR_0008,ACCT_0050,ACCT_0007,75000,IMPS,2026-07-02 12:35:00,0
TXN_003548,FIR_0004,ACCT_0069,ACCT_0062,5000,UPI,2026-01-31 18:03:00,0
TXN_003549,FIR_0022,ACCT_0005,ACCT_0055,1200,IMPS,2026-05-11 20:15:00,0
TXN_003550,FIR_0027,ACCT_0079,ACCT_0067,125000,NEFT,2026-02-20 16:09:00,0
TXN_003551,FIR_0028,ACCT_0067,ACCT_0056,75000,NEFT,2026-01-14 14:55:00,0
TXN_003552,FIR_0009,ACCT_0013,ACCT_0002,1200,cash_deposit,2026-05-21 21:20:00,0
TXN_003553,FIR_0022,ACCT_0002,ACCT_0046,125000,IMPS,2026-01-21 14:50:00,0
TXN_003554,FIR_0028,ACCT_0061,ACCT_0038,1200,UPI,2026-02-28 00:38:00,0
TXN_003555,FIR_0001,ACCT_0068,ACCT_0018,24000,NEFT,2026-03-07 20:22:00,0
TXN_003556,FIR_0002,ACCT_0056,ACCT_0075,24000,cash_deposit,2026-02-02 13:40:00,0
TXN_003557,FIR_0029,ACCT_0048,ACCT_0051,250000,NEFT,2026-03-08 05:41:00,0
TXN_003558,FIR_0012,ACCT_0076,ACCT_0038,24000,UPI,2026-07-12 13:55:00,0
TXN_003559,FIR_0001,ACCT_0072,ACCT_0034,9800,UPI,2026-07-06 04:07:00,0
TXN_003560,FIR_0017,ACCT_0064,ACCT_0018,49000,cash_deposit,2026-02-28 16:49:00,1
TXN_003561,FIR_0013,ACCT_0023,ACCT_0074,125000,cash_deposit,2026-05-13 11:59:00,0
TXN_003562,FIR_0024,ACCT_0049,ACCT_0009,1200,IMPS,2026-06-13 07:19:00,0
TXN_003563,FIR_0030,ACCT_0074,ACCT_0077,49000,UPI,2026-05-03 12:48:00,1
TXN_003564,FIR_0019,ACCT_0062,ACCT_0022,1200,cash_deposit,2026-08-01 21:50:00,0
TXN_003565,FIR_0002,ACCT_0049,ACCT_0056,5000,UPI,2026-08-20 01:11:00,0
TXN_003566,FIR_0029,ACCT_0056,ACCT_0014,75000,cash_deposit,2026-02-09 01:12:00,0
TXN_003567,FIR_0014,ACCT_0030,ACCT_0017,250000,UPI,2026-08-02 13:32:00,0
TXN_003568,FIR_0020,ACCT_0058,ACCT_0002,1200,UPI,2026-02-19 23:52:00,0
TXN_003569,FIR_0027,ACCT_0044,ACCT_0070,49000,cash_deposit,2026-03-30 08:02:00,1
TXN_003570,FIR_0002,ACCT_0052,ACCT_0044,9800,NEFT,2026-06-18 09:59:00,0
TXN_003571,FIR_0004,ACCT_0051,ACCT_0064,5000,UPI,2026-06-16 14:05:00,0
TXN_003572,FIR_0017,ACCT_0043,ACCT_0027,49000,cash_deposit,2026-05-19 11:10:00,1
TXN_003573,FIR_0014,ACCT_0021,ACCT_0015,75000,IMPS,2026-08-19 14:42:00,0
TXN_003574,FIR_0011,ACCT_0041,ACCT_0008,125000,cash_deposit,2026-08-10 08:21:00,0
TXN_003575,FIR_0023,ACCT_0017,ACCT_0072,1200,NEFT,2026-02-24 17:42:00,0
TXN_003576,FIR_0007,ACCT_0001,ACCT_0069,125000,NEFT,2026-05-18 14:31:00,0
TXN_003577,FIR_0018,ACCT_0005,ACCT_0043,1200,IMPS,2026-05-30 15:07:00,0
TXN_003578,FIR_0002,ACCT_0059,ACCT_0001,49000,IMPS,2026-03-20 06:04:00,1
TXN_003579,FIR_0002,ACCT_0042,ACCT_0063,1200,UPI,2026-02-11 21:43:00,0
TXN_003580,FIR_0021,ACCT_0076,ACCT_0007,48000,IMPS,2026-06-14 16:14:00,1
TXN_003581,FIR_0001,ACCT_0077,ACCT_0016,5000,UPI,2026-06-09 22:22:00,0
TXN_003582,FIR_0023,ACCT_0041,ACCT_0069,5000,IMPS,2026-04-30 08:34:00,0
TXN_003583,FIR_0021,ACCT_0007,ACCT_0027,9800,UPI,2026-07-22 10:14:00,0
TXN_003584,FIR_0014,ACCT_0074,ACCT_0055,1200,cash_deposit,2026-01-23 04:07:00,0
TXN_003585,FIR_0030,ACCT_0054,ACCT_0009,24000,IMPS,2026-05-23 21:30:00,0
TXN_003586,FIR_0010,ACCT_0033,ACCT_0068,125000,UPI,2026-04-07 00:53:00,0
TXN_003587,FIR_0001,ACCT_0034,ACCT_0035,1200,IMPS,2026-01-02 00:46:00,0
TXN_003588,FIR_0025,ACCT_0029,ACCT_0028,5000,NEFT,2026-01-10 03:27:00,0
TXN_003589,FIR_0018,ACCT_0048,ACCT_0030,5000,UPI,2026-02-23 09:40:00,0
TXN_003590,FIR_0014,ACCT_0023,ACCT_0049,1200,UPI,2026-06-19 12:02:00,0
TXN_003591,FIR_0002,ACCT_0032,ACCT_0014,250000,NEFT,2026-08-11 20:49:00,0
TXN_003592,FIR_0019,ACCT_0057,ACCT_0048,1200,UPI,2026-07-22 05:44:00,0
TXN_003593,FIR_0011,ACCT_0024,ACCT_0026,125000,cash_deposit,2026-08-23 14:59:00,0
TXN_003594,FIR_0021,ACCT_0046,ACCT_0017,250000,cash_deposit,2026-05-05 18:27:00,0
TXN_003595,FIR_0021,ACCT_0080,ACCT_0069,5000,IMPS,2026-06-15 03:32:00,0
TXN_003596,FIR_0021,ACCT_0015,ACCT_0036,1200,cash_deposit,2026-01-27 02:47:00,0
TXN_003597,FIR_0017,ACCT_0069,ACCT_0009,48000,NEFT,2026-03-01 15:16:00,1
TXN_003598,FIR_0014,ACCT_0076,ACCT_0020,24000,NEFT,2026-07-26 11:57:00,0
TXN_003599,FIR_0024,ACCT_0003,ACCT_0045,5000,cash_deposit,2026-04-04 04:24:00,0
TXN_003600,FIR_0017,ACCT_0006,ACCT_0063,5000,cash_deposit,2026-07-20 10:11:00,0
TXN_003601,FIR_0030,ACCT_0047,ACCT_0041,1200,IMPS,2026-06-06 14:04:00,0
TXN_003602,FIR_0004,ACCT_0011,ACCT_0004,48000,cash_deposit,2026-01-19 06:03:00,1
TXN_003603,FIR_0001,ACCT_0046,ACCT_0056,48000,IMPS,2026-03-22 22:08:00,1
TXN_003604,FIR_0007,ACCT_0072,ACCT_0064,48000,cash_deposit,2026-03-17 08:31:00,1
TXN_003605,FIR_0019,ACCT_0027,ACCT_0043,75000,IMPS,2026-04-09 07:09:00,0
TXN_003606,FIR_0010,ACCT_0008,ACCT_0010,24000,NEFT,2026-05-05 18:53:00,0
TXN_003607,FIR_0014,ACCT_0050,ACCT_0007,75000,NEFT,2026-04-01 22:12:00,0
TXN_003608,FIR_0029,ACCT_0072,ACCT_0050,5000,cash_deposit,2026-01-11 15:56:00,0
TXN_003609,FIR_0013,ACCT_0077,ACCT_0006,49000,cash_deposit,2026-08-09 18:26:00,1
TXN_003610,FIR_0025,ACCT_0037,ACCT_0048,49000,UPI,2026-02-02 14:49:00,1
TXN_003611,FIR_0017,ACCT_0056,ACCT_0005,48000,cash_deposit,2026-01-31 02:28:00,1
TXN_003612,FIR_0006,ACCT_0061,ACCT_0051,24000,IMPS,2026-04-28 13:20:00,0
TXN_003613,FIR_0025,ACCT_0008,ACCT_0079,125000,UPI,2026-08-20 00:12:00,0
TXN_003614,FIR_0009,ACCT_0013,ACCT_0018,24000,UPI,2026-07-20 18:37:00,0
TXN_003615,FIR_0001,ACCT_0028,ACCT_0005,9800,UPI,2026-01-22 12:09:00,0
TXN_003616,FIR_0019,ACCT_0066,ACCT_0049,9800,NEFT,2026-02-03 16:48:00,0
TXN_003617,FIR_0006,ACCT_0006,ACCT_0031,5000,UPI,2026-06-12 17:53:00,0
TXN_003618,FIR_0001,ACCT_0012,ACCT_0073,24000,cash_deposit,2026-07-08 19:07:00,0
TXN_003619,FIR_0011,ACCT_0048,ACCT_0038,250000,cash_deposit,2026-08-11 22:53:00,0
TXN_003620,FIR_0008,ACCT_0044,ACCT_0027,125000,UPI,2026-07-25 14:25:00,0
TXN_003621,FIR_0010,ACCT_0029,ACCT_0018,1200,cash_deposit,2026-01-17 18:28:00,0
TXN_003622,FIR_0011,ACCT_0008,ACCT_0062,49000,cash_deposit,2026-01-17 04:49:00,1
TXN_003623,FIR_0027,ACCT_0056,ACCT_0075,75000,cash_deposit,2026-08-04 05:45:00,0
TXN_003624,FIR_0021,ACCT_0013,ACCT_0022,5000,cash_deposit,2026-05-10 21:29:00,0
TXN_003625,FIR_0020,ACCT_0036,ACCT_0016,5000,cash_deposit,2026-07-06 21:18:00,0
TXN_003626,FIR_0005,ACCT_0024,ACCT_0070,250000,UPI,2026-04-14 02:20:00,0
TXN_003627,FIR_0017,ACCT_0014,ACCT_0054,75000,NEFT,2026-08-01 16:26:00,0
TXN_003628,FIR_0011,ACCT_0079,ACCT_0075,9800,IMPS,2026-04-21 11:58:00,0
TXN_003629,FIR_0028,ACCT_0018,ACCT_0033,75000,cash_deposit,2026-04-14 16:43:00,0
TXN_003630,FIR_0012,ACCT_0001,ACCT_0024,24000,IMPS,2026-08-18 02:47:00,0
TXN_003631,FIR_0010,ACCT_0076,ACCT_0019,24000,NEFT,2026-02-28 11:25:00,0
TXN_003632,FIR_0028,ACCT_0062,ACCT_0059,5000,UPI,2026-08-15 02:56:00,0
TXN_003633,FIR_0029,ACCT_0012,ACCT_0032,5000,IMPS,2026-04-04 23:55:00,0
TXN_003634,FIR_0026,ACCT_0003,ACCT_0058,48000,IMPS,2026-06-05 18:02:00,1
TXN_003635,FIR_0008,ACCT_0012,ACCT_0010,250000,NEFT,2026-03-29 15:35:00,0
TXN_003636,FIR_0002,ACCT_0029,ACCT_0014,250000,UPI,2026-06-11 23:37:00,0
TXN_003637,FIR_0023,ACCT_0078,ACCT_0072,48000,NEFT,2026-01-15 14:25:00,1
TXN_003638,FIR_0010,ACCT_0055,ACCT_0022,75000,NEFT,2026-03-09 13:04:00,0
TXN_003639,FIR_0021,ACCT_0070,ACCT_0051,9800,UPI,2026-01-21 04:14:00,0
TXN_003640,FIR_0022,ACCT_0009,ACCT_0050,75000,UPI,2026-05-12 21:13:00,0
TXN_003641,FIR_0022,ACCT_0067,ACCT_0069,5000,IMPS,2026-05-16 09:19:00,0
TXN_003642,FIR_0030,ACCT_0021,ACCT_0063,5000,IMPS,2026-01-01 20:11:00,0
TXN_003643,FIR_0008,ACCT_0060,ACCT_0030,48000,NEFT,2026-02-03 20:24:00,1
TXN_003644,FIR_0002,ACCT_0012,ACCT_0060,5000,UPI,2026-07-24 01:12:00,0
TXN_003645,FIR_0002,ACCT_0047,ACCT_0060,5000,IMPS,2026-03-31 21:41:00,0
TXN_003646,FIR_0016,ACCT_0010,ACCT_0073,5000,UPI,2026-02-09 13:39:00,0
TXN_003647,FIR_0006,ACCT_0079,ACCT_0051,250000,IMPS,2026-02-24 21:30:00,0
TXN_003648,FIR_0020,ACCT_0045,ACCT_0053,48000,cash_deposit,2026-05-10 17:14:00,1
TXN_003649,FIR_0002,ACCT_0006,ACCT_0057,125000,IMPS,2026-02-01 18:18:00,0
TXN_003650,FIR_0026,ACCT_0024,ACCT_0026,48000,cash_deposit,2026-01-24 17:26:00,1
TXN_003651,FIR_0021,ACCT_0001,ACCT_0025,125000,IMPS,2026-03-01 22:08:00,0
TXN_003652,FIR_0026,ACCT_0021,ACCT_0003,24000,IMPS,2026-02-21 14:56:00,0
TXN_003653,FIR_0028,ACCT_0037,ACCT_0080,24000,NEFT,2026-06-20 05:33:00,0
TXN_003654,FIR_0001,ACCT_0046,ACCT_0071,125000,NEFT,2026-06-02 07:36:00,0
TXN_003655,FIR_0002,ACCT_0027,ACCT_0061,75000,cash_deposit,2026-06-18 10:57:00,0
TXN_003656,FIR_0021,ACCT_0051,ACCT_0037,125000,UPI,2026-08-31 14:01:00,0
TXN_003657,FIR_0030,ACCT_0010,ACCT_0072,48000,IMPS,2026-08-04 05:58:00,1
TXN_003658,FIR_0020,ACCT_0010,ACCT_0027,5000,UPI,2026-01-10 04:20:00,0
TXN_003659,FIR_0030,ACCT_0052,ACCT_0028,125000,UPI,2026-04-23 22:25:00,0
TXN_003660,FIR_0013,ACCT_0028,ACCT_0005,24000,IMPS,2026-02-04 16:32:00,0
TXN_003661,FIR_0001,ACCT_0051,ACCT_0050,49000,IMPS,2026-01-31 03:16:00,1
TXN_003662,FIR_0013,ACCT_0005,ACCT_0070,5000,NEFT,2026-02-07 12:30:00,0
TXN_003663,FIR_0013,ACCT_0034,ACCT_0071,75000,IMPS,2026-06-25 04:47:00,0
TXN_003664,FIR_0007,ACCT_0004,ACCT_0009,125000,UPI,2026-02-11 05:40:00,0
TXN_003665,FIR_0022,ACCT_0014,ACCT_0041,9800,UPI,2026-08-14 13:52:00,0
TXN_003666,FIR_0018,ACCT_0031,ACCT_0019,48000,IMPS,2026-05-18 22:01:00,1
TXN_003667,FIR_0016,ACCT_0028,ACCT_0044,5000,NEFT,2026-03-11 04:49:00,0
TXN_003668,FIR_0025,ACCT_0066,ACCT_0073,5000,UPI,2026-01-29 10:05:00,0
TXN_003669,FIR_0009,ACCT_0034,ACCT_0025,9800,cash_deposit,2026-02-06 08:07:00,0
TXN_003670,FIR_0018,ACCT_0039,ACCT_0059,75000,NEFT,2026-08-16 10:36:00,0
TXN_003671,FIR_0013,ACCT_0016,ACCT_0079,125000,NEFT,2026-05-30 09:33:00,0
TXN_003672,FIR_0029,ACCT_0024,ACCT_0041,1200,cash_deposit,2026-03-23 16:28:00,0
TXN_003673,FIR_0012,ACCT_0061,ACCT_0072,5000,UPI,2026-02-24 08:10:00,0
TXN_003674,FIR_0005,ACCT_0020,ACCT_0001,250000,cash_deposit,2026-08-26 04:10:00,0
TXN_003675,FIR_0002,ACCT_0022,ACCT_0020,5000,NEFT,2026-07-23 20:07:00,0
TXN_003676,FIR_0024,ACCT_0067,ACCT_0079,24000,cash_deposit,2026-05-31 21:47:00,0
TXN_003677,FIR_0015,ACCT_0055,ACCT_0033,125000,IMPS,2026-04-18 09:20:00,0
TXN_003678,FIR_0021,ACCT_0004,ACCT_0034,250000,cash_deposit,2026-01-01 19:54:00,0
TXN_003679,FIR_0014,ACCT_0052,ACCT_0077,49000,NEFT,2026-03-28 18:36:00,1
TXN_003680,FIR_0020,ACCT_0058,ACCT_0064,49000,cash_deposit,2026-05-07 11:06:00,1
TXN_003681,FIR_0013,ACCT_0041,ACCT_0066,5000,IMPS,2026-03-07 16:23:00,0
TXN_003682,FIR_0021,ACCT_0044,ACCT_0079,1200,IMPS,2026-05-31 22:55:00,0
TXN_003683,FIR_0004,ACCT_0010,ACCT_0008,5000,cash_deposit,2026-04-02 13:55:00,0
TXN_003684,FIR_0003,ACCT_0018,ACCT_0038,49000,IMPS,2026-06-02 09:43:00,1
TXN_003685,FIR_0011,ACCT_0066,ACCT_0027,5000,NEFT,2026-07-27 00:21:00,0
TXN_003686,FIR_0008,ACCT_0037,ACCT_0068,1200,UPI,2026-01-13 22:57:00,0
TXN_003687,FIR_0001,ACCT_0053,ACCT_0049,125000,cash_deposit,2026-03-17 08:42:00,0
TXN_003688,FIR_0027,ACCT_0001,ACCT_0033,250000,IMPS,2026-07-10 20:35:00,0
TXN_003689,FIR_0003,ACCT_0024,ACCT_0044,250000,IMPS,2026-01-04 01:40:00,0
TXN_003690,FIR_0029,ACCT_0075,ACCT_0004,48000,UPI,2026-07-28 19:45:00,1
TXN_003691,FIR_0026,ACCT_0075,ACCT_0001,75000,IMPS,2026-03-04 14:36:00,0
TXN_003692,FIR_0025,ACCT_0034,ACCT_0080,24000,IMPS,2026-07-11 00:20:00,0
TXN_003693,FIR_0022,ACCT_0066,ACCT_0018,24000,cash_deposit,2026-02-16 04:24:00,0
TXN_003694,FIR_0019,ACCT_0065,ACCT_0031,24000,cash_deposit,2026-06-18 21:27:00,0
TXN_003695,FIR_0011,ACCT_0055,ACCT_0021,24000,NEFT,2026-02-07 18:15:00,0
TXN_003696,FIR_0012,ACCT_0013,ACCT_0017,24000,NEFT,2026-02-16 21:41:00,0
TXN_003697,FIR_0030,ACCT_0079,ACCT_0075,75000,UPI,2026-02-18 00:30:00,0
TXN_003698,FIR_0029,ACCT_0006,ACCT_0056,1200,NEFT,2026-05-04 23:49:00,0
TXN_003699,FIR_0028,ACCT_0052,ACCT_0027,75000,cash_deposit,2026-07-23 21:08:00,0
TXN_003700,FIR_0017,ACCT_0006,ACCT_0069,250000,UPI,2026-07-01 17:40:00,0
TXN_003701,FIR_0020,ACCT_0002,ACCT_0040,5000,NEFT,2026-07-21 21:46:00,0
TXN_003702,FIR_0030,ACCT_0004,ACCT_0054,1200,cash_deposit,2026-05-16 04:16:00,0
TXN_003703,FIR_0018,ACCT_0070,ACCT_0027,5000,cash_deposit,2026-07-19 00:59:00,0
TXN_003704,FIR_0014,ACCT_0056,ACCT_0079,125000,NEFT,2026-07-26 18:06:00,0
TXN_003705,FIR_0024,ACCT_0047,ACCT_0024,250000,IMPS,2026-06-10 19:58:00,0
TXN_003706,FIR_0021,ACCT_0075,ACCT_0053,24000,IMPS,2026-03-14 10:28:00,0
TXN_003707,FIR_0009,ACCT_0025,ACCT_0001,75000,cash_deposit,2026-07-27 09:02:00,0
TXN_003708,FIR_0029,ACCT_0008,ACCT_0026,24000,UPI,2026-01-10 22:59:00,0
TXN_003709,FIR_0019,ACCT_0045,ACCT_0059,1200,UPI,2026-01-08 21:32:00,0
TXN_003710,FIR_0011,ACCT_0041,ACCT_0059,9800,IMPS,2026-07-04 08:46:00,0
TXN_003711,FIR_0017,ACCT_0012,ACCT_0077,24000,IMPS,2026-02-17 22:42:00,0
TXN_003712,FIR_0028,ACCT_0038,ACCT_0075,24000,cash_deposit,2026-05-01 12:36:00,0
TXN_003713,FIR_0018,ACCT_0004,ACCT_0026,49000,NEFT,2026-08-14 09:01:00,1
TXN_003714,FIR_0010,ACCT_0045,ACCT_0057,125000,UPI,2026-05-14 09:48:00,0
TXN_003715,FIR_0027,ACCT_0050,ACCT_0051,5000,UPI,2026-03-24 12:39:00,0
TXN_003716,FIR_0012,ACCT_0013,ACCT_0031,5000,cash_deposit,2026-07-11 10:42:00,0
TXN_003717,FIR_0027,ACCT_0077,ACCT_0049,48000,UPI,2026-02-25 06:14:00,1
TXN_003718,FIR_0010,ACCT_0011,ACCT_0067,125000,cash_deposit,2026-05-21 08:47:00,0
TXN_003719,FIR_0016,ACCT_0040,ACCT_0017,5000,NEFT,2026-04-24 08:28:00,0
TXN_003720,FIR_0022,ACCT_0035,ACCT_0063,24000,cash_deposit,2026-01-13 02:56:00,0
TXN_003721,FIR_0018,ACCT_0004,ACCT_0008,9800,UPI,2026-06-04 19:31:00,0
TXN_003722,FIR_0028,ACCT_0013,ACCT_0017,75000,cash_deposit,2026-01-08 12:33:00,0
TXN_003723,FIR_0011,ACCT_0006,ACCT_0046,5000,NEFT,2026-07-30 14:57:00,0
TXN_003724,FIR_0024,ACCT_0012,ACCT_0070,5000,cash_deposit,2026-05-18 13:56:00,0
TXN_003725,FIR_0006,ACCT_0017,ACCT_0021,9800,UPI,2026-03-17 05:25:00,0
TXN_003726,FIR_0008,ACCT_0060,ACCT_0010,250000,cash_deposit,2026-07-09 05:49:00,0
TXN_003727,FIR_0030,ACCT_0065,ACCT_0007,1200,UPI,2026-05-31 01:39:00,0
TXN_003728,FIR_0003,ACCT_0072,ACCT_0001,1200,IMPS,2026-02-23 23:32:00,0
TXN_003729,FIR_0012,ACCT_0030,ACCT_0052,250000,cash_deposit,2026-08-14 20:43:00,0
TXN_003730,FIR_0009,ACCT_0055,ACCT_0022,1200,IMPS,2026-06-21 21:55:00,0
TXN_003731,FIR_0022,ACCT_0027,ACCT_0059,125000,NEFT,2026-05-12 02:53:00,0
TXN_003732,FIR_0014,ACCT_0059,ACCT_0066,24000,cash_deposit,2026-04-23 07:55:00,0
TXN_003733,FIR_0002,ACCT_0072,ACCT_0028,9800,IMPS,2026-02-23 05:16:00,0
TXN_003734,FIR_0023,ACCT_0008,ACCT_0042,48000,UPI,2026-06-09 13:53:00,1
TXN_003735,FIR_0015,ACCT_0067,ACCT_0018,49000,IMPS,2026-03-21 18:57:00,1
TXN_003736,FIR_0028,ACCT_0079,ACCT_0007,48000,NEFT,2026-08-14 10:25:00,1
TXN_003737,FIR_0006,ACCT_0018,ACCT_0062,49000,UPI,2026-05-03 05:00:00,1
TXN_003738,FIR_0015,ACCT_0033,ACCT_0077,5000,NEFT,2026-01-22 04:10:00,0
TXN_003739,FIR_0013,ACCT_0041,ACCT_0069,125000,UPI,2026-04-19 06:03:00,0
TXN_003740,FIR_0004,ACCT_0010,ACCT_0072,250000,IMPS,2026-06-12 22:15:00,0
TXN_003741,FIR_0008,ACCT_0028,ACCT_0034,250000,UPI,2026-01-27 14:02:00,0
TXN_003742,FIR_0030,ACCT_0014,ACCT_0034,75000,cash_deposit,2026-07-25 15:12:00,0
TXN_003743,FIR_0007,ACCT_0060,ACCT_0079,9800,NEFT,2026-04-23 23:24:00,0
TXN_003744,FIR_0005,ACCT_0057,ACCT_0061,75000,IMPS,2026-03-13 23:40:00,0
TXN_003745,FIR_0021,ACCT_0074,ACCT_0037,5000,IMPS,2026-07-01 02:18:00,0
TXN_003746,FIR_0005,ACCT_0023,ACCT_0072,75000,NEFT,2026-08-01 17:56:00,0
TXN_003747,FIR_0007,ACCT_0024,ACCT_0035,250000,UPI,2026-05-16 15:37:00,0
TXN_003748,FIR_0015,ACCT_0025,ACCT_0047,24000,UPI,2026-07-23 01:28:00,0
TXN_003749,FIR_0029,ACCT_0040,ACCT_0056,5000,cash_deposit,2026-07-18 12:31:00,0
TXN_003750,FIR_0012,ACCT_0059,ACCT_0056,5000,NEFT,2026-05-15 19:54:00,0
TXN_003751,FIR_0018,ACCT_0079,ACCT_0012,1200,NEFT,2026-05-06 01:41:00,0
TXN_003752,FIR_0027,ACCT_0029,ACCT_0057,24000,UPI,2026-01-30 13:19:00,0
TXN_003753,FIR_0022,ACCT_0036,ACCT_0042,9800,UPI,2026-02-02 12:02:00,0
TXN_003754,FIR_0023,ACCT_0027,ACCT_0051,5000,NEFT,2026-02-05 12:34:00,0
TXN_003755,FIR_0010,ACCT_0046,ACCT_0008,24000,IMPS,2026-02-22 11:26:00,0
TXN_003756,FIR_0024,ACCT_0013,ACCT_0066,1200,NEFT,2026-06-29 01:05:00,0
TXN_003757,FIR_0023,ACCT_0007,ACCT_0018,49000,IMPS,2026-05-20 05:11:00,1
TXN_003758,FIR_0009,ACCT_0009,ACCT_0030,75000,UPI,2026-06-30 03:20:00,0
TXN_003759,FIR_0008,ACCT_0042,ACCT_0058,75000,UPI,2026-03-08 20:57:00,0
TXN_003760,FIR_0029,ACCT_0047,ACCT_0058,1200,cash_deposit,2026-07-23 01:46:00,0
TXN_003761,FIR_0003,ACCT_0011,ACCT_0067,49000,IMPS,2026-02-02 09:37:00,1
TXN_003762,FIR_0029,ACCT_0007,ACCT_0023,48000,UPI,2026-08-31 15:15:00,1
TXN_003763,FIR_0006,ACCT_0072,ACCT_0048,250000,IMPS,2026-08-05 04:34:00,0
TXN_003764,FIR_0013,ACCT_0049,ACCT_0010,1200,cash_deposit,2026-06-17 06:48:00,0
TXN_003765,FIR_0018,ACCT_0055,ACCT_0017,5000,IMPS,2026-05-05 08:07:00,0
TXN_003766,FIR_0003,ACCT_0051,ACCT_0030,75000,cash_deposit,2026-08-04 09:18:00,0
TXN_003767,FIR_0005,ACCT_0059,ACCT_0057,24000,IMPS,2026-06-26 23:36:00,0
TXN_003768,FIR_0015,ACCT_0010,ACCT_0067,49000,UPI,2026-07-12 07:01:00,1
TXN_003769,FIR_0019,ACCT_0058,ACCT_0018,250000,UPI,2026-05-18 22:56:00,0
TXN_003770,FIR_0029,ACCT_0002,ACCT_0046,24000,UPI,2026-02-12 22:39:00,0
TXN_003771,FIR_0015,ACCT_0034,ACCT_0011,5000,cash_deposit,2026-01-14 22:27:00,0
TXN_003772,FIR_0014,ACCT_0042,ACCT_0022,75000,IMPS,2026-01-08 11:49:00,0
TXN_003773,FIR_0021,ACCT_0009,ACCT_0074,24000,cash_deposit,2026-01-22 03:43:00,0
TXN_003774,FIR_0030,ACCT_0069,ACCT_0066,5000,NEFT,2026-08-05 12:01:00,0
TXN_003775,FIR_0011,ACCT_0006,ACCT_0059,9800,NEFT,2026-05-18 20:44:00,0
TXN_003776,FIR_0005,ACCT_0040,ACCT_0066,5000,IMPS,2026-05-07 04:16:00,0
TXN_003777,FIR_0029,ACCT_0015,ACCT_0006,24000,IMPS,2026-06-09 03:21:00,0
TXN_003778,FIR_0016,ACCT_0029,ACCT_0070,24000,IMPS,2026-05-13 18:05:00,0
TXN_003779,FIR_0010,ACCT_0069,ACCT_0010,250000,IMPS,2026-08-17 14:09:00,0
TXN_003780,FIR_0006,ACCT_0060,ACCT_0006,1200,IMPS,2026-01-01 19:05:00,0
TXN_003781,FIR_0025,ACCT_0060,ACCT_0046,125000,NEFT,2026-03-28 22:02:00,0
TXN_003782,FIR_0015,ACCT_0035,ACCT_0011,1200,cash_deposit,2026-08-15 10:39:00,0
TXN_003783,FIR_0030,ACCT_0032,ACCT_0024,48000,NEFT,2026-04-23 13:17:00,1
TXN_003784,FIR_0007,ACCT_0072,ACCT_0055,5000,UPI,2026-07-15 03:26:00,0
TXN_003785,FIR_0004,ACCT_0004,ACCT_0040,48000,UPI,2026-01-24 12:50:00,1
TXN_003786,FIR_0005,ACCT_0079,ACCT_0035,125000,IMPS,2026-05-18 19:01:00,0
TXN_003787,FIR_0001,ACCT_0069,ACCT_0047,49000,UPI,2026-02-04 04:42:00,1
TXN_003788,FIR_0027,ACCT_0026,ACCT_0064,125000,IMPS,2026-04-14 20:05:00,0
TXN_003789,FIR_0010,ACCT_0030,ACCT_0011,75000,UPI,2026-07-30 18:42:00,0
TXN_003790,FIR_0030,ACCT_0023,ACCT_0022,1200,NEFT,2026-08-03 17:10:00,0
TXN_003791,FIR_0014,ACCT_0043,ACCT_0039,48000,NEFT,2026-06-05 19:10:00,1
TXN_003792,FIR_0028,ACCT_0056,ACCT_0040,9800,cash_deposit,2026-05-21 09:20:00,0
TXN_003793,FIR_0010,ACCT_0026,ACCT_0047,5000,IMPS,2026-03-18 00:09:00,0
TXN_003794,FIR_0017,ACCT_0057,ACCT_0078,250000,UPI,2026-06-04 18:55:00,0
TXN_003795,FIR_0012,ACCT_0036,ACCT_0019,125000,cash_deposit,2026-03-10 11:49:00,0
TXN_003796,FIR_0011,ACCT_0058,ACCT_0005,49000,IMPS,2026-03-27 08:37:00,1
TXN_003797,FIR_0027,ACCT_0033,ACCT_0061,125000,UPI,2026-07-17 02:26:00,0
TXN_003798,FIR_0023,ACCT_0066,ACCT_0021,75000,IMPS,2026-08-02 00:32:00,0
TXN_003799,FIR_0003,ACCT_0032,ACCT_0043,9800,UPI,2026-02-14 00:44:00,0
TXN_003800,FIR_0017,ACCT_0048,ACCT_0070,1200,NEFT,2026-04-09 11:51:00,0
TXN_003801,FIR_0016,ACCT_0037,ACCT_0013,48000,NEFT,2026-05-26 07:31:00,1
TXN_003802,FIR_0016,ACCT_0046,ACCT_0077,48000,cash_deposit,2026-03-31 19:43:00,1
TXN_003803,FIR_0020,ACCT_0029,ACCT_0064,24000,cash_deposit,2026-08-07 22:05:00,0
TXN_003804,FIR_0028,ACCT_0070,ACCT_0036,49000,cash_deposit,2026-06-27 20:28:00,1
TXN_003805,FIR_0029,ACCT_0026,ACCT_0046,75000,UPI,2026-06-19 23:56:00,0
TXN_003806,FIR_0012,ACCT_0079,ACCT_0052,5000,cash_deposit,2026-05-20 13:59:00,0
TXN_003807,FIR_0005,ACCT_0070,ACCT_0023,9800,NEFT,2026-03-04 09:22:00,0
TXN_003808,FIR_0020,ACCT_0064,ACCT_0055,9800,UPI,2026-05-15 03:38:00,0
TXN_003809,FIR_0005,ACCT_0055,ACCT_0002,250000,cash_deposit,2026-03-01 06:12:00,0
TXN_003810,FIR_0022,ACCT_0078,ACCT_0009,49000,IMPS,2026-04-11 15:29:00,1
TXN_003811,FIR_0010,ACCT_0052,ACCT_0002,75000,UPI,2026-07-10 23:20:00,0
TXN_003812,FIR_0030,ACCT_0040,ACCT_0055,1200,IMPS,2026-01-26 22:37:00,0
TXN_003813,FIR_0013,ACCT_0060,ACCT_0028,75000,cash_deposit,2026-01-18 14:32:00,0
TXN_003814,FIR_0021,ACCT_0074,ACCT_0048,1200,UPI,2026-07-28 10:59:00,0
TXN_003815,FIR_0010,ACCT_0076,ACCT_0020,24000,NEFT,2026-04-30 23:38:00,0
TXN_003816,FIR_0005,ACCT_0064,ACCT_0022,1200,UPI,2026-03-12 02:34:00,0
TXN_003817,FIR_0026,ACCT_0001,ACCT_0074,49000,UPI,2026-01-24 04:22:00,1
TXN_003818,FIR_0007,ACCT_0063,ACCT_0040,9800,NEFT,2026-06-10 18:08:00,0
TXN_003819,FIR_0020,ACCT_0012,ACCT_0054,5000,IMPS,2026-01-21 07:07:00,0
TXN_003820,FIR_0017,ACCT_0077,ACCT_0048,1200,NEFT,2026-05-14 03:33:00,0
TXN_003821,FIR_0024,ACCT_0036,ACCT_0017,49000,NEFT,2026-05-17 16:45:00,1
TXN_003822,FIR_0014,ACCT_0009,ACCT_0079,49000,IMPS,2026-01-16 09:09:00,1
TXN_003823,FIR_0022,ACCT_0044,ACCT_0055,125000,IMPS,2026-01-13 11:16:00,0
TXN_003824,FIR_0010,ACCT_0006,ACCT_0065,125000,IMPS,2026-04-08 02:51:00,0
TXN_003825,FIR_0002,ACCT_0001,ACCT_0011,9800,NEFT,2026-01-13 03:17:00,0
TXN_003826,FIR_0016,ACCT_0052,ACCT_0003,250000,UPI,2026-02-07 17:38:00,0
TXN_003827,FIR_0030,ACCT_0010,ACCT_0034,75000,cash_deposit,2026-02-22 10:11:00,0
TXN_003828,FIR_0025,ACCT_0049,ACCT_0048,75000,cash_deposit,2026-07-03 14:45:00,0
TXN_003829,FIR_0017,ACCT_0030,ACCT_0004,24000,cash_deposit,2026-03-23 22:55:00,0
TXN_003830,FIR_0016,ACCT_0079,ACCT_0051,5000,cash_deposit,2026-03-12 15:02:00,0
TXN_003831,FIR_0010,ACCT_0047,ACCT_0022,9800,NEFT,2026-02-22 11:43:00,0
TXN_003832,FIR_0015,ACCT_0065,ACCT_0041,250000,IMPS,2026-07-11 05:15:00,0
TXN_003833,FIR_0030,ACCT_0027,ACCT_0041,9800,IMPS,2026-04-24 23:03:00,0
TXN_003834,FIR_0005,ACCT_0053,ACCT_0017,125000,NEFT,2026-03-29 18:21:00,0
TXN_003835,FIR_0002,ACCT_0068,ACCT_0017,250000,cash_deposit,2026-06-29 07:01:00,0
TXN_003836,FIR_0025,ACCT_0063,ACCT_0037,125000,NEFT,2026-05-13 10:39:00,0
TXN_003837,FIR_0006,ACCT_0004,ACCT_0021,5000,cash_deposit,2026-02-02 22:16:00,0
TXN_003838,FIR_0024,ACCT_0060,ACCT_0052,24000,cash_deposit,2026-02-18 20:42:00,0
TXN_003839,FIR_0001,ACCT_0049,ACCT_0048,48000,UPI,2026-01-26 16:52:00,1
TXN_003840,FIR_0015,ACCT_0079,ACCT_0058,48000,UPI,2026-04-24 22:41:00,1
TXN_003841,FIR_0009,ACCT_0077,ACCT_0080,250000,UPI,2026-06-28 10:18:00,0
TXN_003842,FIR_0010,ACCT_0005,ACCT_0070,9800,cash_deposit,2026-06-25 00:15:00,0
TXN_003843,FIR_0025,ACCT_0021,ACCT_0005,125000,UPI,2026-01-02 00:43:00,0
TXN_003844,FIR_0016,ACCT_0078,ACCT_0012,75000,UPI,2026-06-28 10:14:00,0
TXN_003845,FIR_0018,ACCT_0023,ACCT_0053,24000,UPI,2026-08-13 06:40:00,0
TXN_003846,FIR_0028,ACCT_0066,ACCT_0030,125000,cash_deposit,2026-04-14 21:57:00,0
TXN_003847,FIR_0001,ACCT_0036,ACCT_0029,1200,cash_deposit,2026-07-24 03:38:00,0
TXN_003848,FIR_0004,ACCT_0066,ACCT_0069,125000,NEFT,2026-02-04 17:51:00,0
TXN_003849,FIR_0006,ACCT_0053,ACCT_0033,250000,cash_deposit,2026-06-17 02:26:00,0
TXN_003850,FIR_0014,ACCT_0080,ACCT_0075,48000,UPI,2026-08-19 12:45:00,1
TXN_003851,FIR_0011,ACCT_0042,ACCT_0021,75000,cash_deposit,2026-01-15 10:36:00,0
TXN_003852,FIR_0022,ACCT_0042,ACCT_0018,1200,NEFT,2026-02-09 02:01:00,0
TXN_003853,FIR_0030,ACCT_0025,ACCT_0059,49000,NEFT,2026-02-24 05:39:00,1
TXN_003854,FIR_0014,ACCT_0021,ACCT_0060,49000,cash_deposit,2026-05-26 08:03:00,1
TXN_003855,FIR_0025,ACCT_0033,ACCT_0026,24000,IMPS,2026-05-30 17:05:00,0
TXN_003856,FIR_0026,ACCT_0033,ACCT_0060,125000,NEFT,2026-04-15 04:49:00,0
TXN_003857,FIR_0004,ACCT_0008,ACCT_0056,49000,IMPS,2026-05-25 05:51:00,1
TXN_003858,FIR_0010,ACCT_0058,ACCT_0015,9800,NEFT,2026-07-18 07:17:00,0
TXN_003859,FIR_0027,ACCT_0060,ACCT_0028,125000,cash_deposit,2026-06-26 03:19:00,0
TXN_003860,FIR_0020,ACCT_0050,ACCT_0056,49000,cash_deposit,2026-02-12 19:03:00,1
TXN_003861,FIR_0003,ACCT_0064,ACCT_0015,250000,IMPS,2026-04-16 05:00:00,0
TXN_003862,FIR_0001,ACCT_0024,ACCT_0035,75000,UPI,2026-05-18 20:07:00,0
TXN_003863,FIR_0023,ACCT_0016,ACCT_0072,75000,NEFT,2026-06-14 13:27:00,0
TXN_003864,FIR_0012,ACCT_0012,ACCT_0050,24000,UPI,2026-01-15 18:55:00,0
TXN_003865,FIR_0001,ACCT_0041,ACCT_0079,125000,NEFT,2026-06-19 20:42:00,0
TXN_003866,FIR_0024,ACCT_0065,ACCT_0009,125000,IMPS,2026-01-22 16:02:00,0
TXN_003867,FIR_0005,ACCT_0018,ACCT_0028,49000,cash_deposit,2026-06-16 19:09:00,1
TXN_003868,FIR_0019,ACCT_0076,ACCT_0023,125000,NEFT,2026-08-07 15:52:00,0
TXN_003869,FIR_0016,ACCT_0021,ACCT_0052,9800,cash_deposit,2026-03-25 22:27:00,0
TXN_003870,FIR_0003,ACCT_0021,ACCT_0078,48000,NEFT,2026-02-02 05:14:00,1
TXN_003871,FIR_0025,ACCT_0038,ACCT_0032,75000,UPI,2026-05-03 17:34:00,0
TXN_003872,FIR_0010,ACCT_0052,ACCT_0020,48000,NEFT,2026-06-05 10:24:00,1
TXN_003873,FIR_0025,ACCT_0045,ACCT_0080,125000,cash_deposit,2026-03-10 22:36:00,0
TXN_003874,FIR_0010,ACCT_0047,ACCT_0071,24000,IMPS,2026-08-28 10:16:00,0
TXN_003875,FIR_0030,ACCT_0045,ACCT_0061,48000,cash_deposit,2026-01-02 11:28:00,1
TXN_003876,FIR_0026,ACCT_0074,ACCT_0052,75000,UPI,2026-07-08 06:23:00,0
TXN_003877,FIR_0019,ACCT_0043,ACCT_0024,1200,UPI,2026-08-25 07:13:00,0
TXN_003878,FIR_0005,ACCT_0059,ACCT_0060,75000,NEFT,2026-03-18 07:25:00,0
TXN_003879,FIR_0008,ACCT_0059,ACCT_0027,5000,cash_deposit,2026-02-17 21:15:00,0
TXN_003880,FIR_0021,ACCT_0036,ACCT_0080,125000,UPI,2026-06-23 23:12:00,0
TXN_003881,FIR_0017,ACCT_0077,ACCT_0042,49000,cash_deposit,2026-06-06 11:23:00,1
TXN_003882,FIR_0029,ACCT_0031,ACCT_0013,24000,NEFT,2026-03-15 13:24:00,0
TXN_003883,FIR_0016,ACCT_0049,ACCT_0023,49000,UPI,2026-06-09 04:54:00,1
TXN_003884,FIR_0018,ACCT_0068,ACCT_0014,5000,NEFT,2026-02-02 14:15:00,0
TXN_003885,FIR_0020,ACCT_0073,ACCT_0007,48000,UPI,2026-04-16 05:32:00,1
TXN_003886,FIR_0023,ACCT_0029,ACCT_0034,250000,IMPS,2026-06-17 14:37:00,0
TXN_003887,FIR_0013,ACCT_0063,ACCT_0041,48000,UPI,2026-02-04 14:05:00,1
TXN_003888,FIR_0017,ACCT_0039,ACCT_0020,48000,IMPS,2026-01-11 17:06:00,1
TXN_003889,FIR_0023,ACCT_0018,ACCT_0079,125000,IMPS,2026-08-18 11:44:00,0
TXN_003890,FIR_0024,ACCT_0024,ACCT_0056,250000,cash_deposit,2026-04-03 02:57:00,0
TXN_003891,FIR_0004,ACCT_0078,ACCT_0029,5000,cash_deposit,2026-08-17 15:51:00,0
TXN_003892,FIR_0022,ACCT_0048,ACCT_0066,48000,NEFT,2026-04-19 16:48:00,1
TXN_003893,FIR_0010,ACCT_0061,ACCT_0046,125000,NEFT,2026-01-07 13:31:00,0
TXN_003894,FIR_0005,ACCT_0079,ACCT_0017,48000,cash_deposit,2026-06-24 05:40:00,1
TXN_003895,FIR_0001,ACCT_0045,ACCT_0002,9800,cash_deposit,2026-08-25 11:03:00,0
TXN_003896,FIR_0030,ACCT_0014,ACCT_0024,125000,NEFT,2026-07-08 19:27:00,0
TXN_003897,FIR_0018,ACCT_0030,ACCT_0049,125000,UPI,2026-01-03 01:15:00,0
TXN_003898,FIR_0015,ACCT_0075,ACCT_0027,5000,UPI,2026-04-25 06:15:00,0
TXN_003899,FIR_0026,ACCT_0035,ACCT_0072,5000,cash_deposit,2026-05-30 23:32:00,0
TXN_003900,FIR_0002,ACCT_0006,ACCT_0034,49000,IMPS,2026-07-25 23:34:00,1
TXN_003901,FIR_0008,ACCT_0052,ACCT_0040,125000,NEFT,2026-03-07 07:30:00,0
TXN_003902,FIR_0019,ACCT_0037,ACCT_0048,1200,IMPS,2026-06-21 10:18:00,0
TXN_003903,FIR_0016,ACCT_0077,ACCT_0066,48000,UPI,2026-05-20 01:05:00,1
TXN_003904,FIR_0019,ACCT_0004,ACCT_0072,49000,cash_deposit,2026-01-17 10:17:00,1
TXN_003905,FIR_0015,ACCT_0001,ACCT_0012,49000,UPI,2026-03-12 22:32:00,1
TXN_003906,FIR_0014,ACCT_0005,ACCT_0062,75000,UPI,2026-01-31 13:55:00,0
TXN_003907,FIR_0029,ACCT_0035,ACCT_0064,9800,UPI,2026-01-22 16:15:00,0
TXN_003908,FIR_0006,ACCT_0028,ACCT_0074,250000,NEFT,2026-02-01 16:06:00,0
TXN_003909,FIR_0005,ACCT_0010,ACCT_0035,49000,IMPS,2026-05-17 01:53:00,1
TXN_003910,FIR_0023,ACCT_0033,ACCT_0049,24000,UPI,2026-06-23 09:04:00,0
TXN_003911,FIR_0010,ACCT_0048,ACCT_0004,1200,UPI,2026-05-18 05:03:00,0
TXN_003912,FIR_0008,ACCT_0048,ACCT_0030,49000,cash_deposit,2026-06-01 03:27:00,1
TXN_003913,FIR_0023,ACCT_0041,ACCT_0071,9800,IMPS,2026-02-10 09:25:00,0
TXN_003914,FIR_0018,ACCT_0056,ACCT_0015,9800,cash_deposit,2026-08-01 01:24:00,0
TXN_003915,FIR_0028,ACCT_0036,ACCT_0009,49000,NEFT,2026-06-02 23:25:00,1
TXN_003916,FIR_0015,ACCT_0026,ACCT_0011,49000,IMPS,2026-02-06 13:14:00,1
TXN_003917,FIR_0022,ACCT_0049,ACCT_0047,49000,IMPS,2026-06-16 18:11:00,1
TXN_003918,FIR_0002,ACCT_0050,ACCT_0080,24000,IMPS,2026-05-08 11:18:00,0
TXN_003919,FIR_0027,ACCT_0057,ACCT_0023,75000,cash_deposit,2026-03-23 03:23:00,0
TXN_003920,FIR_0017,ACCT_0021,ACCT_0025,250000,IMPS,2026-03-11 09:22:00,0
TXN_003921,FIR_0005,ACCT_0074,ACCT_0023,250000,IMPS,2026-02-16 16:59:00,0
TXN_003922,FIR_0027,ACCT_0037,ACCT_0027,49000,IMPS,2026-03-26 10:55:00,1
TXN_003923,FIR_0030,ACCT_0031,ACCT_0029,5000,NEFT,2026-02-21 13:11:00,0
TXN_003924,FIR_0023,ACCT_0009,ACCT_0028,9800,NEFT,2026-06-04 03:54:00,0
TXN_003925,FIR_0028,ACCT_0047,ACCT_0046,5000,cash_deposit,2026-02-11 06:48:00,0
TXN_003926,FIR_0002,ACCT_0021,ACCT_0017,49000,IMPS,2026-05-25 19:41:00,1
TXN_003927,FIR_0011,ACCT_0004,ACCT_0022,1200,UPI,2026-03-22 13:10:00,0
TXN_003928,FIR_0026,ACCT_0020,ACCT_0046,24000,IMPS,2026-08-08 03:38:00,0
TXN_003929,FIR_0029,ACCT_0013,ACCT_0034,5000,cash_deposit,2026-08-12 17:49:00,0
TXN_003930,FIR_0011,ACCT_0045,ACCT_0004,75000,UPI,2026-07-08 08:49:00,0
TXN_003931,FIR_0018,ACCT_0008,ACCT_0019,75000,cash_deposit,2026-01-04 20:05:00,0
TXN_003932,FIR_0004,ACCT_0040,ACCT_0006,250000,cash_deposit,2026-04-12 08:37:00,0
TXN_003933,FIR_0018,ACCT_0033,ACCT_0075,49000,IMPS,2026-02-05 22:11:00,1
TXN_003934,FIR_0021,ACCT_0066,ACCT_0049,250000,NEFT,2026-01-02 00:35:00,0
TXN_003935,FIR_0026,ACCT_0011,ACCT_0071,24000,cash_deposit,2026-06-26 15:02:00,0
TXN_003936,FIR_0017,ACCT_0064,ACCT_0066,1200,UPI,2026-03-11 09:52:00,0
TXN_003937,FIR_0026,ACCT_0018,ACCT_0066,5000,UPI,2026-05-07 03:16:00,0
TXN_003938,FIR_0016,ACCT_0046,ACCT_0053,9800,IMPS,2026-03-29 18:54:00,0
TXN_003939,FIR_0025,ACCT_0040,ACCT_0057,48000,IMPS,2026-01-25 22:15:00,1
TXN_003940,FIR_0009,ACCT_0005,ACCT_0064,24000,IMPS,2026-03-30 18:11:00,0
TXN_003941,FIR_0025,ACCT_0012,ACCT_0075,75000,cash_deposit,2026-03-04 06:56:00,0
TXN_003942,FIR_0013,ACCT_0071,ACCT_0046,49000,UPI,2026-05-11 09:45:00,1
TXN_003943,FIR_0016,ACCT_0057,ACCT_0029,48000,cash_deposit,2026-08-02 00:27:00,1
TXN_003944,FIR_0010,ACCT_0005,ACCT_0049,75000,UPI,2026-07-19 13:41:00,0
TXN_003945,FIR_0014,ACCT_0028,ACCT_0011,9800,IMPS,2026-02-05 18:25:00,0
TXN_003946,FIR_0020,ACCT_0025,ACCT_0006,24000,IMPS,2026-08-30 00:25:00,0
TXN_003947,FIR_0021,ACCT_0073,ACCT_0005,1200,NEFT,2026-08-10 04:43:00,0
TXN_003948,FIR_0003,ACCT_0075,ACCT_0011,9800,UPI,2026-02-18 19:25:00,0
TXN_003949,FIR_0002,ACCT_0020,ACCT_0047,75000,UPI,2026-03-20 08:31:00,0
TXN_003950,FIR_0023,ACCT_0069,ACCT_0006,24000,UPI,2026-04-25 12:21:00,0
TXN_003951,FIR_0022,ACCT_0005,ACCT_0078,125000,cash_deposit,2026-01-14 07:11:00,0
TXN_003952,FIR_0006,ACCT_0026,ACCT_0008,9800,UPI,2026-02-17 06:23:00,0
TXN_003953,FIR_0009,ACCT_0078,ACCT_0046,9800,IMPS,2026-05-12 14:15:00,0
TXN_003954,FIR_0011,ACCT_0028,ACCT_0015,48000,IMPS,2026-07-23 14:28:00,1
TXN_003955,FIR_0017,ACCT_0004,ACCT_0039,24000,UPI,2026-08-06 22:02:00,0
TXN_003956,FIR_0008,ACCT_0006,ACCT_0040,5000,UPI,2026-06-19 10:02:00,0
TXN_003957,FIR_0027,ACCT_0042,ACCT_0045,48000,UPI,2026-02-22 18:02:00,1
TXN_003958,FIR_0025,ACCT_0059,ACCT_0076,1200,cash_deposit,2026-07-14 01:57:00,0
TXN_003959,FIR_0003,ACCT_0052,ACCT_0016,49000,cash_deposit,2026-08-27 00:43:00,1
TXN_003960,FIR_0008,ACCT_0063,ACCT_0045,125000,NEFT,2026-02-14 22:30:00,0
TXN_003961,FIR_0015,ACCT_0064,ACCT_0034,9800,UPI,2026-01-28 12:44:00,0
TXN_003962,FIR_0007,ACCT_0003,ACCT_0049,24000,IMPS,2026-07-27 19:09:00,0
TXN_003963,FIR_0008,ACCT_0032,ACCT_0035,125000,UPI,2026-03-25 18:09:00,0
TXN_003964,FIR_0019,ACCT_0040,ACCT_0006,49000,IMPS,2026-02-06 02:35:00,1
TXN_003965,FIR_0001,ACCT_0024,ACCT_0016,125000,UPI,2026-05-04 11:29:00,0
TXN_003966,FIR_0028,ACCT_0060,ACCT_0078,48000,UPI,2026-03-09 08:01:00,1
TXN_003967,FIR_0028,ACCT_0076,ACCT_0009,75000,NEFT,2026-08-14 01:21:00,0
TXN_003968,FIR_0023,ACCT_0068,ACCT_0019,5000,NEFT,2026-03-27 14:37:00,0
TXN_003969,FIR_0016,ACCT_0060,ACCT_0016,125000,cash_deposit,2026-05-15 16:53:00,0
TXN_003970,FIR_0001,ACCT_0068,ACCT_0002,125000,UPI,2026-05-06 05:07:00,0
TXN_003971,FIR_0027,ACCT_0022,ACCT_0049,125000,IMPS,2026-05-27 19:53:00,0
TXN_003972,FIR_0014,ACCT_0024,ACCT_0080,9800,NEFT,2026-01-30 02:49:00,0
TXN_003973,FIR_0008,ACCT_0079,ACCT_0039,49000,UPI,2026-07-19 01:35:00,1
TXN_003974,FIR_0015,ACCT_0005,ACCT_0050,49000,NEFT,2026-03-21 20:34:00,1
TXN_003975,FIR_0019,ACCT_0023,ACCT_0024,1200,UPI,2026-03-22 15:36:00,0
TXN_003976,FIR_0023,ACCT_0037,ACCT_0079,75000,cash_deposit,2026-04-14 02:26:00,0
TXN_003977,FIR_0001,ACCT_0060,ACCT_0020,1200,cash_deposit,2026-02-02 14:02:00,0
TXN_003978,FIR_0009,ACCT_0027,ACCT_0019,48000,NEFT,2026-03-30 16:45:00,1
TXN_003979,FIR_0011,ACCT_0042,ACCT_0040,5000,cash_deposit,2026-02-20 01:42:00,0
TXN_003980,FIR_0013,ACCT_0034,ACCT_0048,24000,IMPS,2026-08-18 01:55:00,0
TXN_003981,FIR_0024,ACCT_0056,ACCT_0037,250000,cash_deposit,2026-08-05 14:34:00,0
TXN_003982,FIR_0025,ACCT_0064,ACCT_0056,250000,cash_deposit,2026-01-30 18:56:00,0
TXN_003983,FIR_0004,ACCT_0080,ACCT_0063,24000,NEFT,2026-01-23 15:32:00,0
TXN_003984,FIR_0020,ACCT_0062,ACCT_0039,1200,NEFT,2026-07-30 07:57:00,0
TXN_003985,FIR_0009,ACCT_0075,ACCT_0030,9800,NEFT,2026-01-09 04:35:00,0
TXN_003986,FIR_0009,ACCT_0067,ACCT_0072,75000,cash_deposit,2026-02-04 05:27:00,0
TXN_003987,FIR_0024,ACCT_0044,ACCT_0059,9800,cash_deposit,2026-04-18 09:37:00,0
TXN_003988,FIR_0018,ACCT_0054,ACCT_0002,250000,cash_deposit,2026-02-13 17:36:00,0
TXN_003989,FIR_0019,ACCT_0005,ACCT_0028,48000,IMPS,2026-04-03 11:28:00,1
TXN_003990,FIR_0016,ACCT_0050,ACCT_0018,48000,IMPS,2026-02-14 18:03:00,1
TXN_003991,FIR_0025,ACCT_0068,ACCT_0022,9800,IMPS,2026-01-22 18:54:00,0
TXN_003992,FIR_0002,ACCT_0011,ACCT_0057,75000,cash_deposit,2026-02-07 19:19:00,0
TXN_003993,FIR_0021,ACCT_0001,ACCT_0025,5000,UPI,2026-02-16 06:41:00,0
TXN_003994,FIR_0022,ACCT_0020,ACCT_0069,5000,NEFT,2026-08-05 01:01:00,0
TXN_003995,FIR_0019,ACCT_0029,ACCT_0037,49000,cash_deposit,2026-07-31 02:23:00,1
TXN_003996,FIR_0017,ACCT_0052,ACCT_0017,5000,cash_deposit,2026-02-27 08:16:00,0
TXN_003997,FIR_0017,ACCT_0058,ACCT_0075,75000,UPI,2026-01-28 16:37:00,0
TXN_003998,FIR_0022,ACCT_0004,ACCT_0025,75000,IMPS,2026-06-28 04:50:00,0
TXN_003999,FIR_0008,ACCT_0071,ACCT_0031,75000,IMPS,2026-02-18 15:59:00,0
TXN_004000,FIR_0002,ACCT_0028,ACCT_0013,125000,cash_deposit,2026-06-27 20:11:00,0
TXN_004001,FIR_0004,ACCT_0030,ACCT_0072,49000,NEFT,2026-04-22 15:41:00,1
TXN_004002,FIR_0019,ACCT_0009,ACCT_0063,1200,IMPS,2026-06-09 11:00:00,0
TXN_004003,FIR_0005,ACCT_0037,ACCT_0073,48000,cash_deposit,2026-05-27 05:40:00,1
TXN_004004,FIR_0014,ACCT_0060,ACCT_0034,75000,NEFT,2026-05-01 07:51:00,0
TXN_004005,FIR_0026,ACCT_0057,ACCT_0032,75000,IMPS,2026-06-14 03:59:00,0
TXN_004006,FIR_0027,ACCT_0055,ACCT_0030,5000,IMPS,2026-08-07 21:32:00,0
TXN_004007,FIR_0021,ACCT_0060,ACCT_0013,24000,IMPS,2026-05-24 13:19:00,0
TXN_004008,FIR_0004,ACCT_0018,ACCT_0030,75000,UPI,2026-02-04 09:33:00,0
TXN_004009,FIR_0024,ACCT_0013,ACCT_0007,1200,UPI,2026-01-25 08:02:00,0
TXN_004010,FIR_0008,ACCT_0080,ACCT_0019,49000,NEFT,2026-02-26 16:10:00,1
TXN_004011,FIR_0017,ACCT_0051,ACCT_0024,24000,cash_deposit,2026-05-07 20:38:00,0
TXN_004012,FIR_0002,ACCT_0043,ACCT_0075,250000,UPI,2026-01-14 10:10:00,0
TXN_004013,FIR_0013,ACCT_0079,ACCT_0026,75000,cash_deposit,2026-06-03 16:23:00,0
TXN_004014,FIR_0013,ACCT_0061,ACCT_0069,75000,UPI,2026-04-26 20:52:00,0
TXN_004015,FIR_0001,ACCT_0064,ACCT_0032,1200,IMPS,2026-06-30 03:33:00,0
TXN_004016,FIR_0014,ACCT_0069,ACCT_0061,49000,NEFT,2026-01-04 19:19:00,1
TXN_004017,FIR_0017,ACCT_0068,ACCT_0057,24000,UPI,2026-07-05 14:22:00,0
TXN_004018,FIR_0003,ACCT_0041,ACCT_0063,9800,cash_deposit,2026-03-20 12:07:00,0
TXN_004019,FIR_0028,ACCT_0032,ACCT_0005,1200,NEFT,2026-06-19 05:46:00,0
TXN_004020,FIR_0029,ACCT_0011,ACCT_0077,1200,UPI,2026-03-20 19:56:00,0
TXN_004021,FIR_0010,ACCT_0004,ACCT_0011,1200,NEFT,2026-06-24 11:18:00,0
TXN_004022,FIR_0019,ACCT_0078,ACCT_0031,5000,cash_deposit,2026-05-03 20:40:00,0
TXN_004023,FIR_0003,ACCT_0052,ACCT_0075,9800,NEFT,2026-01-20 17:00:00,0
TXN_004024,FIR_0028,ACCT_0055,ACCT_0045,125000,cash_deposit,2026-08-03 19:26:00,0
TXN_004025,FIR_0002,ACCT_0045,ACCT_0007,75000,cash_deposit,2026-05-06 02:39:00,0
TXN_004026,FIR_0012,ACCT_0010,ACCT_0032,75000,NEFT,2026-06-03 23:26:00,0
TXN_004027,FIR_0008,ACCT_0030,ACCT_0001,1200,NEFT,2026-07-14 08:43:00,0
TXN_004028,FIR_0005,ACCT_0055,ACCT_0067,75000,IMPS,2026-08-07 03:12:00,0
TXN_004029,FIR_0015,ACCT_0031,ACCT_0019,48000,UPI,2026-04-01 17:35:00,1
TXN_004030,FIR_0027,ACCT_0069,ACCT_0053,125000,cash_deposit,2026-07-30 18:29:00,0
TXN_004031,FIR_0001,ACCT_0030,ACCT_0069,49000,NEFT,2026-04-05 23:03:00,1
TXN_004032,FIR_0005,ACCT_0077,ACCT_0059,5000,UPI,2026-02-07 19:26:00,0
TXN_004033,FIR_0013,ACCT_0071,ACCT_0076,5000,IMPS,2026-06-15 01:48:00,0
TXN_004034,FIR_0013,ACCT_0063,ACCT_0032,250000,UPI,2026-03-24 21:15:00,0
TXN_004035,FIR_0024,ACCT_0035,ACCT_0052,125000,UPI,2026-06-19 23:27:00,0
TXN_004036,FIR_0012,ACCT_0019,ACCT_0074,48000,cash_deposit,2026-08-27 16:29:00,1
TXN_004037,FIR_0005,ACCT_0016,ACCT_0044,1200,UPI,2026-02-09 06:30:00,0
TXN_004038,FIR_0016,ACCT_0012,ACCT_0002,48000,cash_deposit,2026-03-13 21:01:00,1
TXN_004039,FIR_0013,ACCT_0016,ACCT_0055,9800,NEFT,2026-07-24 09:51:00,0
TXN_004040,FIR_0021,ACCT_0014,ACCT_0062,75000,IMPS,2026-05-10 09:03:00,0
TXN_004041,FIR_0027,ACCT_0019,ACCT_0024,48000,cash_deposit,2026-05-14 01:00:00,1
TXN_004042,FIR_0008,ACCT_0020,ACCT_0071,125000,UPI,2026-02-02 17:37:00,0
TXN_004043,FIR_0028,ACCT_0001,ACCT_0061,5000,UPI,2026-02-14 05:21:00,0
TXN_004044,FIR_0028,ACCT_0020,ACCT_0021,48000,IMPS,2026-06-30 15:09:00,1
TXN_004045,FIR_0003,ACCT_0046,ACCT_0052,250000,UPI,2026-06-15 05:56:00,0
TXN_004046,FIR_0007,ACCT_0054,ACCT_0051,48000,IMPS,2026-06-23 12:34:00,1
TXN_004047,FIR_0024,ACCT_0017,ACCT_0022,49000,cash_deposit,2026-08-22 05:10:00,1
TXN_004048,FIR_0019,ACCT_0018,ACCT_0069,75000,cash_deposit,2026-01-24 10:15:00,0
TXN_004049,FIR_0029,ACCT_0022,ACCT_0047,250000,IMPS,2026-05-03 01:14:00,0
TXN_004050,FIR_0006,ACCT_0077,ACCT_0045,9800,cash_deposit,2026-01-03 17:59:00,0
TXN_004051,FIR_0004,ACCT_0058,ACCT_0074,1200,NEFT,2026-05-16 04:19:00,0
TXN_004052,FIR_0001,ACCT_0063,ACCT_0017,5000,NEFT,2026-06-04 09:44:00,0
TXN_004053,FIR_0015,ACCT_0070,ACCT_0036,75000,cash_deposit,2026-06-10 23:44:00,0
TXN_004054,FIR_0017,ACCT_0022,ACCT_0028,1200,UPI,2026-05-05 19:25:00,0
TXN_004055,FIR_0002,ACCT_0004,ACCT_0070,49000,NEFT,2026-05-12 20:18:00,1
TXN_004056,FIR_0007,ACCT_0066,ACCT_0041,250000,NEFT,2026-03-09 09:17:00,0
TXN_004057,FIR_0011,ACCT_0062,ACCT_0048,125000,NEFT,2026-05-15 17:31:00,0
TXN_004058,FIR_0013,ACCT_0037,ACCT_0054,24000,IMPS,2026-07-18 19:23:00,0
TXN_004059,FIR_0026,ACCT_0020,ACCT_0042,75000,cash_deposit,2026-04-14 11:07:00,0
TXN_004060,FIR_0024,ACCT_0004,ACCT_0078,5000,NEFT,2026-05-08 22:04:00,0
TXN_004061,FIR_0012,ACCT_0034,ACCT_0069,125000,cash_deposit,2026-03-11 15:00:00,0
TXN_004062,FIR_0008,ACCT_0018,ACCT_0055,48000,NEFT,2026-03-24 05:56:00,1
TXN_004063,FIR_0005,ACCT_0063,ACCT_0013,48000,UPI,2026-02-22 14:31:00,1
TXN_004064,FIR_0022,ACCT_0079,ACCT_0077,5000,cash_deposit,2026-04-08 05:17:00,0
TXN_004065,FIR_0013,ACCT_0054,ACCT_0030,125000,IMPS,2026-03-05 03:46:00,0
TXN_004066,FIR_0029,ACCT_0061,ACCT_0020,1200,cash_deposit,2026-08-10 18:06:00,0
TXN_004067,FIR_0005,ACCT_0034,ACCT_0058,75000,cash_deposit,2026-08-08 17:40:00,0
TXN_004068,FIR_0007,ACCT_0013,ACCT_0039,49000,UPI,2026-04-10 17:29:00,1
TXN_004069,FIR_0011,ACCT_0008,ACCT_0033,48000,UPI,2026-06-21 14:28:00,1
TXN_004070,FIR_0024,ACCT_0043,ACCT_0010,9800,NEFT,2026-03-09 13:16:00,0
TXN_004071,FIR_0008,ACCT_0016,ACCT_0075,49000,IMPS,2026-07-07 06:33:00,1
TXN_004072,FIR_0004,ACCT_0075,ACCT_0013,9800,cash_deposit,2026-04-13 01:30:00,0
TXN_004073,FIR_0017,ACCT_0052,ACCT_0077,49000,cash_deposit,2026-06-26 15:37:00,1
TXN_004074,FIR_0005,ACCT_0057,ACCT_0053,250000,NEFT,2026-05-22 05:03:00,0
TXN_004075,FIR_0012,ACCT_0077,ACCT_0031,24000,cash_deposit,2026-01-28 23:59:00,0
TXN_004076,FIR_0023,ACCT_0046,ACCT_0014,1200,IMPS,2026-02-25 22:43:00,0
TXN_004077,FIR_0005,ACCT_0032,ACCT_0055,48000,cash_deposit,2026-02-27 15:24:00,1
TXN_004078,FIR_0027,ACCT_0047,ACCT_0078,48000,UPI,2026-04-05 03:20:00,1
TXN_004079,FIR_0020,ACCT_0020,ACCT_0046,125000,IMPS,2026-05-13 23:11:00,0
TXN_004080,FIR_0022,ACCT_0064,ACCT_0070,250000,IMPS,2026-06-30 09:43:00,0
TXN_004081,FIR_0026,ACCT_0073,ACCT_0078,9800,cash_deposit,2026-02-24 10:47:00,0
TXN_004082,FIR_0020,ACCT_0035,ACCT_0006,48000,IMPS,2026-05-30 09:48:00,1
TXN_004083,FIR_0022,ACCT_0018,ACCT_0025,48000,UPI,2026-08-01 07:41:00,1
TXN_004084,FIR_0007,ACCT_0027,ACCT_0038,49000,IMPS,2026-06-23 02:17:00,1
TXN_004085,FIR_0019,ACCT_0072,ACCT_0011,5000,IMPS,2026-05-17 23:30:00,0
TXN_004086,FIR_0018,ACCT_0075,ACCT_0038,24000,NEFT,2026-07-23 15:45:00,0
TXN_004087,FIR_0005,ACCT_0040,ACCT_0035,250000,UPI,2026-06-07 12:33:00,0
TXN_004088,FIR_0008,ACCT_0040,ACCT_0006,24000,UPI,2026-03-14 00:22:00,0
TXN_004089,FIR_0006,ACCT_0030,ACCT_0025,9800,cash_deposit,2026-06-22 22:52:00,0
TXN_004090,FIR_0023,ACCT_0001,ACCT_0078,75000,cash_deposit,2026-07-13 09:43:00,0
TXN_004091,FIR_0006,ACCT_0047,ACCT_0034,9800,UPI,2026-07-19 23:52:00,0
TXN_004092,FIR_0008,ACCT_0071,ACCT_0013,125000,NEFT,2026-05-11 11:28:00,0
TXN_004093,FIR_0004,ACCT_0002,ACCT_0029,49000,IMPS,2026-04-09 15:55:00,1
TXN_004094,FIR_0028,ACCT_0023,ACCT_0028,1200,UPI,2026-06-20 02:20:00,0
TXN_004095,FIR_0015,ACCT_0055,ACCT_0022,1200,UPI,2026-08-06 23:37:00,0
TXN_004096,FIR_0004,ACCT_0036,ACCT_0006,48000,cash_deposit,2026-07-27 06:33:00,1
TXN_004097,FIR_0009,ACCT_0079,ACCT_0066,48000,NEFT,2026-01-07 21:51:00,1
TXN_004098,FIR_0021,ACCT_0010,ACCT_0064,250000,IMPS,2026-06-18 10:44:00,0
TXN_004099,FIR_0010,ACCT_0027,ACCT_0075,5000,UPI,2026-03-14 17:58:00,0
TXN_004100,FIR_0024,ACCT_0015,ACCT_0053,24000,cash_deposit,2026-03-14 03:49:00,0
TXN_004101,FIR_0018,ACCT_0065,ACCT_0075,125000,UPI,2026-04-13 20:54:00,0
TXN_004102,FIR_0012,ACCT_0028,ACCT_0005,49000,NEFT,2026-06-28 14:48:00,1
TXN_004103,FIR_0023,ACCT_0065,ACCT_0026,9800,IMPS,2026-08-27 22:20:00,0
TXN_004104,FIR_0022,ACCT_0070,ACCT_0001,48000,cash_deposit,2026-02-07 05:00:00,1
TXN_004105,FIR_0008,ACCT_0018,ACCT_0069,125000,cash_deposit,2026-04-07 19:15:00,0
TXN_004106,FIR_0016,ACCT_0044,ACCT_0034,48000,NEFT,2026-06-15 14:16:00,1
TXN_004107,FIR_0023,ACCT_0048,ACCT_0038,5000,cash_deposit,2026-01-02 11:54:00,0
TXN_004108,FIR_0009,ACCT_0034,ACCT_0036,24000,NEFT,2026-08-27 15:57:00,0
TXN_004109,FIR_0021,ACCT_0037,ACCT_0044,1200,IMPS,2026-06-01 03:14:00,0
TXN_004110,FIR_0012,ACCT_0007,ACCT_0016,75000,NEFT,2026-02-13 04:36:00,0
TXN_004111,FIR_0003,ACCT_0067,ACCT_0020,75000,UPI,2026-06-06 09:02:00,0
TXN_004112,FIR_0009,ACCT_0066,ACCT_0068,24000,UPI,2026-06-02 07:06:00,0
TXN_004113,FIR_0016,ACCT_0033,ACCT_0018,9800,IMPS,2026-01-23 20:36:00,0
TXN_004114,FIR_0026,ACCT_0051,ACCT_0073,250000,UPI,2026-02-24 23:28:00,0
TXN_004115,FIR_0006,ACCT_0074,ACCT_0055,250000,IMPS,2026-03-24 03:36:00,0
TXN_004116,FIR_0025,ACCT_0055,ACCT_0002,5000,cash_deposit,2026-07-27 05:54:00,0
TXN_004117,FIR_0006,ACCT_0007,ACCT_0004,250000,NEFT,2026-06-28 07:48:00,0
TXN_004118,FIR_0014,ACCT_0028,ACCT_0008,1200,NEFT,2026-05-04 19:44:00,0
TXN_004119,FIR_0030,ACCT_0072,ACCT_0079,5000,cash_deposit,2026-06-18 10:46:00,0
TXN_004120,FIR_0008,ACCT_0037,ACCT_0032,9800,UPI,2026-07-16 23:06:00,0
TXN_004121,FIR_0008,ACCT_0057,ACCT_0077,48000,UPI,2026-04-16 11:43:00,1
TXN_004122,FIR_0022,ACCT_0007,ACCT_0035,48000,NEFT,2026-07-18 17:20:00,1
TXN_004123,FIR_0014,ACCT_0054,ACCT_0034,1200,UPI,2026-03-23 21:54:00,0
TXN_004124,FIR_0002,ACCT_0073,ACCT_0005,5000,UPI,2026-08-15 01:12:00,0
TXN_004125,FIR_0004,ACCT_0035,ACCT_0027,49000,UPI,2026-06-14 23:17:00,1
TXN_004126,FIR_0007,ACCT_0040,ACCT_0031,5000,IMPS,2026-05-20 22:42:00,0
TXN_004127,FIR_0018,ACCT_0056,ACCT_0048,250000,NEFT,2026-08-30 00:12:00,0
TXN_004128,FIR_0021,ACCT_0029,ACCT_0079,75000,NEFT,2026-07-13 03:58:00,0
TXN_004129,FIR_0009,ACCT_0059,ACCT_0030,5000,IMPS,2026-06-26 20:13:00,0
TXN_004130,FIR_0009,ACCT_0029,ACCT_0077,250000,UPI,2026-08-06 21:11:00,0
TXN_004131,FIR_0021,ACCT_0023,ACCT_0079,125000,IMPS,2026-05-19 13:23:00,0
TXN_004132,FIR_0022,ACCT_0053,ACCT_0059,75000,UPI,2026-01-05 02:16:00,0
TXN_004133,FIR_0018,ACCT_0018,ACCT_0017,49000,IMPS,2026-01-09 05:38:00,1
TXN_004134,FIR_0023,ACCT_0034,ACCT_0043,1200,UPI,2026-06-20 04:42:00,0
TXN_004135,FIR_0019,ACCT_0021,ACCT_0010,49000,cash_deposit,2026-05-14 05:17:00,1
TXN_004136,FIR_0021,ACCT_0023,ACCT_0036,48000,NEFT,2026-08-11 05:38:00,1
TXN_004137,FIR_0026,ACCT_0038,ACCT_0048,49000,NEFT,2026-02-27 20:37:00,1
TXN_004138,FIR_0009,ACCT_0074,ACCT_0010,49000,cash_deposit,2026-03-08 19:21:00,1
TXN_004139,FIR_0022,ACCT_0071,ACCT_0010,125000,NEFT,2026-03-14 15:28:00,0
TXN_004140,FIR_0013,ACCT_0021,ACCT_0076,75000,NEFT,2026-07-07 16:31:00,0
TXN_004141,FIR_0028,ACCT_0011,ACCT_0051,48000,cash_deposit,2026-05-03 01:16:00,1
TXN_004142,FIR_0001,ACCT_0075,ACCT_0009,250000,IMPS,2026-02-09 03:01:00,0
TXN_004143,FIR_0020,ACCT_0039,ACCT_0010,250000,NEFT,2026-04-22 07:58:00,0
TXN_004144,FIR_0016,ACCT_0066,ACCT_0063,24000,UPI,2026-07-08 04:37:00,0
TXN_004145,FIR_0030,ACCT_0041,ACCT_0006,48000,NEFT,2026-06-29 07:18:00,1
TXN_004146,FIR_0010,ACCT_0011,ACCT_0016,250000,IMPS,2026-08-13 15:54:00,0
TXN_004147,FIR_0016,ACCT_0039,ACCT_0051,24000,cash_deposit,2026-04-09 13:59:00,0
TXN_004148,FIR_0023,ACCT_0021,ACCT_0065,5000,IMPS,2026-08-21 14:24:00,0
TXN_004149,FIR_0018,ACCT_0052,ACCT_0076,75000,IMPS,2026-06-05 22:55:00,0
TXN_004150,FIR_0015,ACCT_0070,ACCT_0014,75000,IMPS,2026-06-03 11:45:00,0
TXN_004151,FIR_0027,ACCT_0049,ACCT_0015,1200,IMPS,2026-08-04 02:14:00,0
TXN_004152,FIR_0002,ACCT_0052,ACCT_0062,1200,NEFT,2026-02-06 15:26:00,0
TXN_004153,FIR_0019,ACCT_0034,ACCT_0046,5000,UPI,2026-06-24 22:43:00,0
TXN_004154,FIR_0021,ACCT_0077,ACCT_0027,250000,cash_deposit,2026-08-19 11:26:00,0
TXN_004155,FIR_0001,ACCT_0063,ACCT_0071,125000,cash_deposit,2026-06-02 20:23:00,0
TXN_004156,FIR_0004,ACCT_0016,ACCT_0027,48000,IMPS,2026-06-30 14:46:00,1
TXN_004157,FIR_0007,ACCT_0044,ACCT_0040,24000,IMPS,2026-07-27 03:26:00,0
TXN_004158,FIR_0022,ACCT_0035,ACCT_0056,250000,cash_deposit,2026-03-21 04:02:00,0
TXN_004159,FIR_0014,ACCT_0054,ACCT_0057,49000,cash_deposit,2026-06-05 05:42:00,1
TXN_004160,FIR_0014,ACCT_0072,ACCT_0062,24000,UPI,2026-03-18 08:17:00,0
TXN_004161,FIR_0014,ACCT_0075,ACCT_0039,24000,NEFT,2026-07-27 16:07:00,0
TXN_004162,FIR_0006,ACCT_0027,ACCT_0065,125000,IMPS,2026-01-08 02:11:00,0
TXN_004163,FIR_0007,ACCT_0011,ACCT_0049,9800,IMPS,2026-03-20 21:47:00,0
TXN_004164,FIR_0014,ACCT_0011,ACCT_0030,1200,NEFT,2026-07-16 02:08:00,0
TXN_004165,FIR_0014,ACCT_0071,ACCT_0076,75000,cash_deposit,2026-05-04 00:42:00,0
TXN_004166,FIR_0024,ACCT_0018,ACCT_0035,1200,UPI,2026-04-14 21:59:00,0
TXN_004167,FIR_0019,ACCT_0060,ACCT_0024,24000,UPI,2026-02-01 00:39:00,0
TXN_004168,FIR_0018,ACCT_0010,ACCT_0063,1200,UPI,2026-04-24 01:50:00,0
TXN_004169,FIR_0009,ACCT_0020,ACCT_0002,48000,cash_deposit,2026-08-28 09:58:00,1
TXN_004170,FIR_0007,ACCT_0031,ACCT_0062,49000,IMPS,2026-03-05 12:05:00,1
TXN_004171,FIR_0025,ACCT_0060,ACCT_0003,1200,NEFT,2026-06-17 04:26:00,0
TXN_004172,FIR_0015,ACCT_0017,ACCT_0022,48000,IMPS,2026-07-16 04:37:00,1
TXN_004173,FIR_0029,ACCT_0047,ACCT_0001,250000,IMPS,2026-06-05 14:57:00,0
TXN_004174,FIR_0021,ACCT_0002,ACCT_0078,5000,NEFT,2026-04-09 17:37:00,0
TXN_004175,FIR_0030,ACCT_0053,ACCT_0031,24000,UPI,2026-08-08 14:52:00,0
TXN_004176,FIR_0008,ACCT_0036,ACCT_0052,49000,IMPS,2026-05-01 01:24:00,1
TXN_004177,FIR_0024,ACCT_0016,ACCT_0054,250000,NEFT,2026-04-09 07:27:00,0
TXN_004178,FIR_0018,ACCT_0056,ACCT_0031,48000,UPI,2026-04-22 05:41:00,1
TXN_004179,FIR_0008,ACCT_0026,ACCT_0003,250000,UPI,2026-05-06 02:29:00,0
TXN_004180,FIR_0029,ACCT_0020,ACCT_0066,49000,IMPS,2026-05-06 15:46:00,1
TXN_004181,FIR_0011,ACCT_0079,ACCT_0057,1200,UPI,2026-03-26 10:10:00,0
TXN_004182,FIR_0017,ACCT_0032,ACCT_0056,48000,IMPS,2026-08-18 15:33:00,1
TXN_004183,FIR_0019,ACCT_0058,ACCT_0005,9800,IMPS,2026-01-05 18:44:00,0
TXN_004184,FIR_0017,ACCT_0063,ACCT_0014,125000,UPI,2026-07-05 23:39:00,0
TXN_004185,FIR_0010,ACCT_0023,ACCT_0049,5000,IMPS,2026-03-03 18:25:00,0
TXN_004186,FIR_0019,ACCT_0070,ACCT_0051,1200,UPI,2026-01-10 01:26:00,0
TXN_004187,FIR_0027,ACCT_0047,ACCT_0045,5000,NEFT,2026-06-10 00:36:00,0
TXN_004188,FIR_0012,ACCT_0071,ACCT_0073,1200,NEFT,2026-08-22 17:28:00,0
TXN_004189,FIR_0028,ACCT_0021,ACCT_0064,75000,IMPS,2026-01-22 08:53:00,0
TXN_004190,FIR_0013,ACCT_0028,ACCT_0075,24000,UPI,2026-08-07 18:06:00,0
TXN_004191,FIR_0027,ACCT_0016,ACCT_0032,48000,UPI,2026-01-14 08:02:00,1
TXN_004192,FIR_0004,ACCT_0029,ACCT_0030,125000,UPI,2026-08-16 18:57:00,0
TXN_004193,FIR_0018,ACCT_0008,ACCT_0062,9800,UPI,2026-01-22 00:21:00,0
TXN_004194,FIR_0017,ACCT_0040,ACCT_0067,48000,IMPS,2026-04-19 11:14:00,1
TXN_004195,FIR_0003,ACCT_0025,ACCT_0015,5000,cash_deposit,2026-04-18 19:16:00,0
TXN_004196,FIR_0017,ACCT_0061,ACCT_0039,24000,UPI,2026-06-17 07:36:00,0
TXN_004197,FIR_0012,ACCT_0080,ACCT_0057,49000,cash_deposit,2026-04-02 06:42:00,1
TXN_004198,FIR_0005,ACCT_0047,ACCT_0050,5000,IMPS,2026-03-06 13:00:00,0
TXN_004199,FIR_0029,ACCT_0025,ACCT_0003,49000,NEFT,2026-08-12 13:09:00,1
TXN_004200,FIR_0016,ACCT_0041,ACCT_0053,75000,UPI,2026-05-25 14:13:00,0
TXN_004201,FIR_0006,ACCT_0060,ACCT_0014,125000,IMPS,2026-06-28 14:06:00,0
TXN_004202,FIR_0028,ACCT_0019,ACCT_0015,250000,IMPS,2026-04-27 17:32:00,0
TXN_004203,FIR_0001,ACCT_0018,ACCT_0068,24000,cash_deposit,2026-02-19 17:23:00,0
TXN_004204,FIR_0016,ACCT_0009,ACCT_0001,250000,UPI,2026-03-03 23:28:00,0
TXN_004205,FIR_0022,ACCT_0045,ACCT_0027,75000,NEFT,2026-05-30 04:19:00,0
TXN_004206,FIR_0005,ACCT_0003,ACCT_0075,5000,cash_deposit,2026-08-01 05:21:00,0
TXN_004207,FIR_0027,ACCT_0035,ACCT_0008,250000,cash_deposit,2026-01-11 22:29:00,0
TXN_004208,FIR_0008,ACCT_0041,ACCT_0020,5000,NEFT,2026-06-17 13:13:00,0
TXN_004209,FIR_0015,ACCT_0028,ACCT_0057,49000,cash_deposit,2026-06-26 12:02:00,1
TXN_004210,FIR_0027,ACCT_0024,ACCT_0012,125000,UPI,2026-06-29 11:34:00,0
TXN_004211,FIR_0028,ACCT_0052,ACCT_0038,49000,IMPS,2026-06-25 23:32:00,1
TXN_004212,FIR_0011,ACCT_0033,ACCT_0057,49000,NEFT,2026-03-18 23:34:00,1
TXN_004213,FIR_0010,ACCT_0077,ACCT_0068,75000,NEFT,2026-01-29 08:12:00,0
TXN_004214,FIR_0024,ACCT_0067,ACCT_0021,5000,NEFT,2026-02-19 11:37:00,0
TXN_004215,FIR_0025,ACCT_0001,ACCT_0069,250000,UPI,2026-02-05 17:24:00,0
TXN_004216,FIR_0022,ACCT_0049,ACCT_0001,24000,UPI,2026-07-12 20:09:00,0
TXN_004217,FIR_0005,ACCT_0025,ACCT_0048,250000,NEFT,2026-06-12 05:07:00,0
TXN_004218,FIR_0001,ACCT_0030,ACCT_0079,1200,IMPS,2026-01-23 19:35:00,0
TXN_004219,FIR_0020,ACCT_0008,ACCT_0076,250000,UPI,2026-05-24 15:25:00,0
TXN_004220,FIR_0013,ACCT_0065,ACCT_0005,250000,NEFT,2026-05-08 13:26:00,0
TXN_004221,FIR_0012,ACCT_0078,ACCT_0070,75000,UPI,2026-04-16 02:31:00,0
TXN_004222,FIR_0026,ACCT_0021,ACCT_0031,1200,UPI,2026-06-26 09:02:00,0
TXN_004223,FIR_0027,ACCT_0013,ACCT_0038,250000,NEFT,2026-03-28 00:21:00,0
TXN_004224,FIR_0014,ACCT_0013,ACCT_0010,125000,IMPS,2026-08-27 05:43:00,0
TXN_004225,FIR_0015,ACCT_0061,ACCT_0005,1200,NEFT,2026-08-31 14:05:00,0
TXN_004226,FIR_0027,ACCT_0035,ACCT_0011,1200,IMPS,2026-07-23 02:12:00,0
TXN_004227,FIR_0017,ACCT_0009,ACCT_0031,49000,IMPS,2026-01-07 07:34:00,1
TXN_004228,FIR_0006,ACCT_0064,ACCT_0018,75000,IMPS,2026-06-04 00:52:00,0
TXN_004229,FIR_0024,ACCT_0006,ACCT_0044,75000,UPI,2026-03-25 06:13:00,0
TXN_004230,FIR_0025,ACCT_0011,ACCT_0038,49000,IMPS,2026-03-21 19:34:00,1
TXN_004231,FIR_0002,ACCT_0040,ACCT_0067,5000,NEFT,2026-03-24 20:26:00,0
TXN_004232,FIR_0019,ACCT_0012,ACCT_0010,9800,IMPS,2026-07-04 14:13:00,0
TXN_004233,FIR_0030,ACCT_0017,ACCT_0009,75000,IMPS,2026-04-06 15:25:00,0
TXN_004234,FIR_0002,ACCT_0045,ACCT_0063,125000,IMPS,2026-07-27 22:10:00,0
TXN_004235,FIR_0022,ACCT_0002,ACCT_0067,250000,NEFT,2026-02-23 01:50:00,0
TXN_004236,FIR_0003,ACCT_0013,ACCT_0016,24000,IMPS,2026-05-04 17:12:00,0
TXN_004237,FIR_0011,ACCT_0016,ACCT_0070,75000,NEFT,2026-04-22 04:23:00,0
TXN_004238,FIR_0024,ACCT_0076,ACCT_0006,250000,IMPS,2026-04-29 06:15:00,0
TXN_004239,FIR_0007,ACCT_0046,ACCT_0069,125000,IMPS,2026-07-20 21:57:00,0
TXN_004240,FIR_0009,ACCT_0033,ACCT_0066,1200,NEFT,2026-01-12 12:56:00,0
TXN_004241,FIR_0006,ACCT_0042,ACCT_0026,125000,NEFT,2026-01-27 05:42:00,0
TXN_004242,FIR_0027,ACCT_0048,ACCT_0013,125000,cash_deposit,2026-02-27 05:56:00,0
TXN_004243,FIR_0008,ACCT_0046,ACCT_0019,48000,UPI,2026-07-14 04:31:00,1
TXN_004244,FIR_0003,ACCT_0009,ACCT_0011,1200,UPI,2026-05-15 07:32:00,0
TXN_004245,FIR_0001,ACCT_0069,ACCT_0079,250000,IMPS,2026-08-08 02:58:00,0
TXN_004246,FIR_0022,ACCT_0074,ACCT_0077,250000,IMPS,2026-03-28 18:18:00,0
TXN_004247,FIR_0007,ACCT_0014,ACCT_0013,250000,UPI,2026-06-25 02:17:00,0
TXN_004248,FIR_0026,ACCT_0059,ACCT_0007,125000,cash_deposit,2026-04-03 06:14:00,0
TXN_004249,FIR_0018,ACCT_0035,ACCT_0079,48000,UPI,2026-08-30 23:52:00,1
TXN_004250,FIR_0018,ACCT_0042,ACCT_0037,49000,IMPS,2026-04-13 08:35:00,1
TXN_004251,FIR_0018,ACCT_0051,ACCT_0021,9800,NEFT,2026-02-05 16:49:00,0
TXN_004252,FIR_0028,ACCT_0016,ACCT_0005,24000,IMPS,2026-07-14 22:23:00,0
TXN_004253,FIR_0002,ACCT_0056,ACCT_0003,24000,IMPS,2026-03-12 09:50:00,0
TXN_004254,FIR_0004,ACCT_0048,ACCT_0019,125000,cash_deposit,2026-07-17 17:52:00,0
TXN_004255,FIR_0010,ACCT_0042,ACCT_0064,9800,NEFT,2026-05-22 02:19:00,0
TXN_004256,FIR_0023,ACCT_0079,ACCT_0005,5000,IMPS,2026-03-14 07:50:00,0
TXN_004257,FIR_0015,ACCT_0053,ACCT_0066,125000,UPI,2026-01-25 21:18:00,0
TXN_004258,FIR_0008,ACCT_0021,ACCT_0072,75000,NEFT,2026-01-23 02:02:00,0
TXN_004259,FIR_0025,ACCT_0042,ACCT_0045,48000,cash_deposit,2026-05-23 00:40:00,1
TXN_004260,FIR_0017,ACCT_0008,ACCT_0058,24000,cash_deposit,2026-06-20 00:43:00,0
TXN_004261,FIR_0014,ACCT_0027,ACCT_0064,1200,UPI,2026-01-24 14:34:00,0
TXN_004262,FIR_0019,ACCT_0058,ACCT_0056,250000,IMPS,2026-03-02 15:01:00,0
TXN_004263,FIR_0008,ACCT_0070,ACCT_0064,48000,NEFT,2026-03-12 23:13:00,1
TXN_004264,FIR_0022,ACCT_0033,ACCT_0015,48000,NEFT,2026-04-22 12:07:00,1
TXN_004265,FIR_0016,ACCT_0078,ACCT_0024,75000,IMPS,2026-02-01 15:43:00,0
TXN_004266,FIR_0002,ACCT_0063,ACCT_0043,9800,IMPS,2026-02-13 15:51:00,0
TXN_004267,FIR_0003,ACCT_0001,ACCT_0067,75000,UPI,2026-03-29 14:47:00,0
TXN_004268,FIR_0011,ACCT_0008,ACCT_0058,250000,IMPS,2026-01-03 12:10:00,0
TXN_004269,FIR_0024,ACCT_0064,ACCT_0048,125000,IMPS,2026-07-19 13:47:00,0
TXN_004270,FIR_0010,ACCT_0046,ACCT_0002,24000,IMPS,2026-05-15 21:05:00,0
TXN_004271,FIR_0028,ACCT_0070,ACCT_0060,24000,UPI,2026-04-19 09:05:00,0
TXN_004272,FIR_0030,ACCT_0021,ACCT_0066,48000,IMPS,2026-01-18 07:56:00,1
TXN_004273,FIR_0012,ACCT_0080,ACCT_0049,9800,IMPS,2026-07-14 04:20:00,0
TXN_004274,FIR_0015,ACCT_0034,ACCT_0014,1200,cash_deposit,2026-07-04 06:22:00,0
TXN_004275,FIR_0026,ACCT_0036,ACCT_0042,5000,cash_deposit,2026-03-20 13:52:00,0
TXN_004276,FIR_0017,ACCT_0078,ACCT_0071,75000,IMPS,2026-02-07 07:17:00,0
TXN_004277,FIR_0018,ACCT_0068,ACCT_0049,5000,UPI,2026-04-04 04:02:00,0
TXN_004278,FIR_0006,ACCT_0059,ACCT_0033,250000,NEFT,2026-08-18 19:01:00,0
TXN_004279,FIR_0001,ACCT_0035,ACCT_0061,49000,cash_deposit,2026-06-13 12:17:00,1
TXN_004280,FIR_0008,ACCT_0048,ACCT_0053,1200,cash_deposit,2026-02-08 17:10:00,0
TXN_004281,FIR_0002,ACCT_0076,ACCT_0059,1200,IMPS,2026-02-20 09:59:00,0
TXN_004282,FIR_0007,ACCT_0024,ACCT_0055,49000,UPI,2026-03-13 14:00:00,1
TXN_004283,FIR_0007,ACCT_0007,ACCT_0008,9800,cash_deposit,2026-08-18 18:06:00,0
TXN_004284,FIR_0014,ACCT_0041,ACCT_0035,49000,UPI,2026-08-25 07:45:00,1
TXN_004285,FIR_0003,ACCT_0058,ACCT_0060,24000,NEFT,2026-08-10 07:55:00,0
TXN_004286,FIR_0006,ACCT_0001,ACCT_0077,1200,UPI,2026-08-05 07:34:00,0
TXN_004287,FIR_0021,ACCT_0079,ACCT_0014,1200,UPI,2026-05-04 10:36:00,0
TXN_004288,FIR_0019,ACCT_0034,ACCT_0045,125000,IMPS,2026-05-28 01:46:00,0
TXN_004289,FIR_0028,ACCT_0071,ACCT_0074,49000,NEFT,2026-05-15 02:12:00,1
TXN_004290,FIR_0008,ACCT_0005,ACCT_0026,250000,cash_deposit,2026-01-31 15:19:00,0
TXN_004291,FIR_0018,ACCT_0021,ACCT_0055,49000,IMPS,2026-07-11 17:31:00,1
TXN_004292,FIR_0024,ACCT_0021,ACCT_0028,24000,NEFT,2026-01-14 05:47:00,0
TXN_004293,FIR_0017,ACCT_0042,ACCT_0062,9800,IMPS,2026-01-31 23:23:00,0
TXN_004294,FIR_0021,ACCT_0052,ACCT_0003,9800,NEFT,2026-05-17 04:10:00,0
TXN_004295,FIR_0008,ACCT_0071,ACCT_0077,9800,cash_deposit,2026-03-31 21:11:00,0
TXN_004296,FIR_0001,ACCT_0074,ACCT_0042,49000,cash_deposit,2026-03-09 23:45:00,1
TXN_004297,FIR_0020,ACCT_0027,ACCT_0059,125000,NEFT,2026-03-10 01:26:00,0
TXN_004298,FIR_0003,ACCT_0034,ACCT_0011,250000,UPI,2026-03-06 10:22:00,0
TXN_004299,FIR_0023,ACCT_0057,ACCT_0017,125000,IMPS,2026-01-10 03:05:00,0
TXN_004300,FIR_0014,ACCT_0056,ACCT_0073,1200,UPI,2026-04-08 07:34:00,0
TXN_004301,FIR_0017,ACCT_0059,ACCT_0015,250000,NEFT,2026-05-05 19:28:00,0
TXN_004302,FIR_0019,ACCT_0046,ACCT_0056,24000,NEFT,2026-03-14 13:49:00,0
TXN_004303,FIR_0022,ACCT_0035,ACCT_0076,250000,UPI,2026-05-20 17:49:00,0
TXN_004304,FIR_0021,ACCT_0078,ACCT_0006,24000,UPI,2026-01-03 15:54:00,0
TXN_004305,FIR_0010,ACCT_0023,ACCT_0076,125000,cash_deposit,2026-04-11 07:17:00,0
TXN_004306,FIR_0028,ACCT_0054,ACCT_0018,9800,IMPS,2026-06-09 03:51:00,0
TXN_004307,FIR_0018,ACCT_0036,ACCT_0033,125000,IMPS,2026-04-02 10:06:00,0
TXN_004308,FIR_0001,ACCT_0014,ACCT_0005,9800,NEFT,2026-06-21 03:20:00,0
TXN_004309,FIR_0028,ACCT_0038,ACCT_0074,250000,IMPS,2026-03-12 12:44:00,0
TXN_004310,FIR_0020,ACCT_0078,ACCT_0023,49000,cash_deposit,2026-07-04 22:17:00,1
TXN_004311,FIR_0029,ACCT_0059,ACCT_0007,5000,IMPS,2026-05-03 18:37:00,0
TXN_004312,FIR_0018,ACCT_0005,ACCT_0061,250000,NEFT,2026-07-22 19:54:00,0
TXN_004313,FIR_0015,ACCT_0077,ACCT_0080,48000,NEFT,2026-06-20 06:54:00,1
TXN_004314,FIR_0029,ACCT_0057,ACCT_0030,1200,cash_deposit,2026-07-26 13:58:00,0
TXN_004315,FIR_0005,ACCT_0077,ACCT_0072,250000,IMPS,2026-01-07 00:31:00,0
TXN_004316,FIR_0016,ACCT_0039,ACCT_0023,24000,NEFT,2026-07-14 23:21:00,0
TXN_004317,FIR_0008,ACCT_0066,ACCT_0019,49000,NEFT,2026-06-16 07:16:00,1
TXN_004318,FIR_0001,ACCT_0024,ACCT_0006,1200,cash_deposit,2026-04-02 08:37:00,0
TXN_004319,FIR_0009,ACCT_0050,ACCT_0056,9800,IMPS,2026-08-25 13:54:00,0
TXN_004320,FIR_0004,ACCT_0017,ACCT_0036,5000,IMPS,2026-07-31 15:36:00,0
TXN_004321,FIR_0012,ACCT_0027,ACCT_0065,49000,cash_deposit,2026-07-05 03:51:00,1
TXN_004322,FIR_0022,ACCT_0001,ACCT_0054,125000,IMPS,2026-01-26 04:07:00,0
TXN_004323,FIR_0003,ACCT_0005,ACCT_0007,24000,UPI,2026-01-06 13:28:00,0
TXN_004324,FIR_0001,ACCT_0034,ACCT_0054,125000,NEFT,2026-04-28 12:26:00,0
TXN_004325,FIR_0018,ACCT_0043,ACCT_0038,24000,IMPS,2026-05-13 17:49:00,0
TXN_004326,FIR_0003,ACCT_0074,ACCT_0059,9800,IMPS,2026-01-27 02:35:00,0
TXN_004327,FIR_0026,ACCT_0079,ACCT_0012,24000,cash_deposit,2026-04-23 05:00:00,0
TXN_004328,FIR_0001,ACCT_0014,ACCT_0052,250000,IMPS,2026-03-17 08:52:00,0
TXN_004329,FIR_0003,ACCT_0062,ACCT_0060,24000,IMPS,2026-07-04 23:56:00,0
TXN_004330,FIR_0021,ACCT_0039,ACCT_0066,9800,IMPS,2026-01-09 05:27:00,0
TXN_004331,FIR_0024,ACCT_0017,ACCT_0026,250000,IMPS,2026-01-20 12:47:00,0
TXN_004332,FIR_0003,ACCT_0028,ACCT_0065,5000,IMPS,2026-03-25 20:30:00,0
TXN_004333,FIR_0002,ACCT_0009,ACCT_0047,125000,NEFT,2026-01-06 07:54:00,0
TXN_004334,FIR_0007,ACCT_0075,ACCT_0042,9800,UPI,2026-08-05 13:12:00,0
TXN_004335,FIR_0001,ACCT_0033,ACCT_0023,9800,UPI,2026-08-01 21:20:00,0
TXN_004336,FIR_0005,ACCT_0032,ACCT_0046,48000,NEFT,2026-05-25 14:47:00,1
TXN_004337,FIR_0028,ACCT_0010,ACCT_0007,125000,IMPS,2026-08-13 01:37:00,0
TXN_004338,FIR_0024,ACCT_0069,ACCT_0080,125000,NEFT,2026-07-26 03:58:00,0
TXN_004339,FIR_0002,ACCT_0008,ACCT_0006,9800,IMPS,2026-02-16 11:15:00,0
TXN_004340,FIR_0028,ACCT_0006,ACCT_0016,5000,UPI,2026-08-08 05:59:00,0
TXN_004341,FIR_0006,ACCT_0015,ACCT_0012,9800,cash_deposit,2026-02-02 23:07:00,0
TXN_004342,FIR_0003,ACCT_0023,ACCT_0043,24000,cash_deposit,2026-04-12 04:31:00,0
TXN_004343,FIR_0028,ACCT_0066,ACCT_0078,75000,UPI,2026-03-28 13:21:00,0
TXN_004344,FIR_0026,ACCT_0029,ACCT_0059,1200,IMPS,2026-06-19 23:34:00,0
TXN_004345,FIR_0007,ACCT_0013,ACCT_0074,5000,NEFT,2026-07-26 06:16:00,0
TXN_004346,FIR_0025,ACCT_0004,ACCT_0065,5000,NEFT,2026-08-02 14:49:00,0
TXN_004347,FIR_0007,ACCT_0069,ACCT_0011,75000,cash_deposit,2026-01-07 11:40:00,0
TXN_004348,FIR_0026,ACCT_0010,ACCT_0003,125000,UPI,2026-02-23 04:58:00,0
TXN_004349,FIR_0024,ACCT_0054,ACCT_0050,75000,cash_deposit,2026-08-11 03:45:00,0
TXN_004350,FIR_0028,ACCT_0047,ACCT_0024,5000,UPI,2026-06-07 02:21:00,0
TXN_004351,FIR_0022,ACCT_0003,ACCT_0005,125000,cash_deposit,2026-05-31 01:43:00,0
TXN_004352,FIR_0014,ACCT_0064,ACCT_0029,48000,cash_deposit,2026-03-18 02:07:00,1
TXN_004353,FIR_0024,ACCT_0016,ACCT_0044,5000,IMPS,2026-03-29 14:05:00,0
TXN_004354,FIR_0013,ACCT_0042,ACCT_0050,5000,UPI,2026-02-25 13:32:00,0
TXN_004355,FIR_0011,ACCT_0075,ACCT_0072,5000,cash_deposit,2026-08-26 00:34:00,0
TXN_004356,FIR_0023,ACCT_0048,ACCT_0075,5000,NEFT,2026-05-12 10:40:00,0
TXN_004357,FIR_0015,ACCT_0004,ACCT_0072,250000,NEFT,2026-08-09 21:21:00,0
TXN_004358,FIR_0020,ACCT_0001,ACCT_0042,5000,cash_deposit,2026-05-23 08:41:00,0
TXN_004359,FIR_0001,ACCT_0056,ACCT_0072,125000,IMPS,2026-05-28 06:03:00,0
TXN_004360,FIR_0009,ACCT_0036,ACCT_0065,48000,NEFT,2026-04-14 12:49:00,1
TXN_004361,FIR_0005,ACCT_0043,ACCT_0065,9800,IMPS,2026-02-21 14:11:00,0
TXN_004362,FIR_0024,ACCT_0069,ACCT_0025,1200,NEFT,2026-05-28 19:58:00,0
TXN_004363,FIR_0016,ACCT_0014,ACCT_0030,5000,IMPS,2026-03-18 11:56:00,0
TXN_004364,FIR_0020,ACCT_0072,ACCT_0071,5000,IMPS,2026-02-18 00:24:00,0
TXN_004365,FIR_0005,ACCT_0046,ACCT_0067,48000,cash_deposit,2026-02-26 23:56:00,1
TXN_004366,FIR_0010,ACCT_0005,ACCT_0001,48000,IMPS,2026-08-14 09:59:00,1
TXN_004367,FIR_0025,ACCT_0028,ACCT_0068,5000,UPI,2026-08-18 22:04:00,0
TXN_004368,FIR_0027,ACCT_0075,ACCT_0079,9800,UPI,2026-03-10 05:51:00,0
TXN_004369,FIR_0016,ACCT_0030,ACCT_0057,5000,cash_deposit,2026-03-18 10:48:00,0
TXN_004370,FIR_0025,ACCT_0036,ACCT_0026,1200,cash_deposit,2026-01-21 06:49:00,0
TXN_004371,FIR_0010,ACCT_0042,ACCT_0047,5000,UPI,2026-05-13 07:34:00,0
TXN_004372,FIR_0006,ACCT_0062,ACCT_0024,125000,IMPS,2026-01-14 21:35:00,0
TXN_004373,FIR_0016,ACCT_0078,ACCT_0053,250000,cash_deposit,2026-05-17 00:03:00,0
TXN_004374,FIR_0025,ACCT_0063,ACCT_0022,75000,cash_deposit,2026-05-02 11:33:00,0
TXN_004375,FIR_0011,ACCT_0044,ACCT_0075,48000,UPI,2026-04-16 00:21:00,1
TXN_004376,FIR_0018,ACCT_0040,ACCT_0032,48000,NEFT,2026-03-18 10:04:00,1
TXN_004377,FIR_0030,ACCT_0043,ACCT_0074,9800,NEFT,2026-06-12 01:41:00,0
TXN_004378,FIR_0025,ACCT_0008,ACCT_0026,1200,UPI,2026-08-13 05:01:00,0
TXN_004379,FIR_0026,ACCT_0001,ACCT_0063,250000,UPI,2026-06-05 02:09:00,0
TXN_004380,FIR_0029,ACCT_0056,ACCT_0023,1200,UPI,2026-05-06 22:10:00,0
TXN_004381,FIR_0011,ACCT_0055,ACCT_0075,9800,UPI,2026-03-28 06:39:00,0
TXN_004382,FIR_0012,ACCT_0034,ACCT_0044,24000,UPI,2026-06-13 05:41:00,0
TXN_004383,FIR_0026,ACCT_0025,ACCT_0079,1200,NEFT,2026-04-12 13:33:00,0
TXN_004384,FIR_0013,ACCT_0042,ACCT_0063,5000,UPI,2026-01-10 17:21:00,0
TXN_004385,FIR_0022,ACCT_0001,ACCT_0066,24000,NEFT,2026-04-07 01:41:00,0
TXN_004386,FIR_0004,ACCT_0063,ACCT_0026,75000,IMPS,2026-07-08 17:05:00,0
TXN_004387,FIR_0005,ACCT_0046,ACCT_0068,49000,UPI,2026-06-08 13:43:00,1
TXN_004388,FIR_0028,ACCT_0041,ACCT_0015,1200,NEFT,2026-07-21 16:37:00,0
TXN_004389,FIR_0016,ACCT_0066,ACCT_0057,49000,cash_deposit,2026-08-05 08:20:00,1
TXN_004390,FIR_0030,ACCT_0038,ACCT_0052,49000,UPI,2026-03-03 04:48:00,1
TXN_004391,FIR_0012,ACCT_0059,ACCT_0056,24000,cash_deposit,2026-08-20 09:30:00,0
TXN_004392,FIR_0003,ACCT_0017,ACCT_0052,24000,UPI,2026-03-02 04:14:00,0
TXN_004393,FIR_0008,ACCT_0056,ACCT_0058,49000,UPI,2026-01-30 00:01:00,1
TXN_004394,FIR_0011,ACCT_0074,ACCT_0046,48000,UPI,2026-04-13 05:43:00,1
TXN_004395,FIR_0027,ACCT_0025,ACCT_0051,48000,NEFT,2026-06-03 22:01:00,1
TXN_004396,FIR_0024,ACCT_0033,ACCT_0034,1200,NEFT,2026-08-27 11:19:00,0
TXN_004397,FIR_0017,ACCT_0071,ACCT_0038,5000,NEFT,2026-08-09 06:34:00,0
TXN_004398,FIR_0027,ACCT_0013,ACCT_0056,49000,cash_deposit,2026-08-10 06:38:00,1
TXN_004399,FIR_0006,ACCT_0055,ACCT_0057,9800,IMPS,2026-07-08 17:00:00,0
TXN_004400,FIR_0011,ACCT_0052,ACCT_0014,48000,IMPS,2026-05-03 03:27:00,1
TXN_004401,FIR_0022,ACCT_0010,ACCT_0020,250000,UPI,2026-03-19 14:00:00,0
TXN_004402,FIR_0029,ACCT_0028,ACCT_0035,24000,IMPS,2026-01-30 05:41:00,0
TXN_004403,FIR_0018,ACCT_0019,ACCT_0036,250000,UPI,2026-05-01 01:32:00,0
TXN_004404,FIR_0028,ACCT_0079,ACCT_0067,125000,NEFT,2026-08-15 19:08:00,0
TXN_004405,FIR_0015,ACCT_0038,ACCT_0026,48000,cash_deposit,2026-04-25 09:18:00,1
TXN_004406,FIR_0020,ACCT_0042,ACCT_0080,48000,IMPS,2026-06-03 11:36:00,1
TXN_004407,FIR_0012,ACCT_0041,ACCT_0046,75000,IMPS,2026-03-04 11:05:00,0
TXN_004408,FIR_0015,ACCT_0037,ACCT_0059,49000,UPI,2026-05-21 09:48:00,1
TXN_004409,FIR_0009,ACCT_0023,ACCT_0039,48000,UPI,2026-01-19 11:45:00,1
TXN_004410,FIR_0021,ACCT_0001,ACCT_0029,49000,NEFT,2026-06-11 15:01:00,1
TXN_004411,FIR_0022,ACCT_0017,ACCT_0045,75000,UPI,2026-08-03 16:34:00,0
TXN_004412,FIR_0018,ACCT_0043,ACCT_0077,75000,cash_deposit,2026-02-28 12:06:00,0
TXN_004413,FIR_0011,ACCT_0054,ACCT_0049,49000,NEFT,2026-06-12 01:44:00,1
TXN_004414,FIR_0005,ACCT_0059,ACCT_0077,24000,NEFT,2026-05-18 16:36:00,0
TXN_004415,FIR_0014,ACCT_0033,ACCT_0053,48000,UPI,2026-03-03 06:04:00,1
TXN_004416,FIR_0027,ACCT_0052,ACCT_0056,24000,UPI,2026-05-04 22:50:00,0
TXN_004417,FIR_0025,ACCT_0009,ACCT_0044,125000,cash_deposit,2026-07-22 17:26:00,0
TXN_004418,FIR_0021,ACCT_0037,ACCT_0054,9800,UPI,2026-06-14 10:52:00,0
TXN_004419,FIR_0012,ACCT_0056,ACCT_0034,1200,cash_deposit,2026-05-21 13:17:00,0
TXN_004420,FIR_0024,ACCT_0033,ACCT_0052,125000,NEFT,2026-04-23 03:08:00,0
TXN_004421,FIR_0029,ACCT_0071,ACCT_0058,250000,NEFT,2026-01-03 11:04:00,0
TXN_004422,FIR_0026,ACCT_0058,ACCT_0041,1200,UPI,2026-04-19 19:16:00,0
TXN_004423,FIR_0016,ACCT_0014,ACCT_0032,75000,cash_deposit,2026-07-01 20:56:00,0
TXN_004424,FIR_0025,ACCT_0060,ACCT_0007,5000,UPI,2026-02-11 09:26:00,0
TXN_004425,FIR_0017,ACCT_0077,ACCT_0037,48000,cash_deposit,2026-01-11 19:36:00,1
TXN_004426,FIR_0006,ACCT_0072,ACCT_0026,1200,cash_deposit,2026-01-09 04:27:00,0
TXN_004427,FIR_0016,ACCT_0060,ACCT_0008,75000,NEFT,2026-01-28 14:11:00,0
TXN_004428,FIR_0012,ACCT_0015,ACCT_0046,125000,cash_deposit,2026-08-05 14:35:00,0
TXN_004429,FIR_0017,ACCT_0034,ACCT_0065,9800,UPI,2026-02-26 09:45:00,0
TXN_004430,FIR_0025,ACCT_0041,ACCT_0030,24000,cash_deposit,2026-02-14 14:07:00,0
TXN_004431,FIR_0029,ACCT_0004,ACCT_0040,9800,NEFT,2026-02-15 09:02:00,0
TXN_004432,FIR_0002,ACCT_0003,ACCT_0021,48000,UPI,2026-08-30 05:49:00,1
TXN_004433,FIR_0019,ACCT_0064,ACCT_0031,250000,IMPS,2026-03-04 03:27:00,0
TXN_004434,FIR_0009,ACCT_0071,ACCT_0064,9800,UPI,2026-03-02 15:53:00,0
TXN_004435,FIR_0020,ACCT_0048,ACCT_0059,48000,IMPS,2026-02-14 16:26:00,1
TXN_004436,FIR_0007,ACCT_0039,ACCT_0049,5000,cash_deposit,2026-01-08 09:53:00,0
TXN_004437,FIR_0014,ACCT_0069,ACCT_0008,48000,NEFT,2026-01-04 16:48:00,1
TXN_004438,FIR_0030,ACCT_0047,ACCT_0029,48000,NEFT,2026-02-08 03:51:00,1
TXN_004439,FIR_0018,ACCT_0008,ACCT_0044,1200,IMPS,2026-06-03 01:36:00,0
TXN_004440,FIR_0011,ACCT_0074,ACCT_0012,250000,IMPS,2026-06-13 00:50:00,0
TXN_004441,FIR_0011,ACCT_0065,ACCT_0046,75000,IMPS,2026-06-21 11:23:00,0
TXN_004442,FIR_0003,ACCT_0037,ACCT_0050,75000,cash_deposit,2026-02-13 11:53:00,0
TXN_004443,FIR_0024,ACCT_0064,ACCT_0080,24000,NEFT,2026-07-06 10:28:00,0
TXN_004444,FIR_0017,ACCT_0057,ACCT_0005,24000,NEFT,2026-06-19 02:43:00,0
TXN_004445,FIR_0026,ACCT_0015,ACCT_0029,250000,NEFT,2026-02-22 07:08:00,0
TXN_004446,FIR_0022,ACCT_0031,ACCT_0027,24000,cash_deposit,2026-08-05 18:49:00,0
TXN_004447,FIR_0009,ACCT_0017,ACCT_0011,48000,cash_deposit,2026-01-18 09:45:00,1
TXN_004448,FIR_0018,ACCT_0056,ACCT_0012,75000,NEFT,2026-05-30 15:40:00,0
TXN_004449,FIR_0004,ACCT_0018,ACCT_0036,24000,IMPS,2026-02-18 06:50:00,0
TXN_004450,FIR_0005,ACCT_0029,ACCT_0066,250000,NEFT,2026-03-08 11:12:00,0
TXN_004451,FIR_0026,ACCT_0062,ACCT_0043,5000,IMPS,2026-08-28 04:14:00,0
TXN_004452,FIR_0010,ACCT_0023,ACCT_0056,125000,NEFT,2026-08-14 22:01:00,0
TXN_004453,FIR_0018,ACCT_0014,ACCT_0053,75000,NEFT,2026-02-19 09:46:00,0
TXN_004454,FIR_0029,ACCT_0066,ACCT_0078,5000,UPI,2026-03-27 22:46:00,0
TXN_004455,FIR_0003,ACCT_0009,ACCT_0024,9800,UPI,2026-04-30 18:16:00,0
TXN_004456,FIR_0017,ACCT_0079,ACCT_0038,5000,NEFT,2026-03-22 10:08:00,0
TXN_004457,FIR_0016,ACCT_0003,ACCT_0074,48000,UPI,2026-08-06 18:28:00,1
TXN_004458,FIR_0016,ACCT_0036,ACCT_0065,49000,UPI,2026-06-03 08:13:00,1
TXN_004459,FIR_0021,ACCT_0039,ACCT_0043,1200,IMPS,2026-01-09 20:47:00,0
TXN_004460,FIR_0010,ACCT_0007,ACCT_0026,24000,IMPS,2026-07-18 07:17:00,0
TXN_004461,FIR_0002,ACCT_0037,ACCT_0014,9800,NEFT,2026-08-21 19:42:00,0
TXN_004462,FIR_0019,ACCT_0001,ACCT_0059,125000,UPI,2026-01-10 20:14:00,0
TXN_004463,FIR_0002,ACCT_0029,ACCT_0048,5000,IMPS,2026-05-05 10:42:00,0
TXN_004464,FIR_0027,ACCT_0066,ACCT_0034,75000,IMPS,2026-04-26 00:34:00,0
TXN_004465,FIR_0005,ACCT_0028,ACCT_0023,24000,UPI,2026-08-19 17:20:00,0
TXN_004466,FIR_0005,ACCT_0037,ACCT_0079,24000,NEFT,2026-02-25 06:18:00,0
TXN_004467,FIR_0007,ACCT_0024,ACCT_0042,75000,NEFT,2026-04-19 22:32:00,0
TXN_004468,FIR_0021,ACCT_0018,ACCT_0066,125000,UPI,2026-06-23 16:26:00,0
TXN_004469,FIR_0004,ACCT_0068,ACCT_0007,5000,cash_deposit,2026-02-20 01:46:00,0
TXN_004470,FIR_0003,ACCT_0050,ACCT_0035,125000,cash_deposit,2026-01-22 13:26:00,0
TXN_004471,FIR_0025,ACCT_0063,ACCT_0080,1200,IMPS,2026-02-14 20:19:00,0
TXN_004472,FIR_0022,ACCT_0052,ACCT_0047,49000,cash_deposit,2026-06-26 19:28:00,1
TXN_004473,FIR_0009,ACCT_0066,ACCT_0041,48000,UPI,2026-07-09 14:12:00,1
TXN_004474,FIR_0006,ACCT_0002,ACCT_0075,48000,cash_deposit,2026-08-31 22:13:00,1
TXN_004475,FIR_0024,ACCT_0058,ACCT_0037,75000,NEFT,2026-01-23 00:33:00,0
TXN_004476,FIR_0022,ACCT_0007,ACCT_0037,9800,UPI,2026-05-28 00:53:00,0
TXN_004477,FIR_0005,ACCT_0035,ACCT_0062,1200,IMPS,2026-06-25 16:51:00,0
TXN_004478,FIR_0006,ACCT_0029,ACCT_0040,1200,NEFT,2026-04-04 10:15:00,0
TXN_004479,FIR_0014,ACCT_0035,ACCT_0046,125000,NEFT,2026-02-01 04:36:00,0
TXN_004480,FIR_0019,ACCT_0035,ACCT_0080,75000,IMPS,2026-02-13 12:19:00,0
TXN_004481,FIR_0003,ACCT_0018,ACCT_0031,5000,UPI,2026-09-01 06:42:00,0
TXN_004482,FIR_0024,ACCT_0078,ACCT_0053,5000,cash_deposit,2026-03-28 20:09:00,0
TXN_004483,FIR_0004,ACCT_0028,ACCT_0078,125000,NEFT,2026-05-22 02:36:00,0
TXN_004484,FIR_0020,ACCT_0061,ACCT_0026,24000,UPI,2026-02-25 03:34:00,0
TXN_004485,FIR_0006,ACCT_0078,ACCT_0048,250000,cash_deposit,2026-02-26 10:27:00,0
TXN_004486,FIR_0021,ACCT_0025,ACCT_0034,250000,IMPS,2026-07-18 12:17:00,0
TXN_004487,FIR_0029,ACCT_0005,ACCT_0054,125000,UPI,2026-06-14 02:56:00,0
TXN_004488,FIR_0014,ACCT_0005,ACCT_0004,1200,NEFT,2026-07-28 14:00:00,0
TXN_004489,FIR_0018,ACCT_0057,ACCT_0005,48000,IMPS,2026-07-12 10:44:00,1
TXN_004490,FIR_0025,ACCT_0002,ACCT_0039,250000,UPI,2026-02-25 17:33:00,0
TXN_004491,FIR_0020,ACCT_0058,ACCT_0044,1200,UPI,2026-08-29 06:24:00,0
TXN_004492,FIR_0008,ACCT_0018,ACCT_0080,75000,UPI,2026-03-20 21:03:00,0
TXN_004493,FIR_0014,ACCT_0067,ACCT_0014,9800,IMPS,2026-02-26 18:46:00,0
TXN_004494,FIR_0022,ACCT_0054,ACCT_0070,5000,UPI,2026-03-12 23:48:00,0
TXN_004495,FIR_0006,ACCT_0073,ACCT_0037,9800,cash_deposit,2026-08-03 01:43:00,0
TXN_004496,FIR_0028,ACCT_0001,ACCT_0027,250000,cash_deposit,2026-05-04 17:02:00,0
TXN_004497,FIR_0010,ACCT_0007,ACCT_0018,5000,NEFT,2026-02-04 03:39:00,0
TXN_004498,FIR_0015,ACCT_0005,ACCT_0065,250000,IMPS,2026-03-18 05:47:00,0
TXN_004499,FIR_0012,ACCT_0010,ACCT_0033,75000,cash_deposit,2026-01-03 02:48:00,0
TXN_004500,FIR_0025,ACCT_0078,ACCT_0010,48000,cash_deposit,2026-07-23 17:50:00,1
TXN_004501,FIR_0007,ACCT_0044,ACCT_0031,125000,UPI,2026-02-07 20:33:00,0
TXN_004502,FIR_0005,ACCT_0069,ACCT_0075,1200,NEFT,2026-06-02 21:21:00,0
TXN_004503,FIR_0007,ACCT_0053,ACCT_0067,125000,cash_deposit,2026-03-07 05:55:00,0
TXN_004504,FIR_0005,ACCT_0040,ACCT_0049,9800,NEFT,2026-07-07 20:33:00,0
TXN_004505,FIR_0010,ACCT_0068,ACCT_0021,9800,cash_deposit,2026-04-19 20:34:00,0
TXN_004506,FIR_0028,ACCT_0057,ACCT_0038,75000,UPI,2026-01-15 02:10:00,0
TXN_004507,FIR_0024,ACCT_0040,ACCT_0054,48000,UPI,2026-03-23 17:26:00,1
TXN_004508,FIR_0005,ACCT_0005,ACCT_0025,125000,UPI,2026-01-09 01:30:00,0
TXN_004509,FIR_0008,ACCT_0075,ACCT_0001,1200,IMPS,2026-06-10 10:26:00,0
TXN_004510,FIR_0002,ACCT_0014,ACCT_0056,49000,UPI,2026-08-30 03:30:00,1
TXN_004511,FIR_0025,ACCT_0051,ACCT_0019,24000,cash_deposit,2026-08-12 12:58:00,0
TXN_004512,FIR_0026,ACCT_0022,ACCT_0080,24000,UPI,2026-08-08 20:54:00,0
TXN_004513,FIR_0020,ACCT_0002,ACCT_0012,75000,UPI,2026-05-03 10:24:00,0
TXN_004514,FIR_0014,ACCT_0008,ACCT_0045,5000,cash_deposit,2026-01-27 20:10:00,0
TXN_004515,FIR_0010,ACCT_0053,ACCT_0026,24000,NEFT,2026-07-26 00:08:00,0
TXN_004516,FIR_0021,ACCT_0018,ACCT_0070,250000,NEFT,2026-05-11 13:33:00,0
TXN_004517,FIR_0010,ACCT_0068,ACCT_0052,49000,cash_deposit,2026-05-23 12:35:00,1
TXN_004518,FIR_0011,ACCT_0045,ACCT_0054,5000,NEFT,2026-03-04 14:40:00,0
TXN_004519,FIR_0019,ACCT_0014,ACCT_0038,9800,IMPS,2026-07-18 11:57:00,0
TXN_004520,FIR_0016,ACCT_0014,ACCT_0059,125000,cash_deposit,2026-03-18 16:56:00,0
TXN_004521,FIR_0010,ACCT_0031,ACCT_0037,24000,IMPS,2026-03-13 11:33:00,0
TXN_004522,FIR_0021,ACCT_0001,ACCT_0074,49000,cash_deposit,2026-02-11 18:26:00,1
TXN_004523,FIR_0009,ACCT_0003,ACCT_0015,49000,NEFT,2026-08-16 11:01:00,1
TXN_004524,FIR_0023,ACCT_0044,ACCT_0030,48000,UPI,2026-05-19 16:24:00,1
TXN_004525,FIR_0014,ACCT_0040,ACCT_0008,1200,cash_deposit,2026-06-07 09:36:00,0
TXN_004526,FIR_0011,ACCT_0047,ACCT_0071,24000,NEFT,2026-08-16 02:37:00,0
TXN_004527,FIR_0029,ACCT_0044,ACCT_0037,5000,cash_deposit,2026-01-18 12:05:00,0
TXN_004528,FIR_0025,ACCT_0058,ACCT_0037,24000,IMPS,2026-07-14 12:46:00,0
TXN_004529,FIR_0016,ACCT_0019,ACCT_0043,125000,NEFT,2026-06-22 03:40:00,0
TXN_004530,FIR_0011,ACCT_0071,ACCT_0075,49000,IMPS,2026-04-27 19:05:00,1
TXN_004531,FIR_0008,ACCT_0037,ACCT_0079,48000,cash_deposit,2026-03-27 11:35:00,1
TXN_004532,FIR_0007,ACCT_0078,ACCT_0076,24000,cash_deposit,2026-03-17 04:20:00,0
TXN_004533,FIR_0014,ACCT_0009,ACCT_0036,75000,cash_deposit,2026-03-18 07:58:00,0
TXN_004534,FIR_0002,ACCT_0066,ACCT_0053,1200,IMPS,2026-07-20 09:57:00,0
TXN_004535,FIR_0017,ACCT_0056,ACCT_0049,49000,UPI,2026-02-28 09:23:00,1
TXN_004536,FIR_0026,ACCT_0017,ACCT_0031,1200,NEFT,2026-08-27 20:32:00,0
TXN_004537,FIR_0004,ACCT_0010,ACCT_0077,5000,IMPS,2026-04-07 22:45:00,0
TXN_004538,FIR_0026,ACCT_0006,ACCT_0011,125000,UPI,2026-07-08 03:26:00,0
TXN_004539,FIR_0025,ACCT_0003,ACCT_0010,24000,UPI,2026-07-17 23:35:00,0
TXN_004540,FIR_0005,ACCT_0075,ACCT_0080,1200,NEFT,2026-06-28 03:55:00,0
TXN_004541,FIR_0018,ACCT_0031,ACCT_0059,48000,cash_deposit,2026-07-07 21:45:00,1
TXN_004542,FIR_0023,ACCT_0018,ACCT_0052,48000,NEFT,2026-06-01 02:20:00,1
TXN_004543,FIR_0020,ACCT_0016,ACCT_0065,24000,cash_deposit,2026-04-08 02:01:00,0
TXN_004544,FIR_0027,ACCT_0019,ACCT_0063,1200,IMPS,2026-06-19 20:21:00,0
TXN_004545,FIR_0030,ACCT_0054,ACCT_0017,125000,cash_deposit,2026-06-17 06:18:00,0
TXN_004546,FIR_0026,ACCT_0068,ACCT_0075,5000,cash_deposit,2026-06-20 19:21:00,0
TXN_004547,FIR_0026,ACCT_0077,ACCT_0044,250000,IMPS,2026-01-05 19:02:00,0
TXN_004548,FIR_0004,ACCT_0006,ACCT_0038,1200,cash_deposit,2026-04-19 22:24:00,0
TXN_004549,FIR_0010,ACCT_0034,ACCT_0008,9800,IMPS,2026-08-06 05:08:00,0
TXN_004550,FIR_0008,ACCT_0013,ACCT_0038,48000,cash_deposit,2026-08-10 19:17:00,1
TXN_004551,FIR_0028,ACCT_0064,ACCT_0044,125000,IMPS,2026-01-29 23:19:00,0
TXN_004552,FIR_0027,ACCT_0028,ACCT_0080,49000,UPI,2026-04-04 18:44:00,1
TXN_004553,FIR_0015,ACCT_0047,ACCT_0037,48000,cash_deposit,2026-06-28 09:43:00,1
TXN_004554,FIR_0013,ACCT_0058,ACCT_0075,49000,IMPS,2026-05-31 22:56:00,1
TXN_004555,FIR_0007,ACCT_0028,ACCT_0050,250000,UPI,2026-04-04 14:30:00,0
TXN_004556,FIR_0020,ACCT_0048,ACCT_0008,49000,NEFT,2026-03-01 08:41:00,1
TXN_004557,FIR_0026,ACCT_0049,ACCT_0002,24000,NEFT,2026-06-17 05:08:00,0
TXN_004558,FIR_0015,ACCT_0030,ACCT_0027,49000,IMPS,2026-02-21 07:40:00,1
TXN_004559,FIR_0028,ACCT_0047,ACCT_0060,5000,cash_deposit,2026-01-21 00:51:00,0
TXN_004560,FIR_0017,ACCT_0047,ACCT_0030,24000,NEFT,2026-04-28 13:49:00,0
TXN_004561,FIR_0005,ACCT_0071,ACCT_0032,75000,cash_deposit,2026-05-18 19:54:00,0
TXN_004562,FIR_0027,ACCT_0063,ACCT_0051,24000,UPI,2026-04-23 21:46:00,0
TXN_004563,FIR_0012,ACCT_0047,ACCT_0036,24000,UPI,2026-05-12 22:23:00,0
TXN_004564,FIR_0006,ACCT_0045,ACCT_0030,49000,cash_deposit,2026-06-24 00:57:00,1
TXN_004565,FIR_0005,ACCT_0078,ACCT_0035,24000,UPI,2026-08-11 19:11:00,0
TXN_004566,FIR_0003,ACCT_0011,ACCT_0039,5000,IMPS,2026-05-07 05:05:00,0
TXN_004567,FIR_0025,ACCT_0066,ACCT_0007,49000,UPI,2026-06-10 19:28:00,1
TXN_004568,FIR_0019,ACCT_0030,ACCT_0046,9800,NEFT,2026-04-09 18:02:00,0
TXN_004569,FIR_0025,ACCT_0057,ACCT_0059,5000,NEFT,2026-03-12 16:36:00,0
TXN_004570,FIR_0028,ACCT_0033,ACCT_0028,75000,cash_deposit,2026-05-18 12:06:00,0
TXN_004571,FIR_0007,ACCT_0065,ACCT_0006,5000,cash_deposit,2026-04-09 12:18:00,0
TXN_004572,FIR_0029,ACCT_0042,ACCT_0004,250000,NEFT,2026-07-12 12:58:00,0
TXN_004573,FIR_0025,ACCT_0023,ACCT_0076,9800,cash_deposit,2026-03-21 14:34:00,0
TXN_004574,FIR_0018,ACCT_0037,ACCT_0052,75000,cash_deposit,2026-04-04 07:30:00,0
TXN_004575,FIR_0001,ACCT_0069,ACCT_0078,24000,cash_deposit,2026-04-28 23:52:00,0
TXN_004576,FIR_0028,ACCT_0002,ACCT_0003,5000,IMPS,2026-05-11 23:29:00,0
TXN_004577,FIR_0026,ACCT_0058,ACCT_0077,9800,cash_deposit,2026-06-04 06:05:00,0
TXN_004578,FIR_0015,ACCT_0021,ACCT_0015,5000,UPI,2026-01-21 20:26:00,0
TXN_004579,FIR_0008,ACCT_0014,ACCT_0034,9800,IMPS,2026-08-03 10:34:00,0
TXN_004580,FIR_0023,ACCT_0061,ACCT_0023,125000,cash_deposit,2026-04-08 09:16:00,0
TXN_004581,FIR_0013,ACCT_0055,ACCT_0040,5000,cash_deposit,2026-01-24 00:24:00,0
TXN_004582,FIR_0003,ACCT_0015,ACCT_0062,48000,IMPS,2026-08-29 03:15:00,1
TXN_004583,FIR_0006,ACCT_0050,ACCT_0039,1200,NEFT,2026-03-02 04:52:00,0
TXN_004584,FIR_0027,ACCT_0053,ACCT_0041,5000,NEFT,2026-01-28 12:11:00,0
TXN_004585,FIR_0022,ACCT_0028,ACCT_0063,9800,NEFT,2026-01-28 09:16:00,0
TXN_004586,FIR_0026,ACCT_0031,ACCT_0030,49000,UPI,2026-05-05 06:16:00,1
TXN_004587,FIR_0006,ACCT_0077,ACCT_0060,75000,UPI,2026-01-12 07:29:00,0
TXN_004588,FIR_0015,ACCT_0034,ACCT_0004,5000,cash_deposit,2026-01-12 06:11:00,0
TXN_004589,FIR_0015,ACCT_0076,ACCT_0025,1200,UPI,2026-06-16 01:33:00,0
TXN_004590,FIR_0015,ACCT_0024,ACCT_0026,9800,IMPS,2026-08-09 14:35:00,0
TXN_004591,FIR_0023,ACCT_0008,ACCT_0042,48000,IMPS,2026-02-27 18:40:00,1
TXN_004592,FIR_0025,ACCT_0013,ACCT_0068,125000,UPI,2026-06-19 23:23:00,0
TXN_004593,FIR_0011,ACCT_0022,ACCT_0016,1200,cash_deposit,2026-05-23 21:05:00,0
TXN_004594,FIR_0023,ACCT_0045,ACCT_0012,9800,UPI,2026-04-17 04:52:00,0
TXN_004595,FIR_0002,ACCT_0032,ACCT_0073,250000,UPI,2026-01-11 07:41:00,0
TXN_004596,FIR_0019,ACCT_0042,ACCT_0017,9800,cash_deposit,2026-08-22 03:34:00,0
TXN_004597,FIR_0016,ACCT_0012,ACCT_0077,24000,cash_deposit,2026-04-26 16:10:00,0
TXN_004598,FIR_0024,ACCT_0045,ACCT_0012,48000,IMPS,2026-05-14 09:25:00,1
TXN_004599,FIR_0026,ACCT_0067,ACCT_0078,125000,NEFT,2026-04-07 11:45:00,0
TXN_004600,FIR_0008,ACCT_0048,ACCT_0011,9800,cash_deposit,2026-03-06 14:39:00,0
TXN_004601,FIR_0014,ACCT_0030,ACCT_0038,5000,UPI,2026-08-15 10:00:00,0
TXN_004602,FIR_0012,ACCT_0075,ACCT_0007,1200,NEFT,2026-06-28 12:43:00,0
TXN_004603,FIR_0009,ACCT_0078,ACCT_0077,1200,UPI,2026-07-31 14:20:00,0
TXN_004604,FIR_0009,ACCT_0067,ACCT_0035,250000,IMPS,2026-01-29 01:01:00,0
TXN_004605,FIR_0027,ACCT_0039,ACCT_0073,9800,cash_deposit,2026-03-22 06:21:00,0
TXN_004606,FIR_0016,ACCT_0046,ACCT_0051,125000,NEFT,2026-03-24 01:18:00,0
TXN_004607,FIR_0007,ACCT_0021,ACCT_0060,48000,IMPS,2026-06-04 11:01:00,1
TXN_004608,FIR_0018,ACCT_0033,ACCT_0038,1200,cash_deposit,2026-01-21 04:42:00,0
TXN_004609,FIR_0003,ACCT_0074,ACCT_0064,24000,cash_deposit,2026-05-24 09:42:00,0
TXN_004610,FIR_0023,ACCT_0050,ACCT_0044,125000,IMPS,2026-05-01 01:42:00,0
TXN_004611,FIR_0017,ACCT_0036,ACCT_0032,9800,IMPS,2026-07-22 22:00:00,0
TXN_004612,FIR_0011,ACCT_0065,ACCT_0056,9800,cash_deposit,2026-01-30 01:07:00,0
TXN_004613,FIR_0014,ACCT_0071,ACCT_0042,250000,IMPS,2026-09-01 03:41:00,0
TXN_004614,FIR_0024,ACCT_0045,ACCT_0070,5000,IMPS,2026-08-06 03:49:00,0
TXN_004615,FIR_0017,ACCT_0034,ACCT_0050,75000,NEFT,2026-04-23 04:53:00,0
TXN_004616,FIR_0023,ACCT_0010,ACCT_0022,9800,NEFT,2026-01-29 09:01:00,0
TXN_004617,FIR_0013,ACCT_0016,ACCT_0003,49000,IMPS,2026-08-25 00:56:00,1
TXN_004618,FIR_0001,ACCT_0052,ACCT_0033,5000,NEFT,2026-02-08 08:01:00,0
TXN_004619,FIR_0001,ACCT_0034,ACCT_0058,250000,cash_deposit,2026-03-01 02:41:00,0
TXN_004620,FIR_0014,ACCT_0021,ACCT_0019,250000,NEFT,2026-02-03 04:04:00,0
TXN_004621,FIR_0013,ACCT_0011,ACCT_0052,24000,IMPS,2026-03-31 04:43:00,0
TXN_004622,FIR_0019,ACCT_0041,ACCT_0001,75000,IMPS,2026-04-06 18:15:00,0
TXN_004623,FIR_0002,ACCT_0080,ACCT_0079,1200,cash_deposit,2026-07-30 15:25:00,0
TXN_004624,FIR_0028,ACCT_0023,ACCT_0080,250000,cash_deposit,2026-05-21 15:43:00,0
TXN_004625,FIR_0022,ACCT_0053,ACCT_0018,48000,cash_deposit,2026-07-27 22:00:00,1
TXN_004626,FIR_0028,ACCT_0076,ACCT_0079,75000,UPI,2026-01-31 15:28:00,0
TXN_004627,FIR_0020,ACCT_0005,ACCT_0004,9800,UPI,2026-03-06 12:14:00,0
TXN_004628,FIR_0016,ACCT_0062,ACCT_0029,75000,cash_deposit,2026-04-14 07:05:00,0
TXN_004629,FIR_0027,ACCT_0022,ACCT_0048,1200,UPI,2026-08-28 19:08:00,0
TXN_004630,FIR_0014,ACCT_0047,ACCT_0052,48000,NEFT,2026-01-12 23:06:00,1
TXN_004631,FIR_0026,ACCT_0078,ACCT_0062,9800,cash_deposit,2026-04-01 13:34:00,0
TXN_004632,FIR_0003,ACCT_0055,ACCT_0004,48000,cash_deposit,2026-06-23 07:31:00,1
TXN_004633,FIR_0006,ACCT_0048,ACCT_0030,250000,IMPS,2026-08-15 01:08:00,0
TXN_004634,FIR_0024,ACCT_0052,ACCT_0079,48000,NEFT,2026-07-15 02:54:00,1
TXN_004635,FIR_0020,ACCT_0050,ACCT_0006,1200,UPI,2026-05-09 00:32:00,0
TXN_004636,FIR_0004,ACCT_0067,ACCT_0059,75000,UPI,2026-02-03 22:25:00,0
TXN_004637,FIR_0002,ACCT_0017,ACCT_0044,49000,cash_deposit,2026-02-03 12:37:00,1
TXN_004638,FIR_0028,ACCT_0008,ACCT_0063,1200,UPI,2026-01-03 01:53:00,0
TXN_004639,FIR_0030,ACCT_0054,ACCT_0049,5000,IMPS,2026-08-28 11:33:00,0
TXN_004640,FIR_0003,ACCT_0002,ACCT_0077,1200,cash_deposit,2026-07-27 02:49:00,0
TXN_004641,FIR_0028,ACCT_0073,ACCT_0044,9800,NEFT,2026-06-15 01:50:00,0
TXN_004642,FIR_0009,ACCT_0013,ACCT_0049,9800,IMPS,2026-01-25 07:31:00,0
TXN_004643,FIR_0018,ACCT_0051,ACCT_0017,125000,IMPS,2026-08-18 04:58:00,0
TXN_004644,FIR_0004,ACCT_0073,ACCT_0056,1200,cash_deposit,2026-02-01 19:44:00,0
TXN_004645,FIR_0004,ACCT_0080,ACCT_0062,9800,cash_deposit,2026-08-07 10:20:00,0
TXN_004646,FIR_0024,ACCT_0012,ACCT_0031,9800,UPI,2026-01-07 10:05:00,0
TXN_004647,FIR_0010,ACCT_0005,ACCT_0064,5000,NEFT,2026-04-09 09:46:00,0
TXN_004648,FIR_0010,ACCT_0075,ACCT_0059,24000,cash_deposit,2026-03-18 13:54:00,0
TXN_004649,FIR_0014,ACCT_0031,ACCT_0056,9800,cash_deposit,2026-03-21 14:06:00,0
TXN_004650,FIR_0019,ACCT_0029,ACCT_0045,5000,IMPS,2026-05-17 18:30:00,0
TXN_004651,FIR_0017,ACCT_0036,ACCT_0061,250000,IMPS,2026-01-30 18:48:00,0
TXN_004652,FIR_0005,ACCT_0042,ACCT_0020,75000,NEFT,2026-05-15 16:55:00,0
TXN_004653,FIR_0028,ACCT_0074,ACCT_0022,5000,IMPS,2026-08-13 03:43:00,0
TXN_004654,FIR_0002,ACCT_0031,ACCT_0012,49000,IMPS,2026-02-20 14:03:00,1
TXN_004655,FIR_0004,ACCT_0009,ACCT_0026,9800,cash_deposit,2026-07-10 05:54:00,0
TXN_004656,FIR_0004,ACCT_0008,ACCT_0067,9800,cash_deposit,2026-02-05 18:09:00,0
TXN_004657,FIR_0018,ACCT_0067,ACCT_0079,1200,UPI,2026-03-10 12:06:00,0
TXN_004658,FIR_0020,ACCT_0015,ACCT_0039,48000,UPI,2026-05-11 20:15:00,1
TXN_004659,FIR_0018,ACCT_0078,ACCT_0018,125000,UPI,2026-08-18 08:09:00,0
TXN_004660,FIR_0014,ACCT_0070,ACCT_0029,75000,IMPS,2026-02-17 08:45:00,0
TXN_004661,FIR_0021,ACCT_0063,ACCT_0078,1200,cash_deposit,2026-02-12 19:05:00,0
TXN_004662,FIR_0013,ACCT_0073,ACCT_0001,24000,cash_deposit,2026-08-16 02:12:00,0
TXN_004663,FIR_0005,ACCT_0027,ACCT_0077,5000,IMPS,2026-02-27 22:53:00,0
TXN_004664,FIR_0029,ACCT_0075,ACCT_0035,49000,UPI,2026-02-25 15:58:00,1
TXN_004665,FIR_0016,ACCT_0077,ACCT_0050,250000,NEFT,2026-01-04 04:00:00,0
TXN_004666,FIR_0018,ACCT_0015,ACCT_0055,48000,NEFT,2026-06-20 14:20:00,1
TXN_004667,FIR_0024,ACCT_0022,ACCT_0004,5000,cash_deposit,2026-04-15 03:02:00,0
TXN_004668,FIR_0025,ACCT_0042,ACCT_0076,24000,UPI,2026-07-17 09:32:00,0
TXN_004669,FIR_0013,ACCT_0006,ACCT_0037,49000,cash_deposit,2026-06-20 13:56:00,1
TXN_004670,FIR_0004,ACCT_0024,ACCT_0032,75000,IMPS,2026-05-07 17:10:00,0
TXN_004671,FIR_0013,ACCT_0001,ACCT_0035,250000,NEFT,2026-03-19 23:05:00,0
TXN_004672,FIR_0021,ACCT_0059,ACCT_0008,5000,cash_deposit,2026-01-18 04:34:00,0
TXN_004673,FIR_0016,ACCT_0029,ACCT_0004,49000,IMPS,2026-03-22 13:49:00,1
TXN_004674,FIR_0016,ACCT_0044,ACCT_0062,48000,IMPS,2026-08-03 01:35:00,1
TXN_004675,FIR_0014,ACCT_0034,ACCT_0066,1200,cash_deposit,2026-01-25 06:48:00,0
TXN_004676,FIR_0009,ACCT_0012,ACCT_0042,125000,NEFT,2026-06-02 21:28:00,0
TXN_004677,FIR_0024,ACCT_0034,ACCT_0057,9800,cash_deposit,2026-07-31 02:16:00,0
TXN_004678,FIR_0017,ACCT_0077,ACCT_0057,1200,cash_deposit,2026-08-08 14:05:00,0
TXN_004679,FIR_0013,ACCT_0030,ACCT_0043,75000,cash_deposit,2026-07-25 19:09:00,0
TXN_004680,FIR_0013,ACCT_0026,ACCT_0078,24000,NEFT,2026-04-17 17:46:00,0
TXN_004681,FIR_0003,ACCT_0052,ACCT_0042,1200,UPI,2026-07-15 13:30:00,0
TXN_004682,FIR_0018,ACCT_0028,ACCT_0042,125000,cash_deposit,2026-03-16 13:21:00,0
TXN_004683,FIR_0020,ACCT_0072,ACCT_0023,250000,cash_deposit,2026-01-02 20:30:00,0
TXN_004684,FIR_0025,ACCT_0018,ACCT_0031,75000,cash_deposit,2026-04-22 04:06:00,0
TXN_004685,FIR_0002,ACCT_0025,ACCT_0037,5000,IMPS,2026-01-03 02:11:00,0
TXN_004686,FIR_0020,ACCT_0003,ACCT_0013,48000,UPI,2026-01-25 18:19:00,1
TXN_004687,FIR_0003,ACCT_0075,ACCT_0015,49000,cash_deposit,2026-06-07 01:33:00,1
TXN_004688,FIR_0007,ACCT_0071,ACCT_0047,48000,IMPS,2026-07-27 05:33:00,1
TXN_004689,FIR_0020,ACCT_0001,ACCT_0022,125000,UPI,2026-04-03 19:35:00,0
TXN_004690,FIR_0025,ACCT_0048,ACCT_0026,1200,UPI,2026-06-09 10:40:00,0
TXN_004691,FIR_0016,ACCT_0050,ACCT_0078,5000,cash_deposit,2026-08-12 19:45:00,0
TXN_004692,FIR_0018,ACCT_0025,ACCT_0002,125000,UPI,2026-08-22 03:59:00,0
TXN_004693,FIR_0008,ACCT_0075,ACCT_0046,75000,NEFT,2026-04-04 13:48:00,0
TXN_004694,FIR_0006,ACCT_0009,ACCT_0017,125000,NEFT,2026-03-22 09:32:00,0
TXN_004695,FIR_0007,ACCT_0015,ACCT_0080,125000,NEFT,2026-03-27 07:14:00,0
TXN_004696,FIR_0018,ACCT_0016,ACCT_0034,49000,IMPS,2026-01-28 01:08:00,1
TXN_004697,FIR_0007,ACCT_0073,ACCT_0056,5000,NEFT,2026-01-29 07:22:00,0
TXN_004698,FIR_0026,ACCT_0078,ACCT_0023,48000,IMPS,2026-01-25 14:35:00,1
TXN_004699,FIR_0024,ACCT_0004,ACCT_0015,125000,IMPS,2026-08-14 09:49:00,0
TXN_004700,FIR_0023,ACCT_0006,ACCT_0037,49000,cash_deposit,2026-08-23 02:02:00,1
TXN_004701,FIR_0011,ACCT_0006,ACCT_0025,49000,IMPS,2026-05-14 10:14:00,1
TXN_004702,FIR_0017,ACCT_0072,ACCT_0070,5000,NEFT,2026-07-30 05:33:00,0
TXN_004703,FIR_0014,ACCT_0039,ACCT_0065,9800,NEFT,2026-04-18 07:11:00,0
TXN_004704,FIR_0010,ACCT_0055,ACCT_0026,125000,cash_deposit,2026-04-04 14:42:00,0
TXN_004705,FIR_0004,ACCT_0001,ACCT_0026,49000,cash_deposit,2026-04-13 20:09:00,1
TXN_004706,FIR_0029,ACCT_0076,ACCT_0012,9800,NEFT,2026-08-24 21:07:00,0
TXN_004707,FIR_0006,ACCT_0046,ACCT_0038,48000,IMPS,2026-02-06 06:44:00,1
TXN_004708,FIR_0019,ACCT_0003,ACCT_0074,9800,cash_deposit,2026-01-14 06:08:00,0
TXN_004709,FIR_0023,ACCT_0025,ACCT_0011,125000,IMPS,2026-04-25 06:05:00,0
TXN_004710,FIR_0019,ACCT_0023,ACCT_0031,125000,NEFT,2026-06-23 15:36:00,0
TXN_004711,FIR_0004,ACCT_0054,ACCT_0020,49000,NEFT,2026-02-16 00:26:00,1
TXN_004712,FIR_0020,ACCT_0001,ACCT_0039,49000,cash_deposit,2026-07-16 14:19:00,1
TXN_004713,FIR_0023,ACCT_0014,ACCT_0068,1200,cash_deposit,2026-07-15 04:35:00,0
TXN_004714,FIR_0008,ACCT_0028,ACCT_0013,9800,IMPS,2026-06-14 08:18:00,0
TXN_004715,FIR_0006,ACCT_0070,ACCT_0010,49000,IMPS,2026-07-13 12:31:00,1
TXN_004716,FIR_0025,ACCT_0071,ACCT_0020,24000,IMPS,2026-07-05 15:21:00,0
TXN_004717,FIR_0023,ACCT_0035,ACCT_0063,1200,IMPS,2026-06-20 12:21:00,0
TXN_004718,FIR_0006,ACCT_0045,ACCT_0012,250000,UPI,2026-03-15 15:55:00,0
TXN_004719,FIR_0006,ACCT_0029,ACCT_0057,5000,UPI,2026-03-19 14:28:00,0
TXN_004720,FIR_0002,ACCT_0040,ACCT_0012,1200,IMPS,2026-02-04 06:08:00,0
TXN_004721,FIR_0019,ACCT_0041,ACCT_0068,49000,cash_deposit,2026-06-22 19:22:00,1
TXN_004722,FIR_0013,ACCT_0060,ACCT_0053,5000,IMPS,2026-01-12 02:34:00,0
TXN_004723,FIR_0030,ACCT_0035,ACCT_0041,24000,UPI,2026-05-15 13:01:00,0
TXN_004724,FIR_0030,ACCT_0072,ACCT_0021,49000,NEFT,2026-02-23 15:45:00,1
TXN_004725,FIR_0024,ACCT_0024,ACCT_0009,24000,NEFT,2026-07-01 11:20:00,0
TXN_004726,FIR_0003,ACCT_0010,ACCT_0066,75000,UPI,2026-08-19 22:00:00,0
TXN_004727,FIR_0021,ACCT_0080,ACCT_0025,1200,cash_deposit,2026-03-24 21:02:00,0
TXN_004728,FIR_0010,ACCT_0068,ACCT_0078,9800,NEFT,2026-08-03 01:56:00,0
TXN_004729,FIR_0007,ACCT_0030,ACCT_0078,250000,cash_deposit,2026-02-19 20:18:00,0
TXN_004730,FIR_0012,ACCT_0011,ACCT_0065,75000,IMPS,2026-06-08 05:55:00,0
TXN_004731,FIR_0015,ACCT_0061,ACCT_0045,49000,IMPS,2026-05-14 09:11:00,1
TXN_004732,FIR_0015,ACCT_0056,ACCT_0080,49000,UPI,2026-08-16 20:53:00,1
TXN_004733,FIR_0018,ACCT_0039,ACCT_0072,1200,NEFT,2026-08-15 16:34:00,0
TXN_004734,FIR_0013,ACCT_0003,ACCT_0027,24000,cash_deposit,2026-08-10 06:11:00,0
TXN_004735,FIR_0001,ACCT_0004,ACCT_0010,24000,IMPS,2026-01-26 07:43:00,0
TXN_004736,FIR_0027,ACCT_0029,ACCT_0069,9800,UPI,2026-03-08 21:37:00,0
TXN_004737,FIR_0003,ACCT_0065,ACCT_0071,49000,IMPS,2026-04-10 00:07:00,1
TXN_004738,FIR_0015,ACCT_0058,ACCT_0019,49000,IMPS,2026-02-08 09:41:00,1
TXN_004739,FIR_0008,ACCT_0046,ACCT_0015,1200,IMPS,2026-07-05 23:05:00,0
TXN_004740,FIR_0029,ACCT_0016,ACCT_0012,49000,NEFT,2026-02-27 02:00:00,1
TXN_004741,FIR_0001,ACCT_0032,ACCT_0005,48000,UPI,2026-04-01 07:42:00,1
TXN_004742,FIR_0018,ACCT_0019,ACCT_0032,125000,NEFT,2026-01-30 00:20:00,0
TXN_004743,FIR_0022,ACCT_0034,ACCT_0006,49000,cash_deposit,2026-07-27 11:27:00,1
TXN_004744,FIR_0024,ACCT_0031,ACCT_0039,1200,IMPS,2026-05-18 15:15:00,0
TXN_004745,FIR_0008,ACCT_0041,ACCT_0067,1200,NEFT,2026-03-02 13:23:00,0
TXN_004746,FIR_0003,ACCT_0043,ACCT_0068,48000,NEFT,2026-08-16 21:55:00,1
TXN_004747,FIR_0007,ACCT_0005,ACCT_0027,24000,UPI,2026-08-08 18:52:00,0
TXN_004748,FIR_0007,ACCT_0051,ACCT_0073,9800,cash_deposit,2026-04-25 01:04:00,0
TXN_004749,FIR_0012,ACCT_0052,ACCT_0062,125000,IMPS,2026-01-26 10:53:00,0
TXN_004750,FIR_0028,ACCT_0073,ACCT_0049,75000,UPI,2026-01-07 21:47:00,0
TXN_004751,FIR_0002,ACCT_0029,ACCT_0071,49000,cash_deposit,2026-08-23 07:59:00,1
TXN_004752,FIR_0004,ACCT_0028,ACCT_0002,250000,IMPS,2026-06-17 20:59:00,0
TXN_004753,FIR_0010,ACCT_0066,ACCT_0006,49000,cash_deposit,2026-08-18 12:37:00,1
TXN_004754,FIR_0015,ACCT_0041,ACCT_0069,48000,NEFT,2026-08-05 18:50:00,1
TXN_004755,FIR_0008,ACCT_0023,ACCT_0022,1200,NEFT,2026-03-24 13:16:00,0
TXN_004756,FIR_0015,ACCT_0006,ACCT_0060,125000,NEFT,2026-08-29 03:58:00,0
TXN_004757,FIR_0025,ACCT_0013,ACCT_0052,49000,UPI,2026-01-11 22:43:00,1
TXN_004758,FIR_0028,ACCT_0024,ACCT_0019,75000,IMPS,2026-07-27 20:43:00,0
TXN_004759,FIR_0015,ACCT_0005,ACCT_0078,125000,UPI,2026-06-05 02:14:00,0
TXN_004760,FIR_0027,ACCT_0072,ACCT_0068,49000,cash_deposit,2026-07-24 16:32:00,1
TXN_004761,FIR_0012,ACCT_0024,ACCT_0011,48000,UPI,2026-01-20 21:17:00,1
TXN_004762,FIR_0009,ACCT_0003,ACCT_0043,250000,NEFT,2026-06-11 06:24:00,0
TXN_004763,FIR_0012,ACCT_0014,ACCT_0017,48000,NEFT,2026-02-16 08:40:00,1
TXN_004764,FIR_0001,ACCT_0011,ACCT_0055,49000,cash_deposit,2026-01-19 02:15:00,1
TXN_004765,FIR_0026,ACCT_0003,ACCT_0028,49000,cash_deposit,2026-05-22 06:09:00,1
TXN_004766,FIR_0010,ACCT_0053,ACCT_0058,9800,IMPS,2026-05-20 17:55:00,0
TXN_004767,FIR_0010,ACCT_0004,ACCT_0026,250000,cash_deposit,2026-08-13 10:48:00,0
TXN_004768,FIR_0007,ACCT_0038,ACCT_0010,24000,IMPS,2026-06-24 13:14:00,0
TXN_004769,FIR_0002,ACCT_0067,ACCT_0009,250000,cash_deposit,2026-02-25 22:55:00,0
TXN_004770,FIR_0004,ACCT_0023,ACCT_0032,75000,IMPS,2026-02-06 20:34:00,0
TXN_004771,FIR_0010,ACCT_0068,ACCT_0075,1200,IMPS,2026-04-29 10:14:00,0
TXN_004772,FIR_0014,ACCT_0015,ACCT_0074,24000,UPI,2026-02-27 04:33:00,0
TXN_004773,FIR_0028,ACCT_0043,ACCT_0003,9800,cash_deposit,2026-06-18 21:50:00,0
TXN_004774,FIR_0010,ACCT_0031,ACCT_0014,250000,NEFT,2026-01-15 04:33:00,0
TXN_004775,FIR_0025,ACCT_0062,ACCT_0056,5000,NEFT,2026-07-13 11:02:00,0
TXN_004776,FIR_0007,ACCT_0060,ACCT_0077,125000,IMPS,2026-08-21 03:37:00,0
TXN_004777,FIR_0009,ACCT_0076,ACCT_0048,24000,NEFT,2026-01-18 13:42:00,0
TXN_004778,FIR_0007,ACCT_0022,ACCT_0029,1200,UPI,2026-04-07 05:35:00,0
TXN_004779,FIR_0017,ACCT_0060,ACCT_0036,125000,cash_deposit,2026-03-27 00:46:00,0
TXN_004780,FIR_0002,ACCT_0062,ACCT_0060,125000,NEFT,2026-03-29 05:55:00,0
TXN_004781,FIR_0018,ACCT_0016,ACCT_0004,1200,NEFT,2026-03-09 06:11:00,0
TXN_004782,FIR_0024,ACCT_0009,ACCT_0027,5000,NEFT,2026-07-04 20:01:00,0
TXN_004783,FIR_0004,ACCT_0048,ACCT_0017,1200,NEFT,2026-08-04 10:15:00,0
TXN_004784,FIR_0018,ACCT_0057,ACCT_0003,250000,NEFT,2026-03-15 09:14:00,0
TXN_004785,FIR_0010,ACCT_0042,ACCT_0020,1200,cash_deposit,2026-02-18 15:51:00,0
TXN_004786,FIR_0023,ACCT_0077,ACCT_0034,49000,IMPS,2026-02-26 08:26:00,1
TXN_004787,FIR_0017,ACCT_0067,ACCT_0043,250000,cash_deposit,2026-02-19 03:05:00,0
TXN_004788,FIR_0001,ACCT_0080,ACCT_0007,24000,IMPS,2026-04-17 20:30:00,0
TXN_004789,FIR_0009,ACCT_0012,ACCT_0045,9800,UPI,2026-08-18 23:48:00,0
TXN_004790,FIR_0011,ACCT_0039,ACCT_0066,5000,IMPS,2026-03-22 08:51:00,0
TXN_004791,FIR_0030,ACCT_0074,ACCT_0061,48000,UPI,2026-01-01 09:16:00,1
TXN_004792,FIR_0024,ACCT_0031,ACCT_0042,48000,NEFT,2026-01-31 02:20:00,1
TXN_004793,FIR_0010,ACCT_0019,ACCT_0025,9800,NEFT,2026-03-08 21:51:00,0
TXN_004794,FIR_0017,ACCT_0009,ACCT_0079,5000,UPI,2026-05-20 01:21:00,0
TXN_004795,FIR_0011,ACCT_0068,ACCT_0003,75000,UPI,2026-04-11 01:33:00,0
TXN_004796,FIR_0028,ACCT_0017,ACCT_0040,9800,cash_deposit,2026-03-27 16:43:00,0
TXN_004797,FIR_0019,ACCT_0016,ACCT_0059,1200,cash_deposit,2026-05-13 19:26:00,0
TXN_004798,FIR_0016,ACCT_0036,ACCT_0048,75000,NEFT,2026-02-06 13:07:00,0
TXN_004799,FIR_0019,ACCT_0065,ACCT_0076,75000,NEFT,2026-08-14 02:23:00,0
TXN_004800,FIR_0003,ACCT_0078,ACCT_0048,1200,IMPS,2026-07-29 02:35:00,0
TXN_004801,FIR_0006,ACCT_0070,ACCT_0009,5000,IMPS,2026-08-28 21:49:00,0
TXN_004802,FIR_0026,ACCT_0022,ACCT_0037,24000,NEFT,2026-01-11 20:07:00,0
TXN_004803,FIR_0007,ACCT_0047,ACCT_0065,1200,NEFT,2026-04-17 05:41:00,0
TXN_004804,FIR_0017,ACCT_0045,ACCT_0008,1200,IMPS,2026-06-27 22:34:00,0
TXN_004805,FIR_0012,ACCT_0038,ACCT_0075,49000,IMPS,2026-06-17 00:41:00,1
TXN_004806,FIR_0026,ACCT_0068,ACCT_0044,250000,UPI,2026-03-27 06:07:00,0
TXN_004807,FIR_0007,ACCT_0040,ACCT_0050,5000,UPI,2026-05-19 10:53:00,0
TXN_004808,FIR_0016,ACCT_0066,ACCT_0068,48000,IMPS,2026-05-20 12:13:00,1
TXN_004809,FIR_0001,ACCT_0056,ACCT_0007,24000,UPI,2026-03-18 23:31:00,0
TXN_004810,FIR_0018,ACCT_0047,ACCT_0013,24000,NEFT,2026-08-08 13:51:00,0
TXN_004811,FIR_0016,ACCT_0041,ACCT_0039,75000,NEFT,2026-01-07 06:51:00,0
TXN_004812,FIR_0024,ACCT_0045,ACCT_0052,9800,UPI,2026-06-10 15:20:00,0
TXN_004813,FIR_0004,ACCT_0025,ACCT_0016,9800,NEFT,2026-06-01 22:31:00,0
TXN_004814,FIR_0003,ACCT_0071,ACCT_0017,75000,IMPS,2026-08-13 16:35:00,0
TXN_004815,FIR_0026,ACCT_0041,ACCT_0009,24000,cash_deposit,2026-05-22 20:21:00,0
TXN_004816,FIR_0018,ACCT_0053,ACCT_0028,125000,NEFT,2026-04-09 14:08:00,0
TXN_004817,FIR_0012,ACCT_0021,ACCT_0038,24000,NEFT,2026-05-05 01:21:00,0
TXN_004818,FIR_0011,ACCT_0004,ACCT_0052,9800,IMPS,2026-03-02 15:17:00,0
TXN_004819,FIR_0025,ACCT_0027,ACCT_0012,48000,IMPS,2026-08-31 14:38:00,1
TXN_004820,FIR_0030,ACCT_0054,ACCT_0043,250000,cash_deposit,2026-07-26 15:47:00,0
TXN_004821,FIR_0025,ACCT_0078,ACCT_0001,48000,IMPS,2026-01-12 21:51:00,1
TXN_004822,FIR_0018,ACCT_0068,ACCT_0077,48000,IMPS,2026-05-28 09:47:00,1
TXN_004823,FIR_0004,ACCT_0012,ACCT_0059,125000,cash_deposit,2026-07-24 09:11:00,0
TXN_004824,FIR_0016,ACCT_0045,ACCT_0072,1200,UPI,2026-03-14 21:56:00,0
TXN_004825,FIR_0008,ACCT_0024,ACCT_0010,48000,UPI,2026-02-20 19:51:00,1
TXN_004826,FIR_0017,ACCT_0029,ACCT_0037,125000,IMPS,2026-09-01 05:34:00,0
TXN_004827,FIR_0029,ACCT_0030,ACCT_0007,250000,cash_deposit,2026-01-21 17:09:00,0
TXN_004828,FIR_0011,ACCT_0036,ACCT_0042,75000,NEFT,2026-05-05 08:54:00,0
TXN_004829,FIR_0011,ACCT_0077,ACCT_0066,1200,IMPS,2026-02-13 12:01:00,0
TXN_004830,FIR_0013,ACCT_0030,ACCT_0017,250000,cash_deposit,2026-06-06 20:33:00,0
TXN_004831,FIR_0027,ACCT_0026,ACCT_0015,9800,UPI,2026-04-12 04:02:00,0
TXN_004832,FIR_0007,ACCT_0031,ACCT_0079,24000,NEFT,2026-07-22 17:28:00,0
TXN_004833,FIR_0021,ACCT_0031,ACCT_0041,1200,IMPS,2026-03-12 09:35:00,0
TXN_004834,FIR_0002,ACCT_0035,ACCT_0012,48000,IMPS,2026-07-04 12:32:00,1
TXN_004835,FIR_0007,ACCT_0078,ACCT_0039,250000,UPI,2026-02-11 02:07:00,0
TXN_004836,FIR_0002,ACCT_0011,ACCT_0071,125000,UPI,2026-06-03 00:53:00,0
TXN_004837,FIR_0008,ACCT_0024,ACCT_0056,1200,cash_deposit,2026-02-17 16:00:00,0
TXN_004838,FIR_0015,ACCT_0010,ACCT_0067,48000,cash_deposit,2026-05-12 06:21:00,1
TXN_004839,FIR_0004,ACCT_0036,ACCT_0079,49000,IMPS,2026-04-04 14:24:00,1
TXN_004840,FIR_0020,ACCT_0010,ACCT_0064,1200,UPI,2026-08-20 22:11:00,0
TXN_004841,FIR_0024,ACCT_0039,ACCT_0052,250000,cash_deposit,2026-04-16 21:02:00,0
TXN_004842,FIR_0018,ACCT_0065,ACCT_0076,250000,cash_deposit,2026-08-21 07:15:00,0
TXN_004843,FIR_0018,ACCT_0065,ACCT_0010,125000,UPI,2026-04-11 10:43:00,0
TXN_004844,FIR_0024,ACCT_0019,ACCT_0047,49000,UPI,2026-01-01 13:21:00,1
TXN_004845,FIR_0011,ACCT_0034,ACCT_0016,75000,cash_deposit,2026-07-15 13:12:00,0
TXN_004846,FIR_0023,ACCT_0077,ACCT_0009,48000,UPI,2026-03-05 17:00:00,1
TXN_004847,FIR_0020,ACCT_0057,ACCT_0078,5000,NEFT,2026-02-21 20:57:00,0
TXN_004848,FIR_0015,ACCT_0078,ACCT_0023,250000,cash_deposit,2026-08-31 12:07:00,0
TXN_004849,FIR_0017,ACCT_0044,ACCT_0056,5000,cash_deposit,2026-07-15 18:06:00,0
TXN_004850,FIR_0002,ACCT_0043,ACCT_0051,48000,UPI,2026-02-12 02:26:00,1
TXN_004851,FIR_0002,ACCT_0067,ACCT_0012,5000,NEFT,2026-05-08 10:14:00,0
TXN_004852,FIR_0002,ACCT_0016,ACCT_0002,48000,cash_deposit,2026-04-19 10:16:00,1
TXN_004853,FIR_0011,ACCT_0059,ACCT_0048,24000,cash_deposit,2026-02-02 07:57:00,0
TXN_004854,FIR_0005,ACCT_0068,ACCT_0060,1200,UPI,2026-05-19 02:57:00,0
TXN_004855,FIR_0009,ACCT_0050,ACCT_0011,75000,IMPS,2026-05-01 07:31:00,0
TXN_004856,FIR_0026,ACCT_0061,ACCT_0036,9800,IMPS,2026-02-23 05:45:00,0
TXN_004857,FIR_0011,ACCT_0003,ACCT_0062,24000,UPI,2026-02-15 11:50:00,0
TXN_004858,FIR_0019,ACCT_0040,ACCT_0028,5000,UPI,2026-06-30 21:51:00,0
TXN_004859,FIR_0016,ACCT_0014,ACCT_0005,5000,cash_deposit,2026-05-17 14:55:00,0
TXN_004860,FIR_0007,ACCT_0048,ACCT_0029,5000,UPI,2026-04-20 13:16:00,0
TXN_004861,FIR_0012,ACCT_0004,ACCT_0006,5000,UPI,2026-04-15 00:12:00,0
TXN_004862,FIR_0017,ACCT_0019,ACCT_0051,24000,NEFT,2026-07-11 20:10:00,0
TXN_004863,FIR_0030,ACCT_0015,ACCT_0072,24000,IMPS,2026-05-06 06:45:00,0
TXN_004864,FIR_0009,ACCT_0027,ACCT_0055,125000,UPI,2026-02-14 08:13:00,0
TXN_004865,FIR_0013,ACCT_0071,ACCT_0002,5000,NEFT,2026-04-20 10:42:00,0
TXN_004866,FIR_0015,ACCT_0053,ACCT_0058,5000,NEFT,2026-06-23 06:56:00,0
TXN_004867,FIR_0005,ACCT_0032,ACCT_0029,1200,NEFT,2026-02-01 21:17:00,0
TXN_004868,FIR_0017,ACCT_0044,ACCT_0037,1200,cash_deposit,2026-06-18 01:18:00,0
TXN_004869,FIR_0020,ACCT_0043,ACCT_0032,1200,UPI,2026-01-29 07:58:00,0
TXN_004870,FIR_0019,ACCT_0071,ACCT_0011,1200,IMPS,2026-05-10 08:45:00,0
TXN_004871,FIR_0026,ACCT_0051,ACCT_0013,48000,cash_deposit,2026-04-07 08:37:00,1
TXN_004872,FIR_0023,ACCT_0030,ACCT_0007,75000,cash_deposit,2026-05-31 21:13:00,0
TXN_004873,FIR_0002,ACCT_0042,ACCT_0062,9800,NEFT,2026-07-02 04:56:00,0
TXN_004874,FIR_0003,ACCT_0056,ACCT_0072,1200,IMPS,2026-02-27 14:32:00,0
TXN_004875,FIR_0029,ACCT_0068,ACCT_0056,9800,IMPS,2026-07-01 16:19:00,0
TXN_004876,FIR_0017,ACCT_0053,ACCT_0040,5000,IMPS,2026-03-03 02:16:00,0
TXN_004877,FIR_0019,ACCT_0035,ACCT_0033,250000,IMPS,2026-04-04 10:38:00,0
TXN_004878,FIR_0025,ACCT_0064,ACCT_0015,250000,cash_deposit,2026-08-04 17:53:00,0
TXN_004879,FIR_0028,ACCT_0026,ACCT_0045,49000,IMPS,2026-04-10 22:35:00,1
TXN_004880,FIR_0024,ACCT_0002,ACCT_0040,49000,NEFT,2026-03-18 15:22:00,1
TXN_004881,FIR_0009,ACCT_0080,ACCT_0016,125000,NEFT,2026-06-02 11:49:00,0
TXN_004882,FIR_0023,ACCT_0008,ACCT_0002,75000,UPI,2026-04-29 15:43:00,0
TXN_004883,FIR_0018,ACCT_0007,ACCT_0077,48000,IMPS,2026-06-03 16:59:00,1
TXN_004884,FIR_0013,ACCT_0018,ACCT_0061,125000,IMPS,2026-06-19 22:09:00,0
TXN_004885,FIR_0027,ACCT_0048,ACCT_0018,5000,NEFT,2026-08-08 23:14:00,0
TXN_004886,FIR_0003,ACCT_0049,ACCT_0033,48000,NEFT,2026-05-31 16:43:00,1
TXN_004887,FIR_0022,ACCT_0032,ACCT_0024,1200,NEFT,2026-06-19 17:59:00,0
TXN_004888,FIR_0014,ACCT_0002,ACCT_0014,9800,UPI,2026-04-26 12:58:00,0
TXN_004889,FIR_0010,ACCT_0071,ACCT_0040,49000,cash_deposit,2026-03-07 17:30:00,1
TXN_004890,FIR_0029,ACCT_0013,ACCT_0041,48000,cash_deposit,2026-02-14 13:04:00,1
TXN_004891,FIR_0018,ACCT_0053,ACCT_0073,75000,cash_deposit,2026-03-18 12:49:00,0
TXN_004892,FIR_0008,ACCT_0065,ACCT_0004,49000,UPI,2026-08-18 22:17:00,1
TXN_004893,FIR_0025,ACCT_0045,ACCT_0024,9800,IMPS,2026-04-30 00:17:00,0
TXN_004894,FIR_0025,ACCT_0041,ACCT_0065,49000,UPI,2026-06-23 14:50:00,1
TXN_004895,FIR_0030,ACCT_0006,ACCT_0065,24000,IMPS,2026-08-02 06:33:00,0
TXN_004896,FIR_0006,ACCT_0012,ACCT_0021,48000,NEFT,2026-03-21 08:31:00,1
TXN_004897,FIR_0021,ACCT_0079,ACCT_0043,250000,NEFT,2026-06-05 20:50:00,0
TXN_004898,FIR_0026,ACCT_0016,ACCT_0062,24000,IMPS,2026-01-25 19:21:00,0
TXN_004899,FIR_0022,ACCT_0069,ACCT_0067,125000,UPI,2026-06-12 20:50:00,0
TXN_004900,FIR_0001,ACCT_0012,ACCT_0027,250000,cash_deposit,2026-06-03 07:15:00,0
TXN_004901,FIR_0004,ACCT_0041,ACCT_0048,75000,IMPS,2026-02-18 01:25:00,0
TXN_004902,FIR_0022,ACCT_0045,ACCT_0029,48000,UPI,2026-03-18 06:40:00,1
TXN_004903,FIR_0018,ACCT_0044,ACCT_0030,125000,UPI,2026-03-10 22:31:00,0
TXN_004904,FIR_0028,ACCT_0064,ACCT_0004,48000,IMPS,2026-03-09 11:19:00,1
TXN_004905,FIR_0001,ACCT_0025,ACCT_0001,75000,IMPS,2026-05-03 23:59:00,0
TXN_004906,FIR_0018,ACCT_0031,ACCT_0079,75000,UPI,2026-01-09 07:59:00,0
TXN_004907,FIR_0028,ACCT_0016,ACCT_0051,24000,NEFT,2026-05-17 00:32:00,0
TXN_004908,FIR_0023,ACCT_0067,ACCT_0048,48000,NEFT,2026-02-10 15:19:00,1
TXN_004909,FIR_0011,ACCT_0020,ACCT_0035,250000,cash_deposit,2026-08-01 11:38:00,0
TXN_004910,FIR_0014,ACCT_0026,ACCT_0043,1200,NEFT,2026-03-07 23:14:00,0
TXN_004911,FIR_0030,ACCT_0067,ACCT_0029,9800,UPI,2026-06-14 11:16:00,0
TXN_004912,FIR_0020,ACCT_0048,ACCT_0046,1200,UPI,2026-05-19 14:01:00,0
TXN_004913,FIR_0013,ACCT_0052,ACCT_0069,75000,IMPS,2026-04-05 04:40:00,0
TXN_004914,FIR_0019,ACCT_0069,ACCT_0070,5000,UPI,2026-08-21 05:44:00,0
TXN_004915,FIR_0025,ACCT_0036,ACCT_0027,49000,NEFT,2026-05-15 15:38:00,1
TXN_004916,FIR_0011,ACCT_0019,ACCT_0057,5000,IMPS,2026-04-10 11:04:00,0
TXN_004917,FIR_0001,ACCT_0065,ACCT_0060,75000,UPI,2026-01-07 21:15:00,0
TXN_004918,FIR_0011,ACCT_0004,ACCT_0025,5000,IMPS,2026-02-25 10:59:00,0
TXN_004919,FIR_0026,ACCT_0006,ACCT_0074,1200,NEFT,2026-06-29 22:14:00,0
TXN_004920,FIR_0019,ACCT_0071,ACCT_0030,5000,NEFT,2026-03-18 22:40:00,0
TXN_004921,FIR_0013,ACCT_0072,ACCT_0018,9800,UPI,2026-04-26 09:45:00,0
TXN_004922,FIR_0007,ACCT_0033,ACCT_0075,24000,NEFT,2026-07-07 19:21:00,0
TXN_004923,FIR_0003,ACCT_0070,ACCT_0060,5000,NEFT,2026-05-30 15:51:00,0
TXN_004924,FIR_0012,ACCT_0050,ACCT_0040,5000,cash_deposit,2026-08-12 15:45:00,0
TXN_004925,FIR_0023,ACCT_0052,ACCT_0070,48000,UPI,2026-05-29 20:44:00,1
TXN_004926,FIR_0015,ACCT_0021,ACCT_0003,49000,IMPS,2026-01-17 15:57:00,1
TXN_004927,FIR_0021,ACCT_0032,ACCT_0072,1200,IMPS,2026-03-23 00:21:00,0
TXN_004928,FIR_0006,ACCT_0038,ACCT_0075,75000,cash_deposit,2026-01-22 02:17:00,0
TXN_004929,FIR_0024,ACCT_0021,ACCT_0020,49000,NEFT,2026-04-23 13:19:00,1
TXN_004930,FIR_0029,ACCT_0007,ACCT_0014,1200,NEFT,2026-05-08 05:05:00,0
TXN_004931,FIR_0008,ACCT_0062,ACCT_0039,5000,NEFT,2026-06-27 04:40:00,0
TXN_004932,FIR_0026,ACCT_0034,ACCT_0052,24000,UPI,2026-08-08 17:10:00,0
TXN_004933,FIR_0027,ACCT_0010,ACCT_0013,125000,NEFT,2026-08-28 06:45:00,0
TXN_004934,FIR_0005,ACCT_0064,ACCT_0014,49000,IMPS,2026-06-13 00:00:00,1
TXN_004935,FIR_0001,ACCT_0040,ACCT_0017,48000,NEFT,2026-03-24 00:09:00,1
TXN_004936,FIR_0022,ACCT_0023,ACCT_0045,49000,cash_deposit,2026-01-29 12:00:00,1
TXN_004937,FIR_0011,ACCT_0061,ACCT_0047,24000,NEFT,2026-04-07 16:26:00,0
TXN_004938,FIR_0021,ACCT_0079,ACCT_0022,24000,NEFT,2026-02-02 22:39:00,0
TXN_004939,FIR_0020,ACCT_0044,ACCT_0056,250000,IMPS,2026-05-18 08:05:00,0
TXN_004940,FIR_0005,ACCT_0028,ACCT_0061,250000,NEFT,2026-01-06 02:13:00,0
TXN_004941,FIR_0024,ACCT_0030,ACCT_0014,9800,IMPS,2026-08-15 13:30:00,0
TXN_004942,FIR_0018,ACCT_0022,ACCT_0080,5000,IMPS,2026-01-06 01:41:00,0
TXN_004943,FIR_0022,ACCT_0012,ACCT_0001,1200,NEFT,2026-01-26 04:20:00,0
TXN_004944,FIR_0025,ACCT_0011,ACCT_0020,1200,UPI,2026-07-08 02:14:00,0
TXN_004945,FIR_0017,ACCT_0059,ACCT_0008,5000,UPI,2026-07-07 20:07:00,0
TXN_004946,FIR_0012,ACCT_0019,ACCT_0071,9800,cash_deposit,2026-01-04 17:28:00,0
TXN_004947,FIR_0021,ACCT_0070,ACCT_0023,48000,IMPS,2026-02-27 12:32:00,1
TXN_004948,FIR_0002,ACCT_0012,ACCT_0016,125000,UPI,2026-08-16 02:30:00,0
TXN_004949,FIR_0012,ACCT_0055,ACCT_0047,49000,NEFT,2026-04-03 04:16:00,1
TXN_004950,FIR_0025,ACCT_0041,ACCT_0064,9800,IMPS,2026-03-05 07:00:00,0
TXN_004951,FIR_0021,ACCT_0016,ACCT_0056,24000,IMPS,2026-06-26 21:47:00,0
TXN_004952,FIR_0005,ACCT_0029,ACCT_0043,125000,IMPS,2026-07-20 00:54:00,0
TXN_004953,FIR_0027,ACCT_0035,ACCT_0009,250000,IMPS,2026-01-17 05:01:00,0
TXN_004954,FIR_0019,ACCT_0057,ACCT_0048,49000,NEFT,2026-06-09 09:33:00,1
TXN_004955,FIR_0026,ACCT_0023,ACCT_0075,5000,UPI,2026-05-22 12:44:00,0
TXN_004956,FIR_0012,ACCT_0040,ACCT_0060,49000,UPI,2026-01-27 03:43:00,1
TXN_004957,FIR_0016,ACCT_0054,ACCT_0017,125000,IMPS,2026-03-15 14:46:00,0
TXN_004958,FIR_0001,ACCT_0014,ACCT_0040,1200,NEFT,2026-02-04 19:17:00,0
TXN_004959,FIR_0027,ACCT_0044,ACCT_0026,9800,NEFT,2026-02-24 10:50:00,0
TXN_004960,FIR_0029,ACCT_0003,ACCT_0056,48000,IMPS,2026-04-24 21:51:00,1
TXN_004961,FIR_0004,ACCT_0034,ACCT_0065,49000,IMPS,2026-04-29 05:47:00,1
TXN_004962,FIR_0015,ACCT_0019,ACCT_0030,75000,IMPS,2026-03-17 01:12:00,0
TXN_004963,FIR_0015,ACCT_0012,ACCT_0062,49000,UPI,2026-07-26 10:00:00,1
TXN_004964,FIR_0013,ACCT_0073,ACCT_0016,48000,NEFT,2026-03-04 06:34:00,1
TXN_004965,FIR_0003,ACCT_0056,ACCT_0069,5000,IMPS,2026-05-26 09:50:00,0
TXN_004966,FIR_0007,ACCT_0078,ACCT_0035,75000,IMPS,2026-05-03 05:35:00,0
TXN_004967,FIR_0008,ACCT_0065,ACCT_0010,24000,cash_deposit,2026-04-11 08:22:00,0
TXN_004968,FIR_0008,ACCT_0017,ACCT_0054,125000,UPI,2026-05-10 00:44:00,0
TXN_004969,FIR_0018,ACCT_0041,ACCT_0032,250000,IMPS,2026-03-14 22:54:00,0
TXN_004970,FIR_0029,ACCT_0035,ACCT_0061,250000,cash_deposit,2026-07-31 06:36:00,0
TXN_004971,FIR_0017,ACCT_0016,ACCT_0032,49000,cash_deposit,2026-02-15 22:45:00,1
TXN_004972,FIR_0001,ACCT_0004,ACCT_0073,5000,IMPS,2026-08-29 14:51:00,0
TXN_004973,FIR_0007,ACCT_0022,ACCT_0046,48000,UPI,2026-06-14 21:17:00,1
TXN_004974,FIR_0008,ACCT_0008,ACCT_0014,1200,cash_deposit,2026-07-27 20:13:00,0
TXN_004975,FIR_0004,ACCT_0032,ACCT_0046,49000,cash_deposit,2026-07-27 22:10:00,1
TXN_004976,FIR_0029,ACCT_0005,ACCT_0050,125000,cash_deposit,2026-06-06 08:05:00,0
TXN_004977,FIR_0013,ACCT_0072,ACCT_0024,5000,cash_deposit,2026-05-12 18:10:00,0
TXN_004978,FIR_0004,ACCT_0077,ACCT_0045,250000,IMPS,2026-07-22 08:15:00,0
TXN_004979,FIR_0022,ACCT_0053,ACCT_0016,9800,cash_deposit,2026-06-03 22:36:00,0
TXN_004980,FIR_0013,ACCT_0061,ACCT_0022,75000,NEFT,2026-07-10 05:04:00,0
TXN_004981,FIR_0014,ACCT_0044,ACCT_0015,9800,UPI,2026-06-13 22:15:00,0
TXN_004982,FIR_0019,ACCT_0009,ACCT_0022,250000,NEFT,2026-03-21 17:28:00,0
TXN_004983,FIR_0013,ACCT_0017,ACCT_0007,49000,IMPS,2026-05-06 10:51:00,1
TXN_004984,FIR_0015,ACCT_0067,ACCT_0017,48000,cash_deposit,2026-02-15 11:58:00,1
TXN_004985,FIR_0016,ACCT_0074,ACCT_0016,75000,NEFT,2026-07-12 00:42:00,0
TXN_004986,FIR_0027,ACCT_0066,ACCT_0001,48000,cash_deposit,2026-01-10 16:23:00,1
TXN_004987,FIR_0015,ACCT_0029,ACCT_0010,5000,NEFT,2026-07-06 13:37:00,0
TXN_004988,FIR_0028,ACCT_0064,ACCT_0057,250000,IMPS,2026-04-28 17:15:00,0
TXN_004989,FIR_0007,ACCT_0016,ACCT_0076,250000,cash_deposit,2026-06-05 01:20:00,0
TXN_004990,FIR_0026,ACCT_0027,ACCT_0011,75000,UPI,2026-04-13 17:13:00,0
TXN_004991,FIR_0027,ACCT_0061,ACCT_0066,75000,IMPS,2026-04-27 21:06:00,0
TXN_004992,FIR_0027,ACCT_0025,ACCT_0070,48000,cash_deposit,2026-02-27 01:58:00,1
TXN_004993,FIR_0014,ACCT_0007,ACCT_0035,5000,cash_deposit,2026-07-22 04:51:00,0
TXN_004994,FIR_0018,ACCT_0047,ACCT_0042,9800,IMPS,2026-07-24 04:52:00,0
TXN_004995,FIR_0010,ACCT_0043,ACCT_0060,1200,NEFT,2026-05-02 15:44:00,0
TXN_004996,FIR_0005,ACCT_0014,ACCT_0054,24000,cash_deposit,2026-05-15 04:55:00,0
TXN_004997,FIR_0022,ACCT_0080,ACCT_0036,9800,cash_deposit,2026-02-01 09:57:00,0
TXN_004998,FIR_0004,ACCT_0045,ACCT_0025,125000,NEFT,2026-03-11 07:21:00,0
TXN_004999,FIR_0027,ACCT_0011,ACCT_0031,250000,UPI,2026-06-18 10:28:00,0
TXN_005000,FIR_0013,ACCT_0045,ACCT_0077,125000,IMPS,2026-03-20 13:52:00,0
TXN_005001,FIR_0017,ACCT_0053,ACCT_0060,125000,UPI,2026-08-11 21:38:00,0
TXN_005002,FIR_0028,ACCT_0048,ACCT_0039,48000,IMPS,2026-07-18 04:37:00,1
TXN_005003,FIR_0015,ACCT_0031,ACCT_0036,75000,IMPS,2026-05-05 13:18:00,0
TXN_005004,FIR_0001,ACCT_0057,ACCT_0010,250000,UPI,2026-04-21 20:40:00,0
TXN_005005,FIR_0024,ACCT_0041,ACCT_0077,48000,NEFT,2026-01-13 16:51:00,1
TXN_005006,FIR_0029,ACCT_0003,ACCT_0018,24000,NEFT,2026-04-22 17:45:00,0
TXN_005007,FIR_0024,ACCT_0018,ACCT_0043,9800,cash_deposit,2026-07-23 09:01:00,0
TXN_005008,FIR_0002,ACCT_0012,ACCT_0001,1200,NEFT,2026-03-26 18:34:00,0
TXN_005009,FIR_0012,ACCT_0072,ACCT_0040,24000,NEFT,2026-02-03 06:19:00,0
TXN_005010,FIR_0026,ACCT_0015,ACCT_0031,250000,UPI,2026-01-19 14:44:00,0
TXN_005011,FIR_0011,ACCT_0006,ACCT_0009,5000,UPI,2026-08-02 04:00:00,0
TXN_005012,FIR_0004,ACCT_0052,ACCT_0016,48000,UPI,2026-07-28 04:01:00,1
TXN_005013,FIR_0020,ACCT_0031,ACCT_0068,125000,IMPS,2026-03-30 02:02:00,0
TXN_005014,FIR_0021,ACCT_0076,ACCT_0066,75000,cash_deposit,2026-01-23 21:49:00,0
TXN_005015,FIR_0028,ACCT_0066,ACCT_0013,1200,NEFT,2026-02-16 04:24:00,0
TXN_005016,FIR_0003,ACCT_0044,ACCT_0054,1200,cash_deposit,2026-08-27 15:32:00,0
TXN_005017,FIR_0018,ACCT_0040,ACCT_0072,75000,UPI,2026-03-04 16:58:00,0
TXN_005018,FIR_0026,ACCT_0008,ACCT_0036,125000,IMPS,2026-03-12 03:15:00,0
TXN_005019,FIR_0011,ACCT_0080,ACCT_0025,250000,UPI,2026-07-02 02:09:00,0
TXN_005020,FIR_0030,ACCT_0051,ACCT_0001,75000,cash_deposit,2026-07-09 00:23:00,0
TXN_005021,FIR_0009,ACCT_0076,ACCT_0053,5000,NEFT,2026-05-04 21:18:00,0
TXN_005022,FIR_0016,ACCT_0004,ACCT_0049,75000,UPI,2026-03-27 02:06:00,0
TXN_005023,FIR_0024,ACCT_0008,ACCT_0048,9800,NEFT,2026-08-18 17:57:00,0
TXN_005024,FIR_0012,ACCT_0044,ACCT_0017,48000,UPI,2026-01-13 06:50:00,1
TXN_005025,FIR_0010,ACCT_0007,ACCT_0021,75000,IMPS,2026-03-10 21:54:00,0
TXN_005026,FIR_0008,ACCT_0005,ACCT_0079,9800,NEFT,2026-03-05 13:05:00,0
TXN_005027,FIR_0021,ACCT_0077,ACCT_0010,250000,cash_deposit,2026-04-26 05:51:00,0
TXN_005028,FIR_0005,ACCT_0017,ACCT_0046,250000,UPI,2026-01-14 17:39:00,0
TXN_005029,FIR_0025,ACCT_0043,ACCT_0014,9800,UPI,2026-06-28 00:58:00,0
TXN_005030,FIR_0010,ACCT_0058,ACCT_0066,5000,IMPS,2026-06-29 13:07:00,0
TXN_005031,FIR_0001,ACCT_0067,ACCT_0070,1200,UPI,2026-05-21 16:56:00,0
TXN_005032,FIR_0009,ACCT_0079,ACCT_0040,24000,UPI,2026-02-21 17:47:00,0
TXN_005033,FIR_0008,ACCT_0033,ACCT_0079,24000,IMPS,2026-03-16 20:29:00,0
TXN_005034,FIR_0027,ACCT_0002,ACCT_0074,5000,NEFT,2026-03-30 22:39:00,0
TXN_005035,FIR_0025,ACCT_0005,ACCT_0064,1200,IMPS,2026-07-01 22:59:00,0
TXN_005036,FIR_0005,ACCT_0075,ACCT_0036,1200,NEFT,2026-05-08 23:50:00,0
TXN_005037,FIR_0013,ACCT_0040,ACCT_0061,125000,UPI,2026-03-09 20:22:00,0
TXN_005038,FIR_0003,ACCT_0070,ACCT_0001,125000,UPI,2026-01-25 07:01:00,0
TXN_005039,FIR_0010,ACCT_0016,ACCT_0037,48000,NEFT,2026-07-27 22:09:00,1
TXN_005040,FIR_0016,ACCT_0040,ACCT_0024,5000,UPI,2026-07-30 09:46:00,0
TXN_005041,FIR_0024,ACCT_0076,ACCT_0063,125000,cash_deposit,2026-07-24 07:26:00,0
TXN_005042,FIR_0027,ACCT_0059,ACCT_0067,5000,cash_deposit,2026-03-05 03:52:00,0
TXN_005043,FIR_0014,ACCT_0067,ACCT_0029,48000,NEFT,2026-01-08 02:31:00,1
TXN_005044,FIR_0002,ACCT_0013,ACCT_0017,125000,UPI,2026-02-27 23:51:00,0
TXN_005045,FIR_0001,ACCT_0050,ACCT_0064,250000,cash_deposit,2026-08-02 11:33:00,0
TXN_005046,FIR_0019,ACCT_0026,ACCT_0045,9800,UPI,2026-07-13 05:10:00,0
TXN_005047,FIR_0022,ACCT_0057,ACCT_0018,24000,cash_deposit,2026-05-07 02:32:00,0
TXN_005048,FIR_0020,ACCT_0072,ACCT_0019,1200,cash_deposit,2026-06-20 13:58:00,0
TXN_005049,FIR_0002,ACCT_0073,ACCT_0048,75000,cash_deposit,2026-01-01 12:45:00,0
TXN_005050,FIR_0006,ACCT_0026,ACCT_0042,48000,IMPS,2026-06-04 21:17:00,1
TXN_005051,FIR_0003,ACCT_0071,ACCT_0050,48000,cash_deposit,2026-01-14 06:50:00,1
TXN_005052,FIR_0015,ACCT_0027,ACCT_0046,48000,IMPS,2026-01-29 00:12:00,1
TXN_005053,FIR_0018,ACCT_0053,ACCT_0045,1200,cash_deposit,2026-02-25 12:45:00,0
TXN_005054,FIR_0019,ACCT_0041,ACCT_0035,1200,IMPS,2026-06-04 02:09:00,0
TXN_005055,FIR_0016,ACCT_0079,ACCT_0076,250000,NEFT,2026-06-22 23:33:00,0
TXN_005056,FIR_0022,ACCT_0013,ACCT_0061,9800,NEFT,2026-03-20 17:24:00,0
TXN_005057,FIR_0010,ACCT_0072,ACCT_0023,1200,IMPS,2026-07-03 03:39:00,0
TXN_005058,FIR_0014,ACCT_0029,ACCT_0032,49000,NEFT,2026-05-22 02:23:00,1
TXN_005059,FIR_0012,ACCT_0072,ACCT_0059,125000,cash_deposit,2026-01-05 09:58:00,0
TXN_005060,FIR_0012,ACCT_0021,ACCT_0029,24000,NEFT,2026-05-21 23:14:00,0
TXN_005061,FIR_0030,ACCT_0019,ACCT_0077,9800,NEFT,2026-07-30 23:10:00,0
TXN_005062,FIR_0021,ACCT_0036,ACCT_0013,48000,IMPS,2026-07-04 01:13:00,1
TXN_005063,FIR_0012,ACCT_0057,ACCT_0050,75000,NEFT,2026-08-10 21:50:00,0
TXN_005064,FIR_0026,ACCT_0038,ACCT_0003,24000,UPI,2026-07-10 16:01:00,0
TXN_005065,FIR_0027,ACCT_0049,ACCT_0072,75000,cash_deposit,2026-02-27 23:48:00,0
TXN_005066,FIR_0014,ACCT_0079,ACCT_0022,48000,IMPS,2026-02-01 13:38:00,1
TXN_005067,FIR_0012,ACCT_0067,ACCT_0019,75000,cash_deposit,2026-08-14 18:42:00,0
TXN_005068,FIR_0002,ACCT_0069,ACCT_0056,5000,cash_deposit,2026-07-27 21:16:00,0
TXN_005069,FIR_0005,ACCT_0062,ACCT_0035,5000,cash_deposit,2026-01-26 05:44:00,0
TXN_005070,FIR_0001,ACCT_0017,ACCT_0018,48000,IMPS,2026-02-26 14:21:00,1
TXN_005071,FIR_0019,ACCT_0037,ACCT_0056,250000,NEFT,2026-07-06 12:56:00,0
TXN_005072,FIR_0002,ACCT_0026,ACCT_0046,48000,UPI,2026-06-14 03:18:00,1
TXN_005073,FIR_0006,ACCT_0054,ACCT_0069,75000,NEFT,2026-03-13 23:43:00,0
TXN_005074,FIR_0019,ACCT_0010,ACCT_0024,250000,IMPS,2026-06-22 09:50:00,0
TXN_005075,FIR_0026,ACCT_0015,ACCT_0013,75000,UPI,2026-03-18 17:23:00,0
TXN_005076,FIR_0026,ACCT_0029,ACCT_0025,9800,cash_deposit,2026-05-10 11:34:00,0
TXN_005077,FIR_0005,ACCT_0014,ACCT_0005,125000,cash_deposit,2026-08-11 21:53:00,0
TXN_005078,FIR_0026,ACCT_0077,ACCT_0009,24000,UPI,2026-02-19 16:24:00,0
TXN_005079,FIR_0029,ACCT_0009,ACCT_0006,24000,NEFT,2026-05-20 11:52:00,0
TXN_005080,FIR_0003,ACCT_0015,ACCT_0057,48000,IMPS,2026-03-24 17:08:00,1
TXN_005081,FIR_0014,ACCT_0006,ACCT_0012,75000,cash_deposit,2026-07-27 11:55:00,0
TXN_005082,FIR_0012,ACCT_0078,ACCT_0033,250000,IMPS,2026-08-03 03:19:00,0
TXN_005083,FIR_0003,ACCT_0018,ACCT_0031,75000,UPI,2026-08-04 04:20:00,0
TXN_005084,FIR_0007,ACCT_0067,ACCT_0049,75000,NEFT,2026-01-05 12:31:00,0
TXN_005085,FIR_0015,ACCT_0075,ACCT_0031,250000,UPI,2026-04-30 23:32:00,0
TXN_005086,FIR_0012,ACCT_0023,ACCT_0064,48000,IMPS,2026-04-16 09:01:00,1
TXN_005087,FIR_0002,ACCT_0022,ACCT_0047,250000,cash_deposit,2026-01-18 07:08:00,0
TXN_005088,FIR_0002,ACCT_0065,ACCT_0064,1200,NEFT,2026-08-13 09:09:00,0
TXN_005089,FIR_0002,ACCT_0028,ACCT_0062,1200,NEFT,2026-01-02 03:42:00,0
TXN_005090,FIR_0022,ACCT_0023,ACCT_0037,9800,UPI,2026-08-30 18:43:00,0
TXN_005091,FIR_0022,ACCT_0051,ACCT_0012,48000,NEFT,2026-06-24 00:25:00,1
TXN_005092,FIR_0001,ACCT_0067,ACCT_0052,48000,IMPS,2026-04-18 20:09:00,1
TXN_005093,FIR_0011,ACCT_0021,ACCT_0065,48000,NEFT,2026-02-13 08:56:00,1
TXN_005094,FIR_0019,ACCT_0021,ACCT_0047,24000,UPI,2026-06-02 14:41:00,0
TXN_005095,FIR_0021,ACCT_0023,ACCT_0029,49000,cash_deposit,2026-07-28 00:27:00,1
TXN_005096,FIR_0007,ACCT_0032,ACCT_0008,5000,NEFT,2026-02-08 02:24:00,0
TXN_005097,FIR_0027,ACCT_0068,ACCT_0030,75000,NEFT,2026-08-09 18:58:00,0
TXN_005098,FIR_0001,ACCT_0059,ACCT_0064,125000,UPI,2026-05-13 10:36:00,0
TXN_005099,FIR_0005,ACCT_0004,ACCT_0023,1200,NEFT,2026-01-27 21:00:00,0
TXN_005100,FIR_0012,ACCT_0038,ACCT_0051,125000,UPI,2026-04-03 15:10:00,0
TXN_005101,FIR_0003,ACCT_0028,ACCT_0048,9800,cash_deposit,2026-05-24 11:42:00,0
TXN_005102,FIR_0024,ACCT_0060,ACCT_0072,5000,NEFT,2026-05-05 06:07:00,0
TXN_005103,FIR_0003,ACCT_0060,ACCT_0080,48000,UPI,2026-02-15 02:21:00,1
TXN_005104,FIR_0009,ACCT_0066,ACCT_0056,24000,IMPS,2026-03-24 01:01:00,0
TXN_005105,FIR_0005,ACCT_0017,ACCT_0004,75000,IMPS,2026-05-06 03:18:00,0
TXN_005106,FIR_0019,ACCT_0016,ACCT_0037,48000,NEFT,2026-01-09 14:10:00,1
TXN_005107,FIR_0014,ACCT_0080,ACCT_0073,1200,NEFT,2026-07-10 20:46:00,0
TXN_005108,FIR_0014,ACCT_0038,ACCT_0067,24000,UPI,2026-06-08 11:05:00,0
TXN_005109,FIR_0027,ACCT_0039,ACCT_0004,5000,cash_deposit,2026-04-30 09:58:00,0
TXN_005110,FIR_0003,ACCT_0044,ACCT_0021,75000,UPI,2026-05-21 22:05:00,0
TXN_005111,FIR_0013,ACCT_0006,ACCT_0035,5000,IMPS,2026-08-19 00:00:00,0
TXN_005112,FIR_0001,ACCT_0069,ACCT_0023,1200,NEFT,2026-01-24 21:50:00,0
TXN_005113,FIR_0028,ACCT_0038,ACCT_0052,125000,UPI,2026-06-07 23:05:00,0
TXN_005114,FIR_0027,ACCT_0045,ACCT_0071,250000,UPI,2026-01-05 01:39:00,0
TXN_005115,FIR_0006,ACCT_0053,ACCT_0066,125000,IMPS,2026-08-21 16:03:00,0
TXN_005116,FIR_0002,ACCT_0061,ACCT_0078,125000,UPI,2026-04-06 20:21:00,0
TXN_005117,FIR_0002,ACCT_0035,ACCT_0038,250000,UPI,2026-07-19 14:53:00,0
TXN_005118,FIR_0008,ACCT_0027,ACCT_0019,9800,IMPS,2026-08-29 20:24:00,0
TXN_005119,FIR_0016,ACCT_0016,ACCT_0033,9800,cash_deposit,2026-03-10 23:13:00,0
TXN_005120,FIR_0015,ACCT_0015,ACCT_0079,49000,UPI,2026-06-17 11:34:00,1
TXN_005121,FIR_0009,ACCT_0055,ACCT_0003,250000,NEFT,2026-01-15 08:14:00,0
TXN_005122,FIR_0005,ACCT_0005,ACCT_0031,75000,NEFT,2026-07-03 02:38:00,0
TXN_005123,FIR_0003,ACCT_0003,ACCT_0034,1200,cash_deposit,2026-06-10 10:21:00,0
TXN_005124,FIR_0025,ACCT_0059,ACCT_0034,49000,NEFT,2026-03-07 05:10:00,1
TXN_005125,FIR_0018,ACCT_0056,ACCT_0012,9800,NEFT,2026-07-24 15:05:00,0
TXN_005126,FIR_0019,ACCT_0073,ACCT_0080,5000,IMPS,2026-08-16 13:41:00,0
TXN_005127,FIR_0016,ACCT_0064,ACCT_0008,49000,NEFT,2026-08-06 03:02:00,1
TXN_005128,FIR_0023,ACCT_0062,ACCT_0059,48000,IMPS,2026-03-28 03:07:00,1
TXN_005129,FIR_0011,ACCT_0057,ACCT_0051,1200,UPI,2026-03-19 18:07:00,0
TXN_005130,FIR_0013,ACCT_0063,ACCT_0011,49000,IMPS,2026-07-07 22:36:00,1
TXN_005131,FIR_0014,ACCT_0010,ACCT_0056,48000,IMPS,2026-08-20 12:24:00,1
TXN_005132,FIR_0012,ACCT_0026,ACCT_0019,24000,cash_deposit,2026-01-18 06:07:00,0
TXN_005133,FIR_0018,ACCT_0064,ACCT_0004,5000,IMPS,2026-04-28 07:47:00,0
TXN_005134,FIR_0012,ACCT_0021,ACCT_0050,75000,IMPS,2026-01-13 02:25:00,0
TXN_005135,FIR_0008,ACCT_0057,ACCT_0041,1200,IMPS,2026-03-01 22:49:00,0
TXN_005136,FIR_0014,ACCT_0034,ACCT_0064,49000,UPI,2026-08-03 04:53:00,1
TXN_005137,FIR_0013,ACCT_0055,ACCT_0005,48000,IMPS,2026-08-11 10:00:00,1
TXN_005138,FIR_0018,ACCT_0062,ACCT_0032,1200,UPI,2026-03-07 21:39:00,0
TXN_005139,FIR_0001,ACCT_0030,ACCT_0056,9800,cash_deposit,2026-03-22 05:36:00,0
TXN_005140,FIR_0003,ACCT_0015,ACCT_0071,9800,NEFT,2026-06-24 21:04:00,0
TXN_005141,FIR_0029,ACCT_0075,ACCT_0035,1200,NEFT,2026-04-10 03:48:00,0
TXN_005142,FIR_0019,ACCT_0040,ACCT_0044,250000,UPI,2026-01-13 15:32:00,0
TXN_005143,FIR_0022,ACCT_0044,ACCT_0062,250000,IMPS,2026-05-01 14:44:00,0
TXN_005144,FIR_0002,ACCT_0012,ACCT_0040,48000,cash_deposit,2026-04-26 05:20:00,1
TXN_005145,FIR_0020,ACCT_0077,ACCT_0060,49000,NEFT,2026-04-14 23:16:00,1
TXN_005146,FIR_0016,ACCT_0077,ACCT_0048,24000,IMPS,2026-08-27 23:57:00,0
TXN_005147,FIR_0021,ACCT_0023,ACCT_0010,48000,IMPS,2026-03-30 02:58:00,1
TXN_005148,FIR_0026,ACCT_0038,ACCT_0076,125000,NEFT,2026-03-06 17:07:00,0
TXN_005149,FIR_0028,ACCT_0037,ACCT_0053,9800,IMPS,2026-01-20 10:11:00,0
TXN_005150,FIR_0020,ACCT_0057,ACCT_0014,1200,cash_deposit,2026-06-27 11:52:00,0
TXN_005151,FIR_0020,ACCT_0020,ACCT_0009,9800,UPI,2026-04-01 10:38:00,0
TXN_005152,FIR_0016,ACCT_0037,ACCT_0012,250000,NEFT,2026-06-12 16:21:00,0
TXN_005153,FIR_0009,ACCT_0050,ACCT_0008,1200,UPI,2026-08-05 14:50:00,0
TXN_005154,FIR_0013,ACCT_0040,ACCT_0063,48000,IMPS,2026-05-18 15:42:00,1
TXN_005155,FIR_0017,ACCT_0041,ACCT_0020,5000,UPI,2026-07-05 14:53:00,0
TXN_005156,FIR_0001,ACCT_0051,ACCT_0042,9800,cash_deposit,2026-07-26 07:30:00,0
TXN_005157,FIR_0012,ACCT_0016,ACCT_0042,9800,IMPS,2026-02-07 20:42:00,0
TXN_005158,FIR_0007,ACCT_0034,ACCT_0020,1200,NEFT,2026-01-15 09:19:00,0
TXN_005159,FIR_0006,ACCT_0074,ACCT_0007,1200,IMPS,2026-04-28 19:32:00,0
TXN_005160,FIR_0003,ACCT_0015,ACCT_0029,75000,UPI,2026-08-24 04:55:00,0
TXN_005161,FIR_0007,ACCT_0074,ACCT_0065,1200,NEFT,2026-05-14 09:18:00,0
TXN_005162,FIR_0023,ACCT_0050,ACCT_0026,1200,cash_deposit,2026-05-10 17:06:00,0
TXN_005163,FIR_0023,ACCT_0027,ACCT_0034,9800,cash_deposit,2026-01-01 22:25:00,0
TXN_005164,FIR_0006,ACCT_0026,ACCT_0034,1200,IMPS,2026-05-08 20:39:00,0
TXN_005165,FIR_0014,ACCT_0076,ACCT_0059,1200,NEFT,2026-04-01 03:08:00,0
TXN_005166,FIR_0018,ACCT_0064,ACCT_0031,5000,cash_deposit,2026-07-10 18:30:00,0
TXN_005167,FIR_0023,ACCT_0035,ACCT_0010,24000,IMPS,2026-07-18 10:53:00,0
TXN_005168,FIR_0019,ACCT_0007,ACCT_0011,49000,NEFT,2026-03-10 06:43:00,1
TXN_005169,FIR_0022,ACCT_0034,ACCT_0058,75000,UPI,2026-01-05 03:51:00,0
TXN_005170,FIR_0029,ACCT_0025,ACCT_0029,75000,IMPS,2026-03-06 05:51:00,0
TXN_005171,FIR_0028,ACCT_0002,ACCT_0019,49000,cash_deposit,2026-03-22 05:48:00,1
TXN_005172,FIR_0014,ACCT_0045,ACCT_0078,125000,NEFT,2026-08-23 11:55:00,0
TXN_005173,FIR_0010,ACCT_0016,ACCT_0058,5000,UPI,2026-04-25 03:04:00,0
TXN_005174,FIR_0001,ACCT_0032,ACCT_0064,5000,IMPS,2026-02-22 12:23:00,0
TXN_005175,FIR_0022,ACCT_0076,ACCT_0005,1200,IMPS,2026-02-21 21:24:00,0
TXN_005176,FIR_0027,ACCT_0055,ACCT_0073,1200,NEFT,2026-07-27 15:16:00,0
TXN_005177,FIR_0012,ACCT_0006,ACCT_0077,75000,IMPS,2026-05-09 15:33:00,0
TXN_005178,FIR_0027,ACCT_0023,ACCT_0036,49000,cash_deposit,2026-05-24 10:24:00,1
TXN_005179,FIR_0010,ACCT_0074,ACCT_0066,1200,UPI,2026-02-15 08:33:00,0
TXN_005180,FIR_0015,ACCT_0040,ACCT_0076,125000,UPI,2026-03-14 08:49:00,0
TXN_005181,FIR_0010,ACCT_0036,ACCT_0041,250000,cash_deposit,2026-01-26 14:31:00,0
TXN_005182,FIR_0011,ACCT_0026,ACCT_0076,48000,cash_deposit,2026-06-13 21:07:00,1
TXN_005183,FIR_0030,ACCT_0014,ACCT_0024,125000,NEFT,2026-01-11 19:20:00,0
TXN_005184,FIR_0009,ACCT_0077,ACCT_0033,49000,NEFT,2026-05-16 09:07:00,1
TXN_005185,FIR_0023,ACCT_0063,ACCT_0040,9800,IMPS,2026-08-08 09:23:00,0
TXN_005186,FIR_0015,ACCT_0019,ACCT_0041,49000,NEFT,2026-01-31 14:22:00,1
TXN_005187,FIR_0010,ACCT_0012,ACCT_0068,1200,UPI,2026-06-20 00:14:00,0
TXN_005188,FIR_0019,ACCT_0079,ACCT_0063,125000,UPI,2026-06-25 09:37:00,0
TXN_005189,FIR_0019,ACCT_0058,ACCT_0068,24000,UPI,2026-04-18 15:54:00,0
TXN_005190,FIR_0024,ACCT_0045,ACCT_0070,125000,IMPS,2026-05-10 19:00:00,0
TXN_005191,FIR_0024,ACCT_0079,ACCT_0064,24000,IMPS,2026-01-04 01:00:00,0
TXN_005192,FIR_0028,ACCT_0008,ACCT_0044,9800,UPI,2026-08-04 09:48:00,0
TXN_005193,FIR_0020,ACCT_0017,ACCT_0002,250000,cash_deposit,2026-08-30 05:48:00,0
TXN_005194,FIR_0029,ACCT_0011,ACCT_0020,1200,NEFT,2026-08-16 08:05:00,0
TXN_005195,FIR_0016,ACCT_0038,ACCT_0024,9800,NEFT,2026-02-05 23:33:00,0
TXN_005196,FIR_0001,ACCT_0023,ACCT_0069,5000,UPI,2026-02-12 03:48:00,0
TXN_005197,FIR_0024,ACCT_0056,ACCT_0074,125000,cash_deposit,2026-05-25 14:42:00,0
TXN_005198,FIR_0004,ACCT_0045,ACCT_0040,250000,IMPS,2026-02-28 00:14:00,0
TXN_005199,FIR_0003,ACCT_0007,ACCT_0079,75000,UPI,2026-07-23 09:22:00,0
TXN_005200,FIR_0004,ACCT_0017,ACCT_0028,5000,IMPS,2026-02-16 19:03:00,0
TXN_005201,FIR_0013,ACCT_0077,ACCT_0065,9800,NEFT,2026-06-14 21:50:00,0
TXN_005202,FIR_0009,ACCT_0068,ACCT_0019,9800,NEFT,2026-06-22 16:53:00,0
TXN_005203,FIR_0012,ACCT_0035,ACCT_0017,5000,UPI,2026-03-11 00:32:00,0
TXN_005204,FIR_0023,ACCT_0022,ACCT_0034,125000,cash_deposit,2026-04-25 00:48:00,0
TXN_005205,FIR_0027,ACCT_0075,ACCT_0077,5000,NEFT,2026-08-17 04:42:00,0
TXN_005206,FIR_0028,ACCT_0053,ACCT_0033,24000,NEFT,2026-08-29 11:59:00,0
TXN_005207,FIR_0014,ACCT_0035,ACCT_0054,250000,IMPS,2026-05-06 08:42:00,0
TXN_005208,FIR_0013,ACCT_0028,ACCT_0001,250000,UPI,2026-07-09 21:10:00,0
TXN_005209,FIR_0014,ACCT_0013,ACCT_0033,1200,NEFT,2026-03-11 23:39:00,0
TXN_005210,FIR_0004,ACCT_0014,ACCT_0035,1200,UPI,2026-08-05 04:54:00,0
TXN_005211,FIR_0026,ACCT_0047,ACCT_0079,5000,NEFT,2026-07-16 13:56:00,0
TXN_005212,FIR_0018,ACCT_0060,ACCT_0032,5000,IMPS,2026-04-26 13:50:00,0
TXN_005213,FIR_0007,ACCT_0027,ACCT_0068,75000,NEFT,2026-07-29 00:48:00,0
TXN_005214,FIR_0008,ACCT_0026,ACCT_0021,75000,IMPS,2026-07-04 07:42:00,0
TXN_005215,FIR_0003,ACCT_0037,ACCT_0054,24000,cash_deposit,2026-04-10 05:00:00,0
TXN_005216,FIR_0021,ACCT_0048,ACCT_0064,48000,IMPS,2026-02-08 11:18:00,1
TXN_005217,FIR_0001,ACCT_0009,ACCT_0022,49000,NEFT,2026-04-28 00:35:00,1
TXN_005218,FIR_0009,ACCT_0050,ACCT_0063,125000,IMPS,2026-02-22 16:54:00,0
TXN_005219,FIR_0018,ACCT_0046,ACCT_0054,75000,NEFT,2026-02-21 10:46:00,0
TXN_005220,FIR_0002,ACCT_0077,ACCT_0064,24000,cash_deposit,2026-04-03 08:24:00,0
TXN_005221,FIR_0012,ACCT_0017,ACCT_0050,48000,NEFT,2026-08-01 14:01:00,1
TXN_005222,FIR_0004,ACCT_0009,ACCT_0073,75000,IMPS,2026-07-07 01:08:00,0
TXN_005223,FIR_0024,ACCT_0031,ACCT_0041,5000,cash_deposit,2026-06-09 20:36:00,0
TXN_005224,FIR_0029,ACCT_0016,ACCT_0004,75000,NEFT,2026-06-19 17:17:00,0
TXN_005225,FIR_0022,ACCT_0040,ACCT_0052,1200,NEFT,2026-01-17 16:35:00,0
TXN_005226,FIR_0022,ACCT_0024,ACCT_0011,5000,IMPS,2026-06-30 00:11:00,0
TXN_005227,FIR_0027,ACCT_0003,ACCT_0011,5000,IMPS,2026-07-14 12:15:00,0
TXN_005228,FIR_0017,ACCT_0048,ACCT_0011,24000,cash_deposit,2026-01-10 21:48:00,0
TXN_005229,FIR_0014,ACCT_0051,ACCT_0078,125000,cash_deposit,2026-05-29 23:45:00,0
TXN_005230,FIR_0027,ACCT_0030,ACCT_0039,125000,UPI,2026-07-27 03:40:00,0
TXN_005231,FIR_0019,ACCT_0005,ACCT_0048,49000,IMPS,2026-05-04 23:19:00,1
TXN_005232,FIR_0030,ACCT_0045,ACCT_0002,250000,IMPS,2026-01-26 12:33:00,0
TXN_005233,FIR_0001,ACCT_0012,ACCT_0026,250000,IMPS,2026-08-07 13:42:00,0
TXN_005234,FIR_0008,ACCT_0030,ACCT_0074,24000,IMPS,2026-05-14 23:29:00,0
TXN_005235,FIR_0025,ACCT_0027,ACCT_0007,5000,NEFT,2026-04-29 12:13:00,0
TXN_005236,FIR_0012,ACCT_0024,ACCT_0073,1200,cash_deposit,2026-05-16 04:28:00,0
TXN_005237,FIR_0002,ACCT_0044,ACCT_0064,9800,cash_deposit,2026-05-31 04:40:00,0
TXN_005238,FIR_0017,ACCT_0050,ACCT_0033,9800,NEFT,2026-01-30 00:43:00,0
TXN_005239,FIR_0024,ACCT_0048,ACCT_0021,48000,IMPS,2026-06-15 13:00:00,1
TXN_005240,FIR_0016,ACCT_0002,ACCT_0008,5000,IMPS,2026-03-17 04:16:00,0
TXN_005241,FIR_0002,ACCT_0042,ACCT_0016,24000,NEFT,2026-01-20 19:12:00,0
TXN_005242,FIR_0013,ACCT_0061,ACCT_0066,5000,IMPS,2026-04-10 21:15:00,0
TXN_005243,FIR_0009,ACCT_0078,ACCT_0073,5000,cash_deposit,2026-06-23 08:28:00,0
TXN_005244,FIR_0011,ACCT_0028,ACCT_0055,49000,cash_deposit,2026-08-15 05:15:00,1
TXN_005245,FIR_0027,ACCT_0058,ACCT_0014,48000,UPI,2026-05-06 13:34:00,1
TXN_005246,FIR_0009,ACCT_0058,ACCT_0032,250000,UPI,2026-02-22 03:51:00,0
TXN_005247,FIR_0011,ACCT_0051,ACCT_0036,49000,IMPS,2026-01-06 13:32:00,1
TXN_005248,FIR_0022,ACCT_0009,ACCT_0049,1200,NEFT,2026-08-13 00:07:00,0
TXN_005249,FIR_0008,ACCT_0050,ACCT_0017,125000,NEFT,2026-03-21 11:19:00,0
TXN_005250,FIR_0013,ACCT_0076,ACCT_0011,1200,UPI,2026-02-22 15:51:00,0
TXN_005251,FIR_0018,ACCT_0008,ACCT_0033,48000,NEFT,2026-05-06 02:26:00,1
TXN_005252,FIR_0015,ACCT_0053,ACCT_0044,5000,UPI,2026-05-20 05:23:00,0
TXN_005253,FIR_0027,ACCT_0019,ACCT_0035,1200,cash_deposit,2026-08-03 23:02:00,0
TXN_005254,FIR_0030,ACCT_0067,ACCT_0054,250000,UPI,2026-07-07 12:46:00,0
TXN_005255,FIR_0008,ACCT_0054,ACCT_0001,1200,UPI,2026-01-22 03:39:00,0
TXN_005256,FIR_0025,ACCT_0065,ACCT_0031,48000,IMPS,2026-07-11 19:36:00,1
TXN_005257,FIR_0008,ACCT_0005,ACCT_0035,125000,IMPS,2026-02-08 18:29:00,0
TXN_005258,FIR_0026,ACCT_0002,ACCT_0032,49000,cash_deposit,2026-01-12 04:37:00,1
TXN_005259,FIR_0004,ACCT_0036,ACCT_0076,5000,cash_deposit,2026-04-27 12:32:00,0
TXN_005260,FIR_0016,ACCT_0032,ACCT_0012,48000,cash_deposit,2026-03-08 17:14:00,1
TXN_005261,FIR_0027,ACCT_0079,ACCT_0052,48000,cash_deposit,2026-08-12 03:10:00,1
TXN_005262,FIR_0020,ACCT_0033,ACCT_0004,125000,IMPS,2026-08-18 17:52:00,0
TXN_005263,FIR_0017,ACCT_0010,ACCT_0005,75000,IMPS,2026-08-30 02:02:00,0
TXN_005264,FIR_0023,ACCT_0001,ACCT_0029,24000,cash_deposit,2026-01-10 20:03:00,0
TXN_005265,FIR_0013,ACCT_0039,ACCT_0028,48000,cash_deposit,2026-07-24 08:36:00,1
TXN_005266,FIR_0008,ACCT_0063,ACCT_0012,24000,IMPS,2026-05-03 06:47:00,0
TXN_005267,FIR_0013,ACCT_0042,ACCT_0033,75000,IMPS,2026-02-14 15:03:00,0
TXN_005268,FIR_0030,ACCT_0015,ACCT_0074,125000,UPI,2026-05-15 19:52:00,0
TXN_005269,FIR_0007,ACCT_0012,ACCT_0022,24000,NEFT,2026-01-21 14:34:00,0
TXN_005270,FIR_0020,ACCT_0010,ACCT_0043,250000,cash_deposit,2026-01-17 20:28:00,0
TXN_005271,FIR_0029,ACCT_0004,ACCT_0012,1200,UPI,2026-02-01 02:21:00,0
TXN_005272,FIR_0023,ACCT_0027,ACCT_0005,1200,UPI,2026-03-10 23:18:00,0
TXN_005273,FIR_0001,ACCT_0039,ACCT_0015,125000,NEFT,2026-04-01 16:50:00,0
TXN_005274,FIR_0011,ACCT_0073,ACCT_0041,75000,cash_deposit,2026-04-19 20:45:00,0
TXN_005275,FIR_0028,ACCT_0065,ACCT_0029,49000,NEFT,2026-03-30 01:58:00,1
TXN_005276,FIR_0021,ACCT_0071,ACCT_0063,48000,IMPS,2026-08-25 09:21:00,1
TXN_005277,FIR_0003,ACCT_0058,ACCT_0006,250000,UPI,2026-05-02 17:26:00,0
TXN_005278,FIR_0028,ACCT_0033,ACCT_0045,9800,cash_deposit,2026-07-11 07:22:00,0
TXN_005279,FIR_0001,ACCT_0016,ACCT_0074,5000,NEFT,2026-06-18 08:51:00,0
TXN_005280,FIR_0013,ACCT_0078,ACCT_0046,125000,UPI,2026-08-26 07:48:00,0
TXN_005281,FIR_0007,ACCT_0078,ACCT_0077,48000,UPI,2026-05-27 02:49:00,1
TXN_005282,FIR_0020,ACCT_0004,ACCT_0077,9800,cash_deposit,2026-04-06 04:29:00,0
TXN_005283,FIR_0009,ACCT_0071,ACCT_0017,250000,UPI,2026-06-17 00:10:00,0
TXN_005284,FIR_0015,ACCT_0031,ACCT_0029,125000,cash_deposit,2026-04-01 19:41:00,0
TXN_005285,FIR_0019,ACCT_0007,ACCT_0033,24000,cash_deposit,2026-01-09 14:15:00,0
TXN_005286,FIR_0024,ACCT_0037,ACCT_0052,9800,NEFT,2026-03-19 04:23:00,0
TXN_005287,FIR_0001,ACCT_0055,ACCT_0007,125000,NEFT,2026-03-22 06:01:00,0
TXN_005288,FIR_0009,ACCT_0025,ACCT_0035,125000,cash_deposit,2026-06-05 11:45:00,0
TXN_005289,FIR_0010,ACCT_0047,ACCT_0001,5000,UPI,2026-07-13 06:08:00,0
TXN_005290,FIR_0026,ACCT_0073,ACCT_0056,250000,IMPS,2026-01-02 00:57:00,0
TXN_005291,FIR_0020,ACCT_0074,ACCT_0016,75000,UPI,2026-07-19 03:42:00,0
TXN_005292,FIR_0016,ACCT_0020,ACCT_0036,9800,UPI,2026-06-20 00:05:00,0
TXN_005293,FIR_0030,ACCT_0026,ACCT_0066,250000,IMPS,2026-01-16 22:17:00,0
TXN_005294,FIR_0027,ACCT_0003,ACCT_0011,250000,UPI,2026-01-31 17:34:00,0
TXN_005295,FIR_0023,ACCT_0032,ACCT_0038,48000,IMPS,2026-03-18 08:08:00,1
TXN_005296,FIR_0028,ACCT_0012,ACCT_0003,24000,UPI,2026-07-06 10:03:00,0
TXN_005297,FIR_0001,ACCT_0041,ACCT_0029,125000,UPI,2026-05-06 17:27:00,0
TXN_005298,FIR_0018,ACCT_0027,ACCT_0049,1200,cash_deposit,2026-01-21 19:25:00,0
TXN_005299,FIR_0023,ACCT_0040,ACCT_0041,24000,IMPS,2026-02-20 19:58:00,0
TXN_005300,FIR_0018,ACCT_0072,ACCT_0037,125000,UPI,2026-02-12 03:33:00,0
TXN_005301,FIR_0023,ACCT_0077,ACCT_0035,49000,cash_deposit,2026-03-08 17:40:00,1
TXN_005302,FIR_0014,ACCT_0010,ACCT_0031,49000,cash_deposit,2026-07-24 19:26:00,1
TXN_005303,FIR_0009,ACCT_0046,ACCT_0007,48000,IMPS,2026-05-08 06:24:00,1
TXN_005304,FIR_0014,ACCT_0075,ACCT_0034,49000,IMPS,2026-03-06 14:12:00,1
TXN_005305,FIR_0001,ACCT_0007,ACCT_0021,125000,NEFT,2026-06-22 15:12:00,0
TXN_005306,FIR_0024,ACCT_0002,ACCT_0011,9800,cash_deposit,2026-06-16 05:23:00,0
TXN_005307,FIR_0008,ACCT_0076,ACCT_0038,125000,cash_deposit,2026-06-18 02:03:00,0
TXN_005308,FIR_0012,ACCT_0044,ACCT_0029,48000,UPI,2026-04-21 07:38:00,1
TXN_005309,FIR_0017,ACCT_0052,ACCT_0076,250000,UPI,2026-07-19 10:09:00,0
TXN_005310,FIR_0007,ACCT_0021,ACCT_0022,250000,cash_deposit,2026-08-26 23:14:00,0
TXN_005311,FIR_0006,ACCT_0014,ACCT_0037,5000,cash_deposit,2026-08-10 11:04:00,0
TXN_005312,FIR_0006,ACCT_0033,ACCT_0026,125000,IMPS,2026-08-05 10:02:00,0
TXN_005313,FIR_0030,ACCT_0049,ACCT_0075,9800,IMPS,2026-07-29 04:58:00,0
TXN_005314,FIR_0014,ACCT_0042,ACCT_0075,48000,UPI,2026-04-17 21:47:00,1
TXN_005315,FIR_0001,ACCT_0019,ACCT_0004,49000,IMPS,2026-02-05 18:15:00,1
TXN_005316,FIR_0021,ACCT_0029,ACCT_0036,24000,NEFT,2026-03-17 20:58:00,0
TXN_005317,FIR_0021,ACCT_0060,ACCT_0024,48000,cash_deposit,2026-04-28 02:07:00,1
TXN_005318,FIR_0023,ACCT_0027,ACCT_0001,49000,UPI,2026-07-08 12:38:00,1
TXN_005319,FIR_0012,ACCT_0020,ACCT_0076,48000,UPI,2026-07-16 22:29:00,1
TXN_005320,FIR_0011,ACCT_0003,ACCT_0065,5000,cash_deposit,2026-03-27 14:31:00,0
TXN_005321,FIR_0023,ACCT_0069,ACCT_0079,250000,IMPS,2026-07-09 02:45:00,0
TXN_005322,FIR_0011,ACCT_0049,ACCT_0068,49000,IMPS,2026-08-09 12:52:00,1
TXN_005323,FIR_0005,ACCT_0067,ACCT_0023,125000,IMPS,2026-02-24 03:43:00,0
TXN_005324,FIR_0007,ACCT_0062,ACCT_0036,49000,IMPS,2026-05-15 17:21:00,1
TXN_005325,FIR_0011,ACCT_0044,ACCT_0052,49000,cash_deposit,2026-07-16 16:01:00,1
TXN_005326,FIR_0016,ACCT_0038,ACCT_0019,5000,UPI,2026-01-22 04:47:00,0
TXN_005327,FIR_0010,ACCT_0071,ACCT_0070,75000,IMPS,2026-03-17 12:41:00,0
TXN_005328,FIR_0020,ACCT_0038,ACCT_0035,9800,UPI,2026-07-19 20:49:00,0
TXN_005329,FIR_0011,ACCT_0054,ACCT_0023,250000,NEFT,2026-08-22 14:32:00,0
TXN_005330,FIR_0017,ACCT_0053,ACCT_0014,5000,IMPS,2026-05-23 22:21:00,0
TXN_005331,FIR_0023,ACCT_0021,ACCT_0062,48000,NEFT,2026-01-20 09:32:00,1
TXN_005332,FIR_0021,ACCT_0046,ACCT_0061,9800,cash_deposit,2026-02-14 04:17:00,0
TXN_005333,FIR_0025,ACCT_0017,ACCT_0073,48000,UPI,2026-05-06 06:34:00,1
TXN_005334,FIR_0008,ACCT_0050,ACCT_0048,1200,UPI,2026-06-26 20:57:00,0
TXN_005335,FIR_0020,ACCT_0026,ACCT_0048,1200,UPI,2026-06-03 05:13:00,0
TXN_005336,FIR_0009,ACCT_0003,ACCT_0040,24000,IMPS,2026-08-21 16:18:00,0
TXN_005337,FIR_0005,ACCT_0064,ACCT_0012,75000,UPI,2026-05-25 16:35:00,0
TXN_005338,FIR_0008,ACCT_0073,ACCT_0028,5000,NEFT,2026-04-18 13:26:00,0
TXN_005339,FIR_0006,ACCT_0034,ACCT_0027,125000,UPI,2026-06-04 05:06:00,0
TXN_005340,FIR_0009,ACCT_0065,ACCT_0070,250000,IMPS,2026-03-25 15:26:00,0
TXN_005341,FIR_0021,ACCT_0005,ACCT_0076,49000,UPI,2026-04-12 04:51:00,1
TXN_005342,FIR_0006,ACCT_0054,ACCT_0025,250000,cash_deposit,2026-08-27 03:58:00,0
TXN_005343,FIR_0008,ACCT_0030,ACCT_0072,49000,cash_deposit,2026-03-01 00:52:00,1
TXN_005344,FIR_0008,ACCT_0078,ACCT_0039,125000,cash_deposit,2026-05-31 11:55:00,0
TXN_005345,FIR_0019,ACCT_0013,ACCT_0066,125000,UPI,2026-01-09 06:00:00,0
TXN_005346,FIR_0022,ACCT_0056,ACCT_0071,24000,IMPS,2026-06-04 01:08:00,0
TXN_005347,FIR_0008,ACCT_0001,ACCT_0080,1200,cash_deposit,2026-01-26 20:32:00,0
TXN_005348,FIR_0011,ACCT_0031,ACCT_0053,9800,IMPS,2026-01-31 11:25:00,0
TXN_005349,FIR_0023,ACCT_0078,ACCT_0054,9800,UPI,2026-04-25 17:43:00,0
TXN_005350,FIR_0021,ACCT_0008,ACCT_0059,5000,IMPS,2026-02-05 20:18:00,0
TXN_005351,FIR_0025,ACCT_0059,ACCT_0056,250000,UPI,2026-07-10 03:24:00,0
TXN_005352,FIR_0015,ACCT_0049,ACCT_0029,125000,IMPS,2026-01-30 22:34:00,0
TXN_005353,FIR_0002,ACCT_0042,ACCT_0010,24000,UPI,2026-08-26 05:07:00,0
TXN_005354,FIR_0006,ACCT_0064,ACCT_0021,24000,NEFT,2026-01-23 18:49:00,0
TXN_005355,FIR_0030,ACCT_0028,ACCT_0076,250000,UPI,2026-04-07 05:45:00,0
TXN_005356,FIR_0024,ACCT_0039,ACCT_0058,125000,UPI,2026-08-22 18:50:00,0
TXN_005357,FIR_0025,ACCT_0021,ACCT_0041,1200,cash_deposit,2026-06-12 13:08:00,0
TXN_005358,FIR_0025,ACCT_0023,ACCT_0018,9800,NEFT,2026-05-20 07:48:00,0
TXN_005359,FIR_0001,ACCT_0007,ACCT_0016,24000,cash_deposit,2026-05-12 06:22:00,0
TXN_005360,FIR_0028,ACCT_0077,ACCT_0003,9800,UPI,2026-06-16 09:26:00,0
TXN_005361,FIR_0016,ACCT_0046,ACCT_0005,1200,UPI,2026-02-22 12:19:00,0
TXN_005362,FIR_0012,ACCT_0057,ACCT_0076,1200,cash_deposit,2026-03-30 10:48:00,0
TXN_005363,FIR_0013,ACCT_0028,ACCT_0032,1200,UPI,2026-07-12 13:21:00,0
TXN_005364,FIR_0025,ACCT_0075,ACCT_0042,75000,cash_deposit,2026-04-07 14:28:00,0
TXN_005365,FIR_0006,ACCT_0051,ACCT_0046,125000,UPI,2026-08-21 19:19:00,0
TXN_005366,FIR_0007,ACCT_0010,ACCT_0024,24000,UPI,2026-06-20 11:32:00,0
TXN_005367,FIR_0004,ACCT_0030,ACCT_0017,250000,IMPS,2026-01-16 22:59:00,0
TXN_005368,FIR_0019,ACCT_0009,ACCT_0047,250000,cash_deposit,2026-02-06 08:25:00,0
TXN_005369,FIR_0012,ACCT_0040,ACCT_0076,24000,cash_deposit,2026-03-29 14:10:00,0
TXN_005370,FIR_0004,ACCT_0014,ACCT_0050,24000,UPI,2026-06-26 23:49:00,0
TXN_005371,FIR_0021,ACCT_0026,ACCT_0069,9800,UPI,2026-04-25 12:44:00,0
TXN_005372,FIR_0028,ACCT_0005,ACCT_0034,75000,UPI,2026-03-26 15:17:00,0
TXN_005373,FIR_0003,ACCT_0007,ACCT_0044,250000,IMPS,2026-01-25 21:57:00,0
TXN_005374,FIR_0013,ACCT_0013,ACCT_0002,75000,IMPS,2026-05-09 10:30:00,0
TXN_005375,FIR_0004,ACCT_0036,ACCT_0033,75000,IMPS,2026-05-17 09:43:00,0
TXN_005376,FIR_0017,ACCT_0034,ACCT_0060,9800,IMPS,2026-01-30 15:25:00,0
TXN_005377,FIR_0022,ACCT_0059,ACCT_0045,9800,cash_deposit,2026-06-16 04:28:00,0
TXN_005378,FIR_0027,ACCT_0075,ACCT_0018,125000,UPI,2026-05-28 10:10:00,0
TXN_005379,FIR_0013,ACCT_0010,ACCT_0009,125000,cash_deposit,2026-03-27 16:18:00,0
TXN_005380,FIR_0026,ACCT_0018,ACCT_0010,1200,NEFT,2026-05-06 10:11:00,0
TXN_005381,FIR_0027,ACCT_0036,ACCT_0044,250000,UPI,2026-07-01 21:33:00,0
TXN_005382,FIR_0009,ACCT_0035,ACCT_0016,5000,NEFT,2026-02-17 17:26:00,0
TXN_005383,FIR_0024,ACCT_0002,ACCT_0074,5000,NEFT,2026-01-16 02:01:00,0
TXN_005384,FIR_0028,ACCT_0041,ACCT_0013,49000,NEFT,2026-05-19 13:44:00,1
TXN_005385,FIR_0006,ACCT_0071,ACCT_0008,5000,NEFT,2026-06-20 14:11:00,0
TXN_005386,FIR_0002,ACCT_0072,ACCT_0013,49000,UPI,2026-03-15 12:31:00,1
TXN_005387,FIR_0009,ACCT_0015,ACCT_0070,125000,IMPS,2026-02-25 23:11:00,0
TXN_005388,FIR_0014,ACCT_0009,ACCT_0055,5000,NEFT,2026-01-02 10:24:00,0
TXN_005389,FIR_0010,ACCT_0070,ACCT_0017,75000,cash_deposit,2026-03-11 05:58:00,0
TXN_005390,FIR_0006,ACCT_0036,ACCT_0003,5000,IMPS,2026-08-31 17:52:00,0
TXN_005391,FIR_0017,ACCT_0006,ACCT_0039,125000,cash_deposit,2026-04-10 13:52:00,0
TXN_005392,FIR_0022,ACCT_0079,ACCT_0059,5000,IMPS,2026-07-11 04:16:00,0
TXN_005393,FIR_0023,ACCT_0073,ACCT_0056,75000,cash_deposit,2026-05-18 11:55:00,0
TXN_005394,FIR_0010,ACCT_0032,ACCT_0006,9800,cash_deposit,2026-04-23 19:24:00,0
TXN_005395,FIR_0003,ACCT_0051,ACCT_0034,75000,UPI,2026-01-15 18:31:00,0
TXN_005396,FIR_0004,ACCT_0070,ACCT_0047,48000,IMPS,2026-03-19 22:52:00,1
TXN_005397,FIR_0005,ACCT_0076,ACCT_0067,1200,cash_deposit,2026-05-28 15:05:00,0
TXN_005398,FIR_0008,ACCT_0049,ACCT_0001,48000,NEFT,2026-08-13 11:12:00,1
TXN_005399,FIR_0021,ACCT_0020,ACCT_0059,125000,IMPS,2026-07-09 05:32:00,0
TXN_005400,FIR_0028,ACCT_0026,ACCT_0038,9800,UPI,2026-08-28 18:32:00,0
TXN_005401,FIR_0004,ACCT_0067,ACCT_0055,48000,IMPS,2026-01-08 16:51:00,1
TXN_005402,FIR_0005,ACCT_0070,ACCT_0080,9800,IMPS,2026-07-14 15:31:00,0
TXN_005403,FIR_0014,ACCT_0076,ACCT_0070,49000,IMPS,2026-07-18 11:10:00,1
TXN_005404,FIR_0020,ACCT_0026,ACCT_0009,48000,cash_deposit,2026-05-12 16:39:00,1
TXN_005405,FIR_0001,ACCT_0024,ACCT_0066,49000,IMPS,2026-08-18 06:37:00,1
TXN_005406,FIR_0014,ACCT_0032,ACCT_0067,49000,UPI,2026-05-30 14:14:00,1
TXN_005407,FIR_0006,ACCT_0040,ACCT_0026,125000,IMPS,2026-06-01 22:58:00,0
TXN_005408,FIR_0018,ACCT_0070,ACCT_0038,48000,UPI,2026-08-12 10:43:00,1
TXN_005409,FIR_0019,ACCT_0051,ACCT_0057,1200,IMPS,2026-01-10 04:14:00,0
TXN_005410,FIR_0022,ACCT_0026,ACCT_0075,1200,NEFT,2026-05-16 07:08:00,0
TXN_005411,FIR_0013,ACCT_0076,ACCT_0039,24000,cash_deposit,2026-04-25 20:54:00,0
TXN_005412,FIR_0004,ACCT_0024,ACCT_0020,75000,UPI,2026-03-15 17:29:00,0
TXN_005413,FIR_0008,ACCT_0057,ACCT_0006,9800,cash_deposit,2026-01-29 20:15:00,0
TXN_005414,FIR_0003,ACCT_0045,ACCT_0018,48000,UPI,2026-07-08 01:41:00,1
TXN_005415,FIR_0004,ACCT_0031,ACCT_0035,9800,cash_deposit,2026-01-18 00:05:00,0
TXN_005416,FIR_0008,ACCT_0003,ACCT_0063,1200,IMPS,2026-01-25 17:30:00,0
TXN_005417,FIR_0022,ACCT_0031,ACCT_0072,48000,UPI,2026-03-09 19:12:00,1
TXN_005418,FIR_0030,ACCT_0017,ACCT_0064,9800,UPI,2026-05-09 01:39:00,0
TXN_005419,FIR_0029,ACCT_0012,ACCT_0055,48000,NEFT,2026-03-29 12:24:00,1
TXN_005420,FIR_0019,ACCT_0065,ACCT_0051,9800,IMPS,2026-02-17 21:51:00,0
TXN_005421,FIR_0016,ACCT_0056,ACCT_0042,250000,IMPS,2026-01-22 10:58:00,0
TXN_005422,FIR_0009,ACCT_0023,ACCT_0028,5000,NEFT,2026-02-16 15:11:00,0
TXN_005423,FIR_0003,ACCT_0021,ACCT_0035,75000,cash_deposit,2026-03-21 19:55:00,0
TXN_005424,FIR_0027,ACCT_0049,ACCT_0029,5000,UPI,2026-03-08 12:38:00,0
TXN_005425,FIR_0016,ACCT_0061,ACCT_0043,5000,IMPS,2026-07-31 07:38:00,0
TXN_005426,FIR_0029,ACCT_0052,ACCT_0025,5000,cash_deposit,2026-03-28 23:23:00,0
TXN_005427,FIR_0026,ACCT_0051,ACCT_0044,48000,UPI,2026-01-21 14:02:00,1
TXN_005428,FIR_0009,ACCT_0037,ACCT_0063,24000,cash_deposit,2026-05-06 11:20:00,0
TXN_005429,FIR_0023,ACCT_0034,ACCT_0035,24000,IMPS,2026-06-04 05:48:00,0
TXN_005430,FIR_0023,ACCT_0008,ACCT_0001,48000,UPI,2026-06-04 20:44:00,1
TXN_005431,FIR_0023,ACCT_0012,ACCT_0025,1200,IMPS,2026-01-17 04:36:00,0
TXN_005432,FIR_0026,ACCT_0072,ACCT_0046,5000,UPI,2026-04-26 22:48:00,0
TXN_005433,FIR_0011,ACCT_0008,ACCT_0028,9800,UPI,2026-05-30 13:27:00,0
TXN_005434,FIR_0015,ACCT_0078,ACCT_0005,250000,UPI,2026-05-24 10:51:00,0
TXN_005435,FIR_0023,ACCT_0047,ACCT_0034,24000,NEFT,2026-02-25 08:02:00,0
TXN_005436,FIR_0021,ACCT_0002,ACCT_0034,75000,NEFT,2026-01-27 20:36:00,0
TXN_005437,FIR_0007,ACCT_0054,ACCT_0011,49000,UPI,2026-02-06 14:03:00,1
TXN_005438,FIR_0011,ACCT_0053,ACCT_0037,5000,NEFT,2026-04-08 21:27:00,0
TXN_005439,FIR_0027,ACCT_0061,ACCT_0033,24000,cash_deposit,2026-07-26 06:23:00,0
TXN_005440,FIR_0025,ACCT_0039,ACCT_0077,5000,UPI,2026-07-29 21:55:00,0
TXN_005441,FIR_0010,ACCT_0054,ACCT_0032,125000,NEFT,2026-01-05 20:24:00,0
TXN_005442,FIR_0027,ACCT_0011,ACCT_0066,24000,NEFT,2026-03-02 19:19:00,0
TXN_005443,FIR_0022,ACCT_0018,ACCT_0065,24000,IMPS,2026-05-27 01:39:00,0
TXN_005444,FIR_0023,ACCT_0025,ACCT_0024,48000,NEFT,2026-03-15 19:22:00,1
TXN_005445,FIR_0007,ACCT_0019,ACCT_0032,49000,cash_deposit,2026-05-02 04:16:00,1
TXN_005446,FIR_0030,ACCT_0009,ACCT_0049,24000,NEFT,2026-04-09 19:59:00,0
TXN_005447,FIR_0023,ACCT_0022,ACCT_0054,5000,UPI,2026-07-09 08:12:00,0
TXN_005448,FIR_0024,ACCT_0052,ACCT_0001,250000,NEFT,2026-04-06 06:03:00,0
TXN_005449,FIR_0017,ACCT_0077,ACCT_0043,1200,cash_deposit,2026-01-07 23:37:00,0
TXN_005450,FIR_0003,ACCT_0064,ACCT_0054,48000,UPI,2026-02-10 17:59:00,1
TXN_005451,FIR_0020,ACCT_0013,ACCT_0060,75000,NEFT,2026-07-06 10:57:00,0
TXN_005452,FIR_0023,ACCT_0019,ACCT_0037,250000,UPI,2026-04-21 18:20:00,0
TXN_005453,FIR_0028,ACCT_0066,ACCT_0021,5000,UPI,2026-03-22 19:32:00,0
TXN_005454,FIR_0021,ACCT_0078,ACCT_0011,5000,UPI,2026-03-12 06:19:00,0
TXN_005455,FIR_0004,ACCT_0035,ACCT_0020,1200,NEFT,2026-05-03 05:38:00,0
TXN_005456,FIR_0004,ACCT_0008,ACCT_0035,9800,IMPS,2026-04-14 13:51:00,0
TXN_005457,FIR_0024,ACCT_0012,ACCT_0064,75000,NEFT,2026-04-03 07:31:00,0
TXN_005458,FIR_0008,ACCT_0035,ACCT_0057,9800,cash_deposit,2026-07-01 16:03:00,0
TXN_005459,FIR_0017,ACCT_0012,ACCT_0017,125000,UPI,2026-04-27 11:54:00,0
TXN_005460,FIR_0006,ACCT_0009,ACCT_0029,5000,cash_deposit,2026-02-22 06:11:00,0
TXN_005461,FIR_0006,ACCT_0039,ACCT_0074,125000,UPI,2026-08-13 08:21:00,0
TXN_005462,FIR_0015,ACCT_0070,ACCT_0059,9800,UPI,2026-04-13 11:18:00,0
TXN_005463,FIR_0014,ACCT_0026,ACCT_0068,250000,UPI,2026-08-02 06:04:00,0
TXN_005464,FIR_0026,ACCT_0009,ACCT_0006,9800,NEFT,2026-02-15 02:05:00,0
TXN_005465,FIR_0023,ACCT_0076,ACCT_0027,125000,UPI,2026-06-12 10:17:00,0
TXN_005466,FIR_0003,ACCT_0012,ACCT_0029,125000,IMPS,2026-01-15 17:25:00,0
TXN_005467,FIR_0005,ACCT_0038,ACCT_0020,1200,cash_deposit,2026-02-08 09:08:00,0
TXN_005468,FIR_0025,ACCT_0058,ACCT_0055,24000,IMPS,2026-08-06 17:31:00,0
TXN_005469,FIR_0028,ACCT_0056,ACCT_0075,125000,UPI,2026-02-03 04:08:00,0
TXN_005470,FIR_0010,ACCT_0017,ACCT_0015,75000,UPI,2026-06-19 18:43:00,0
TXN_005471,FIR_0016,ACCT_0019,ACCT_0056,250000,UPI,2026-04-15 08:07:00,0
TXN_005472,FIR_0010,ACCT_0036,ACCT_0072,49000,UPI,2026-06-24 16:33:00,1
TXN_005473,FIR_0011,ACCT_0050,ACCT_0028,49000,NEFT,2026-02-24 17:58:00,1
TXN_005474,FIR_0023,ACCT_0062,ACCT_0074,125000,UPI,2026-07-22 10:38:00,0
TXN_005475,FIR_0019,ACCT_0080,ACCT_0050,75000,UPI,2026-05-17 12:47:00,0
TXN_005476,FIR_0025,ACCT_0032,ACCT_0076,24000,IMPS,2026-01-05 11:32:00,0
TXN_005477,FIR_0022,ACCT_0043,ACCT_0002,1200,UPI,2026-07-31 15:07:00,0
TXN_005478,FIR_0003,ACCT_0016,ACCT_0061,75000,cash_deposit,2026-02-09 15:36:00,0
TXN_005479,FIR_0020,ACCT_0077,ACCT_0072,24000,NEFT,2026-05-21 08:06:00,0
TXN_005480,FIR_0030,ACCT_0022,ACCT_0016,24000,cash_deposit,2026-04-04 18:21:00,0
TXN_005481,FIR_0029,ACCT_0033,ACCT_0017,49000,NEFT,2026-08-26 04:54:00,1
TXN_005482,FIR_0009,ACCT_0041,ACCT_0043,48000,cash_deposit,2026-05-02 21:25:00,1
TXN_005483,FIR_0029,ACCT_0057,ACCT_0043,125000,IMPS,2026-06-11 04:21:00,0
TXN_005484,FIR_0007,ACCT_0073,ACCT_0018,9800,cash_deposit,2026-04-30 04:25:00,0
TXN_005485,FIR_0008,ACCT_0018,ACCT_0034,125000,UPI,2026-04-10 17:35:00,0
TXN_005486,FIR_0021,ACCT_0073,ACCT_0060,9800,cash_deposit,2026-05-12 20:46:00,0
TXN_005487,FIR_0003,ACCT_0075,ACCT_0038,75000,NEFT,2026-07-29 06:34:00,0
TXN_005488,FIR_0027,ACCT_0025,ACCT_0036,125000,cash_deposit,2026-06-01 11:55:00,0
TXN_005489,FIR_0002,ACCT_0053,ACCT_0001,5000,UPI,2026-02-07 05:45:00,0
TXN_005490,FIR_0023,ACCT_0011,ACCT_0037,125000,NEFT,2026-01-30 23:22:00,0
TXN_005491,FIR_0016,ACCT_0046,ACCT_0018,48000,cash_deposit,2026-08-14 11:04:00,1
TXN_005492,FIR_0022,ACCT_0067,ACCT_0076,75000,IMPS,2026-04-09 03:40:00,0
TXN_005493,FIR_0007,ACCT_0067,ACCT_0077,5000,UPI,2026-02-09 08:53:00,0
TXN_005494,FIR_0026,ACCT_0036,ACCT_0057,1200,cash_deposit,2026-01-08 04:38:00,0
TXN_005495,FIR_0018,ACCT_0079,ACCT_0028,125000,UPI,2026-04-26 23:30:00,0
TXN_005496,FIR_0027,ACCT_0039,ACCT_0052,24000,IMPS,2026-02-14 06:23:00,0
TXN_005497,FIR_0018,ACCT_0066,ACCT_0007,250000,IMPS,2026-01-20 09:04:00,0
TXN_005498,FIR_0009,ACCT_0027,ACCT_0077,75000,NEFT,2026-01-19 17:30:00,0
TXN_005499,FIR_0010,ACCT_0024,ACCT_0047,250000,IMPS,2026-08-02 11:45:00,0
TXN_005500,FIR_0025,ACCT_0080,ACCT_0031,1200,UPI,2026-01-12 04:18:00,0
TXN_005501,FIR_0021,ACCT_0021,ACCT_0015,9800,NEFT,2026-02-21 03:24:00,0
TXN_005502,FIR_0001,ACCT_0080,ACCT_0019,1200,NEFT,2026-04-11 09:44:00,0
TXN_005503,FIR_0006,ACCT_0014,ACCT_0033,9800,UPI,2026-08-19 17:06:00,0
TXN_005504,FIR_0022,ACCT_0050,ACCT_0017,49000,NEFT,2026-05-28 10:03:00,1
TXN_005505,FIR_0005,ACCT_0002,ACCT_0056,250000,UPI,2026-06-10 09:09:00,0
TXN_005506,FIR_0016,ACCT_0074,ACCT_0048,49000,cash_deposit,2026-08-20 05:54:00,1
TXN_005507,FIR_0012,ACCT_0060,ACCT_0065,75000,cash_deposit,2026-04-30 18:25:00,0
TXN_005508,FIR_0018,ACCT_0059,ACCT_0037,49000,IMPS,2026-02-23 14:44:00,1
TXN_005509,FIR_0015,ACCT_0020,ACCT_0009,5000,IMPS,2026-07-03 17:33:00,0
TXN_005510,FIR_0026,ACCT_0053,ACCT_0062,49000,cash_deposit,2026-02-04 08:22:00,1
TXN_005511,FIR_0020,ACCT_0026,ACCT_0080,48000,cash_deposit,2026-01-21 03:54:00,1
TXN_005512,FIR_0023,ACCT_0019,ACCT_0022,250000,UPI,2026-07-31 05:46:00,0
TXN_005513,FIR_0002,ACCT_0061,ACCT_0019,1200,cash_deposit,2026-03-07 22:03:00,0
TXN_005514,FIR_0017,ACCT_0076,ACCT_0052,5000,UPI,2026-03-19 11:56:00,0
TXN_005515,FIR_0014,ACCT_0034,ACCT_0059,250000,IMPS,2026-08-25 01:23:00,0
TXN_005516,FIR_0004,ACCT_0013,ACCT_0025,5000,IMPS,2026-08-09 17:14:00,0
TXN_005517,FIR_0023,ACCT_0078,ACCT_0002,5000,NEFT,2026-06-19 03:59:00,0
TXN_005518,FIR_0024,ACCT_0046,ACCT_0076,9800,cash_deposit,2026-08-25 01:35:00,0
TXN_005519,FIR_0029,ACCT_0059,ACCT_0045,250000,IMPS,2026-06-09 01:21:00,0
TXN_005520,FIR_0005,ACCT_0056,ACCT_0079,250000,UPI,2026-08-28 09:08:00,0
TXN_005521,FIR_0004,ACCT_0042,ACCT_0069,49000,cash_deposit,2026-05-30 20:44:00,1
TXN_005522,FIR_0005,ACCT_0076,ACCT_0002,125000,IMPS,2026-05-26 11:18:00,0
TXN_005523,FIR_0025,ACCT_0002,ACCT_0076,125000,IMPS,2026-03-23 00:23:00,0
TXN_005524,FIR_0022,ACCT_0066,ACCT_0006,250000,UPI,2026-04-11 08:09:00,0
TXN_005525,FIR_0027,ACCT_0012,ACCT_0040,75000,IMPS,2026-03-20 10:55:00,0
TXN_005526,FIR_0016,ACCT_0075,ACCT_0078,48000,NEFT,2026-08-14 07:04:00,1
TXN_005527,FIR_0016,ACCT_0014,ACCT_0076,9800,IMPS,2026-01-03 13:04:00,0
TXN_005528,FIR_0006,ACCT_0030,ACCT_0063,1200,IMPS,2026-03-09 01:39:00,0
TXN_005529,FIR_0008,ACCT_0076,ACCT_0037,1200,IMPS,2026-07-13 10:31:00,0
TXN_005530,FIR_0012,ACCT_0076,ACCT_0052,9800,IMPS,2026-05-10 22:07:00,0
TXN_005531,FIR_0007,ACCT_0026,ACCT_0040,5000,UPI,2026-06-21 10:37:00,0
TXN_005532,FIR_0016,ACCT_0033,ACCT_0070,75000,UPI,2026-06-21 05:13:00,0
TXN_005533,FIR_0011,ACCT_0068,ACCT_0020,48000,IMPS,2026-01-01 16:12:00,1
TXN_005534,FIR_0015,ACCT_0005,ACCT_0046,5000,UPI,2026-07-09 11:33:00,0
TXN_005535,FIR_0029,ACCT_0033,ACCT_0066,48000,cash_deposit,2026-03-05 18:38:00,1
TXN_005536,FIR_0016,ACCT_0073,ACCT_0022,250000,UPI,2026-06-14 13:08:00,0
TXN_005537,FIR_0003,ACCT_0054,ACCT_0053,48000,cash_deposit,2026-08-15 17:58:00,1
TXN_005538,FIR_0012,ACCT_0051,ACCT_0016,250000,NEFT,2026-04-28 20:46:00,0
TXN_005539,FIR_0030,ACCT_0067,ACCT_0024,48000,NEFT,2026-01-09 11:03:00,1
TXN_005540,FIR_0014,ACCT_0068,ACCT_0037,250000,NEFT,2026-03-19 09:15:00,0
TXN_005541,FIR_0028,ACCT_0036,ACCT_0029,9800,UPI,2026-04-04 08:33:00,0
TXN_005542,FIR_0012,ACCT_0048,ACCT_0042,1200,IMPS,2026-04-19 04:13:00,0
TXN_005543,FIR_0023,ACCT_0033,ACCT_0052,9800,NEFT,2026-05-26 23:30:00,0
TXN_005544,FIR_0019,ACCT_0022,ACCT_0040,125000,NEFT,2026-07-29 04:14:00,0
TXN_005545,FIR_0027,ACCT_0045,ACCT_0016,49000,IMPS,2026-08-18 17:29:00,1
TXN_005546,FIR_0021,ACCT_0007,ACCT_0071,1200,cash_deposit,2026-02-20 19:43:00,0
TXN_005547,FIR_0018,ACCT_0079,ACCT_0032,24000,UPI,2026-04-07 23:12:00,0
TXN_005548,FIR_0013,ACCT_0006,ACCT_0038,49000,NEFT,2026-05-04 13:55:00,1
TXN_005549,FIR_0026,ACCT_0067,ACCT_0019,250000,IMPS,2026-05-02 04:55:00,0
TXN_005550,FIR_0027,ACCT_0052,ACCT_0019,125000,UPI,2026-01-09 23:15:00,0
TXN_005551,FIR_0023,ACCT_0065,ACCT_0052,5000,UPI,2026-04-08 08:42:00,0
TXN_005552,FIR_0001,ACCT_0049,ACCT_0017,75000,UPI,2026-07-17 04:09:00,0
TXN_005553,FIR_0002,ACCT_0017,ACCT_0029,250000,UPI,2026-03-17 23:56:00,0
TXN_005554,FIR_0027,ACCT_0016,ACCT_0046,9800,NEFT,2026-08-15 21:03:00,0
TXN_005555,FIR_0028,ACCT_0015,ACCT_0018,5000,UPI,2026-06-03 20:39:00,0
TXN_005556,FIR_0024,ACCT_0046,ACCT_0061,75000,IMPS,2026-04-01 05:51:00,0
TXN_005557,FIR_0001,ACCT_0008,ACCT_0044,250000,cash_deposit,2026-08-09 17:27:00,0
TXN_005558,FIR_0017,ACCT_0078,ACCT_0075,48000,cash_deposit,2026-05-18 05:35:00,1
TXN_005559,FIR_0003,ACCT_0018,ACCT_0068,75000,IMPS,2026-04-23 09:01:00,0
TXN_005560,FIR_0020,ACCT_0011,ACCT_0006,48000,NEFT,2026-01-16 13:10:00,1
TXN_005561,FIR_0003,ACCT_0048,ACCT_0014,125000,NEFT,2026-06-23 07:02:00,0
TXN_005562,FIR_0027,ACCT_0044,ACCT_0068,125000,UPI,2026-07-22 17:11:00,0
TXN_005563,FIR_0015,ACCT_0020,ACCT_0057,48000,cash_deposit,2026-03-30 17:47:00,1
TXN_005564,FIR_0026,ACCT_0044,ACCT_0040,24000,NEFT,2026-02-14 00:28:00,0
TXN_005565,FIR_0004,ACCT_0035,ACCT_0013,24000,cash_deposit,2026-01-15 14:43:00,0
TXN_005566,FIR_0026,ACCT_0026,ACCT_0048,9800,cash_deposit,2026-05-11 15:00:00,0
TXN_005567,FIR_0010,ACCT_0063,ACCT_0057,250000,NEFT,2026-05-13 09:08:00,0
TXN_005568,FIR_0006,ACCT_0072,ACCT_0073,9800,UPI,2026-07-12 08:10:00,0
TXN_005569,FIR_0021,ACCT_0026,ACCT_0047,1200,cash_deposit,2026-02-17 04:36:00,0
TXN_005570,FIR_0013,ACCT_0019,ACCT_0020,125000,cash_deposit,2026-03-25 12:06:00,0
TXN_005571,FIR_0022,ACCT_0014,ACCT_0031,48000,IMPS,2026-01-09 22:23:00,1
TXN_005572,FIR_0026,ACCT_0007,ACCT_0043,1200,IMPS,2026-06-30 03:36:00,0
TXN_005573,FIR_0003,ACCT_0028,ACCT_0065,5000,UPI,2026-03-23 09:26:00,0
TXN_005574,FIR_0001,ACCT_0032,ACCT_0022,1200,IMPS,2026-06-06 09:49:00,0
TXN_005575,FIR_0021,ACCT_0018,ACCT_0056,24000,UPI,2026-08-05 19:12:00,0
TXN_005576,FIR_0020,ACCT_0013,ACCT_0017,250000,NEFT,2026-07-24 11:31:00,0
TXN_005577,FIR_0021,ACCT_0016,ACCT_0038,9800,NEFT,2026-02-03 12:21:00,0
TXN_005578,FIR_0011,ACCT_0051,ACCT_0078,1200,NEFT,2026-05-19 23:26:00,0
TXN_005579,FIR_0022,ACCT_0043,ACCT_0057,125000,NEFT,2026-03-08 10:10:00,0
TXN_005580,FIR_0002,ACCT_0078,ACCT_0023,24000,IMPS,2026-03-29 21:18:00,0
TXN_005581,FIR_0001,ACCT_0037,ACCT_0041,75000,IMPS,2026-08-15 16:29:00,0
TXN_005582,FIR_0019,ACCT_0013,ACCT_0023,75000,cash_deposit,2026-03-29 20:59:00,0
TXN_005583,FIR_0016,ACCT_0034,ACCT_0074,1200,cash_deposit,2026-01-11 22:54:00,0
TXN_005584,FIR_0025,ACCT_0038,ACCT_0019,1200,cash_deposit,2026-05-27 06:47:00,0
TXN_005585,FIR_0018,ACCT_0033,ACCT_0038,75000,cash_deposit,2026-08-16 08:53:00,0
TXN_005586,FIR_0015,ACCT_0053,ACCT_0031,250000,IMPS,2026-02-14 19:59:00,0
TXN_005587,FIR_0027,ACCT_0008,ACCT_0039,9800,IMPS,2026-01-27 08:34:00,0
TXN_005588,FIR_0028,ACCT_0019,ACCT_0064,49000,IMPS,2026-02-26 20:46:00,1
TXN_005589,FIR_0002,ACCT_0015,ACCT_0001,1200,UPI,2026-06-10 20:02:00,0
TXN_005590,FIR_0017,ACCT_0039,ACCT_0066,1200,cash_deposit,2026-03-12 05:15:00,0
TXN_005591,FIR_0025,ACCT_0023,ACCT_0010,1200,UPI,2026-01-04 17:59:00,0
TXN_005592,FIR_0014,ACCT_0058,ACCT_0013,250000,IMPS,2026-08-30 20:34:00,0
TXN_005593,FIR_0020,ACCT_0028,ACCT_0062,5000,UPI,2026-05-03 21:38:00,0
TXN_005594,FIR_0018,ACCT_0057,ACCT_0047,125000,IMPS,2026-03-06 12:15:00,0
TXN_005595,FIR_0005,ACCT_0032,ACCT_0031,49000,NEFT,2026-01-12 00:01:00,1
TXN_005596,FIR_0006,ACCT_0063,ACCT_0057,24000,NEFT,2026-08-23 05:01:00,0
TXN_005597,FIR_0001,ACCT_0036,ACCT_0020,24000,IMPS,2026-03-12 15:37:00,0
TXN_005598,FIR_0007,ACCT_0039,ACCT_0045,5000,IMPS,2026-06-03 11:22:00,0
TXN_005599,FIR_0019,ACCT_0012,ACCT_0018,24000,UPI,2026-07-04 14:09:00,0
TXN_005600,FIR_0027,ACCT_0060,ACCT_0052,1200,NEFT,2026-03-02 07:27:00,0
TXN_005601,FIR_0024,ACCT_0037,ACCT_0001,75000,cash_deposit,2026-02-03 11:54:00,0
TXN_005602,FIR_0028,ACCT_0015,ACCT_0045,1200,cash_deposit,2026-01-17 11:54:00,0
TXN_005603,FIR_0030,ACCT_0038,ACCT_0019,1200,IMPS,2026-08-04 06:38:00,0
TXN_005604,FIR_0016,ACCT_0025,ACCT_0005,250000,cash_deposit,2026-07-22 19:10:00,0
TXN_005605,FIR_0012,ACCT_0072,ACCT_0078,48000,cash_deposit,2026-07-31 12:08:00,1
TXN_005606,FIR_0021,ACCT_0047,ACCT_0077,1200,NEFT,2026-02-13 01:05:00,0
TXN_005607,FIR_0013,ACCT_0054,ACCT_0079,24000,IMPS,2026-07-03 09:35:00,0
TXN_005608,FIR_0019,ACCT_0050,ACCT_0010,48000,NEFT,2026-05-03 13:11:00,1
TXN_005609,FIR_0028,ACCT_0074,ACCT_0004,75000,cash_deposit,2026-08-26 12:57:00,0
TXN_005610,FIR_0022,ACCT_0042,ACCT_0040,48000,UPI,2026-08-15 08:47:00,1
TXN_005611,FIR_0014,ACCT_0007,ACCT_0055,75000,UPI,2026-07-28 04:02:00,0
TXN_005612,FIR_0004,ACCT_0041,ACCT_0014,5000,NEFT,2026-05-08 00:53:00,0
TXN_005613,FIR_0014,ACCT_0028,ACCT_0040,75000,IMPS,2026-02-15 15:34:00,0
TXN_005614,FIR_0008,ACCT_0033,ACCT_0052,1200,NEFT,2026-04-10 03:38:00,0
TXN_005615,FIR_0018,ACCT_0070,ACCT_0018,9800,UPI,2026-03-18 09:17:00,0
TXN_005616,FIR_0024,ACCT_0037,ACCT_0010,9800,IMPS,2026-04-25 01:42:00,0
TXN_005617,FIR_0002,ACCT_0023,ACCT_0070,1200,cash_deposit,2026-07-27 01:12:00,0
TXN_005618,FIR_0014,ACCT_0010,ACCT_0005,5000,NEFT,2026-05-13 21:47:00,0
TXN_005619,FIR_0001,ACCT_0035,ACCT_0028,9800,cash_deposit,2026-08-08 06:02:00,0
TXN_005620,FIR_0011,ACCT_0014,ACCT_0056,125000,UPI,2026-03-20 15:11:00,0
TXN_005621,FIR_0022,ACCT_0026,ACCT_0031,49000,NEFT,2026-01-06 22:55:00,1
TXN_005622,FIR_0017,ACCT_0064,ACCT_0063,1200,NEFT,2026-07-21 17:14:00,0
TXN_005623,FIR_0023,ACCT_0079,ACCT_0056,5000,NEFT,2026-05-13 20:01:00,0
TXN_005624,FIR_0016,ACCT_0068,ACCT_0020,125000,IMPS,2026-03-30 07:50:00,0
TXN_005625,FIR_0020,ACCT_0030,ACCT_0037,49000,IMPS,2026-06-01 08:23:00,1
TXN_005626,FIR_0016,ACCT_0051,ACCT_0027,5000,cash_deposit,2026-05-08 23:01:00,0
TXN_005627,FIR_0009,ACCT_0030,ACCT_0046,24000,IMPS,2026-01-09 12:35:00,0
TXN_005628,FIR_0005,ACCT_0015,ACCT_0078,24000,NEFT,2026-03-10 09:35:00,0
TXN_005629,FIR_0002,ACCT_0008,ACCT_0035,5000,cash_deposit,2026-04-05 18:15:00,0
TXN_005630,FIR_0009,ACCT_0025,ACCT_0023,250000,cash_deposit,2026-02-19 06:29:00,0
TXN_005631,FIR_0024,ACCT_0075,ACCT_0038,250000,UPI,2026-08-05 07:36:00,0
TXN_005632,FIR_0004,ACCT_0044,ACCT_0072,1200,NEFT,2026-04-24 20:45:00,0
TXN_005633,FIR_0017,ACCT_0077,ACCT_0071,48000,IMPS,2026-06-25 05:23:00,1
TXN_005634,FIR_0012,ACCT_0066,ACCT_0050,49000,NEFT,2026-05-30 17:46:00,1
TXN_005635,FIR_0022,ACCT_0072,ACCT_0026,49000,NEFT,2026-05-04 12:01:00,1
TXN_005636,FIR_0017,ACCT_0051,ACCT_0055,1200,NEFT,2026-05-26 14:53:00,0
TXN_005637,FIR_0030,ACCT_0056,ACCT_0003,1200,cash_deposit,2026-04-25 06:33:00,0
TXN_005638,FIR_0012,ACCT_0013,ACCT_0067,48000,cash_deposit,2026-03-22 19:40:00,1
TXN_005639,FIR_0020,ACCT_0068,ACCT_0028,49000,cash_deposit,2026-05-07 13:19:00,1
TXN_005640,FIR_0012,ACCT_0074,ACCT_0051,24000,UPI,2026-05-24 13:43:00,0
TXN_005641,FIR_0003,ACCT_0069,ACCT_0044,48000,NEFT,2026-05-08 15:57:00,1
TXN_005642,FIR_0002,ACCT_0055,ACCT_0031,1200,IMPS,2026-02-03 18:46:00,0
TXN_005643,FIR_0013,ACCT_0076,ACCT_0034,1200,NEFT,2026-03-22 06:55:00,0
TXN_005644,FIR_0028,ACCT_0065,ACCT_0051,5000,NEFT,2026-04-25 08:22:00,0
TXN_005645,FIR_0019,ACCT_0030,ACCT_0014,5000,NEFT,2026-01-10 10:06:00,0
TXN_005646,FIR_0005,ACCT_0079,ACCT_0014,250000,IMPS,2026-08-24 12:29:00,0
TXN_005647,FIR_0014,ACCT_0044,ACCT_0027,48000,cash_deposit,2026-01-02 01:22:00,1
TXN_005648,FIR_0012,ACCT_0066,ACCT_0003,250000,NEFT,2026-04-19 01:55:00,0
TXN_005649,FIR_0014,ACCT_0019,ACCT_0047,125000,cash_deposit,2026-05-06 01:52:00,0
TXN_005650,FIR_0017,ACCT_0011,ACCT_0067,75000,IMPS,2026-06-28 11:27:00,0
TXN_005651,FIR_0028,ACCT_0044,ACCT_0019,250000,UPI,2026-01-31 08:02:00,0
TXN_005652,FIR_0005,ACCT_0009,ACCT_0030,5000,UPI,2026-03-10 23:18:00,0
TXN_005653,FIR_0021,ACCT_0060,ACCT_0071,9800,cash_deposit,2026-08-17 17:30:00,0
TXN_005654,FIR_0014,ACCT_0060,ACCT_0011,5000,NEFT,2026-03-04 22:55:00,0
TXN_005655,FIR_0029,ACCT_0049,ACCT_0054,250000,UPI,2026-05-19 19:12:00,0
TXN_005656,FIR_0001,ACCT_0027,ACCT_0005,1200,IMPS,2026-04-25 09:17:00,0
TXN_005657,FIR_0012,ACCT_0061,ACCT_0050,1200,NEFT,2026-06-17 08:11:00,0
TXN_005658,FIR_0012,ACCT_0002,ACCT_0079,1200,cash_deposit,2026-08-23 11:31:00,0
TXN_005659,FIR_0012,ACCT_0063,ACCT_0043,48000,IMPS,2026-03-08 11:09:00,1
TXN_005660,FIR_0027,ACCT_0059,ACCT_0055,49000,NEFT,2026-05-14 08:00:00,1
TXN_005661,FIR_0019,ACCT_0069,ACCT_0027,5000,cash_deposit,2026-03-14 20:28:00,0
TXN_005662,FIR_0025,ACCT_0001,ACCT_0004,49000,UPI,2026-04-16 18:00:00,1
TXN_005663,FIR_0007,ACCT_0020,ACCT_0021,9800,NEFT,2026-08-07 21:09:00,0
TXN_005664,FIR_0005,ACCT_0008,ACCT_0056,9800,UPI,2026-07-23 02:12:00,0
TXN_005665,FIR_0027,ACCT_0011,ACCT_0046,75000,IMPS,2026-01-10 02:51:00,0
TXN_005666,FIR_0016,ACCT_0032,ACCT_0023,250000,UPI,2026-05-08 10:31:00,0
TXN_005667,FIR_0027,ACCT_0066,ACCT_0075,1200,cash_deposit,2026-03-04 02:09:00,0
TXN_005668,FIR_0015,ACCT_0039,ACCT_0064,9800,IMPS,2026-08-16 03:09:00,0
TXN_005669,FIR_0011,ACCT_0079,ACCT_0030,49000,IMPS,2026-01-23 14:55:00,1
TXN_005670,FIR_0014,ACCT_0010,ACCT_0008,24000,cash_deposit,2026-06-14 00:05:00,0
TXN_005671,FIR_0012,ACCT_0064,ACCT_0067,250000,IMPS,2026-03-05 04:01:00,0
TXN_005672,FIR_0008,ACCT_0012,ACCT_0070,1200,IMPS,2026-02-03 19:21:00,0
TXN_005673,FIR_0022,ACCT_0020,ACCT_0032,250000,cash_deposit,2026-07-10 09:15:00,0
TXN_005674,FIR_0009,ACCT_0053,ACCT_0069,24000,UPI,2026-02-27 08:19:00,0
TXN_005675,FIR_0012,ACCT_0025,ACCT_0041,48000,IMPS,2026-08-06 08:40:00,1
TXN_005676,FIR_0005,ACCT_0024,ACCT_0040,5000,cash_deposit,2026-01-13 05:25:00,0
TXN_005677,FIR_0015,ACCT_0043,ACCT_0019,5000,IMPS,2026-04-28 20:37:00,0
TXN_005678,FIR_0006,ACCT_0017,ACCT_0035,75000,cash_deposit,2026-04-18 15:51:00,0
TXN_005679,FIR_0012,ACCT_0005,ACCT_0063,5000,IMPS,2026-06-07 13:36:00,0
TXN_005680,FIR_0023,ACCT_0077,ACCT_0016,125000,IMPS,2026-02-03 23:13:00,0
TXN_005681,FIR_0013,ACCT_0031,ACCT_0052,9800,NEFT,2026-07-04 18:10:00,0
TXN_005682,FIR_0014,ACCT_0035,ACCT_0044,250000,UPI,2026-03-19 04:31:00,0
TXN_005683,FIR_0006,ACCT_0022,ACCT_0015,1200,UPI,2026-07-17 21:27:00,0
TXN_005684,FIR_0010,ACCT_0055,ACCT_0043,48000,IMPS,2026-07-24 11:17:00,1
TXN_005685,FIR_0017,ACCT_0026,ACCT_0021,48000,UPI,2026-08-29 05:27:00,1
TXN_005686,FIR_0021,ACCT_0017,ACCT_0031,9800,cash_deposit,2026-08-13 00:05:00,0
TXN_005687,FIR_0002,ACCT_0058,ACCT_0077,49000,cash_deposit,2026-03-01 02:08:00,1
TXN_005688,FIR_0012,ACCT_0035,ACCT_0078,9800,NEFT,2026-01-13 11:44:00,0
TXN_005689,FIR_0021,ACCT_0010,ACCT_0065,75000,IMPS,2026-07-30 20:42:00,0
TXN_005690,FIR_0020,ACCT_0056,ACCT_0034,9800,NEFT,2026-06-07 00:17:00,0
TXN_005691,FIR_0005,ACCT_0001,ACCT_0027,49000,UPI,2026-04-19 02:24:00,1
TXN_005692,FIR_0027,ACCT_0062,ACCT_0037,49000,NEFT,2026-01-02 10:39:00,1
TXN_005693,FIR_0006,ACCT_0078,ACCT_0035,75000,NEFT,2026-06-11 21:35:00,0
TXN_005694,FIR_0012,ACCT_0034,ACCT_0050,48000,NEFT,2026-03-18 01:41:00,1
TXN_005695,FIR_0002,ACCT_0031,ACCT_0041,75000,cash_deposit,2026-01-01 16:04:00,0
TXN_005696,FIR_0021,ACCT_0044,ACCT_0078,75000,NEFT,2026-07-21 01:31:00,0
TXN_005697,FIR_0008,ACCT_0052,ACCT_0069,5000,cash_deposit,2026-08-06 18:31:00,0
TXN_005698,FIR_0014,ACCT_0046,ACCT_0062,48000,IMPS,2026-08-26 11:32:00,1
TXN_005699,FIR_0006,ACCT_0060,ACCT_0058,75000,NEFT,2026-08-24 18:59:00,0
TXN_005700,FIR_0018,ACCT_0061,ACCT_0048,125000,NEFT,2026-02-13 01:09:00,0
TXN_005701,FIR_0014,ACCT_0077,ACCT_0056,250000,IMPS,2026-07-18 07:14:00,0
TXN_005702,FIR_0023,ACCT_0066,ACCT_0007,75000,UPI,2026-02-21 15:06:00,0
TXN_005703,FIR_0002,ACCT_0028,ACCT_0061,49000,IMPS,2026-04-15 18:31:00,1
TXN_005704,FIR_0029,ACCT_0016,ACCT_0045,75000,cash_deposit,2026-03-23 00:14:00,0
TXN_005705,FIR_0016,ACCT_0071,ACCT_0012,9800,cash_deposit,2026-03-26 19:02:00,0
TXN_005706,FIR_0015,ACCT_0034,ACCT_0029,49000,cash_deposit,2026-07-16 11:41:00,1
TXN_005707,FIR_0006,ACCT_0004,ACCT_0014,250000,cash_deposit,2026-04-07 18:14:00,0
TXN_005708,FIR_0004,ACCT_0055,ACCT_0034,75000,IMPS,2026-08-24 14:23:00,0
TXN_005709,FIR_0019,ACCT_0008,ACCT_0033,1200,NEFT,2026-06-21 12:21:00,0
TXN_005710,FIR_0007,ACCT_0037,ACCT_0042,1200,IMPS,2026-01-03 10:48:00,0
TXN_005711,FIR_0026,ACCT_0026,ACCT_0009,125000,cash_deposit,2026-06-19 02:49:00,0
TXN_005712,FIR_0006,ACCT_0078,ACCT_0012,48000,NEFT,2026-06-24 16:22:00,1
TXN_005713,FIR_0010,ACCT_0069,ACCT_0015,49000,cash_deposit,2026-01-03 11:29:00,1
TXN_005714,FIR_0010,ACCT_0032,ACCT_0068,24000,UPI,2026-08-29 21:35:00,0
TXN_005715,FIR_0028,ACCT_0073,ACCT_0054,75000,cash_deposit,2026-05-23 08:52:00,0
TXN_005716,FIR_0006,ACCT_0006,ACCT_0040,250000,cash_deposit,2026-08-29 20:33:00,0
TXN_005717,FIR_0007,ACCT_0079,ACCT_0039,75000,NEFT,2026-05-03 21:47:00,0
TXN_005718,FIR_0009,ACCT_0013,ACCT_0071,1200,IMPS,2026-08-22 18:36:00,0
TXN_005719,FIR_0006,ACCT_0048,ACCT_0042,1200,UPI,2026-08-28 20:37:00,0
TXN_005720,FIR_0009,ACCT_0066,ACCT_0078,5000,IMPS,2026-03-01 05:59:00,0
TXN_005721,FIR_0011,ACCT_0006,ACCT_0028,24000,cash_deposit,2026-03-11 19:51:00,0
TXN_005722,FIR_0029,ACCT_0018,ACCT_0054,75000,IMPS,2026-06-02 00:12:00,0
TXN_005723,FIR_0010,ACCT_0022,ACCT_0001,9800,NEFT,2026-06-29 17:43:00,0
TXN_005724,FIR_0018,ACCT_0056,ACCT_0016,5000,NEFT,2026-07-22 12:17:00,0
TXN_005725,FIR_0005,ACCT_0010,ACCT_0049,24000,NEFT,2026-05-23 08:26:00,0
TXN_005726,FIR_0006,ACCT_0056,ACCT_0028,5000,IMPS,2026-08-18 23:19:00,0
TXN_005727,FIR_0015,ACCT_0056,ACCT_0030,49000,UPI,2026-06-21 17:00:00,1
TXN_005728,FIR_0007,ACCT_0026,ACCT_0003,75000,IMPS,2026-07-10 13:51:00,0
TXN_005729,FIR_0020,ACCT_0008,ACCT_0019,24000,IMPS,2026-02-18 18:44:00,0
TXN_005730,FIR_0006,ACCT_0051,ACCT_0020,1200,NEFT,2026-04-23 23:35:00,0
TXN_005731,FIR_0030,ACCT_0065,ACCT_0053,250000,UPI,2026-05-24 07:53:00,0
TXN_005732,FIR_0026,ACCT_0053,ACCT_0010,125000,UPI,2026-06-07 07:10:00,0
TXN_005733,FIR_0002,ACCT_0053,ACCT_0010,49000,cash_deposit,2026-01-20 17:56:00,1
TXN_005734,FIR_0010,ACCT_0032,ACCT_0046,250000,NEFT,2026-07-15 06:21:00,0
TXN_005735,FIR_0007,ACCT_0076,ACCT_0019,75000,NEFT,2026-04-28 13:20:00,0
TXN_005736,FIR_0004,ACCT_0067,ACCT_0063,49000,IMPS,2026-02-22 08:51:00,1
TXN_005737,FIR_0017,ACCT_0076,ACCT_0024,1200,NEFT,2026-04-25 05:32:00,0
TXN_005738,FIR_0006,ACCT_0026,ACCT_0054,1200,NEFT,2026-04-19 17:18:00,0
TXN_005739,FIR_0016,ACCT_0042,ACCT_0045,24000,UPI,2026-05-27 03:05:00,0
TXN_005740,FIR_0024,ACCT_0067,ACCT_0076,9800,IMPS,2026-05-05 08:34:00,0
TXN_005741,FIR_0013,ACCT_0047,ACCT_0069,250000,cash_deposit,2026-03-21 20:58:00,0
TXN_005742,FIR_0026,ACCT_0019,ACCT_0025,49000,cash_deposit,2026-02-22 11:46:00,1
TXN_005743,FIR_0009,ACCT_0024,ACCT_0071,49000,cash_deposit,2026-01-27 05:33:00,1
TXN_005744,FIR_0001,ACCT_0077,ACCT_0031,49000,UPI,2026-07-01 05:53:00,1
TXN_005745,FIR_0026,ACCT_0037,ACCT_0023,24000,IMPS,2026-07-19 09:36:00,0
TXN_005746,FIR_0029,ACCT_0050,ACCT_0044,5000,NEFT,2026-02-22 20:55:00,0
TXN_005747,FIR_0030,ACCT_0068,ACCT_0067,250000,IMPS,2026-06-13 01:17:00,0
TXN_005748,FIR_0007,ACCT_0004,ACCT_0027,9800,UPI,2026-06-21 04:18:00,0
TXN_005749,FIR_0004,ACCT_0036,ACCT_0059,24000,cash_deposit,2026-06-19 09:29:00,0
TXN_005750,FIR_0019,ACCT_0061,ACCT_0023,9800,IMPS,2026-05-09 14:38:00,0
TXN_005751,FIR_0012,ACCT_0051,ACCT_0025,48000,IMPS,2026-06-16 11:17:00,1
TXN_005752,FIR_0001,ACCT_0037,ACCT_0011,48000,UPI,2026-01-14 06:51:00,1
TXN_005753,FIR_0024,ACCT_0071,ACCT_0080,1200,IMPS,2026-03-04 10:32:00,0
TXN_005754,FIR_0006,ACCT_0023,ACCT_0068,24000,UPI,2026-06-08 06:13:00,0
TXN_005755,FIR_0028,ACCT_0078,ACCT_0042,9800,NEFT,2026-04-29 17:01:00,0
TXN_005756,FIR_0028,ACCT_0023,ACCT_0028,24000,UPI,2026-03-06 15:38:00,0
TXN_005757,FIR_0025,ACCT_0016,ACCT_0006,125000,UPI,2026-06-04 17:12:00,0
TXN_005758,FIR_0028,ACCT_0046,ACCT_0038,125000,UPI,2026-05-07 04:25:00,0
TXN_005759,FIR_0006,ACCT_0058,ACCT_0071,125000,NEFT,2026-05-06 02:22:00,0
TXN_005760,FIR_0007,ACCT_0041,ACCT_0057,48000,cash_deposit,2026-05-08 07:15:00,1
TXN_005761,FIR_0025,ACCT_0027,ACCT_0001,75000,UPI,2026-08-04 13:21:00,0
TXN_005762,FIR_0005,ACCT_0013,ACCT_0042,49000,cash_deposit,2026-04-06 07:58:00,1
TXN_005763,FIR_0024,ACCT_0049,ACCT_0037,49000,NEFT,2026-05-14 17:41:00,1
TXN_005764,FIR_0004,ACCT_0069,ACCT_0041,5000,NEFT,2026-04-11 19:32:00,0
TXN_005765,FIR_0009,ACCT_0065,ACCT_0068,9800,cash_deposit,2026-06-09 09:25:00,0
TXN_005766,FIR_0021,ACCT_0053,ACCT_0022,75000,NEFT,2026-01-10 13:57:00,0
TXN_005767,FIR_0024,ACCT_0039,ACCT_0001,9800,UPI,2026-04-29 07:35:00,0
TXN_005768,FIR_0007,ACCT_0048,ACCT_0022,48000,NEFT,2026-07-13 03:18:00,1
TXN_005769,FIR_0020,ACCT_0054,ACCT_0070,48000,UPI,2026-01-14 06:19:00,1
TXN_005770,FIR_0021,ACCT_0009,ACCT_0054,49000,NEFT,2026-03-20 09:05:00,1
TXN_005771,FIR_0027,ACCT_0071,ACCT_0040,48000,UPI,2026-05-15 02:06:00,1
TXN_005772,FIR_0011,ACCT_0027,ACCT_0056,1200,NEFT,2026-07-04 00:38:00,0
TXN_005773,FIR_0009,ACCT_0013,ACCT_0060,75000,UPI,2026-04-29 09:46:00,0
TXN_005774,FIR_0007,ACCT_0037,ACCT_0074,250000,IMPS,2026-02-04 07:29:00,0
TXN_005775,FIR_0026,ACCT_0073,ACCT_0080,9800,cash_deposit,2026-02-28 01:50:00,0
TXN_005776,FIR_0006,ACCT_0079,ACCT_0012,125000,IMPS,2026-03-21 19:31:00,0
TXN_005777,FIR_0012,ACCT_0070,ACCT_0066,5000,UPI,2026-01-07 01:45:00,0
TXN_005778,FIR_0005,ACCT_0037,ACCT_0064,48000,cash_deposit,2026-05-20 15:47:00,1
TXN_005779,FIR_0011,ACCT_0056,ACCT_0044,75000,IMPS,2026-03-05 17:50:00,0
TXN_005780,FIR_0027,ACCT_0003,ACCT_0021,9800,cash_deposit,2026-03-22 12:40:00,0
TXN_005781,FIR_0024,ACCT_0079,ACCT_0037,250000,IMPS,2026-03-20 07:25:00,0
TXN_005782,FIR_0002,ACCT_0077,ACCT_0049,125000,UPI,2026-08-07 13:35:00,0
TXN_005783,FIR_0029,ACCT_0070,ACCT_0004,9800,UPI,2026-08-26 14:08:00,0
TXN_005784,FIR_0006,ACCT_0057,ACCT_0041,75000,IMPS,2026-06-19 13:52:00,0
TXN_005785,FIR_0014,ACCT_0015,ACCT_0050,24000,IMPS,2026-08-02 05:00:00,0
TXN_005786,FIR_0007,ACCT_0031,ACCT_0018,48000,NEFT,2026-07-29 23:32:00,1
TXN_005787,FIR_0011,ACCT_0059,ACCT_0045,125000,cash_deposit,2026-07-20 05:07:00,0
TXN_005788,FIR_0008,ACCT_0062,ACCT_0038,48000,NEFT,2026-02-15 18:53:00,1
TXN_005789,FIR_0005,ACCT_0061,ACCT_0059,250000,UPI,2026-07-12 21:38:00,0
TXN_005790,FIR_0021,ACCT_0037,ACCT_0034,250000,UPI,2026-02-14 11:49:00,0
TXN_005791,FIR_0011,ACCT_0009,ACCT_0054,48000,cash_deposit,2026-01-10 08:29:00,1
TXN_005792,FIR_0027,ACCT_0021,ACCT_0078,5000,NEFT,2026-02-16 20:00:00,0
TXN_005793,FIR_0008,ACCT_0016,ACCT_0071,75000,cash_deposit,2026-04-12 04:30:00,0
TXN_005794,FIR_0019,ACCT_0041,ACCT_0080,48000,NEFT,2026-04-24 19:18:00,1
TXN_005795,FIR_0018,ACCT_0072,ACCT_0008,75000,cash_deposit,2026-02-02 12:31:00,0
TXN_005796,FIR_0020,ACCT_0004,ACCT_0029,48000,IMPS,2026-05-11 14:38:00,1
TXN_005797,FIR_0022,ACCT_0029,ACCT_0075,250000,IMPS,2026-04-01 14:41:00,0
TXN_005798,FIR_0025,ACCT_0017,ACCT_0020,75000,cash_deposit,2026-08-30 14:34:00,0
TXN_005799,FIR_0004,ACCT_0040,ACCT_0025,48000,NEFT,2026-06-04 17:18:00,1
TXN_005800,FIR_0007,ACCT_0064,ACCT_0056,49000,NEFT,2026-08-03 09:50:00,1
TXN_005801,FIR_0021,ACCT_0069,ACCT_0012,49000,IMPS,2026-04-04 17:45:00,1
TXN_005802,FIR_0030,ACCT_0047,ACCT_0080,49000,UPI,2026-02-11 14:21:00,1
TXN_005803,FIR_0010,ACCT_0062,ACCT_0079,24000,IMPS,2026-08-31 00:16:00,0
TXN_005804,FIR_0028,ACCT_0050,ACCT_0071,48000,NEFT,2026-01-21 06:52:00,1
TXN_005805,FIR_0026,ACCT_0018,ACCT_0002,5000,cash_deposit,2026-03-14 20:37:00,0
TXN_005806,FIR_0005,ACCT_0028,ACCT_0038,75000,NEFT,2026-01-22 09:20:00,0
TXN_005807,FIR_0018,ACCT_0064,ACCT_0032,75000,IMPS,2026-02-01 11:05:00,0
TXN_005808,FIR_0030,ACCT_0069,ACCT_0038,125000,UPI,2026-05-27 08:06:00,0
TXN_005809,FIR_0022,ACCT_0031,ACCT_0057,49000,cash_deposit,2026-07-09 23:51:00,1
TXN_005810,FIR_0028,ACCT_0049,ACCT_0023,75000,NEFT,2026-05-06 08:56:00,0
TXN_005811,FIR_0005,ACCT_0022,ACCT_0024,1200,cash_deposit,2026-08-23 07:04:00,0
TXN_005812,FIR_0010,ACCT_0031,ACCT_0015,125000,IMPS,2026-01-30 07:01:00,0
TXN_005813,FIR_0024,ACCT_0055,ACCT_0079,250000,cash_deposit,2026-06-02 10:14:00,0
TXN_005814,FIR_0020,ACCT_0022,ACCT_0053,24000,UPI,2026-02-27 02:55:00,0
TXN_005815,FIR_0024,ACCT_0064,ACCT_0032,5000,cash_deposit,2026-05-17 08:21:00,0
TXN_005816,FIR_0014,ACCT_0006,ACCT_0007,9800,UPI,2026-03-14 10:05:00,0
TXN_005817,FIR_0015,ACCT_0066,ACCT_0064,5000,UPI,2026-05-18 05:01:00,0
TXN_005818,FIR_0008,ACCT_0021,ACCT_0005,48000,cash_deposit,2026-03-25 21:34:00,1
TXN_005819,FIR_0001,ACCT_0067,ACCT_0066,125000,UPI,2026-06-09 15:07:00,0
TXN_005820,FIR_0027,ACCT_0080,ACCT_0068,1200,cash_deposit,2026-02-16 11:45:00,0
TXN_005821,FIR_0016,ACCT_0053,ACCT_0017,24000,IMPS,2026-04-11 20:40:00,0
TXN_005822,FIR_0007,ACCT_0080,ACCT_0033,75000,UPI,2026-07-01 19:19:00,0
TXN_005823,FIR_0027,ACCT_0025,ACCT_0065,9800,UPI,2026-01-03 21:51:00,0
TXN_005824,FIR_0030,ACCT_0073,ACCT_0058,9800,IMPS,2026-02-07 06:46:00,0
TXN_005825,FIR_0026,ACCT_0034,ACCT_0023,75000,UPI,2026-08-08 11:47:00,0
TXN_005826,FIR_0025,ACCT_0007,ACCT_0073,49000,IMPS,2026-02-08 01:58:00,1
TXN_005827,FIR_0017,ACCT_0044,ACCT_0014,49000,IMPS,2026-06-24 06:37:00,1
TXN_005828,FIR_0021,ACCT_0014,ACCT_0064,9800,NEFT,2026-06-22 03:57:00,0
TXN_005829,FIR_0005,ACCT_0080,ACCT_0026,125000,IMPS,2026-03-17 19:01:00,0
TXN_005830,FIR_0024,ACCT_0042,ACCT_0038,75000,cash_deposit,2026-04-18 04:51:00,0
TXN_005831,FIR_0019,ACCT_0025,ACCT_0050,250000,NEFT,2026-06-07 12:36:00,0
TXN_005832,FIR_0015,ACCT_0018,ACCT_0069,48000,NEFT,2026-06-03 11:33:00,1
TXN_005833,FIR_0027,ACCT_0014,ACCT_0039,1200,cash_deposit,2026-07-28 07:27:00,0
TXN_005834,FIR_0023,ACCT_0075,ACCT_0068,48000,UPI,2026-07-04 01:35:00,1
TXN_005835,FIR_0014,ACCT_0027,ACCT_0042,48000,IMPS,2026-04-04 21:34:00,1
TXN_005836,FIR_0023,ACCT_0008,ACCT_0067,48000,cash_deposit,2026-01-04 07:47:00,1
TXN_005837,FIR_0003,ACCT_0012,ACCT_0067,49000,cash_deposit,2026-06-14 00:06:00,1
TXN_005838,FIR_0029,ACCT_0001,ACCT_0047,250000,NEFT,2026-07-30 09:41:00,0
TXN_005839,FIR_0006,ACCT_0029,ACCT_0058,48000,NEFT,2026-01-21 13:16:00,1
TXN_005840,FIR_0013,ACCT_0071,ACCT_0015,250000,NEFT,2026-03-03 14:51:00,0
TXN_005841,FIR_0009,ACCT_0030,ACCT_0042,125000,IMPS,2026-05-07 14:13:00,0
TXN_005842,FIR_0007,ACCT_0022,ACCT_0043,49000,NEFT,2026-05-07 12:42:00,1
TXN_005843,FIR_0001,ACCT_0037,ACCT_0001,1200,UPI,2026-08-08 16:28:00,0
TXN_005844,FIR_0005,ACCT_0015,ACCT_0025,48000,cash_deposit,2026-04-21 08:41:00,1
TXN_005845,FIR_0007,ACCT_0030,ACCT_0016,24000,IMPS,2026-02-18 21:17:00,0
TXN_005846,FIR_0010,ACCT_0029,ACCT_0050,5000,cash_deposit,2026-08-10 09:44:00,0
TXN_005847,FIR_0021,ACCT_0039,ACCT_0018,48000,IMPS,2026-02-16 18:19:00,1
TXN_005848,FIR_0010,ACCT_0073,ACCT_0061,24000,IMPS,2026-01-27 14:25:00,0
TXN_005849,FIR_0014,ACCT_0006,ACCT_0059,5000,IMPS,2026-08-21 17:47:00,0
TXN_005850,FIR_0019,ACCT_0021,ACCT_0080,5000,cash_deposit,2026-02-08 05:39:00,0
TXN_005851,FIR_0029,ACCT_0016,ACCT_0067,5000,UPI,2026-01-16 18:57:00,0
TXN_005852,FIR_0026,ACCT_0056,ACCT_0033,125000,UPI,2026-06-03 21:26:00,0
TXN_005853,FIR_0020,ACCT_0006,ACCT_0071,48000,cash_deposit,2026-05-10 09:52:00,1
TXN_005854,FIR_0022,ACCT_0006,ACCT_0043,9800,cash_deposit,2026-02-01 07:56:00,0
TXN_005855,FIR_0012,ACCT_0070,ACCT_0024,1200,IMPS,2026-07-23 20:18:00,0
TXN_005856,FIR_0011,ACCT_0024,ACCT_0012,9800,NEFT,2026-04-29 22:55:00,0
TXN_005857,FIR_0019,ACCT_0037,ACCT_0080,9800,UPI,2026-07-19 02:56:00,0
TXN_005858,FIR_0030,ACCT_0002,ACCT_0065,5000,cash_deposit,2026-03-24 22:15:00,0
TXN_005859,FIR_0021,ACCT_0055,ACCT_0063,24000,NEFT,2026-02-14 17:40:00,0
TXN_005860,FIR_0004,ACCT_0063,ACCT_0066,49000,cash_deposit,2026-08-23 03:20:00,1
TXN_005861,FIR_0017,ACCT_0034,ACCT_0042,250000,IMPS,2026-07-12 16:21:00,0
TXN_005862,FIR_0012,ACCT_0070,ACCT_0072,5000,cash_deposit,2026-05-22 14:20:00,0
TXN_005863,FIR_0025,ACCT_0049,ACCT_0070,24000,cash_deposit,2026-03-20 17:05:00,0
TXN_005864,FIR_0026,ACCT_0080,ACCT_0015,5000,IMPS,2026-08-18 14:57:00,0
TXN_005865,FIR_0016,ACCT_0004,ACCT_0061,125000,NEFT,2026-07-13 11:22:00,0
TXN_005866,FIR_0002,ACCT_0001,ACCT_0079,250000,UPI,2026-04-24 00:20:00,0
TXN_005867,FIR_0027,ACCT_0035,ACCT_0024,75000,UPI,2026-07-10 14:59:00,0
TXN_005868,FIR_0008,ACCT_0020,ACCT_0079,75000,cash_deposit,2026-02-06 14:32:00,0
TXN_005869,FIR_0007,ACCT_0063,ACCT_0074,5000,UPI,2026-03-05 11:45:00,0
TXN_005870,FIR_0021,ACCT_0030,ACCT_0011,49000,NEFT,2026-08-20 01:01:00,1
TXN_005871,FIR_0010,ACCT_0068,ACCT_0063,48000,NEFT,2026-07-06 19:28:00,1
TXN_005872,FIR_0011,ACCT_0029,ACCT_0047,49000,NEFT,2026-03-02 20:20:00,1
TXN_005873,FIR_0001,ACCT_0077,ACCT_0066,250000,cash_deposit,2026-03-23 00:33:00,0
TXN_005874,FIR_0021,ACCT_0074,ACCT_0060,24000,cash_deposit,2026-03-02 12:57:00,0
TXN_005875,FIR_0012,ACCT_0026,ACCT_0021,24000,IMPS,2026-01-23 22:35:00,0
TXN_005876,FIR_0018,ACCT_0028,ACCT_0079,48000,cash_deposit,2026-08-20 15:16:00,1
TXN_005877,FIR_0012,ACCT_0072,ACCT_0075,250000,NEFT,2026-02-10 18:12:00,0
TXN_005878,FIR_0014,ACCT_0079,ACCT_0055,24000,cash_deposit,2026-06-18 03:52:00,0
TXN_005879,FIR_0006,ACCT_0053,ACCT_0010,5000,NEFT,2026-07-12 03:53:00,0
TXN_005880,FIR_0027,ACCT_0007,ACCT_0073,9800,cash_deposit,2026-04-06 19:40:00,0
TXN_005881,FIR_0011,ACCT_0012,ACCT_0003,9800,IMPS,2026-07-25 12:18:00,0
TXN_005882,FIR_0024,ACCT_0017,ACCT_0053,48000,cash_deposit,2026-01-24 13:41:00,1
TXN_005883,FIR_0004,ACCT_0076,ACCT_0044,250000,UPI,2026-07-15 15:10:00,0
TXN_005884,FIR_0009,ACCT_0007,ACCT_0062,75000,IMPS,2026-01-04 11:19:00,0
TXN_005885,FIR_0010,ACCT_0065,ACCT_0060,48000,NEFT,2026-03-26 20:39:00,1
TXN_005886,FIR_0017,ACCT_0059,ACCT_0027,5000,UPI,2026-04-17 07:07:00,0
TXN_005887,FIR_0017,ACCT_0013,ACCT_0048,125000,IMPS,2026-01-03 19:36:00,0
TXN_005888,FIR_0018,ACCT_0007,ACCT_0078,48000,IMPS,2026-05-24 16:48:00,1
TXN_005889,FIR_0004,ACCT_0025,ACCT_0019,1200,NEFT,2026-08-25 05:12:00,0
TXN_005890,FIR_0015,ACCT_0010,ACCT_0008,5000,cash_deposit,2026-07-14 03:54:00,0
TXN_005891,FIR_0010,ACCT_0043,ACCT_0038,48000,NEFT,2026-06-02 13:26:00,1
TXN_005892,FIR_0022,ACCT_0006,ACCT_0072,250000,cash_deposit,2026-07-21 12:28:00,0
TXN_005893,FIR_0021,ACCT_0011,ACCT_0002,9800,cash_deposit,2026-08-15 08:56:00,0
TXN_005894,FIR_0011,ACCT_0018,ACCT_0020,250000,IMPS,2026-03-10 02:31:00,0
TXN_005895,FIR_0020,ACCT_0013,ACCT_0039,9800,IMPS,2026-01-26 15:29:00,0
TXN_005896,FIR_0025,ACCT_0043,ACCT_0013,48000,cash_deposit,2026-01-26 11:36:00,1
TXN_005897,FIR_0025,ACCT_0032,ACCT_0012,48000,UPI,2026-08-29 20:54:00,1
TXN_005898,FIR_0026,ACCT_0052,ACCT_0022,24000,cash_deposit,2026-02-14 12:39:00,0
TXN_005899,FIR_0012,ACCT_0045,ACCT_0053,48000,NEFT,2026-05-30 13:07:00,1
TXN_005900,FIR_0006,ACCT_0007,ACCT_0038,5000,NEFT,2026-05-15 23:21:00,0
TXN_005901,FIR_0022,ACCT_0046,ACCT_0030,9800,NEFT,2026-03-29 00:07:00,0
TXN_005902,FIR_0010,ACCT_0072,ACCT_0008,75000,UPI,2026-07-27 01:28:00,0
TXN_005903,FIR_0009,ACCT_0080,ACCT_0006,125000,NEFT,2026-03-27 19:52:00,0
TXN_005904,FIR_0026,ACCT_0068,ACCT_0071,125000,NEFT,2026-04-16 23:30:00,0
TXN_005905,FIR_0004,ACCT_0039,ACCT_0067,75000,IMPS,2026-01-09 15:16:00,0
TXN_005906,FIR_0002,ACCT_0032,ACCT_0025,5000,UPI,2026-05-16 19:44:00,0
TXN_005907,FIR_0029,ACCT_0067,ACCT_0030,1200,IMPS,2026-01-26 12:49:00,0
TXN_005908,FIR_0026,ACCT_0078,ACCT_0010,9800,UPI,2026-08-31 08:16:00,0
TXN_005909,FIR_0002,ACCT_0075,ACCT_0001,5000,UPI,2026-02-20 02:29:00,0
TXN_005910,FIR_0030,ACCT_0005,ACCT_0029,1200,cash_deposit,2026-05-22 22:04:00,0
TXN_005911,FIR_0010,ACCT_0003,ACCT_0016,5000,NEFT,2026-05-19 20:43:00,0
TXN_005912,FIR_0005,ACCT_0039,ACCT_0011,125000,IMPS,2026-06-29 21:26:00,0
TXN_005913,FIR_0011,ACCT_0060,ACCT_0004,75000,UPI,2026-01-10 06:59:00,0
TXN_005914,FIR_0029,ACCT_0080,ACCT_0045,1200,cash_deposit,2026-04-01 02:36:00,0
TXN_005915,FIR_0015,ACCT_0042,ACCT_0027,49000,UPI,2026-01-25 16:06:00,1
TXN_005916,FIR_0017,ACCT_0067,ACCT_0071,125000,NEFT,2026-07-22 14:28:00,0
TXN_005917,FIR_0023,ACCT_0062,ACCT_0021,1200,cash_deposit,2026-06-01 18:42:00,0
TXN_005918,FIR_0020,ACCT_0027,ACCT_0016,1200,IMPS,2026-08-03 03:11:00,0
TXN_005919,FIR_0030,ACCT_0073,ACCT_0063,9800,IMPS,2026-07-25 22:22:00,0
TXN_005920,FIR_0009,ACCT_0021,ACCT_0057,48000,IMPS,2026-04-29 19:28:00,1
TXN_005921,FIR_0026,ACCT_0072,ACCT_0042,9800,IMPS,2026-07-19 03:16:00,0
TXN_005922,FIR_0027,ACCT_0063,ACCT_0076,75000,NEFT,2026-05-13 15:34:00,0
TXN_005923,FIR_0018,ACCT_0066,ACCT_0054,24000,NEFT,2026-08-22 22:22:00,0
TXN_005924,FIR_0027,ACCT_0039,ACCT_0029,75000,UPI,2026-06-20 23:05:00,0
TXN_005925,FIR_0002,ACCT_0037,ACCT_0052,125000,NEFT,2026-06-08 11:59:00,0
TXN_005926,FIR_0009,ACCT_0074,ACCT_0037,75000,NEFT,2026-04-02 03:11:00,0
TXN_005927,FIR_0010,ACCT_0069,ACCT_0031,1200,cash_deposit,2026-02-03 15:21:00,0
TXN_005928,FIR_0021,ACCT_0013,ACCT_0011,48000,NEFT,2026-06-10 17:29:00,1
TXN_005929,FIR_0013,ACCT_0066,ACCT_0056,24000,IMPS,2026-08-26 19:14:00,0
TXN_005930,FIR_0010,ACCT_0039,ACCT_0068,5000,cash_deposit,2026-08-26 10:24:00,0
TXN_005931,FIR_0015,ACCT_0032,ACCT_0079,5000,UPI,2026-03-21 21:23:00,0
TXN_005932,FIR_0028,ACCT_0078,ACCT_0075,9800,UPI,2026-02-16 20:14:00,0
TXN_005933,FIR_0002,ACCT_0076,ACCT_0026,48000,NEFT,2026-06-22 05:34:00,1
TXN_005934,FIR_0028,ACCT_0031,ACCT_0049,5000,NEFT,2026-07-02 11:41:00,0
TXN_005935,FIR_0024,ACCT_0062,ACCT_0034,125000,cash_deposit,2026-01-05 06:21:00,0
TXN_005936,FIR_0009,ACCT_0028,ACCT_0053,75000,IMPS,2026-01-14 12:06:00,0
TXN_005937,FIR_0007,ACCT_0068,ACCT_0030,250000,UPI,2026-06-07 19:56:00,0
TXN_005938,FIR_0009,ACCT_0006,ACCT_0039,48000,IMPS,2026-07-09 03:20:00,1
TXN_005939,FIR_0015,ACCT_0009,ACCT_0054,24000,UPI,2026-01-21 05:58:00,0
TXN_005940,FIR_0012,ACCT_0044,ACCT_0047,5000,IMPS,2026-04-26 10:31:00,0
TXN_005941,FIR_0023,ACCT_0067,ACCT_0029,75000,NEFT,2026-03-15 02:49:00,0
TXN_005942,FIR_0007,ACCT_0016,ACCT_0040,24000,UPI,2026-02-02 13:12:00,0
TXN_005943,FIR_0026,ACCT_0006,ACCT_0031,5000,IMPS,2026-05-06 12:55:00,0
TXN_005944,FIR_0009,ACCT_0010,ACCT_0074,9800,UPI,2026-04-22 22:58:00,0
TXN_005945,FIR_0009,ACCT_0050,ACCT_0031,9800,UPI,2026-05-14 08:23:00,0
TXN_005946,FIR_0025,ACCT_0035,ACCT_0053,1200,UPI,2026-01-07 20:03:00,0
TXN_005947,FIR_0006,ACCT_0016,ACCT_0035,1200,IMPS,2026-04-04 15:59:00,0
TXN_005948,FIR_0004,ACCT_0028,ACCT_0057,49000,cash_deposit,2026-08-20 09:21:00,1
TXN_005949,FIR_0006,ACCT_0047,ACCT_0045,125000,NEFT,2026-08-25 14:50:00,0
TXN_005950,FIR_0002,ACCT_0012,ACCT_0001,1200,IMPS,2026-03-30 22:59:00,0
TXN_005951,FIR_0001,ACCT_0057,ACCT_0072,1200,NEFT,2026-08-26 22:33:00,0
TXN_005952,FIR_0019,ACCT_0062,ACCT_0045,24000,NEFT,2026-02-28 23:36:00,0
TXN_005953,FIR_0011,ACCT_0014,ACCT_0079,5000,cash_deposit,2026-06-13 07:30:00,0
TXN_005954,FIR_0024,ACCT_0008,ACCT_0014,5000,NEFT,2026-06-12 15:26:00,0
TXN_005955,FIR_0001,ACCT_0002,ACCT_0031,1200,NEFT,2026-07-19 08:04:00,0
TXN_005956,FIR_0024,ACCT_0048,ACCT_0069,9800,UPI,2026-05-09 13:28:00,0
TXN_005957,FIR_0010,ACCT_0011,ACCT_0002,125000,IMPS,2026-06-08 07:53:00,0
TXN_005958,FIR_0016,ACCT_0043,ACCT_0053,24000,NEFT,2026-06-10 23:51:00,0
TXN_005959,FIR_0003,ACCT_0069,ACCT_0030,5000,UPI,2026-08-24 20:09:00,0
TXN_005960,FIR_0023,ACCT_0022,ACCT_0001,49000,IMPS,2026-05-12 16:36:00,1
TXN_005961,FIR_0027,ACCT_0073,ACCT_0028,75000,NEFT,2026-08-24 23:49:00,0
TXN_005962,FIR_0004,ACCT_0008,ACCT_0061,250000,NEFT,2026-08-20 04:50:00,0
TXN_005963,FIR_0017,ACCT_0035,ACCT_0006,250000,cash_deposit,2026-01-02 12:39:00,0
TXN_005964,FIR_0011,ACCT_0071,ACCT_0012,1200,UPI,2026-03-01 09:12:00,0
TXN_005965,FIR_0002,ACCT_0044,ACCT_0030,125000,NEFT,2026-06-30 14:59:00,0
TXN_005966,FIR_0006,ACCT_0050,ACCT_0014,125000,UPI,2026-05-25 00:34:00,0
TXN_005967,FIR_0009,ACCT_0063,ACCT_0052,48000,cash_deposit,2026-08-19 08:55:00,1
TXN_005968,FIR_0021,ACCT_0028,ACCT_0021,1200,IMPS,2026-07-03 18:53:00,0
TXN_005969,FIR_0025,ACCT_0035,ACCT_0061,1200,UPI,2026-03-29 19:44:00,0
TXN_005970,FIR_0006,ACCT_0051,ACCT_0061,125000,cash_deposit,2026-01-29 02:00:00,0
TXN_005971,FIR_0007,ACCT_0060,ACCT_0072,24000,UPI,2026-03-09 18:30:00,0
TXN_005972,FIR_0004,ACCT_0035,ACCT_0071,9800,UPI,2026-06-20 00:24:00,0
TXN_005973,FIR_0021,ACCT_0067,ACCT_0043,1200,IMPS,2026-07-10 13:27:00,0
TXN_005974,FIR_0027,ACCT_0016,ACCT_0056,24000,IMPS,2026-08-20 04:42:00,0
TXN_005975,FIR_0001,ACCT_0044,ACCT_0016,9800,NEFT,2026-08-04 00:38:00,0
TXN_005976,FIR_0012,ACCT_0042,ACCT_0065,250000,UPI,2026-01-20 13:18:00,0
TXN_005977,FIR_0020,ACCT_0060,ACCT_0003,24000,UPI,2026-06-03 15:19:00,0
TXN_005978,FIR_0003,ACCT_0051,ACCT_0008,75000,UPI,2026-01-09 21:52:00,0
TXN_005979,FIR_0009,ACCT_0078,ACCT_0065,75000,NEFT,2026-05-01 16:25:00,0
TXN_005980,FIR_0006,ACCT_0078,ACCT_0043,75000,IMPS,2026-02-23 11:59:00,0
TXN_005981,FIR_0021,ACCT_0066,ACCT_0071,9800,NEFT,2026-03-31 06:27:00,0
TXN_005982,FIR_0020,ACCT_0034,ACCT_0044,125000,cash_deposit,2026-06-16 19:01:00,0
TXN_005983,FIR_0006,ACCT_0013,ACCT_0010,49000,UPI,2026-03-14 19:14:00,1
TXN_005984,FIR_0011,ACCT_0044,ACCT_0042,5000,NEFT,2026-07-31 19:58:00,0
TXN_005985,FIR_0030,ACCT_0055,ACCT_0027,5000,NEFT,2026-01-01 10:03:00,0
TXN_005986,FIR_0025,ACCT_0038,ACCT_0053,24000,NEFT,2026-01-08 16:09:00,0
TXN_005987,FIR_0009,ACCT_0060,ACCT_0017,9800,NEFT,2026-03-29 19:44:00,0
TXN_005988,FIR_0002,ACCT_0048,ACCT_0015,1200,NEFT,2026-06-25 17:45:00,0
TXN_005989,FIR_0017,ACCT_0071,ACCT_0067,1200,cash_deposit,2026-07-25 03:07:00,0
TXN_005990,FIR_0010,ACCT_0049,ACCT_0035,250000,UPI,2026-04-10 06:33:00,0
TXN_005991,FIR_0023,ACCT_0031,ACCT_0051,49000,NEFT,2026-07-08 10:39:00,1
TXN_005992,FIR_0024,ACCT_0034,ACCT_0031,48000,IMPS,2026-02-01 06:30:00,1
TXN_005993,FIR_0016,ACCT_0073,ACCT_0037,49000,NEFT,2026-06-20 15:24:00,1
TXN_005994,FIR_0007,ACCT_0029,ACCT_0077,49000,NEFT,2026-01-04 21:46:00,1
TXN_005995,FIR_0022,ACCT_0010,ACCT_0023,125000,cash_deposit,2026-03-10 20:22:00,0
TXN_005996,FIR_0015,ACCT_0018,ACCT_0015,9800,cash_deposit,2026-05-02 22:54:00,0
TXN_005997,FIR_0021,ACCT_0009,ACCT_0071,1200,cash_deposit,2026-01-13 16:11:00,0
TXN_005998,FIR_0029,ACCT_0029,ACCT_0071,250000,NEFT,2026-07-17 01:28:00,0
TXN_005999,FIR_0013,ACCT_0003,ACCT_0070,9800,IMPS,2026-02-19 19:53:00,0
TXN_006000,FIR_0014,ACCT_0030,ACCT_0078,125000,UPI,2026-05-21 00:32:00,0
TXN_006001,FIR_0029,ACCT_0027,ACCT_0003,5000,NEFT,2026-07-14 07:18:00,0
TXN_006002,FIR_0015,ACCT_0002,ACCT_0030,49000,cash_deposit,2026-07-30 22:40:00,1
TXN_006003,FIR_0009,ACCT_0002,ACCT_0063,1200,cash_deposit,2026-02-11 12:53:00,0
TXN_006004,FIR_0022,ACCT_0058,ACCT_0034,49000,UPI,2026-05-30 23:18:00,1
TXN_006005,FIR_0025,ACCT_0055,ACCT_0018,5000,cash_deposit,2026-02-24 21:24:00,0
TXN_006006,FIR_0014,ACCT_0071,ACCT_0065,49000,cash_deposit,2026-07-30 10:11:00,1
TXN_006007,FIR_0012,ACCT_0022,ACCT_0058,24000,UPI,2026-08-07 00:23:00,0
TXN_006008,FIR_0010,ACCT_0078,ACCT_0072,250000,cash_deposit,2026-01-20 11:38:00,0
TXN_006009,FIR_0021,ACCT_0035,ACCT_0043,24000,UPI,2026-02-24 15:42:00,0
TXN_006010,FIR_0024,ACCT_0012,ACCT_0068,5000,NEFT,2026-07-18 09:46:00,0
TXN_006011,FIR_0023,ACCT_0021,ACCT_0063,5000,IMPS,2026-02-11 21:13:00,0
TXN_006012,FIR_0026,ACCT_0010,ACCT_0075,5000,IMPS,2026-07-31 19:54:00,0
TXN_006013,FIR_0025,ACCT_0061,ACCT_0053,1200,IMPS,2026-05-11 16:43:00,0
TXN_006014,FIR_0019,ACCT_0007,ACCT_0023,9800,cash_deposit,2026-07-16 20:28:00,0
TXN_006015,FIR_0010,ACCT_0019,ACCT_0065,75000,cash_deposit,2026-02-27 22:23:00,0
TXN_006016,FIR_0007,ACCT_0052,ACCT_0078,49000,cash_deposit,2026-02-15 03:18:00,1
TXN_006017,FIR_0016,ACCT_0001,ACCT_0031,1200,NEFT,2026-07-19 05:10:00,0
TXN_006018,FIR_0016,ACCT_0057,ACCT_0061,1200,UPI,2026-07-05 06:59:00,0
TXN_006019,FIR_0009,ACCT_0016,ACCT_0014,49000,NEFT,2026-08-16 21:16:00,1
TXN_006020,FIR_0018,ACCT_0075,ACCT_0011,49000,NEFT,2026-01-30 09:03:00,1
TXN_006021,FIR_0021,ACCT_0008,ACCT_0028,9800,UPI,2026-03-07 18:05:00,0
TXN_006022,FIR_0012,ACCT_0053,ACCT_0057,49000,cash_deposit,2026-08-24 19:14:00,1
TXN_006023,FIR_0003,ACCT_0069,ACCT_0009,250000,NEFT,2026-01-24 05:01:00,0
TXN_006024,FIR_0002,ACCT_0053,ACCT_0021,125000,cash_deposit,2026-07-15 03:51:00,0
TXN_006025,FIR_0028,ACCT_0029,ACCT_0001,1200,IMPS,2026-07-29 20:19:00,0
TXN_006026,FIR_0001,ACCT_0068,ACCT_0031,1200,cash_deposit,2026-01-13 05:59:00,0
TXN_006027,FIR_0011,ACCT_0040,ACCT_0069,1200,NEFT,2026-08-21 05:33:00,0
TXN_006028,FIR_0022,ACCT_0021,ACCT_0038,24000,cash_deposit,2026-05-17 09:50:00,0
TXN_006029,FIR_0028,ACCT_0070,ACCT_0047,250000,NEFT,2026-02-12 09:52:00,0
TXN_006030,FIR_0030,ACCT_0028,ACCT_0064,24000,cash_deposit,2026-05-29 17:56:00,0
TXN_006031,FIR_0021,ACCT_0070,ACCT_0069,48000,NEFT,2026-05-05 05:42:00,1
TXN_006032,FIR_0011,ACCT_0056,ACCT_0025,49000,UPI,2026-01-14 18:30:00,1
TXN_006033,FIR_0010,ACCT_0043,ACCT_0019,125000,UPI,2026-03-03 01:19:00,0
TXN_006034,FIR_0029,ACCT_0070,ACCT_0037,75000,UPI,2026-05-15 17:00:00,0
TXN_006035,FIR_0021,ACCT_0021,ACCT_0005,48000,IMPS,2026-01-19 18:10:00,1
TXN_006036,FIR_0010,ACCT_0009,ACCT_0053,24000,cash_deposit,2026-03-21 12:19:00,0
TXN_006037,FIR_0007,ACCT_0019,ACCT_0077,125000,cash_deposit,2026-01-08 15:24:00,0
TXN_006038,FIR_0025,ACCT_0076,ACCT_0051,75000,NEFT,2026-08-18 22:24:00,0
TXN_006039,FIR_0006,ACCT_0027,ACCT_0067,5000,NEFT,2026-02-02 19:36:00,0
TXN_006040,FIR_0029,ACCT_0070,ACCT_0040,1200,UPI,2026-06-13 08:59:00,0
TXN_006041,FIR_0009,ACCT_0075,ACCT_0057,5000,IMPS,2026-05-06 18:10:00,0
TXN_006042,FIR_0002,ACCT_0039,ACCT_0075,48000,UPI,2026-03-25 01:55:00,1
TXN_006043,FIR_0007,ACCT_0013,ACCT_0038,5000,NEFT,2026-07-15 05:32:00,0
TXN_006044,FIR_0030,ACCT_0078,ACCT_0050,24000,UPI,2026-05-19 12:02:00,0
TXN_006045,FIR_0024,ACCT_0065,ACCT_0026,5000,cash_deposit,2026-06-27 21:00:00,0
TXN_006046,FIR_0009,ACCT_0026,ACCT_0077,48000,UPI,2026-05-04 07:17:00,1
TXN_006047,FIR_0024,ACCT_0047,ACCT_0055,5000,IMPS,2026-05-05 05:38:00,0
TXN_006048,FIR_0017,ACCT_0003,ACCT_0035,48000,cash_deposit,2026-02-04 20:24:00,1
TXN_006049,FIR_0009,ACCT_0050,ACCT_0034,9800,IMPS,2026-05-15 09:57:00,0
TXN_006050,FIR_0018,ACCT_0075,ACCT_0065,24000,NEFT,2026-04-09 15:43:00,0
TXN_006051,FIR_0021,ACCT_0026,ACCT_0016,75000,UPI,2026-08-18 10:22:00,0
TXN_006052,FIR_0010,ACCT_0012,ACCT_0068,5000,UPI,2026-08-16 09:09:00,0
TXN_006053,FIR_0028,ACCT_0042,ACCT_0013,9800,NEFT,2026-04-02 02:38:00,0
TXN_006054,FIR_0024,ACCT_0030,ACCT_0080,48000,UPI,2026-07-01 23:20:00,1
TXN_006055,FIR_0022,ACCT_0037,ACCT_0041,49000,cash_deposit,2026-01-03 08:36:00,1
TXN_006056,FIR_0025,ACCT_0029,ACCT_0068,9800,NEFT,2026-07-28 01:04:00,0
TXN_006057,FIR_0003,ACCT_0070,ACCT_0041,24000,UPI,2026-04-27 05:19:00,0
TXN_006058,FIR_0007,ACCT_0007,ACCT_0074,24000,IMPS,2026-06-05 10:59:00,0
TXN_006059,FIR_0023,ACCT_0004,ACCT_0068,250000,NEFT,2026-08-25 05:41:00,0
TXN_006060,FIR_0030,ACCT_0071,ACCT_0056,250000,cash_deposit,2026-05-30 21:12:00,0
TXN_006061,FIR_0014,ACCT_0002,ACCT_0070,1200,NEFT,2026-04-20 19:40:00,0
TXN_006062,FIR_0023,ACCT_0056,ACCT_0069,24000,IMPS,2026-02-08 19:01:00,0
TXN_006063,FIR_0006,ACCT_0025,ACCT_0038,9800,NEFT,2026-03-22 16:35:00,0
TXN_006064,FIR_0002,ACCT_0041,ACCT_0070,9800,NEFT,2026-01-27 19:39:00,0
TXN_006065,FIR_0022,ACCT_0004,ACCT_0060,24000,cash_deposit,2026-03-24 09:17:00,0
TXN_006066,FIR_0003,ACCT_0077,ACCT_0026,5000,cash_deposit,2026-05-11 13:16:00,0
TXN_006067,FIR_0002,ACCT_0024,ACCT_0032,49000,cash_deposit,2026-06-02 23:06:00,1
TXN_006068,FIR_0001,ACCT_0031,ACCT_0038,24000,cash_deposit,2026-06-01 03:10:00,0
TXN_006069,FIR_0003,ACCT_0052,ACCT_0064,49000,cash_deposit,2026-01-24 02:37:00,1
TXN_006070,FIR_0009,ACCT_0042,ACCT_0065,1200,UPI,2026-04-22 23:40:00,0
TXN_006071,FIR_0024,ACCT_0053,ACCT_0007,75000,cash_deposit,2026-04-20 01:49:00,0
TXN_006072,FIR_0013,ACCT_0012,ACCT_0035,1200,cash_deposit,2026-01-03 03:57:00,0
TXN_006073,FIR_0013,ACCT_0036,ACCT_0016,5000,UPI,2026-08-11 19:47:00,0
TXN_006074,FIR_0015,ACCT_0038,ACCT_0030,250000,NEFT,2026-01-02 10:26:00,0
TXN_006075,FIR_0011,ACCT_0059,ACCT_0042,24000,UPI,2026-03-13 07:19:00,0
TXN_006076,FIR_0026,ACCT_0033,ACCT_0017,9800,NEFT,2026-03-24 20:23:00,0
TXN_006077,FIR_0030,ACCT_0060,ACCT_0053,125000,IMPS,2026-03-07 01:13:00,0
TXN_006078,FIR_0025,ACCT_0038,ACCT_0022,9800,IMPS,2026-01-14 02:05:00,0
TXN_006079,FIR_0010,ACCT_0014,ACCT_0031,1200,UPI,2026-03-14 13:27:00,0
TXN_006080,FIR_0020,ACCT_0045,ACCT_0003,48000,IMPS,2026-01-05 01:23:00,1
TXN_006081,FIR_0019,ACCT_0019,ACCT_0042,125000,UPI,2026-03-16 14:03:00,0
TXN_006082,FIR_0027,ACCT_0030,ACCT_0050,9800,UPI,2026-08-18 02:38:00,0
TXN_006083,FIR_0018,ACCT_0014,ACCT_0030,250000,IMPS,2026-08-12 15:47:00,0
TXN_006084,FIR_0015,ACCT_0045,ACCT_0063,9800,cash_deposit,2026-02-18 20:55:00,0
TXN_006085,FIR_0027,ACCT_0033,ACCT_0038,9800,IMPS,2026-07-16 07:05:00,0
TXN_006086,FIR_0010,ACCT_0059,ACCT_0062,250000,cash_deposit,2026-02-10 04:14:00,0
TXN_006087,FIR_0029,ACCT_0059,ACCT_0073,125000,IMPS,2026-04-02 11:27:00,0
TXN_006088,FIR_0011,ACCT_0070,ACCT_0034,9800,cash_deposit,2026-08-29 04:13:00,0
TXN_006089,FIR_0004,ACCT_0048,ACCT_0025,48000,IMPS,2026-07-15 07:09:00,1
TXN_006090,FIR_0029,ACCT_0006,ACCT_0042,125000,IMPS,2026-07-18 05:12:00,0
TXN_006091,FIR_0005,ACCT_0047,ACCT_0034,9800,cash_deposit,2026-08-27 20:31:00,0
TXN_006092,FIR_0020,ACCT_0005,ACCT_0052,250000,cash_deposit,2026-03-10 03:08:00,0
TXN_006093,FIR_0010,ACCT_0009,ACCT_0012,48000,NEFT,2026-06-13 22:36:00,1
TXN_006094,FIR_0016,ACCT_0048,ACCT_0050,24000,cash_deposit,2026-07-26 02:37:00,0
TXN_006095,FIR_0029,ACCT_0010,ACCT_0027,5000,cash_deposit,2026-03-13 13:27:00,0
TXN_006096,FIR_0023,ACCT_0001,ACCT_0012,48000,UPI,2026-04-27 23:28:00,1
TXN_006097,FIR_0003,ACCT_0076,ACCT_0023,5000,NEFT,2026-06-27 09:24:00,0
TXN_006098,FIR_0018,ACCT_0074,ACCT_0011,125000,NEFT,2026-02-05 06:10:00,0
TXN_006099,FIR_0015,ACCT_0080,ACCT_0049,24000,UPI,2026-03-05 15:42:00,0
TXN_006100,FIR_0018,ACCT_0002,ACCT_0054,48000,cash_deposit,2026-07-28 15:48:00,1
TXN_006101,FIR_0005,ACCT_0027,ACCT_0004,24000,cash_deposit,2026-05-09 10:07:00,0
TXN_006102,FIR_0029,ACCT_0019,ACCT_0038,48000,cash_deposit,2026-02-01 09:53:00,1
TXN_006103,FIR_0028,ACCT_0010,ACCT_0017,24000,UPI,2026-04-16 02:11:00,0
TXN_006104,FIR_0003,ACCT_0046,ACCT_0061,49000,NEFT,2026-03-19 13:38:00,1
TXN_006105,FIR_0020,ACCT_0019,ACCT_0037,250000,NEFT,2026-03-27 23:45:00,0
TXN_006106,FIR_0004,ACCT_0021,ACCT_0016,1200,UPI,2026-07-26 03:39:00,0
TXN_006107,FIR_0013,ACCT_0020,ACCT_0038,1200,cash_deposit,2026-08-08 00:31:00,0
TXN_006108,FIR_0016,ACCT_0068,ACCT_0019,250000,NEFT,2026-02-05 03:17:00,0
TXN_006109,FIR_0004,ACCT_0066,ACCT_0003,125000,IMPS,2026-02-19 01:56:00,0
TXN_006110,FIR_0017,ACCT_0044,ACCT_0039,24000,NEFT,2026-04-22 08:53:00,0
TXN_006111,FIR_0023,ACCT_0067,ACCT_0012,9800,IMPS,2026-08-04 21:15:00,0
TXN_006112,FIR_0024,ACCT_0059,ACCT_0040,49000,NEFT,2026-01-30 12:21:00,1
TXN_006113,FIR_0015,ACCT_0060,ACCT_0033,75000,IMPS,2026-03-07 13:55:00,0
TXN_006114,FIR_0028,ACCT_0021,ACCT_0065,250000,cash_deposit,2026-08-22 12:20:00,0
TXN_006115,FIR_0025,ACCT_0003,ACCT_0041,5000,NEFT,2026-06-25 19:39:00,0
TXN_006116,FIR_0019,ACCT_0030,ACCT_0042,48000,NEFT,2026-02-25 04:11:00,1
TXN_006117,FIR_0023,ACCT_0075,ACCT_0057,250000,cash_deposit,2026-03-05 09:33:00,0
TXN_006118,FIR_0028,ACCT_0072,ACCT_0015,9800,cash_deposit,2026-01-02 06:46:00,0
TXN_006119,FIR_0022,ACCT_0066,ACCT_0061,49000,UPI,2026-02-25 11:32:00,1
TXN_006120,FIR_0003,ACCT_0019,ACCT_0036,48000,cash_deposit,2026-06-29 02:47:00,1
TXN_006121,FIR_0001,ACCT_0032,ACCT_0016,24000,cash_deposit,2026-07-19 09:21:00,0
TXN_006122,FIR_0010,ACCT_0052,ACCT_0028,250000,UPI,2026-07-26 21:08:00,0
TXN_006123,FIR_0016,ACCT_0053,ACCT_0043,24000,IMPS,2026-05-06 13:30:00,0
TXN_006124,FIR_0017,ACCT_0067,ACCT_0006,24000,NEFT,2026-08-08 23:57:00,0
TXN_006125,FIR_0016,ACCT_0036,ACCT_0025,24000,IMPS,2026-08-22 08:03:00,0
TXN_006126,FIR_0029,ACCT_0045,ACCT_0025,75000,cash_deposit,2026-04-25 22:41:00,0
TXN_006127,FIR_0017,ACCT_0024,ACCT_0051,75000,IMPS,2026-02-15 13:45:00,0
TXN_006128,FIR_0014,ACCT_0032,ACCT_0068,125000,NEFT,2026-06-23 12:51:00,0
TXN_006129,FIR_0007,ACCT_0035,ACCT_0067,75000,UPI,2026-08-10 14:00:00,0
TXN_006130,FIR_0022,ACCT_0025,ACCT_0061,75000,IMPS,2026-05-21 17:54:00,0
TXN_006131,FIR_0023,ACCT_0045,ACCT_0062,48000,UPI,2026-01-12 15:20:00,1
TXN_006132,FIR_0029,ACCT_0048,ACCT_0025,1200,cash_deposit,2026-07-05 22:54:00,0
TXN_006133,FIR_0007,ACCT_0047,ACCT_0025,125000,IMPS,2026-04-16 05:53:00,0
TXN_006134,FIR_0030,ACCT_0019,ACCT_0061,75000,IMPS,2026-02-16 01:50:00,0
TXN_006135,FIR_0021,ACCT_0028,ACCT_0078,9800,cash_deposit,2026-01-20 11:53:00,0
TXN_006136,FIR_0022,ACCT_0026,ACCT_0018,49000,cash_deposit,2026-03-23 17:27:00,1
TXN_006137,FIR_0016,ACCT_0016,ACCT_0078,5000,NEFT,2026-01-19 14:21:00,0
TXN_006138,FIR_0016,ACCT_0049,ACCT_0078,1200,UPI,2026-04-24 19:32:00,0
TXN_006139,FIR_0006,ACCT_0040,ACCT_0011,75000,UPI,2026-07-25 05:56:00,0
TXN_006140,FIR_0020,ACCT_0051,ACCT_0006,75000,NEFT,2026-07-13 05:42:00,0
TXN_006141,FIR_0004,ACCT_0062,ACCT_0060,49000,NEFT,2026-08-18 03:04:00,1
TXN_006142,FIR_0001,ACCT_0045,ACCT_0056,24000,IMPS,2026-01-25 16:35:00,0
TXN_006143,FIR_0007,ACCT_0012,ACCT_0066,9800,UPI,2026-08-17 11:52:00,0
TXN_006144,FIR_0003,ACCT_0070,ACCT_0001,24000,UPI,2026-08-06 11:48:00,0
TXN_006145,FIR_0008,ACCT_0068,ACCT_0010,125000,NEFT,2026-07-11 10:25:00,0
TXN_006146,FIR_0030,ACCT_0015,ACCT_0077,1200,NEFT,2026-01-15 05:04:00,0
TXN_006147,FIR_0005,ACCT_0079,ACCT_0076,250000,IMPS,2026-03-03 08:28:00,0
TXN_006148,FIR_0011,ACCT_0078,ACCT_0042,5000,UPI,2026-03-10 12:38:00,0
TXN_006149,FIR_0006,ACCT_0008,ACCT_0038,250000,IMPS,2026-01-28 00:55:00,0
TXN_006150,FIR_0018,ACCT_0026,ACCT_0042,48000,cash_deposit,2026-01-05 01:02:00,1
TXN_006151,FIR_0011,ACCT_0064,ACCT_0066,48000,UPI,2026-01-22 10:57:00,1
TXN_006152,FIR_0002,ACCT_0080,ACCT_0040,125000,cash_deposit,2026-04-02 20:08:00,0
TXN_006153,FIR_0008,ACCT_0075,ACCT_0057,48000,IMPS,2026-08-05 19:52:00,1
TXN_006154,FIR_0002,ACCT_0052,ACCT_0076,75000,UPI,2026-07-22 00:46:00,0
TXN_006155,FIR_0027,ACCT_0058,ACCT_0051,9800,UPI,2026-04-24 04:43:00,0
TXN_006156,FIR_0028,ACCT_0060,ACCT_0069,9800,IMPS,2026-03-31 05:34:00,0
TXN_006157,FIR_0016,ACCT_0001,ACCT_0075,125000,cash_deposit,2026-05-06 22:59:00,0
TXN_006158,FIR_0020,ACCT_0058,ACCT_0035,125000,NEFT,2026-07-15 12:22:00,0
TXN_006159,FIR_0027,ACCT_0003,ACCT_0060,125000,UPI,2026-02-23 06:00:00,0
TXN_006160,FIR_0029,ACCT_0005,ACCT_0023,5000,UPI,2026-06-23 03:42:00,0
TXN_006161,FIR_0013,ACCT_0049,ACCT_0014,48000,UPI,2026-01-17 11:39:00,1
TXN_006162,FIR_0016,ACCT_0057,ACCT_0056,5000,IMPS,2026-07-08 20:52:00,0
TXN_006163,FIR_0004,ACCT_0057,ACCT_0071,49000,NEFT,2026-06-19 19:41:00,1
TXN_006164,FIR_0022,ACCT_0055,ACCT_0076,5000,NEFT,2026-08-20 03:45:00,0
TXN_006165,FIR_0026,ACCT_0067,ACCT_0063,250000,NEFT,2026-05-29 04:27:00,0
TXN_006166,FIR_0018,ACCT_0057,ACCT_0073,250000,NEFT,2026-05-25 22:03:00,0
TXN_006167,FIR_0023,ACCT_0039,ACCT_0061,1200,cash_deposit,2026-04-18 09:24:00,0
TXN_006168,FIR_0007,ACCT_0071,ACCT_0075,125000,IMPS,2026-05-27 18:22:00,0
TXN_006169,FIR_0029,ACCT_0025,ACCT_0043,125000,UPI,2026-03-12 03:47:00,0
TXN_006170,FIR_0020,ACCT_0013,ACCT_0060,1200,NEFT,2026-07-09 06:07:00,0
TXN_006171,FIR_0018,ACCT_0039,ACCT_0064,1200,IMPS,2026-01-31 16:24:00,0
TXN_006172,FIR_0010,ACCT_0057,ACCT_0025,5000,IMPS,2026-05-18 12:40:00,0
TXN_006173,FIR_0013,ACCT_0037,ACCT_0043,5000,cash_deposit,2026-03-18 04:48:00,0
TXN_006174,FIR_0004,ACCT_0032,ACCT_0040,1200,UPI,2026-01-07 17:32:00,0
TXN_006175,FIR_0026,ACCT_0025,ACCT_0031,125000,cash_deposit,2026-02-23 06:09:00,0
TXN_006176,FIR_0015,ACCT_0070,ACCT_0009,9800,UPI,2026-01-31 00:39:00,0
TXN_006177,FIR_0013,ACCT_0022,ACCT_0029,125000,IMPS,2026-02-03 07:25:00,0
TXN_006178,FIR_0012,ACCT_0045,ACCT_0060,49000,IMPS,2026-06-15 07:43:00,1
TXN_006179,FIR_0024,ACCT_0017,ACCT_0057,125000,IMPS,2026-07-07 02:23:00,0
TXN_006180,FIR_0029,ACCT_0071,ACCT_0073,48000,UPI,2026-02-22 16:51:00,1
TXN_006181,FIR_0005,ACCT_0054,ACCT_0022,75000,IMPS,2026-07-28 17:12:00,0
TXN_006182,FIR_0018,ACCT_0001,ACCT_0029,24000,UPI,2026-02-26 16:57:00,0
TXN_006183,FIR_0027,ACCT_0056,ACCT_0022,1200,cash_deposit,2026-02-22 11:31:00,0
TXN_006184,FIR_0003,ACCT_0028,ACCT_0071,75000,IMPS,2026-01-31 04:09:00,0
TXN_006185,FIR_0030,ACCT_0006,ACCT_0042,250000,NEFT,2026-04-02 19:17:00,0
TXN_006186,FIR_0017,ACCT_0007,ACCT_0025,125000,UPI,2026-04-29 20:54:00,0
TXN_006187,FIR_0024,ACCT_0051,ACCT_0007,1200,IMPS,2026-01-31 20:46:00,0
TXN_006188,FIR_0025,ACCT_0006,ACCT_0042,250000,UPI,2026-01-26 16:34:00,0
TXN_006189,FIR_0030,ACCT_0012,ACCT_0035,75000,IMPS,2026-07-20 21:10:00,0
TXN_006190,FIR_0009,ACCT_0045,ACCT_0006,49000,NEFT,2026-06-21 13:51:00,1
TXN_006191,FIR_0006,ACCT_0011,ACCT_0047,48000,NEFT,2026-06-06 03:05:00,1
TXN_006192,FIR_0021,ACCT_0058,ACCT_0054,49000,UPI,2026-03-26 20:51:00,1
TXN_006193,FIR_0012,ACCT_0076,ACCT_0058,250000,NEFT,2026-07-16 10:04:00,0
TXN_006194,FIR_0006,ACCT_0064,ACCT_0015,48000,UPI,2026-03-16 08:34:00,1
TXN_006195,FIR_0007,ACCT_0027,ACCT_0009,48000,IMPS,2026-07-20 10:09:00,1
TXN_006196,FIR_0012,ACCT_0026,ACCT_0041,24000,cash_deposit,2026-03-04 06:42:00,0
TXN_006197,FIR_0003,ACCT_0008,ACCT_0051,75000,UPI,2026-02-06 07:11:00,0
TXN_006198,FIR_0001,ACCT_0046,ACCT_0064,75000,UPI,2026-01-24 03:57:00,0
TXN_006199,FIR_0004,ACCT_0051,ACCT_0067,75000,NEFT,2026-08-04 11:40:00,0
TXN_006200,FIR_0019,ACCT_0059,ACCT_0036,5000,cash_deposit,2026-06-23 11:22:00,0
TXN_006201,FIR_0024,ACCT_0005,ACCT_0058,49000,cash_deposit,2026-07-16 09:26:00,1
TXN_006202,FIR_0008,ACCT_0060,ACCT_0005,125000,NEFT,2026-03-15 07:00:00,0
TXN_006203,FIR_0009,ACCT_0038,ACCT_0061,250000,UPI,2026-04-21 14:44:00,0
TXN_006204,FIR_0006,ACCT_0014,ACCT_0056,5000,IMPS,2026-03-21 20:47:00,0
TXN_006205,FIR_0024,ACCT_0001,ACCT_0059,49000,cash_deposit,2026-03-19 11:18:00,1
TXN_006206,FIR_0001,ACCT_0035,ACCT_0077,1200,IMPS,2026-08-17 06:24:00,0
TXN_006207,FIR_0006,ACCT_0053,ACCT_0035,49000,NEFT,2026-07-06 13:41:00,1
TXN_006208,FIR_0004,ACCT_0073,ACCT_0012,49000,cash_deposit,2026-05-26 04:34:00,1
TXN_006209,FIR_0018,ACCT_0057,ACCT_0061,5000,cash_deposit,2026-08-31 23:42:00,0
TXN_006210,FIR_0024,ACCT_0029,ACCT_0033,49000,UPI,2026-07-17 06:54:00,1
TXN_006211,FIR_0029,ACCT_0018,ACCT_0016,75000,IMPS,2026-07-12 00:49:00,0
TXN_006212,FIR_0011,ACCT_0079,ACCT_0060,9800,NEFT,2026-05-30 14:38:00,0
TXN_006213,FIR_0005,ACCT_0009,ACCT_0008,5000,NEFT,2026-06-09 20:15:00,0
TXN_006214,FIR_0028,ACCT_0010,ACCT_0026,9800,IMPS,2026-05-28 05:40:00,0
TXN_006215,FIR_0006,ACCT_0041,ACCT_0034,1200,IMPS,2026-01-08 22:58:00,0
TXN_006216,FIR_0020,ACCT_0013,ACCT_0073,125000,UPI,2026-08-08 20:19:00,0
TXN_006217,FIR_0028,ACCT_0068,ACCT_0059,24000,IMPS,2026-08-02 08:19:00,0
TXN_006218,FIR_0016,ACCT_0066,ACCT_0070,48000,UPI,2026-02-16 17:16:00,1
TXN_006219,FIR_0028,ACCT_0008,ACCT_0070,24000,UPI,2026-08-02 17:18:00,0
TXN_006220,FIR_0030,ACCT_0005,ACCT_0052,48000,NEFT,2026-05-21 15:24:00,1
TXN_006221,FIR_0024,ACCT_0041,ACCT_0060,1200,IMPS,2026-03-13 23:00:00,0
TXN_006222,FIR_0012,ACCT_0025,ACCT_0052,125000,IMPS,2026-08-10 11:20:00,0
TXN_006223,FIR_0023,ACCT_0040,ACCT_0049,1200,IMPS,2026-02-14 17:04:00,0
TXN_006224,FIR_0008,ACCT_0068,ACCT_0073,250000,cash_deposit,2026-05-14 13:29:00,0
TXN_006225,FIR_0023,ACCT_0022,ACCT_0027,1200,IMPS,2026-02-22 01:47:00,0
TXN_006226,FIR_0029,ACCT_0010,ACCT_0034,48000,IMPS,2026-01-10 13:51:00,1
TXN_006227,FIR_0002,ACCT_0075,ACCT_0057,1200,IMPS,2026-06-07 18:19:00,0
TXN_006228,FIR_0023,ACCT_0018,ACCT_0061,1200,NEFT,2026-02-18 11:32:00,0
TXN_006229,FIR_0024,ACCT_0056,ACCT_0031,125000,IMPS,2026-04-03 02:27:00,0
TXN_006230,FIR_0028,ACCT_0060,ACCT_0076,9800,NEFT,2026-04-07 09:39:00,0
TXN_006231,FIR_0002,ACCT_0024,ACCT_0040,125000,cash_deposit,2026-02-10 23:15:00,0
TXN_006232,FIR_0013,ACCT_0003,ACCT_0073,125000,NEFT,2026-01-29 03:20:00,0
TXN_006233,FIR_0017,ACCT_0077,ACCT_0002,250000,cash_deposit,2026-05-30 07:19:00,0
TXN_006234,FIR_0019,ACCT_0010,ACCT_0057,5000,NEFT,2026-08-12 13:28:00,0
TXN_006235,FIR_0007,ACCT_0059,ACCT_0047,24000,cash_deposit,2026-02-13 22:44:00,0
TXN_006236,FIR_0006,ACCT_0008,ACCT_0076,24000,UPI,2026-07-27 13:54:00,0
TXN_006237,FIR_0002,ACCT_0056,ACCT_0028,48000,cash_deposit,2026-07-12 05:56:00,1
TXN_006238,FIR_0030,ACCT_0062,ACCT_0040,125000,IMPS,2026-06-14 20:40:00,0
TXN_006239,FIR_0019,ACCT_0029,ACCT_0071,5000,cash_deposit,2026-08-18 03:00:00,0
TXN_006240,FIR_0025,ACCT_0011,ACCT_0036,9800,IMPS,2026-01-04 13:35:00,0
TXN_006241,FIR_0015,ACCT_0055,ACCT_0079,250000,NEFT,2026-02-22 23:45:00,0
TXN_006242,FIR_0008,ACCT_0005,ACCT_0033,1200,NEFT,2026-05-30 12:32:00,0
TXN_006243,FIR_0014,ACCT_0011,ACCT_0076,250000,IMPS,2026-02-14 13:22:00,0
TXN_006244,FIR_0006,ACCT_0001,ACCT_0073,48000,UPI,2026-03-10 07:03:00,1
TXN_006245,FIR_0005,ACCT_0065,ACCT_0075,49000,UPI,2026-04-04 17:14:00,1
TXN_006246,FIR_0024,ACCT_0069,ACCT_0045,49000,cash_deposit,2026-07-01 18:27:00,1
TXN_006247,FIR_0015,ACCT_0025,ACCT_0039,9800,IMPS,2026-07-17 23:26:00,0
TXN_006248,FIR_0012,ACCT_0037,ACCT_0005,48000,NEFT,2026-06-06 00:57:00,1
TXN_006249,FIR_0023,ACCT_0072,ACCT_0017,24000,cash_deposit,2026-03-06 07:13:00,0
TXN_006250,FIR_0015,ACCT_0008,ACCT_0016,75000,NEFT,2026-05-17 04:32:00,0
TXN_006251,FIR_0026,ACCT_0034,ACCT_0051,49000,UPI,2026-06-11 05:54:00,1
TXN_006252,FIR_0020,ACCT_0034,ACCT_0078,125000,NEFT,2026-08-12 18:23:00,0
TXN_006253,FIR_0021,ACCT_0071,ACCT_0036,48000,UPI,2026-05-24 05:08:00,1
TXN_006254,FIR_0018,ACCT_0063,ACCT_0074,1200,cash_deposit,2026-04-02 01:08:00,0
TXN_006255,FIR_0022,ACCT_0063,ACCT_0013,5000,NEFT,2026-05-07 04:51:00,0
TXN_006256,FIR_0023,ACCT_0041,ACCT_0005,125000,NEFT,2026-08-18 15:34:00,0
TXN_006257,FIR_0010,ACCT_0063,ACCT_0037,75000,cash_deposit,2026-06-07 05:50:00,0
TXN_006258,FIR_0021,ACCT_0030,ACCT_0048,5000,IMPS,2026-02-12 06:06:00,0
TXN_006259,FIR_0016,ACCT_0013,ACCT_0061,24000,UPI,2026-01-18 15:20:00,0
TXN_006260,FIR_0010,ACCT_0037,ACCT_0019,24000,IMPS,2026-03-06 13:14:00,0
TXN_006261,FIR_0002,ACCT_0059,ACCT_0075,75000,UPI,2026-07-09 17:21:00,0
TXN_006262,FIR_0021,ACCT_0019,ACCT_0064,125000,cash_deposit,2026-08-02 00:20:00,0
TXN_006263,FIR_0017,ACCT_0039,ACCT_0004,9800,IMPS,2026-02-06 19:57:00,0
TXN_006264,FIR_0002,ACCT_0014,ACCT_0015,24000,cash_deposit,2026-03-12 16:40:00,0
TXN_006265,FIR_0017,ACCT_0042,ACCT_0023,125000,cash_deposit,2026-08-24 05:12:00,0
TXN_006266,FIR_0005,ACCT_0046,ACCT_0036,75000,UPI,2026-01-08 20:25:00,0
TXN_006267,FIR_0007,ACCT_0043,ACCT_0006,5000,NEFT,2026-01-23 13:29:00,0
TXN_006268,FIR_0004,ACCT_0008,ACCT_0011,9800,NEFT,2026-02-21 04:07:00,0
TXN_006269,FIR_0021,ACCT_0027,ACCT_0053,1200,NEFT,2026-05-08 09:13:00,0
TXN_006270,FIR_0011,ACCT_0079,ACCT_0072,1200,IMPS,2026-01-23 18:56:00,0
TXN_006271,FIR_0014,ACCT_0042,ACCT_0023,5000,cash_deposit,2026-01-12 14:19:00,0
TXN_006272,FIR_0008,ACCT_0033,ACCT_0078,1200,cash_deposit,2026-06-02 13:26:00,0
TXN_006273,FIR_0015,ACCT_0065,ACCT_0033,1200,NEFT,2026-03-07 22:41:00,0
TXN_006274,FIR_0016,ACCT_0021,ACCT_0055,250000,cash_deposit,2026-01-09 04:08:00,0
TXN_006275,FIR_0030,ACCT_0074,ACCT_0048,75000,UPI,2026-01-28 01:02:00,0
TXN_006276,FIR_0007,ACCT_0031,ACCT_0026,1200,UPI,2026-01-31 08:43:00,0
TXN_006277,FIR_0006,ACCT_0042,ACCT_0056,250000,cash_deposit,2026-02-05 00:06:00,0
TXN_006278,FIR_0024,ACCT_0052,ACCT_0030,48000,IMPS,2026-02-08 00:47:00,1
TXN_006279,FIR_0007,ACCT_0051,ACCT_0030,1200,UPI,2026-05-28 17:06:00,0
TXN_006280,FIR_0028,ACCT_0008,ACCT_0076,9800,UPI,2026-04-19 04:41:00,0
TXN_006281,FIR_0002,ACCT_0074,ACCT_0075,5000,IMPS,2026-08-02 06:16:00,0
TXN_006282,FIR_0002,ACCT_0044,ACCT_0018,75000,NEFT,2026-05-16 07:46:00,0
TXN_006283,FIR_0009,ACCT_0023,ACCT_0027,9800,NEFT,2026-08-08 23:35:00,0
TXN_006284,FIR_0030,ACCT_0025,ACCT_0038,9800,IMPS,2026-05-26 07:28:00,0
TXN_006285,FIR_0008,ACCT_0047,ACCT_0006,24000,UPI,2026-01-25 09:52:00,0
TXN_006286,FIR_0018,ACCT_0080,ACCT_0077,75000,UPI,2026-01-07 12:04:00,0
TXN_006287,FIR_0029,ACCT_0005,ACCT_0033,125000,NEFT,2026-02-09 08:57:00,0
TXN_006288,FIR_0022,ACCT_0014,ACCT_0030,125000,cash_deposit,2026-08-02 17:02:00,0
TXN_006289,FIR_0013,ACCT_0001,ACCT_0038,5000,NEFT,2026-02-06 12:12:00,0
TXN_006290,FIR_0021,ACCT_0053,ACCT_0027,250000,NEFT,2026-02-23 20:40:00,0
TXN_006291,FIR_0003,ACCT_0023,ACCT_0076,5000,UPI,2026-05-12 20:06:00,0
TXN_006292,FIR_0011,ACCT_0058,ACCT_0068,49000,IMPS,2026-05-26 22:54:00,1
TXN_006293,FIR_0009,ACCT_0064,ACCT_0053,5000,IMPS,2026-04-12 01:03:00,0
TXN_006294,FIR_0005,ACCT_0026,ACCT_0047,9800,cash_deposit,2026-08-28 06:35:00,0
TXN_006295,FIR_0027,ACCT_0030,ACCT_0055,5000,cash_deposit,2026-08-17 14:29:00,0
TXN_006296,FIR_0025,ACCT_0038,ACCT_0061,24000,UPI,2026-03-04 11:54:00,0
TXN_006297,FIR_0021,ACCT_0053,ACCT_0041,5000,IMPS,2026-04-15 14:15:00,0
TXN_006298,FIR_0016,ACCT_0025,ACCT_0079,24000,IMPS,2026-05-26 06:37:00,0
TXN_006299,FIR_0008,ACCT_0016,ACCT_0053,9800,UPI,2026-05-21 23:49:00,0
TXN_006300,FIR_0001,ACCT_0037,ACCT_0014,49000,UPI,2026-01-15 03:07:00,1
TXN_006301,FIR_0022,ACCT_0058,ACCT_0001,125000,UPI,2026-02-19 23:33:00,0
TXN_006302,FIR_0019,ACCT_0057,ACCT_0048,24000,NEFT,2026-05-02 23:51:00,0
TXN_006303,FIR_0003,ACCT_0018,ACCT_0049,24000,UPI,2026-02-01 10:09:00,0
TXN_006304,FIR_0024,ACCT_0055,ACCT_0040,9800,cash_deposit,2026-02-06 18:11:00,0
TXN_006305,FIR_0022,ACCT_0015,ACCT_0029,250000,NEFT,2026-06-27 06:18:00,0
TXN_006306,FIR_0002,ACCT_0014,ACCT_0045,5000,IMPS,2026-04-25 18:18:00,0
TXN_006307,FIR_0015,ACCT_0078,ACCT_0019,5000,cash_deposit,2026-06-07 18:18:00,0
TXN_006308,FIR_0021,ACCT_0053,ACCT_0008,5000,NEFT,2026-01-31 18:13:00,0
TXN_006309,FIR_0022,ACCT_0058,ACCT_0065,48000,IMPS,2026-02-15 21:59:00,1
TXN_006310,FIR_0018,ACCT_0001,ACCT_0031,9800,IMPS,2026-01-24 10:50:00,0
TXN_006311,FIR_0021,ACCT_0033,ACCT_0016,9800,UPI,2026-08-13 19:18:00,0
TXN_006312,FIR_0016,ACCT_0020,ACCT_0075,125000,NEFT,2026-01-24 22:23:00,0
TXN_006313,FIR_0020,ACCT_0074,ACCT_0062,48000,NEFT,2026-03-30 11:59:00,1
TXN_006314,FIR_0007,ACCT_0049,ACCT_0050,24000,cash_deposit,2026-02-05 07:49:00,0
TXN_006315,FIR_0009,ACCT_0080,ACCT_0026,5000,NEFT,2026-06-26 15:48:00,0
TXN_006316,FIR_0004,ACCT_0075,ACCT_0012,49000,NEFT,2026-04-15 15:02:00,1
TXN_006317,FIR_0004,ACCT_0009,ACCT_0040,49000,UPI,2026-05-15 19:23:00,1
TXN_006318,FIR_0026,ACCT_0058,ACCT_0027,75000,cash_deposit,2026-07-20 18:22:00,0
TXN_006319,FIR_0020,ACCT_0043,ACCT_0046,1200,UPI,2026-01-11 17:31:00,0
TXN_006320,FIR_0004,ACCT_0044,ACCT_0022,5000,UPI,2026-05-31 06:27:00,0
TXN_006321,FIR_0023,ACCT_0032,ACCT_0048,125000,UPI,2026-04-01 04:40:00,0
TXN_006322,FIR_0018,ACCT_0067,ACCT_0064,250000,NEFT,2026-01-05 09:03:00,0
TXN_006323,FIR_0003,ACCT_0023,ACCT_0065,49000,NEFT,2026-05-25 10:25:00,1
TXN_006324,FIR_0009,ACCT_0017,ACCT_0038,48000,UPI,2026-07-02 12:24:00,1
TXN_006325,FIR_0003,ACCT_0001,ACCT_0011,125000,UPI,2026-08-05 03:11:00,0
TXN_006326,FIR_0020,ACCT_0020,ACCT_0057,24000,UPI,2026-04-01 12:34:00,0
TXN_006327,FIR_0009,ACCT_0054,ACCT_0077,48000,UPI,2026-03-28 22:00:00,1
TXN_006328,FIR_0017,ACCT_0059,ACCT_0024,1200,NEFT,2026-08-10 14:54:00,0
TXN_006329,FIR_0027,ACCT_0008,ACCT_0056,125000,UPI,2026-03-18 23:25:00,0
TXN_006330,FIR_0008,ACCT_0055,ACCT_0067,49000,NEFT,2026-05-07 16:46:00,1
TXN_006331,FIR_0022,ACCT_0064,ACCT_0053,5000,NEFT,2026-03-22 16:19:00,0
TXN_006332,FIR_0002,ACCT_0019,ACCT_0023,75000,UPI,2026-01-23 12:49:00,0
TXN_006333,FIR_0006,ACCT_0044,ACCT_0005,9800,UPI,2026-06-28 10:55:00,0
TXN_006334,FIR_0024,ACCT_0010,ACCT_0021,125000,NEFT,2026-07-02 21:40:00,0
TXN_006335,FIR_0012,ACCT_0004,ACCT_0026,49000,cash_deposit,2026-05-20 18:56:00,1
TXN_006336,FIR_0019,ACCT_0080,ACCT_0036,250000,IMPS,2026-03-18 10:55:00,0
TXN_006337,FIR_0024,ACCT_0072,ACCT_0069,48000,UPI,2026-01-03 06:53:00,1
TXN_006338,FIR_0030,ACCT_0033,ACCT_0051,1200,IMPS,2026-08-19 04:55:00,0
TXN_006339,FIR_0004,ACCT_0058,ACCT_0009,1200,IMPS,2026-04-28 07:36:00,0
TXN_006340,FIR_0020,ACCT_0066,ACCT_0080,49000,NEFT,2026-07-04 20:57:00,1
TXN_006341,FIR_0002,ACCT_0047,ACCT_0074,24000,UPI,2026-08-30 17:45:00,0
TXN_006342,FIR_0007,ACCT_0045,ACCT_0021,250000,NEFT,2026-06-06 22:13:00,0
TXN_006343,FIR_0013,ACCT_0015,ACCT_0057,9800,cash_deposit,2026-05-27 04:22:00,0
TXN_006344,FIR_0018,ACCT_0005,ACCT_0068,1200,IMPS,2026-08-22 13:47:00,0
TXN_006345,FIR_0029,ACCT_0010,ACCT_0045,48000,IMPS,2026-06-27 18:35:00,1
TXN_006346,FIR_0005,ACCT_0051,ACCT_0056,48000,IMPS,2026-07-04 07:17:00,1
TXN_006347,FIR_0022,ACCT_0053,ACCT_0047,75000,IMPS,2026-06-19 01:48:00,0
TXN_006348,FIR_0024,ACCT_0058,ACCT_0002,1200,UPI,2026-06-18 06:57:00,0
TXN_006349,FIR_0025,ACCT_0035,ACCT_0007,49000,IMPS,2026-03-16 15:25:00,1
TXN_006350,FIR_0005,ACCT_0010,ACCT_0013,1200,UPI,2026-08-24 11:15:00,0
TXN_006351,FIR_0009,ACCT_0067,ACCT_0011,5000,UPI,2026-08-17 22:57:00,0
TXN_006352,FIR_0025,ACCT_0034,ACCT_0019,5000,cash_deposit,2026-08-22 00:21:00,0
TXN_006353,FIR_0009,ACCT_0030,ACCT_0073,24000,IMPS,2026-02-23 08:51:00,0
TXN_006354,FIR_0015,ACCT_0068,ACCT_0062,75000,cash_deposit,2026-04-04 21:25:00,0
TXN_006355,FIR_0022,ACCT_0014,ACCT_0061,48000,UPI,2026-01-02 21:18:00,1
TXN_006356,FIR_0027,ACCT_0034,ACCT_0014,75000,NEFT,2026-08-01 00:02:00,0
TXN_006357,FIR_0029,ACCT_0019,ACCT_0015,250000,NEFT,2026-02-17 18:30:00,0
TXN_006358,FIR_0014,ACCT_0042,ACCT_0032,1200,UPI,2026-02-03 14:47:00,0
TXN_006359,FIR_0026,ACCT_0054,ACCT_0019,24000,UPI,2026-03-14 15:40:00,0
TXN_006360,FIR_0029,ACCT_0053,ACCT_0067,5000,cash_deposit,2026-01-29 14:23:00,0
TXN_006361,FIR_0009,ACCT_0048,ACCT_0002,125000,NEFT,2026-08-26 11:21:00,0
TXN_006362,FIR_0021,ACCT_0048,ACCT_0070,5000,cash_deposit,2026-08-22 15:21:00,0
TXN_006363,FIR_0021,ACCT_0037,ACCT_0054,5000,cash_deposit,2026-03-03 05:10:00,0
TXN_006364,FIR_0010,ACCT_0062,ACCT_0044,1200,IMPS,2026-05-30 23:04:00,0
TXN_006365,FIR_0007,ACCT_0052,ACCT_0024,49000,cash_deposit,2026-05-15 23:15:00,1
TXN_006366,FIR_0001,ACCT_0071,ACCT_0036,49000,NEFT,2026-06-23 01:47:00,1
TXN_006367,FIR_0009,ACCT_0017,ACCT_0021,48000,NEFT,2026-07-18 23:03:00,1
TXN_006368,FIR_0024,ACCT_0069,ACCT_0049,9800,UPI,2026-03-01 01:12:00,0
TXN_006369,FIR_0030,ACCT_0008,ACCT_0063,48000,NEFT,2026-04-14 15:44:00,1
TXN_006370,FIR_0030,ACCT_0018,ACCT_0057,1200,UPI,2026-07-07 19:13:00,0
TXN_006371,FIR_0026,ACCT_0047,ACCT_0033,49000,cash_deposit,2026-06-16 14:35:00,1
TXN_006372,FIR_0011,ACCT_0058,ACCT_0039,49000,NEFT,2026-04-10 19:50:00,1
TXN_006373,FIR_0010,ACCT_0029,ACCT_0073,125000,UPI,2026-04-17 10:28:00,0
TXN_006374,FIR_0013,ACCT_0005,ACCT_0067,125000,UPI,2026-06-17 11:12:00,0
TXN_006375,FIR_0004,ACCT_0017,ACCT_0078,125000,NEFT,2026-08-16 00:08:00,0
TXN_006376,FIR_0008,ACCT_0067,ACCT_0050,250000,cash_deposit,2026-05-24 18:57:00,0
TXN_006377,FIR_0027,ACCT_0022,ACCT_0013,48000,NEFT,2026-01-08 08:02:00,1
TXN_006378,FIR_0028,ACCT_0050,ACCT_0079,250000,IMPS,2026-08-02 04:20:00,0
TXN_006379,FIR_0022,ACCT_0001,ACCT_0008,1200,UPI,2026-05-05 19:36:00,0
TXN_006380,FIR_0007,ACCT_0066,ACCT_0068,49000,IMPS,2026-06-02 03:17:00,1
TXN_006381,FIR_0023,ACCT_0077,ACCT_0074,9800,cash_deposit,2026-04-09 02:51:00,0
TXN_006382,FIR_0001,ACCT_0017,ACCT_0006,75000,cash_deposit,2026-05-25 15:00:00,0
TXN_006383,FIR_0017,ACCT_0010,ACCT_0020,24000,UPI,2026-07-04 11:20:00,0
TXN_006384,FIR_0023,ACCT_0078,ACCT_0045,250000,cash_deposit,2026-04-11 15:55:00,0
TXN_006385,FIR_0013,ACCT_0048,ACCT_0080,24000,cash_deposit,2026-01-01 21:49:00,0
TXN_006386,FIR_0006,ACCT_0078,ACCT_0016,9800,NEFT,2026-03-17 00:02:00,0
TXN_006387,FIR_0016,ACCT_0011,ACCT_0080,49000,UPI,2026-05-15 09:31:00,1
TXN_006388,FIR_0017,ACCT_0057,ACCT_0063,24000,IMPS,2026-01-24 09:03:00,0
TXN_006389,FIR_0013,ACCT_0025,ACCT_0027,5000,IMPS,2026-04-09 02:01:00,0
TXN_006390,FIR_0013,ACCT_0062,ACCT_0025,49000,NEFT,2026-03-19 04:22:00,1
TXN_006391,FIR_0019,ACCT_0042,ACCT_0038,9800,UPI,2026-08-30 00:13:00,0
TXN_006392,FIR_0005,ACCT_0013,ACCT_0005,1200,UPI,2026-06-09 01:46:00,0
TXN_006393,FIR_0010,ACCT_0036,ACCT_0002,48000,UPI,2026-07-01 12:54:00,1
TXN_006394,FIR_0003,ACCT_0034,ACCT_0063,24000,IMPS,2026-05-19 15:06:00,0
TXN_006395,FIR_0012,ACCT_0037,ACCT_0054,5000,IMPS,2026-04-14 17:43:00,0
TXN_006396,FIR_0014,ACCT_0058,ACCT_0075,125000,IMPS,2026-07-21 03:46:00,0
TXN_006397,FIR_0010,ACCT_0014,ACCT_0062,48000,UPI,2026-07-03 02:41:00,1
TXN_006398,FIR_0007,ACCT_0066,ACCT_0010,24000,UPI,2026-04-06 18:39:00,0
TXN_006399,FIR_0005,ACCT_0044,ACCT_0040,49000,NEFT,2026-02-24 02:14:00,1
TXN_006400,FIR_0013,ACCT_0068,ACCT_0053,125000,NEFT,2026-03-21 10:07:00,0
TXN_006401,FIR_0030,ACCT_0035,ACCT_0074,250000,IMPS,2026-01-27 12:24:00,0
TXN_006402,FIR_0004,ACCT_0056,ACCT_0012,1200,IMPS,2026-08-06 23:11:00,0
TXN_006403,FIR_0010,ACCT_0002,ACCT_0038,1200,UPI,2026-03-14 21:49:00,0
TXN_006404,FIR_0011,ACCT_0028,ACCT_0024,250000,NEFT,2026-05-19 21:05:00,0
TXN_006405,FIR_0003,ACCT_0053,ACCT_0031,125000,UPI,2026-08-11 04:27:00,0
TXN_006406,FIR_0014,ACCT_0069,ACCT_0003,49000,IMPS,2026-01-26 06:51:00,1
TXN_006407,FIR_0002,ACCT_0076,ACCT_0071,75000,cash_deposit,2026-08-19 23:17:00,0
TXN_006408,FIR_0007,ACCT_0059,ACCT_0010,9800,IMPS,2026-04-18 05:20:00,0
TXN_006409,FIR_0001,ACCT_0043,ACCT_0015,24000,UPI,2026-03-08 19:56:00,0
TXN_006410,FIR_0001,ACCT_0039,ACCT_0016,9800,cash_deposit,2026-07-19 10:58:00,0
TXN_006411,FIR_0002,ACCT_0001,ACCT_0079,75000,NEFT,2026-04-25 13:13:00,0
TXN_006412,FIR_0015,ACCT_0058,ACCT_0018,75000,IMPS,2026-01-14 00:15:00,0
TXN_006413,FIR_0018,ACCT_0053,ACCT_0054,125000,IMPS,2026-02-09 07:43:00,0
TXN_006414,FIR_0029,ACCT_0019,ACCT_0014,1200,cash_deposit,2026-01-04 12:53:00,0
TXN_006415,FIR_0004,ACCT_0048,ACCT_0035,49000,cash_deposit,2026-05-14 03:25:00,1
TXN_006416,FIR_0023,ACCT_0067,ACCT_0080,48000,cash_deposit,2026-02-20 09:40:00,1
TXN_006417,FIR_0016,ACCT_0078,ACCT_0014,1200,IMPS,2026-03-14 11:54:00,0
TXN_006418,FIR_0005,ACCT_0020,ACCT_0012,75000,cash_deposit,2026-06-14 22:07:00,0
TXN_006419,FIR_0015,ACCT_0019,ACCT_0031,48000,cash_deposit,2026-06-26 16:39:00,1
TXN_006420,FIR_0009,ACCT_0079,ACCT_0048,250000,NEFT,2026-06-27 20:32:00,0
TXN_006421,FIR_0024,ACCT_0076,ACCT_0039,24000,NEFT,2026-02-13 08:49:00,0
TXN_006422,FIR_0003,ACCT_0033,ACCT_0074,5000,UPI,2026-06-08 07:19:00,0
TXN_006423,FIR_0019,ACCT_0040,ACCT_0056,250000,cash_deposit,2026-07-16 06:21:00,0
TXN_006424,FIR_0020,ACCT_0080,ACCT_0075,125000,IMPS,2026-05-25 11:00:00,0
TXN_006425,FIR_0005,ACCT_0022,ACCT_0035,125000,cash_deposit,2026-07-04 16:15:00,0
TXN_006426,FIR_0016,ACCT_0034,ACCT_0010,75000,UPI,2026-02-07 21:23:00,0
TXN_006427,FIR_0002,ACCT_0039,ACCT_0007,1200,UPI,2026-03-06 13:34:00,0
TXN_006428,FIR_0018,ACCT_0038,ACCT_0028,24000,NEFT,2026-07-15 02:46:00,0
TXN_006429,FIR_0007,ACCT_0072,ACCT_0047,75000,UPI,2026-08-03 09:40:00,0
TXN_006430,FIR_0015,ACCT_0078,ACCT_0080,75000,cash_deposit,2026-06-10 19:46:00,0
TXN_006431,FIR_0013,ACCT_0020,ACCT_0069,9800,NEFT,2026-02-11 17:33:00,0
TXN_006432,FIR_0013,ACCT_0018,ACCT_0050,9800,UPI,2026-08-06 20:51:00,0
TXN_006433,FIR_0029,ACCT_0041,ACCT_0033,75000,NEFT,2026-04-07 13:16:00,0
TXN_006434,FIR_0030,ACCT_0056,ACCT_0073,125000,NEFT,2026-02-12 16:57:00,0
TXN_006435,FIR_0028,ACCT_0020,ACCT_0025,5000,cash_deposit,2026-01-21 07:56:00,0
TXN_006436,FIR_0009,ACCT_0062,ACCT_0078,125000,NEFT,2026-08-22 14:04:00,0
TXN_006437,FIR_0017,ACCT_0049,ACCT_0034,125000,cash_deposit,2026-06-19 20:23:00,0
TXN_006438,FIR_0029,ACCT_0057,ACCT_0060,49000,UPI,2026-03-06 20:00:00,1
TXN_006439,FIR_0007,ACCT_0026,ACCT_0046,125000,NEFT,2026-04-18 19:39:00,0
TXN_006440,FIR_0019,ACCT_0047,ACCT_0053,1200,IMPS,2026-03-18 14:20:00,0
TXN_006441,FIR_0019,ACCT_0067,ACCT_0001,1200,UPI,2026-05-13 16:06:00,0
TXN_006442,FIR_0001,ACCT_0050,ACCT_0058,5000,IMPS,2026-05-29 16:35:00,0
TXN_006443,FIR_0021,ACCT_0022,ACCT_0080,49000,IMPS,2026-08-14 07:53:00,1
TXN_006444,FIR_0006,ACCT_0060,ACCT_0075,1200,cash_deposit,2026-05-20 00:08:00,0
TXN_006445,FIR_0024,ACCT_0021,ACCT_0015,9800,UPI,2026-06-10 07:42:00,0
TXN_006446,FIR_0002,ACCT_0018,ACCT_0045,1200,cash_deposit,2026-04-17 12:57:00,0
TXN_006447,FIR_0007,ACCT_0005,ACCT_0074,5000,UPI,2026-03-31 05:32:00,0
TXN_006448,FIR_0016,ACCT_0075,ACCT_0055,250000,IMPS,2026-06-15 19:14:00,0
TXN_006449,FIR_0012,ACCT_0039,ACCT_0027,24000,cash_deposit,2026-01-24 13:17:00,0
TXN_006450,FIR_0023,ACCT_0052,ACCT_0054,48000,cash_deposit,2026-02-13 22:13:00,1
TXN_006451,FIR_0010,ACCT_0018,ACCT_0063,250000,NEFT,2026-08-03 21:56:00,0
TXN_006452,FIR_0026,ACCT_0033,ACCT_0064,5000,cash_deposit,2026-08-14 09:58:00,0
TXN_006453,FIR_0014,ACCT_0009,ACCT_0013,75000,UPI,2026-05-06 22:22:00,0
TXN_006454,FIR_0009,ACCT_0003,ACCT_0040,49000,IMPS,2026-04-05 03:12:00,1
TXN_006455,FIR_0024,ACCT_0050,ACCT_0066,125000,IMPS,2026-07-12 05:35:00,0
TXN_006456,FIR_0018,ACCT_0035,ACCT_0038,1200,UPI,2026-05-03 11:57:00,0
TXN_006457,FIR_0019,ACCT_0044,ACCT_0026,49000,cash_deposit,2026-06-22 19:38:00,1
TXN_006458,FIR_0018,ACCT_0033,ACCT_0078,5000,IMPS,2026-05-07 06:03:00,0
TXN_006459,FIR_0005,ACCT_0037,ACCT_0047,49000,UPI,2026-03-22 12:37:00,1
TXN_006460,FIR_0020,ACCT_0020,ACCT_0057,125000,NEFT,2026-01-25 07:34:00,0
TXN_006461,FIR_0014,ACCT_0007,ACCT_0035,49000,NEFT,2026-06-04 03:08:00,1
TXN_006462,FIR_0011,ACCT_0001,ACCT_0023,49000,NEFT,2026-03-14 20:28:00,1
TXN_006463,FIR_0001,ACCT_0073,ACCT_0059,24000,cash_deposit,2026-05-27 10:19:00,0
TXN_006464,FIR_0022,ACCT_0019,ACCT_0004,5000,UPI,2026-01-06 23:16:00,0
TXN_006465,FIR_0023,ACCT_0074,ACCT_0033,1200,IMPS,2026-06-19 00:12:00,0
TXN_006466,FIR_0011,ACCT_0066,ACCT_0060,48000,NEFT,2026-08-06 03:14:00,1
TXN_006467,FIR_0017,ACCT_0012,ACCT_0036,125000,NEFT,2026-03-25 08:23:00,0
TXN_006468,FIR_0022,ACCT_0074,ACCT_0010,1200,IMPS,2026-07-08 19:12:00,0
TXN_006469,FIR_0011,ACCT_0034,ACCT_0064,1200,NEFT,2026-04-07 22:47:00,0
TXN_006470,FIR_0009,ACCT_0062,ACCT_0022,48000,cash_deposit,2026-06-18 20:02:00,1
TXN_006471,FIR_0006,ACCT_0012,ACCT_0030,75000,NEFT,2026-02-04 11:56:00,0
TXN_006472,FIR_0017,ACCT_0069,ACCT_0043,1200,NEFT,2026-01-06 19:27:00,0
TXN_006473,FIR_0020,ACCT_0021,ACCT_0075,75000,IMPS,2026-07-09 19:09:00,0
TXN_006474,FIR_0021,ACCT_0057,ACCT_0041,9800,cash_deposit,2026-05-05 03:52:00,0
TXN_006475,FIR_0027,ACCT_0058,ACCT_0055,250000,NEFT,2026-04-16 11:33:00,0
TXN_006476,FIR_0006,ACCT_0027,ACCT_0031,250000,UPI,2026-04-21 16:42:00,0
TXN_006477,FIR_0008,ACCT_0026,ACCT_0061,1200,IMPS,2026-05-23 23:02:00,0
TXN_006478,FIR_0011,ACCT_0050,ACCT_0025,1200,cash_deposit,2026-01-24 21:45:00,0
TXN_006479,FIR_0009,ACCT_0040,ACCT_0062,49000,UPI,2026-03-17 23:39:00,1
TXN_006480,FIR_0008,ACCT_0051,ACCT_0008,75000,UPI,2026-04-04 17:10:00,0
TXN_006481,FIR_0010,ACCT_0074,ACCT_0011,1200,UPI,2026-04-23 23:11:00,0
TXN_006482,FIR_0019,ACCT_0002,ACCT_0061,5000,UPI,2026-05-28 09:00:00,0
TXN_006483,FIR_0018,ACCT_0041,ACCT_0072,75000,cash_deposit,2026-06-02 03:28:00,0
TXN_006484,FIR_0007,ACCT_0008,ACCT_0076,1200,cash_deposit,2026-07-31 04:10:00,0
TXN_006485,FIR_0007,ACCT_0049,ACCT_0022,1200,NEFT,2026-04-26 19:26:00,0
TXN_006486,FIR_0012,ACCT_0042,ACCT_0006,48000,IMPS,2026-08-29 18:51:00,1
TXN_006487,FIR_0002,ACCT_0028,ACCT_0004,75000,IMPS,2026-04-19 14:06:00,0
TXN_006488,FIR_0016,ACCT_0074,ACCT_0004,125000,NEFT,2026-04-09 08:52:00,0
TXN_006489,FIR_0005,ACCT_0080,ACCT_0041,125000,UPI,2026-08-23 02:04:00,0
TXN_006490,FIR_0010,ACCT_0038,ACCT_0003,9800,NEFT,2026-04-10 07:09:00,0
TXN_006491,FIR_0025,ACCT_0075,ACCT_0066,5000,cash_deposit,2026-08-16 02:14:00,0
TXN_006492,FIR_0018,ACCT_0009,ACCT_0010,24000,NEFT,2026-01-11 19:19:00,0
TXN_006493,FIR_0015,ACCT_0022,ACCT_0046,75000,IMPS,2026-01-22 16:44:00,0
TXN_006494,FIR_0016,ACCT_0049,ACCT_0022,5000,IMPS,2026-02-02 00:29:00,0
TXN_006495,FIR_0014,ACCT_0030,ACCT_0078,48000,IMPS,2026-07-28 08:34:00,1
TXN_006496,FIR_0017,ACCT_0009,ACCT_0008,49000,UPI,2026-05-19 18:40:00,1
TXN_006497,FIR_0013,ACCT_0075,ACCT_0036,9800,UPI,2026-03-05 18:23:00,0
TXN_006498,FIR_0004,ACCT_0031,ACCT_0036,48000,cash_deposit,2026-03-15 00:02:00,1
TXN_006499,FIR_0008,ACCT_0058,ACCT_0062,75000,NEFT,2026-08-31 19:49:00,0
TXN_006500,FIR_0021,ACCT_0059,ACCT_0079,9800,NEFT,2026-05-15 02:16:00,0
TXN_006501,FIR_0017,ACCT_0057,ACCT_0035,250000,UPI,2026-02-17 02:35:00,0
TXN_006502,FIR_0022,ACCT_0017,ACCT_0026,24000,IMPS,2026-01-17 14:14:00,0
TXN_006503,FIR_0004,ACCT_0028,ACCT_0042,250000,NEFT,2026-02-06 23:36:00,0
TXN_006504,FIR_0016,ACCT_0048,ACCT_0061,125000,cash_deposit,2026-05-16 22:02:00,0
TXN_006505,FIR_0016,ACCT_0025,ACCT_0047,48000,cash_deposit,2026-05-20 02:55:00,1
TXN_006506,FIR_0004,ACCT_0065,ACCT_0011,48000,NEFT,2026-01-25 17:12:00,1
TXN_006507,FIR_0027,ACCT_0047,ACCT_0009,75000,IMPS,2026-03-27 21:13:00,0
TXN_006508,FIR_0013,ACCT_0027,ACCT_0057,5000,cash_deposit,2026-04-10 08:14:00,0
TXN_006509,FIR_0029,ACCT_0010,ACCT_0054,48000,UPI,2026-07-10 12:34:00,1
TXN_006510,FIR_0012,ACCT_0023,ACCT_0037,5000,cash_deposit,2026-06-13 04:17:00,0
TXN_006511,FIR_0003,ACCT_0041,ACCT_0059,49000,UPI,2026-03-22 06:36:00,1
TXN_006512,FIR_0008,ACCT_0057,ACCT_0025,24000,NEFT,2026-08-09 08:45:00,0
TXN_006513,FIR_0018,ACCT_0017,ACCT_0072,49000,UPI,2026-06-01 05:52:00,1
TXN_006514,FIR_0024,ACCT_0060,ACCT_0029,9800,cash_deposit,2026-08-16 02:56:00,0
TXN_006515,FIR_0010,ACCT_0042,ACCT_0080,48000,cash_deposit,2026-01-31 10:17:00,1
TXN_006516,FIR_0008,ACCT_0072,ACCT_0045,5000,NEFT,2026-02-20 14:28:00,0
TXN_006517,FIR_0016,ACCT_0016,ACCT_0042,1200,UPI,2026-04-13 04:53:00,0
TXN_006518,FIR_0015,ACCT_0017,ACCT_0056,75000,NEFT,2026-04-23 14:13:00,0
TXN_006519,FIR_0025,ACCT_0013,ACCT_0080,48000,NEFT,2026-06-28 21:44:00,1
TXN_006520,FIR_0008,ACCT_0040,ACCT_0073,9800,NEFT,2026-03-31 09:22:00,0
TXN_006521,FIR_0008,ACCT_0045,ACCT_0052,1200,IMPS,2026-08-21 19:21:00,0
TXN_006522,FIR_0022,ACCT_0040,ACCT_0020,1200,cash_deposit,2026-08-21 22:18:00,0
TXN_006523,FIR_0025,ACCT_0064,ACCT_0057,24000,cash_deposit,2026-02-25 07:49:00,0
TXN_006524,FIR_0008,ACCT_0080,ACCT_0051,5000,NEFT,2026-07-06 06:00:00,0
TXN_006525,FIR_0004,ACCT_0020,ACCT_0073,75000,UPI,2026-07-12 07:06:00,0
TXN_006526,FIR_0015,ACCT_0034,ACCT_0052,1200,NEFT,2026-07-13 03:33:00,0
TXN_006527,FIR_0016,ACCT_0036,ACCT_0026,1200,cash_deposit,2026-07-30 16:22:00,0
TXN_006528,FIR_0006,ACCT_0036,ACCT_0058,250000,cash_deposit,2026-08-05 15:49:00,0
TXN_006529,FIR_0006,ACCT_0044,ACCT_0054,125000,IMPS,2026-04-02 07:01:00,0
TXN_006530,FIR_0006,ACCT_0059,ACCT_0046,24000,UPI,2026-01-18 17:52:00,0
TXN_006531,FIR_0025,ACCT_0065,ACCT_0005,48000,UPI,2026-02-22 01:54:00,1
TXN_006532,FIR_0004,ACCT_0010,ACCT_0001,75000,UPI,2026-02-12 05:25:00,0
TXN_006533,FIR_0025,ACCT_0048,ACCT_0037,125000,NEFT,2026-02-15 15:06:00,0
TXN_006534,FIR_0026,ACCT_0001,ACCT_0003,24000,NEFT,2026-07-30 17:25:00,0
TXN_006535,FIR_0020,ACCT_0062,ACCT_0059,75000,UPI,2026-01-07 01:29:00,0
TXN_006536,FIR_0026,ACCT_0076,ACCT_0010,250000,cash_deposit,2026-01-13 00:01:00,0
TXN_006537,FIR_0015,ACCT_0046,ACCT_0066,1200,cash_deposit,2026-01-25 21:57:00,0
TXN_006538,FIR_0016,ACCT_0025,ACCT_0024,49000,NEFT,2026-01-27 16:29:00,1
TXN_006539,FIR_0002,ACCT_0052,ACCT_0076,125000,NEFT,2026-07-02 20:40:00,0
TXN_006540,FIR_0003,ACCT_0032,ACCT_0060,5000,IMPS,2026-01-01 08:10:00,0
TXN_006541,FIR_0002,ACCT_0041,ACCT_0011,48000,NEFT,2026-05-26 17:54:00,1
TXN_006542,FIR_0005,ACCT_0049,ACCT_0028,125000,IMPS,2026-06-30 04:12:00,0
TXN_006543,FIR_0022,ACCT_0047,ACCT_0039,24000,IMPS,2026-02-02 01:16:00,0
TXN_006544,FIR_0008,ACCT_0038,ACCT_0036,125000,NEFT,2026-01-27 22:40:00,0
TXN_006545,FIR_0020,ACCT_0063,ACCT_0024,5000,NEFT,2026-04-28 00:33:00,0
TXN_006546,FIR_0019,ACCT_0032,ACCT_0057,49000,NEFT,2026-08-17 01:46:00,1
TXN_006547,FIR_0026,ACCT_0031,ACCT_0069,48000,IMPS,2026-08-13 02:49:00,1
TXN_006548,FIR_0011,ACCT_0074,ACCT_0071,125000,cash_deposit,2026-06-21 06:44:00,0
TXN_006549,FIR_0021,ACCT_0034,ACCT_0047,250000,IMPS,2026-01-12 05:51:00,0
TXN_006550,FIR_0001,ACCT_0039,ACCT_0017,75000,cash_deposit,2026-04-16 19:25:00,0
TXN_006551,FIR_0018,ACCT_0019,ACCT_0013,9800,NEFT,2026-02-19 10:20:00,0
TXN_006552,FIR_0007,ACCT_0064,ACCT_0036,125000,IMPS,2026-05-05 09:13:00,0
TXN_006553,FIR_0019,ACCT_0037,ACCT_0069,250000,NEFT,2026-07-22 13:50:00,0
TXN_006554,FIR_0009,ACCT_0069,ACCT_0060,24000,IMPS,2026-07-06 09:35:00,0
TXN_006555,FIR_0003,ACCT_0041,ACCT_0026,5000,IMPS,2026-01-18 07:26:00,0
TXN_006556,FIR_0030,ACCT_0060,ACCT_0041,1200,UPI,2026-03-03 20:08:00,0
TXN_006557,FIR_0017,ACCT_0017,ACCT_0075,250000,NEFT,2026-06-22 03:43:00,0
TXN_006558,FIR_0001,ACCT_0043,ACCT_0056,125000,cash_deposit,2026-07-31 22:11:00,0
TXN_006559,FIR_0019,ACCT_0040,ACCT_0074,250000,IMPS,2026-03-17 22:25:00,0
TXN_006560,FIR_0022,ACCT_0002,ACCT_0062,5000,cash_deposit,2026-06-09 15:14:00,0
TXN_006561,FIR_0029,ACCT_0058,ACCT_0032,49000,UPI,2026-08-06 16:57:00,1
TXN_006562,FIR_0007,ACCT_0033,ACCT_0054,9800,cash_deposit,2026-05-29 13:52:00,0
TXN_006563,FIR_0014,ACCT_0062,ACCT_0020,48000,IMPS,2026-05-08 05:05:00,1
TXN_006564,FIR_0004,ACCT_0036,ACCT_0034,125000,NEFT,2026-07-08 16:18:00,0
TXN_006565,FIR_0025,ACCT_0016,ACCT_0056,49000,NEFT,2026-01-14 11:56:00,1
TXN_006566,FIR_0020,ACCT_0065,ACCT_0044,75000,NEFT,2026-06-02 01:30:00,0
TXN_006567,FIR_0013,ACCT_0061,ACCT_0059,1200,NEFT,2026-07-16 20:46:00,0
TXN_006568,FIR_0030,ACCT_0064,ACCT_0071,1200,IMPS,2026-04-12 04:22:00,0
TXN_006569,FIR_0029,ACCT_0057,ACCT_0012,1200,UPI,2026-05-07 14:31:00,0
TXN_006570,FIR_0009,ACCT_0073,ACCT_0025,9800,IMPS,2026-06-16 21:40:00,0
TXN_006571,FIR_0004,ACCT_0016,ACCT_0038,1200,cash_deposit,2026-01-31 16:40:00,0
TXN_006572,FIR_0025,ACCT_0031,ACCT_0065,250000,UPI,2026-03-08 19:04:00,0
TXN_006573,FIR_0026,ACCT_0062,ACCT_0039,9800,IMPS,2026-02-11 23:58:00,0
TXN_006574,FIR_0021,ACCT_0015,ACCT_0007,75000,NEFT,2026-08-04 11:57:00,0
TXN_006575,FIR_0019,ACCT_0023,ACCT_0055,24000,NEFT,2026-08-06 21:05:00,0
TXN_006576,FIR_0001,ACCT_0038,ACCT_0028,24000,cash_deposit,2026-06-01 15:51:00,0
TXN_006577,FIR_0008,ACCT_0041,ACCT_0058,24000,UPI,2026-06-18 22:29:00,0
TXN_006578,FIR_0026,ACCT_0004,ACCT_0058,49000,IMPS,2026-03-22 19:21:00,1
TXN_006579,FIR_0002,ACCT_0075,ACCT_0068,1200,cash_deposit,2026-03-16 16:22:00,0
TXN_006580,FIR_0027,ACCT_0003,ACCT_0080,125000,NEFT,2026-07-09 12:03:00,0
TXN_006581,FIR_0010,ACCT_0013,ACCT_0018,75000,UPI,2026-07-22 13:11:00,0
TXN_006582,FIR_0025,ACCT_0015,ACCT_0012,250000,IMPS,2026-05-17 05:00:00,0
TXN_006583,FIR_0028,ACCT_0069,ACCT_0041,9800,UPI,2026-06-27 09:02:00,0
TXN_006584,FIR_0017,ACCT_0031,ACCT_0003,24000,IMPS,2026-06-23 00:10:00,0
TXN_006585,FIR_0010,ACCT_0061,ACCT_0066,24000,NEFT,2026-06-11 04:22:00,0
TXN_006586,FIR_0010,ACCT_0056,ACCT_0019,1200,UPI,2026-05-17 14:16:00,0
TXN_006587,FIR_0027,ACCT_0003,ACCT_0020,9800,NEFT,2026-08-17 02:25:00,0
TXN_006588,FIR_0026,ACCT_0049,ACCT_0015,250000,cash_deposit,2026-08-04 06:49:00,0
TXN_006589,FIR_0003,ACCT_0044,ACCT_0058,24000,NEFT,2026-01-13 11:07:00,0
TXN_006590,FIR_0005,ACCT_0040,ACCT_0001,24000,NEFT,2026-06-04 00:55:00,0
TXN_006591,FIR_0022,ACCT_0045,ACCT_0021,1200,NEFT,2026-02-23 20:00:00,0
TXN_006592,FIR_0023,ACCT_0068,ACCT_0073,5000,cash_deposit,2026-03-19 19:14:00,0
TXN_006593,FIR_0001,ACCT_0069,ACCT_0056,49000,NEFT,2026-01-20 17:52:00,1
TXN_006594,FIR_0025,ACCT_0043,ACCT_0029,9800,cash_deposit,2026-07-18 05:11:00,0
TXN_006595,FIR_0018,ACCT_0064,ACCT_0065,48000,UPI,2026-06-21 14:55:00,1
TXN_006596,FIR_0024,ACCT_0070,ACCT_0018,250000,NEFT,2026-07-25 23:40:00,0
TXN_006597,FIR_0006,ACCT_0036,ACCT_0030,75000,IMPS,2026-06-16 22:19:00,0
TXN_006598,FIR_0024,ACCT_0026,ACCT_0024,5000,IMPS,2026-06-14 12:51:00,0
TXN_006599,FIR_0027,ACCT_0066,ACCT_0046,250000,UPI,2026-05-23 01:46:00,0
TXN_006600,FIR_0018,ACCT_0013,ACCT_0010,5000,cash_deposit,2026-02-11 06:50:00,0
TXN_006601,FIR_0019,ACCT_0007,ACCT_0014,24000,cash_deposit,2026-05-05 12:08:00,0
TXN_006602,FIR_0021,ACCT_0017,ACCT_0080,9800,NEFT,2026-04-08 16:44:00,0
TXN_006603,FIR_0008,ACCT_0046,ACCT_0005,9800,UPI,2026-07-09 09:10:00,0
TXN_006604,FIR_0028,ACCT_0069,ACCT_0021,48000,cash_deposit,2026-06-18 19:01:00,1
TXN_006605,FIR_0026,ACCT_0040,ACCT_0044,48000,UPI,2026-06-20 04:54:00,1
TXN_006606,FIR_0019,ACCT_0034,ACCT_0016,75000,cash_deposit,2026-03-06 00:41:00,0
TXN_006607,FIR_0027,ACCT_0080,ACCT_0028,49000,IMPS,2026-06-19 22:13:00,1
TXN_006608,FIR_0006,ACCT_0075,ACCT_0024,75000,NEFT,2026-07-22 23:36:00,0
TXN_006609,FIR_0029,ACCT_0077,ACCT_0053,125000,UPI,2026-05-08 03:11:00,0
TXN_006610,FIR_0029,ACCT_0039,ACCT_0056,1200,NEFT,2026-02-01 02:58:00,0
TXN_006611,FIR_0020,ACCT_0067,ACCT_0008,5000,IMPS,2026-03-08 07:57:00,0
TXN_006612,FIR_0025,ACCT_0069,ACCT_0052,1200,IMPS,2026-02-28 03:14:00,0
TXN_006613,FIR_0001,ACCT_0048,ACCT_0036,9800,NEFT,2026-06-12 15:59:00,0
TXN_006614,FIR_0005,ACCT_0057,ACCT_0038,24000,NEFT,2026-07-29 16:08:00,0
TXN_006615,FIR_0010,ACCT_0051,ACCT_0032,49000,cash_deposit,2026-02-06 09:31:00,1
TXN_006616,FIR_0010,ACCT_0009,ACCT_0056,48000,IMPS,2026-07-17 06:54:00,1
TXN_006617,FIR_0025,ACCT_0069,ACCT_0048,250000,cash_deposit,2026-05-08 18:19:00,0
TXN_006618,FIR_0020,ACCT_0021,ACCT_0012,9800,cash_deposit,2026-01-14 09:14:00,0
TXN_006619,FIR_0022,ACCT_0006,ACCT_0015,24000,UPI,2026-04-24 05:56:00,0
TXN_006620,FIR_0026,ACCT_0025,ACCT_0052,125000,IMPS,2026-03-08 17:47:00,0
TXN_006621,FIR_0004,ACCT_0041,ACCT_0031,48000,IMPS,2026-07-01 14:25:00,1
TXN_006622,FIR_0008,ACCT_0072,ACCT_0061,75000,cash_deposit,2026-06-29 14:29:00,0
TXN_006623,FIR_0024,ACCT_0068,ACCT_0018,250000,UPI,2026-02-13 03:46:00,0
TXN_006624,FIR_0019,ACCT_0055,ACCT_0060,1200,IMPS,2026-06-03 08:43:00,0
TXN_006625,FIR_0026,ACCT_0036,ACCT_0002,250000,UPI,2026-03-24 22:49:00,0
TXN_006626,FIR_0006,ACCT_0044,ACCT_0060,250000,cash_deposit,2026-06-25 14:01:00,0
TXN_006627,FIR_0010,ACCT_0027,ACCT_0069,5000,UPI,2026-08-22 15:00:00,0
TXN_006628,FIR_0006,ACCT_0011,ACCT_0075,1200,IMPS,2026-07-08 23:36:00,0
TXN_006629,FIR_0011,ACCT_0075,ACCT_0048,250000,cash_deposit,2026-08-29 11:38:00,0
TXN_006630,FIR_0027,ACCT_0014,ACCT_0018,24000,cash_deposit,2026-02-14 20:13:00,0
TXN_006631,FIR_0028,ACCT_0057,ACCT_0032,9800,IMPS,2026-05-01 22:32:00,0
TXN_006632,FIR_0022,ACCT_0018,ACCT_0080,24000,IMPS,2026-04-19 20:10:00,0
TXN_006633,FIR_0017,ACCT_0006,ACCT_0024,24000,UPI,2026-05-25 12:52:00,0
TXN_006634,FIR_0030,ACCT_0019,ACCT_0072,5000,UPI,2026-04-11 09:27:00,0
TXN_006635,FIR_0029,ACCT_0068,ACCT_0065,125000,NEFT,2026-08-28 03:21:00,0
TXN_006636,FIR_0013,ACCT_0078,ACCT_0038,5000,cash_deposit,2026-03-01 13:16:00,0
TXN_006637,FIR_0017,ACCT_0025,ACCT_0004,5000,UPI,2026-01-10 01:26:00,0
TXN_006638,FIR_0015,ACCT_0044,ACCT_0005,75000,NEFT,2026-07-27 05:45:00,0
TXN_006639,FIR_0005,ACCT_0053,ACCT_0080,9800,cash_deposit,2026-07-21 09:46:00,0
TXN_006640,FIR_0013,ACCT_0062,ACCT_0065,75000,NEFT,2026-08-07 11:06:00,0
TXN_006641,FIR_0013,ACCT_0028,ACCT_0004,24000,NEFT,2026-08-25 06:28:00,0
TXN_006642,FIR_0004,ACCT_0008,ACCT_0038,1200,IMPS,2026-01-09 01:37:00,0
TXN_006643,FIR_0009,ACCT_0044,ACCT_0018,125000,UPI,2026-07-29 20:51:00,0
TXN_006644,FIR_0007,ACCT_0004,ACCT_0058,75000,cash_deposit,2026-04-25 17:32:00,0
TXN_006645,FIR_0001,ACCT_0052,ACCT_0077,250000,cash_deposit,2026-02-27 05:03:00,0
TXN_006646,FIR_0008,ACCT_0018,ACCT_0080,49000,NEFT,2026-05-29 00:50:00,1
TXN_006647,FIR_0028,ACCT_0063,ACCT_0040,250000,cash_deposit,2026-01-09 07:49:00,0
TXN_006648,FIR_0005,ACCT_0058,ACCT_0016,49000,IMPS,2026-02-04 05:09:00,1
TXN_006649,FIR_0028,ACCT_0046,ACCT_0062,48000,cash_deposit,2026-08-31 04:34:00,1
TXN_006650,FIR_0025,ACCT_0041,ACCT_0014,24000,UPI,2026-05-13 16:06:00,0
TXN_006651,FIR_0027,ACCT_0029,ACCT_0058,9800,cash_deposit,2026-02-20 16:00:00,0
TXN_006652,FIR_0013,ACCT_0052,ACCT_0021,49000,cash_deposit,2026-03-19 10:04:00,1
TXN_006653,FIR_0014,ACCT_0036,ACCT_0039,75000,NEFT,2026-01-19 15:23:00,0
TXN_006654,FIR_0017,ACCT_0047,ACCT_0040,49000,UPI,2026-07-17 23:58:00,1
TXN_006655,FIR_0019,ACCT_0043,ACCT_0004,49000,NEFT,2026-08-31 02:11:00,1
TXN_006656,FIR_0006,ACCT_0005,ACCT_0044,9800,IMPS,2026-02-09 03:31:00,0
TXN_006657,FIR_0012,ACCT_0020,ACCT_0012,49000,UPI,2026-06-08 08:59:00,1
TXN_006658,FIR_0022,ACCT_0001,ACCT_0012,9800,IMPS,2026-07-03 09:21:00,0
TXN_006659,FIR_0019,ACCT_0047,ACCT_0045,9800,IMPS,2026-05-12 20:43:00,0
TXN_006660,FIR_0029,ACCT_0048,ACCT_0059,250000,cash_deposit,2026-02-05 14:13:00,0
TXN_006661,FIR_0024,ACCT_0003,ACCT_0008,125000,UPI,2026-08-13 11:46:00,0
TXN_006662,FIR_0012,ACCT_0057,ACCT_0049,49000,IMPS,2026-03-03 20:03:00,1
TXN_006663,FIR_0013,ACCT_0072,ACCT_0063,49000,IMPS,2026-01-30 15:04:00,1
TXN_006664,FIR_0012,ACCT_0043,ACCT_0065,5000,cash_deposit,2026-03-16 02:33:00,0
TXN_006665,FIR_0010,ACCT_0058,ACCT_0011,1200,NEFT,2026-08-29 19:50:00,0
TXN_006666,FIR_0006,ACCT_0020,ACCT_0079,48000,NEFT,2026-08-23 03:38:00,1
TXN_006667,FIR_0010,ACCT_0019,ACCT_0015,49000,UPI,2026-03-03 18:54:00,1
TXN_006668,FIR_0018,ACCT_0016,ACCT_0025,9800,IMPS,2026-01-07 06:41:00,0
TXN_006669,FIR_0007,ACCT_0047,ACCT_0025,9800,cash_deposit,2026-01-07 20:24:00,0
TXN_006670,FIR_0025,ACCT_0024,ACCT_0048,48000,cash_deposit,2026-02-28 06:16:00,1
TXN_006671,FIR_0015,ACCT_0016,ACCT_0075,75000,cash_deposit,2026-06-23 14:40:00,0
TXN_006672,FIR_0004,ACCT_0052,ACCT_0044,49000,UPI,2026-04-13 18:42:00,1
TXN_006673,FIR_0016,ACCT_0037,ACCT_0019,125000,cash_deposit,2026-05-28 02:44:00,0
TXN_006674,FIR_0024,ACCT_0048,ACCT_0025,24000,UPI,2026-03-02 16:05:00,0
TXN_006675,FIR_0001,ACCT_0057,ACCT_0051,125000,NEFT,2026-07-19 22:30:00,0
TXN_006676,FIR_0016,ACCT_0061,ACCT_0041,75000,IMPS,2026-05-25 11:27:00,0
TXN_006677,FIR_0020,ACCT_0064,ACCT_0072,24000,cash_deposit,2026-02-22 23:18:00,0
TXN_006678,FIR_0012,ACCT_0002,ACCT_0017,75000,IMPS,2026-02-23 07:31:00,0
TXN_006679,FIR_0007,ACCT_0047,ACCT_0052,5000,IMPS,2026-02-15 14:45:00,0
TXN_006680,FIR_0005,ACCT_0072,ACCT_0080,125000,cash_deposit,2026-06-28 18:00:00,0
TXN_006681,FIR_0007,ACCT_0002,ACCT_0063,75000,NEFT,2026-05-20 10:16:00,0
TXN_006682,FIR_0030,ACCT_0048,ACCT_0076,125000,IMPS,2026-08-23 17:38:00,0
TXN_006683,FIR_0026,ACCT_0023,ACCT_0074,250000,cash_deposit,2026-08-24 23:17:00,0
TXN_006684,FIR_0027,ACCT_0069,ACCT_0034,49000,IMPS,2026-06-15 01:29:00,1
TXN_006685,FIR_0026,ACCT_0014,ACCT_0079,75000,cash_deposit,2026-01-27 02:12:00,0
TXN_006686,FIR_0022,ACCT_0071,ACCT_0001,9800,NEFT,2026-06-09 14:20:00,0
TXN_006687,FIR_0029,ACCT_0059,ACCT_0012,1200,IMPS,2026-07-29 04:20:00,0
TXN_006688,FIR_0024,ACCT_0054,ACCT_0009,250000,UPI,2026-04-28 08:39:00,0
TXN_006689,FIR_0021,ACCT_0051,ACCT_0050,9800,NEFT,2026-08-11 11:14:00,0
TXN_006690,FIR_0005,ACCT_0076,ACCT_0034,49000,cash_deposit,2026-06-28 14:11:00,1
TXN_006691,FIR_0014,ACCT_0026,ACCT_0029,250000,UPI,2026-05-09 09:41:00,0
TXN_006692,FIR_0026,ACCT_0032,ACCT_0046,1200,NEFT,2026-02-08 18:00:00,0
TXN_006693,FIR_0013,ACCT_0003,ACCT_0058,24000,cash_deposit,2026-08-31 08:17:00,0
TXN_006694,FIR_0018,ACCT_0066,ACCT_0039,1200,cash_deposit,2026-04-29 18:24:00,0
TXN_006695,FIR_0008,ACCT_0076,ACCT_0025,125000,IMPS,2026-08-10 08:58:00,0
TXN_006696,FIR_0015,ACCT_0017,ACCT_0054,250000,IMPS,2026-01-19 01:07:00,0
TXN_006697,FIR_0002,ACCT_0039,ACCT_0016,1200,cash_deposit,2026-04-21 09:25:00,0
TXN_006698,FIR_0002,ACCT_0021,ACCT_0063,48000,cash_deposit,2026-07-14 23:22:00,1
TXN_006699,FIR_0013,ACCT_0011,ACCT_0033,24000,UPI,2026-06-12 00:18:00,0
TXN_006700,FIR_0013,ACCT_0041,ACCT_0031,5000,cash_deposit,2026-04-21 22:15:00,0
TXN_006701,FIR_0027,ACCT_0041,ACCT_0005,125000,IMPS,2026-05-21 19:58:00,0
TXN_006702,FIR_0013,ACCT_0047,ACCT_0014,24000,UPI,2026-08-23 23:17:00,0
TXN_006703,FIR_0006,ACCT_0005,ACCT_0008,9800,UPI,2026-08-15 05:58:00,0
TXN_006704,FIR_0024,ACCT_0024,ACCT_0070,125000,cash_deposit,2026-05-17 12:57:00,0
TXN_006705,FIR_0028,ACCT_0054,ACCT_0009,1200,IMPS,2026-07-23 14:54:00,0
TXN_006706,FIR_0014,ACCT_0045,ACCT_0071,49000,cash_deposit,2026-05-09 04:52:00,1
TXN_006707,FIR_0013,ACCT_0018,ACCT_0011,5000,cash_deposit,2026-03-31 20:09:00,0
TXN_006708,FIR_0004,ACCT_0044,ACCT_0037,9800,NEFT,2026-01-27 18:37:00,0
TXN_006709,FIR_0006,ACCT_0070,ACCT_0015,125000,UPI,2026-03-18 08:52:00,0
TXN_006710,FIR_0024,ACCT_0036,ACCT_0037,48000,cash_deposit,2026-02-28 16:01:00,1
TXN_006711,FIR_0020,ACCT_0032,ACCT_0035,9800,IMPS,2026-08-27 14:19:00,0
TXN_006712,FIR_0018,ACCT_0039,ACCT_0042,9800,NEFT,2026-02-27 16:28:00,0
TXN_006713,FIR_0021,ACCT_0026,ACCT_0013,250000,NEFT,2026-06-14 14:32:00,0
TXN_006714,FIR_0030,ACCT_0052,ACCT_0054,49000,UPI,2026-08-08 00:30:00,1
TXN_006715,FIR_0015,ACCT_0031,ACCT_0022,9800,cash_deposit,2026-02-06 03:30:00,0
TXN_006716,FIR_0020,ACCT_0019,ACCT_0060,49000,cash_deposit,2026-05-24 17:41:00,1
TXN_006717,FIR_0016,ACCT_0025,ACCT_0060,24000,IMPS,2026-06-22 21:31:00,0
TXN_006718,FIR_0024,ACCT_0065,ACCT_0053,48000,UPI,2026-01-04 18:57:00,1
TXN_006719,FIR_0022,ACCT_0042,ACCT_0047,125000,cash_deposit,2026-01-08 16:14:00,0
TXN_006720,FIR_0026,ACCT_0030,ACCT_0061,49000,IMPS,2026-03-20 16:12:00,1
TXN_006721,FIR_0013,ACCT_0007,ACCT_0019,5000,NEFT,2026-04-02 17:47:00,0
TXN_006722,FIR_0007,ACCT_0056,ACCT_0067,24000,UPI,2026-03-11 14:18:00,0
TXN_006723,FIR_0028,ACCT_0059,ACCT_0002,24000,UPI,2026-05-05 07:55:00,0
TXN_006724,FIR_0017,ACCT_0066,ACCT_0004,49000,cash_deposit,2026-03-06 18:11:00,1
TXN_006725,FIR_0008,ACCT_0007,ACCT_0023,49000,cash_deposit,2026-06-11 02:34:00,1
TXN_006726,FIR_0010,ACCT_0013,ACCT_0057,9800,UPI,2026-03-12 17:42:00,0
TXN_006727,FIR_0023,ACCT_0005,ACCT_0031,49000,cash_deposit,2026-07-14 09:08:00,1
TXN_006728,FIR_0024,ACCT_0032,ACCT_0045,5000,IMPS,2026-04-07 05:35:00,0
TXN_006729,FIR_0013,ACCT_0030,ACCT_0020,24000,IMPS,2026-08-27 15:19:00,0
TXN_006730,FIR_0010,ACCT_0024,ACCT_0054,125000,NEFT,2026-05-03 06:44:00,0
TXN_006731,FIR_0005,ACCT_0062,ACCT_0029,250000,cash_deposit,2026-02-07 11:55:00,0
TXN_006732,FIR_0001,ACCT_0051,ACCT_0066,24000,NEFT,2026-08-30 08:40:00,0
TXN_006733,FIR_0003,ACCT_0045,ACCT_0001,24000,NEFT,2026-05-04 08:57:00,0
TXN_006734,FIR_0012,ACCT_0035,ACCT_0072,75000,NEFT,2026-04-30 17:43:00,0
TXN_006735,FIR_0015,ACCT_0066,ACCT_0029,1200,cash_deposit,2026-04-07 01:54:00,0
TXN_006736,FIR_0011,ACCT_0019,ACCT_0017,75000,IMPS,2026-08-24 23:28:00,0
TXN_006737,FIR_0020,ACCT_0068,ACCT_0029,250000,IMPS,2026-05-12 15:03:00,0
TXN_006738,FIR_0023,ACCT_0063,ACCT_0029,75000,NEFT,2026-01-16 21:51:00,0
TXN_006739,FIR_0024,ACCT_0002,ACCT_0075,5000,UPI,2026-05-06 08:16:00,0
TXN_006740,FIR_0027,ACCT_0035,ACCT_0046,48000,IMPS,2026-05-01 21:33:00,1
TXN_006741,FIR_0024,ACCT_0006,ACCT_0018,250000,IMPS,2026-07-06 11:11:00,0
TXN_006742,FIR_0002,ACCT_0035,ACCT_0008,125000,cash_deposit,2026-08-29 14:17:00,0
TXN_006743,FIR_0013,ACCT_0066,ACCT_0033,9800,NEFT,2026-05-27 10:13:00,0
TXN_006744,FIR_0022,ACCT_0076,ACCT_0074,250000,cash_deposit,2026-05-04 10:01:00,0
TXN_006745,FIR_0021,ACCT_0056,ACCT_0068,75000,UPI,2026-05-14 00:47:00,0
TXN_006746,FIR_0020,ACCT_0036,ACCT_0030,24000,cash_deposit,2026-04-09 18:01:00,0
TXN_006747,FIR_0007,ACCT_0028,ACCT_0075,48000,NEFT,2026-01-23 19:37:00,1
TXN_006748,FIR_0016,ACCT_0067,ACCT_0055,75000,cash_deposit,2026-05-31 20:51:00,0
TXN_006749,FIR_0018,ACCT_0079,ACCT_0036,24000,NEFT,2026-08-22 16:24:00,0
TXN_006750,FIR_0022,ACCT_0027,ACCT_0008,9800,cash_deposit,2026-04-23 03:31:00,0
TXN_006751,FIR_0006,ACCT_0051,ACCT_0060,125000,IMPS,2026-03-31 02:20:00,0
TXN_006752,FIR_0015,ACCT_0008,ACCT_0037,125000,NEFT,2026-08-03 04:15:00,0
TXN_006753,FIR_0018,ACCT_0043,ACCT_0013,250000,IMPS,2026-01-11 20:47:00,0
TXN_006754,FIR_0015,ACCT_0004,ACCT_0053,75000,NEFT,2026-03-02 17:18:00,0
TXN_006755,FIR_0004,ACCT_0071,ACCT_0005,48000,IMPS,2026-08-12 23:57:00,1
TXN_006756,FIR_0002,ACCT_0074,ACCT_0065,75000,UPI,2026-06-12 07:46:00,0
TXN_006757,FIR_0017,ACCT_0016,ACCT_0058,48000,NEFT,2026-08-04 10:24:00,1
TXN_006758,FIR_0028,ACCT_0039,ACCT_0055,1200,cash_deposit,2026-01-15 17:20:00,0
TXN_006759,FIR_0016,ACCT_0026,ACCT_0013,5000,cash_deposit,2026-05-04 09:16:00,0
TXN_006760,FIR_0026,ACCT_0052,ACCT_0070,1200,NEFT,2026-01-05 14:18:00,0
TXN_006761,FIR_0010,ACCT_0031,ACCT_0066,48000,NEFT,2026-08-03 10:56:00,1
TXN_006762,FIR_0017,ACCT_0024,ACCT_0001,1200,UPI,2026-02-06 00:42:00,0
TXN_006763,FIR_0016,ACCT_0037,ACCT_0025,125000,UPI,2026-05-11 13:58:00,0
TXN_006764,FIR_0029,ACCT_0036,ACCT_0078,49000,UPI,2026-05-13 17:05:00,1
TXN_006765,FIR_0009,ACCT_0034,ACCT_0067,75000,cash_deposit,2026-05-22 18:28:00,0
TXN_006766,FIR_0019,ACCT_0055,ACCT_0057,250000,NEFT,2026-01-27 09:28:00,0
TXN_006767,FIR_0007,ACCT_0053,ACCT_0016,49000,IMPS,2026-08-15 11:48:00,1
TXN_006768,FIR_0016,ACCT_0044,ACCT_0031,48000,NEFT,2026-02-03 05:17:00,1
TXN_006769,FIR_0011,ACCT_0004,ACCT_0028,1200,cash_deposit,2026-05-26 22:54:00,0
TXN_006770,FIR_0026,ACCT_0023,ACCT_0057,250000,IMPS,2026-06-08 02:12:00,0
TXN_006771,FIR_0016,ACCT_0070,ACCT_0065,5000,NEFT,2026-03-20 12:56:00,0
TXN_006772,FIR_0026,ACCT_0036,ACCT_0072,48000,IMPS,2026-02-18 03:55:00,1
TXN_006773,FIR_0011,ACCT_0037,ACCT_0070,1200,NEFT,2026-08-15 00:51:00,0
TXN_006774,FIR_0004,ACCT_0062,ACCT_0051,9800,cash_deposit,2026-02-28 19:05:00,0
TXN_006775,FIR_0004,ACCT_0007,ACCT_0002,24000,UPI,2026-02-17 10:18:00,0
TXN_006776,FIR_0016,ACCT_0075,ACCT_0002,24000,NEFT,2026-08-27 12:17:00,0
TXN_006777,FIR_0002,ACCT_0033,ACCT_0039,24000,cash_deposit,2026-02-16 22:56:00,0
TXN_006778,FIR_0021,ACCT_0037,ACCT_0069,250000,IMPS,2026-06-13 17:12:00,0
TXN_006779,FIR_0007,ACCT_0069,ACCT_0042,250000,cash_deposit,2026-08-25 20:50:00,0
TXN_006780,FIR_0015,ACCT_0065,ACCT_0034,9800,cash_deposit,2026-05-08 12:02:00,0
TXN_006781,FIR_0008,ACCT_0026,ACCT_0011,48000,IMPS,2026-04-16 17:40:00,1
TXN_006782,FIR_0024,ACCT_0030,ACCT_0067,125000,NEFT,2026-03-04 05:27:00,0
TXN_006783,FIR_0014,ACCT_0053,ACCT_0018,75000,UPI,2026-01-30 05:30:00,0
TXN_006784,FIR_0001,ACCT_0032,ACCT_0041,24000,UPI,2026-08-21 17:53:00,0
TXN_006785,FIR_0009,ACCT_0033,ACCT_0024,9800,NEFT,2026-03-18 03:30:00,0
TXN_006786,FIR_0030,ACCT_0061,ACCT_0077,9800,cash_deposit,2026-08-20 08:34:00,0
TXN_006787,FIR_0025,ACCT_0041,ACCT_0037,48000,cash_deposit,2026-01-01 23:10:00,1
TXN_006788,FIR_0007,ACCT_0009,ACCT_0051,24000,cash_deposit,2026-03-10 17:16:00,0
TXN_006789,FIR_0005,ACCT_0024,ACCT_0048,9800,cash_deposit,2026-04-08 08:22:00,0
TXN_006790,FIR_0018,ACCT_0003,ACCT_0044,24000,cash_deposit,2026-04-04 04:07:00,0
TXN_006791,FIR_0024,ACCT_0015,ACCT_0046,9800,UPI,2026-07-25 09:48:00,0
TXN_006792,FIR_0014,ACCT_0053,ACCT_0047,5000,IMPS,2026-01-10 15:59:00,0
TXN_006793,FIR_0004,ACCT_0071,ACCT_0080,125000,UPI,2026-08-03 13:26:00,0
TXN_006794,FIR_0003,ACCT_0038,ACCT_0016,125000,UPI,2026-05-19 00:44:00,0
TXN_006795,FIR_0017,ACCT_0037,ACCT_0013,1200,UPI,2026-01-19 00:40:00,0
TXN_006796,FIR_0017,ACCT_0009,ACCT_0007,250000,IMPS,2026-04-03 19:49:00,0
TXN_006797,FIR_0003,ACCT_0019,ACCT_0035,49000,UPI,2026-07-05 01:54:00,1
TXN_006798,FIR_0003,ACCT_0042,ACCT_0014,125000,cash_deposit,2026-08-19 20:24:00,0
TXN_006799,FIR_0024,ACCT_0048,ACCT_0076,125000,NEFT,2026-07-06 23:53:00,0
TXN_006800,FIR_0018,ACCT_0063,ACCT_0043,250000,cash_deposit,2026-03-03 23:15:00,0
TXN_006801,FIR_0028,ACCT_0052,ACCT_0043,9800,NEFT,2026-06-16 17:35:00,0
TXN_006802,FIR_0008,ACCT_0066,ACCT_0055,5000,NEFT,2026-03-17 16:10:00,0
TXN_006803,FIR_0006,ACCT_0074,ACCT_0079,125000,cash_deposit,2026-01-10 18:47:00,0
TXN_006804,FIR_0007,ACCT_0045,ACCT_0080,1200,IMPS,2026-07-31 18:09:00,0
TXN_006805,FIR_0006,ACCT_0040,ACCT_0068,1200,NEFT,2026-04-16 10:29:00,0
TXN_006806,FIR_0016,ACCT_0005,ACCT_0076,250000,cash_deposit,2026-08-25 20:26:00,0
TXN_006807,FIR_0028,ACCT_0014,ACCT_0022,48000,UPI,2026-07-31 13:41:00,1
TXN_006808,FIR_0025,ACCT_0049,ACCT_0037,75000,cash_deposit,2026-07-24 20:31:00,0
TXN_006809,FIR_0005,ACCT_0071,ACCT_0015,48000,IMPS,2026-07-01 13:52:00,1
TXN_006810,FIR_0005,ACCT_0057,ACCT_0047,24000,NEFT,2026-03-20 00:02:00,0
TXN_006811,FIR_0008,ACCT_0055,ACCT_0047,49000,IMPS,2026-06-13 21:16:00,1
TXN_006812,FIR_0007,ACCT_0075,ACCT_0047,49000,IMPS,2026-08-01 14:40:00,1
TXN_006813,FIR_0017,ACCT_0030,ACCT_0045,9800,cash_deposit,2026-01-15 22:35:00,0
TXN_006814,FIR_0006,ACCT_0001,ACCT_0047,24000,NEFT,2026-06-06 06:42:00,0
TXN_006815,FIR_0025,ACCT_0069,ACCT_0013,9800,UPI,2026-08-02 16:01:00,0
TXN_006816,FIR_0017,ACCT_0043,ACCT_0064,125000,cash_deposit,2026-01-29 20:52:00,0
TXN_006817,FIR_0017,ACCT_0055,ACCT_0010,5000,UPI,2026-03-11 03:13:00,0
TXN_006818,FIR_0016,ACCT_0007,ACCT_0056,75000,UPI,2026-07-19 19:45:00,0
TXN_006819,FIR_0012,ACCT_0011,ACCT_0040,250000,UPI,2026-03-28 03:31:00,0
TXN_006820,FIR_0017,ACCT_0079,ACCT_0016,125000,NEFT,2026-05-22 05:20:00,0
TXN_006821,FIR_0019,ACCT_0052,ACCT_0062,1200,UPI,2026-07-30 06:46:00,0
TXN_006822,FIR_0029,ACCT_0029,ACCT_0001,125000,cash_deposit,2026-07-29 10:11:00,0
TXN_006823,FIR_0007,ACCT_0020,ACCT_0063,9800,cash_deposit,2026-08-28 05:15:00,0
TXN_006824,FIR_0015,ACCT_0033,ACCT_0068,75000,IMPS,2026-04-07 01:25:00,0
TXN_006825,FIR_0004,ACCT_0066,ACCT_0065,24000,cash_deposit,2026-02-13 08:43:00,0
TXN_006826,FIR_0018,ACCT_0066,ACCT_0030,125000,UPI,2026-01-12 01:56:00,0
TXN_006827,FIR_0023,ACCT_0045,ACCT_0059,5000,NEFT,2026-02-02 08:44:00,0
TXN_006828,FIR_0016,ACCT_0032,ACCT_0002,75000,cash_deposit,2026-08-30 03:33:00,0
TXN_006829,FIR_0020,ACCT_0009,ACCT_0037,250000,IMPS,2026-01-26 15:30:00,0
TXN_006830,FIR_0004,ACCT_0071,ACCT_0020,250000,NEFT,2026-04-16 23:50:00,0
TXN_006831,FIR_0016,ACCT_0044,ACCT_0025,9800,NEFT,2026-05-26 23:13:00,0
TXN_006832,FIR_0012,ACCT_0051,ACCT_0067,250000,UPI,2026-06-21 18:53:00,0
TXN_006833,FIR_0021,ACCT_0001,ACCT_0026,1200,IMPS,2026-05-14 10:13:00,0
TXN_006834,FIR_0025,ACCT_0057,ACCT_0013,24000,UPI,2026-03-17 07:27:00,0
TXN_006835,FIR_0030,ACCT_0054,ACCT_0058,250000,cash_deposit,2026-05-23 04:38:00,0
TXN_006836,FIR_0020,ACCT_0018,ACCT_0049,49000,NEFT,2026-05-10 06:54:00,1
TXN_006837,FIR_0027,ACCT_0024,ACCT_0056,125000,cash_deposit,2026-08-03 18:31:00,0
TXN_006838,FIR_0028,ACCT_0060,ACCT_0056,75000,NEFT,2026-06-10 08:54:00,0
TXN_006839,FIR_0005,ACCT_0065,ACCT_0024,5000,NEFT,2026-03-04 13:36:00,0
TXN_006840,FIR_0002,ACCT_0024,ACCT_0058,1200,cash_deposit,2026-08-06 19:20:00,0
TXN_006841,FIR_0026,ACCT_0017,ACCT_0075,5000,IMPS,2026-04-23 08:12:00,0
TXN_006842,FIR_0019,ACCT_0053,ACCT_0049,1200,NEFT,2026-04-09 09:32:00,0
TXN_006843,FIR_0029,ACCT_0028,ACCT_0066,24000,IMPS,2026-07-15 17:20:00,0
TXN_006844,FIR_0004,ACCT_0015,ACCT_0025,125000,cash_deposit,2026-02-01 10:00:00,0
TXN_006845,FIR_0026,ACCT_0039,ACCT_0042,24000,cash_deposit,2026-05-25 14:04:00,0
TXN_006846,FIR_0014,ACCT_0078,ACCT_0022,75000,IMPS,2026-04-20 03:38:00,0
TXN_006847,FIR_0025,ACCT_0077,ACCT_0069,5000,NEFT,2026-07-01 16:58:00,0
TXN_006848,FIR_0006,ACCT_0028,ACCT_0010,9800,UPI,2026-07-13 20:29:00,0
TXN_006849,FIR_0019,ACCT_0077,ACCT_0066,1200,IMPS,2026-01-11 02:00:00,0
TXN_006850,FIR_0028,ACCT_0022,ACCT_0005,24000,UPI,2026-01-28 20:49:00,0
TXN_006851,FIR_0022,ACCT_0046,ACCT_0043,75000,cash_deposit,2026-08-20 08:44:00,0
TXN_006852,FIR_0023,ACCT_0040,ACCT_0012,125000,UPI,2026-01-06 02:23:00,0
TXN_006853,FIR_0008,ACCT_0020,ACCT_0023,1200,cash_deposit,2026-07-14 12:35:00,0
TXN_006854,FIR_0015,ACCT_0046,ACCT_0028,49000,UPI,2026-07-21 21:09:00,1
TXN_006855,FIR_0024,ACCT_0076,ACCT_0079,250000,UPI,2026-08-14 06:33:00,0
TXN_006856,FIR_0006,ACCT_0038,ACCT_0068,48000,UPI,2026-07-13 18:33:00,1
TXN_006857,FIR_0026,ACCT_0006,ACCT_0037,24000,cash_deposit,2026-08-08 07:44:00,0
TXN_006858,FIR_0025,ACCT_0047,ACCT_0041,9800,UPI,2026-03-09 06:59:00,0
TXN_006859,FIR_0015,ACCT_0024,ACCT_0067,250000,cash_deposit,2026-05-29 03:49:00,0
TXN_006860,FIR_0013,ACCT_0066,ACCT_0073,49000,IMPS,2026-07-01 02:24:00,1
TXN_006861,FIR_0025,ACCT_0066,ACCT_0033,24000,cash_deposit,2026-07-06 23:47:00,0
TXN_006862,FIR_0008,ACCT_0020,ACCT_0016,250000,UPI,2026-03-10 05:22:00,0
TXN_006863,FIR_0005,ACCT_0027,ACCT_0018,125000,NEFT,2026-05-03 06:21:00,0
TXN_006864,FIR_0020,ACCT_0065,ACCT_0038,9800,cash_deposit,2026-02-14 13:49:00,0
TXN_006865,FIR_0010,ACCT_0075,ACCT_0067,75000,UPI,2026-07-26 02:05:00,0
TXN_006866,FIR_0009,ACCT_0031,ACCT_0034,250000,cash_deposit,2026-07-27 19:41:00,0
TXN_006867,FIR_0009,ACCT_0010,ACCT_0056,1200,cash_deposit,2026-02-08 07:11:00,0
TXN_006868,FIR_0011,ACCT_0044,ACCT_0052,75000,UPI,2026-03-12 01:49:00,0
TXN_006869,FIR_0004,ACCT_0014,ACCT_0010,250000,NEFT,2026-05-06 22:18:00,0
TXN_006870,FIR_0006,ACCT_0051,ACCT_0016,5000,NEFT,2026-05-26 03:20:00,0
TXN_006871,FIR_0030,ACCT_0030,ACCT_0069,125000,IMPS,2026-05-14 15:45:00,0
TXN_006872,FIR_0021,ACCT_0006,ACCT_0027,48000,NEFT,2026-01-20 06:15:00,1
TXN_006873,FIR_0001,ACCT_0016,ACCT_0018,1200,cash_deposit,2026-04-25 14:37:00,0
TXN_006874,FIR_0028,ACCT_0047,ACCT_0066,125000,UPI,2026-04-16 13:49:00,0
TXN_006875,FIR_0011,ACCT_0009,ACCT_0039,5000,IMPS,2026-08-12 19:29:00,0
TXN_006876,FIR_0029,ACCT_0070,ACCT_0018,48000,cash_deposit,2026-06-11 07:11:00,1
TXN_006877,FIR_0027,ACCT_0074,ACCT_0051,49000,IMPS,2026-06-18 05:56:00,1
TXN_006878,FIR_0014,ACCT_0076,ACCT_0001,48000,UPI,2026-03-13 21:24:00,1
TXN_006879,FIR_0021,ACCT_0031,ACCT_0041,5000,NEFT,2026-05-07 01:15:00,0
TXN_006880,FIR_0019,ACCT_0032,ACCT_0011,49000,UPI,2026-04-17 00:11:00,1
TXN_006881,FIR_0013,ACCT_0068,ACCT_0005,75000,NEFT,2026-02-10 06:07:00,0
TXN_006882,FIR_0027,ACCT_0003,ACCT_0053,125000,IMPS,2026-05-04 23:58:00,0
TXN_006883,FIR_0003,ACCT_0053,ACCT_0065,75000,cash_deposit,2026-01-18 03:16:00,0
TXN_006884,FIR_0007,ACCT_0015,ACCT_0043,75000,NEFT,2026-05-20 11:53:00,0
TXN_006885,FIR_0014,ACCT_0041,ACCT_0029,1200,IMPS,2026-05-07 18:55:00,0
TXN_006886,FIR_0028,ACCT_0005,ACCT_0049,48000,IMPS,2026-04-18 00:08:00,1
TXN_006887,FIR_0017,ACCT_0062,ACCT_0080,5000,cash_deposit,2026-01-21 00:22:00,0
TXN_006888,FIR_0025,ACCT_0025,ACCT_0017,48000,cash_deposit,2026-06-19 17:38:00,1
TXN_006889,FIR_0018,ACCT_0026,ACCT_0054,250000,UPI,2026-08-20 11:24:00,0
TXN_006890,FIR_0010,ACCT_0080,ACCT_0016,125000,IMPS,2026-07-10 19:49:00,0
TXN_006891,FIR_0026,ACCT_0015,ACCT_0036,125000,NEFT,2026-06-05 15:32:00,0
TXN_006892,FIR_0001,ACCT_0048,ACCT_0073,48000,IMPS,2026-04-06 02:56:00,1
TXN_006893,FIR_0009,ACCT_0039,ACCT_0020,9800,IMPS,2026-04-06 14:16:00,0
TXN_006894,FIR_0018,ACCT_0024,ACCT_0010,5000,UPI,2026-03-11 11:24:00,0
TXN_006895,FIR_0028,ACCT_0063,ACCT_0050,24000,UPI,2026-05-01 06:05:00,0
TXN_006896,FIR_0025,ACCT_0042,ACCT_0019,250000,UPI,2026-02-09 23:09:00,0
TXN_006897,FIR_0006,ACCT_0054,ACCT_0011,24000,UPI,2026-07-18 18:30:00,0
TXN_006898,FIR_0008,ACCT_0048,ACCT_0074,5000,cash_deposit,2026-07-26 03:05:00,0
TXN_006899,FIR_0029,ACCT_0061,ACCT_0003,49000,UPI,2026-03-10 16:50:00,1
TXN_006900,FIR_0010,ACCT_0045,ACCT_0066,250000,cash_deposit,2026-07-11 09:45:00,0
TXN_006901,FIR_0030,ACCT_0027,ACCT_0019,75000,cash_deposit,2026-09-01 02:05:00,0
TXN_006902,FIR_0006,ACCT_0028,ACCT_0004,250000,NEFT,2026-05-16 21:23:00,0
TXN_006903,FIR_0025,ACCT_0016,ACCT_0040,250000,IMPS,2026-06-07 23:12:00,0
TXN_006904,FIR_0027,ACCT_0042,ACCT_0011,250000,IMPS,2026-08-06 23:59:00,0
TXN_006905,FIR_0002,ACCT_0018,ACCT_0028,49000,NEFT,2026-07-12 07:52:00,1
TXN_006906,FIR_0019,ACCT_0021,ACCT_0066,5000,cash_deposit,2026-08-12 21:01:00,0
TXN_006907,FIR_0022,ACCT_0072,ACCT_0007,9800,IMPS,2026-01-30 17:04:00,0
TXN_006908,FIR_0025,ACCT_0011,ACCT_0061,250000,cash_deposit,2026-03-14 04:57:00,0
TXN_006909,FIR_0018,ACCT_0019,ACCT_0008,48000,IMPS,2026-04-09 02:08:00,1
TXN_006910,FIR_0022,ACCT_0051,ACCT_0042,75000,cash_deposit,2026-04-22 14:00:00,0
TXN_006911,FIR_0021,ACCT_0050,ACCT_0002,5000,IMPS,2026-07-24 11:57:00,0
TXN_006912,FIR_0005,ACCT_0035,ACCT_0065,48000,NEFT,2026-05-21 23:16:00,1
TXN_006913,FIR_0005,ACCT_0030,ACCT_0068,48000,IMPS,2026-01-25 14:42:00,1
TXN_006914,FIR_0007,ACCT_0001,ACCT_0029,75000,NEFT,2026-04-26 00:37:00,0
TXN_006915,FIR_0009,ACCT_0080,ACCT_0077,24000,IMPS,2026-03-25 09:32:00,0
TXN_006916,FIR_0028,ACCT_0074,ACCT_0037,125000,NEFT,2026-08-17 15:09:00,0
TXN_006917,FIR_0008,ACCT_0028,ACCT_0023,49000,cash_deposit,2026-04-26 15:39:00,1
TXN_006918,FIR_0016,ACCT_0038,ACCT_0057,125000,cash_deposit,2026-02-07 07:48:00,0
TXN_006919,FIR_0011,ACCT_0059,ACCT_0015,24000,NEFT,2026-04-26 06:21:00,0
TXN_006920,FIR_0010,ACCT_0069,ACCT_0006,75000,IMPS,2026-05-12 23:27:00,0
TXN_006921,FIR_0004,ACCT_0074,ACCT_0032,49000,cash_deposit,2026-01-02 19:39:00,1
TXN_006922,FIR_0021,ACCT_0054,ACCT_0005,24000,cash_deposit,2026-06-08 08:36:00,0
TXN_006923,FIR_0026,ACCT_0068,ACCT_0005,250000,IMPS,2026-07-30 09:25:00,0
TXN_006924,FIR_0018,ACCT_0005,ACCT_0057,125000,cash_deposit,2026-08-05 07:46:00,0
TXN_006925,FIR_0007,ACCT_0008,ACCT_0075,48000,IMPS,2026-02-11 05:54:00,1
TXN_006926,FIR_0011,ACCT_0021,ACCT_0023,5000,UPI,2026-08-31 12:38:00,0
TXN_006927,FIR_0030,ACCT_0057,ACCT_0058,24000,IMPS,2026-05-28 20:02:00,0
TXN_006928,FIR_0009,ACCT_0014,ACCT_0021,75000,IMPS,2026-03-23 23:46:00,0
TXN_006929,FIR_0011,ACCT_0009,ACCT_0037,125000,cash_deposit,2026-02-17 12:40:00,0
TXN_006930,FIR_0014,ACCT_0004,ACCT_0044,250000,NEFT,2026-01-24 08:02:00,0
TXN_006931,FIR_0003,ACCT_0054,ACCT_0048,48000,UPI,2026-01-05 05:38:00,1
TXN_006932,FIR_0001,ACCT_0071,ACCT_0064,75000,cash_deposit,2026-08-29 02:06:00,0
TXN_006933,FIR_0027,ACCT_0015,ACCT_0009,5000,cash_deposit,2026-07-13 17:17:00,0
TXN_006934,FIR_0013,ACCT_0046,ACCT_0021,49000,NEFT,2026-03-29 18:22:00,1
TXN_006935,FIR_0001,ACCT_0015,ACCT_0053,48000,IMPS,2026-03-09 02:05:00,1
TXN_006936,FIR_0005,ACCT_0002,ACCT_0011,5000,IMPS,2026-08-15 12:24:00,0
TXN_006937,FIR_0001,ACCT_0002,ACCT_0030,125000,IMPS,2026-04-25 06:29:00,0
TXN_006938,FIR_0004,ACCT_0052,ACCT_0074,250000,UPI,2026-05-24 19:41:00,0
TXN_006939,FIR_0005,ACCT_0073,ACCT_0027,1200,cash_deposit,2026-08-13 03:38:00,0
TXN_006940,FIR_0018,ACCT_0012,ACCT_0060,49000,UPI,2026-05-13 11:06:00,1
TXN_006941,FIR_0016,ACCT_0073,ACCT_0016,49000,cash_deposit,2026-08-11 00:34:00,1
TXN_006942,FIR_0021,ACCT_0050,ACCT_0056,250000,cash_deposit,2026-03-03 13:28:00,0
TXN_006943,FIR_0018,ACCT_0036,ACCT_0007,1200,IMPS,2026-04-15 19:06:00,0
TXN_006944,FIR_0011,ACCT_0003,ACCT_0036,250000,IMPS,2026-08-14 08:19:00,0
TXN_006945,FIR_0025,ACCT_0065,ACCT_0020,24000,NEFT,2026-05-14 05:21:00,0
TXN_006946,FIR_0016,ACCT_0043,ACCT_0036,75000,IMPS,2026-02-20 14:24:00,0
TXN_006947,FIR_0014,ACCT_0010,ACCT_0046,75000,NEFT,2026-01-06 01:19:00,0
TXN_006948,FIR_0009,ACCT_0006,ACCT_0037,24000,NEFT,2026-07-30 01:33:00,0
TXN_006949,FIR_0016,ACCT_0054,ACCT_0079,125000,NEFT,2026-03-11 06:40:00,0
TXN_006950,FIR_0028,ACCT_0036,ACCT_0008,75000,UPI,2026-08-06 09:59:00,0
TXN_006951,FIR_0006,ACCT_0054,ACCT_0011,49000,cash_deposit,2026-08-01 17:54:00,1
TXN_006952,FIR_0021,ACCT_0045,ACCT_0035,75000,IMPS,2026-06-27 16:58:00,0
TXN_006953,FIR_0018,ACCT_0009,ACCT_0065,24000,cash_deposit,2026-04-13 06:53:00,0
TXN_006954,FIR_0013,ACCT_0059,ACCT_0071,24000,IMPS,2026-01-23 05:07:00,0
TXN_006955,FIR_0005,ACCT_0077,ACCT_0046,24000,NEFT,2026-05-19 19:38:00,0
TXN_006956,FIR_0008,ACCT_0040,ACCT_0062,75000,IMPS,2026-05-28 09:59:00,0
TXN_006957,FIR_0003,ACCT_0009,ACCT_0051,49000,cash_deposit,2026-05-11 16:46:00,1
TXN_006958,FIR_0023,ACCT_0079,ACCT_0071,24000,IMPS,2026-01-12 05:26:00,0
TXN_006959,FIR_0030,ACCT_0045,ACCT_0047,9800,IMPS,2026-02-11 11:56:00,0
TXN_006960,FIR_0003,ACCT_0077,ACCT_0044,24000,UPI,2026-03-23 02:08:00,0
TXN_006961,FIR_0010,ACCT_0054,ACCT_0073,5000,IMPS,2026-02-11 05:17:00,0
TXN_006962,FIR_0029,ACCT_0080,ACCT_0071,75000,IMPS,2026-08-14 02:17:00,0
TXN_006963,FIR_0016,ACCT_0012,ACCT_0024,5000,UPI,2026-01-19 03:52:00,0
TXN_006964,FIR_0019,ACCT_0014,ACCT_0027,75000,UPI,2026-07-27 00:20:00,0
TXN_006965,FIR_0009,ACCT_0040,ACCT_0034,75000,NEFT,2026-04-15 03:59:00,0
TXN_006966,FIR_0019,ACCT_0064,ACCT_0020,48000,cash_deposit,2026-03-17 05:28:00,1
TXN_006967,FIR_0027,ACCT_0009,ACCT_0030,9800,NEFT,2026-02-25 12:04:00,0
TXN_006968,FIR_0027,ACCT_0025,ACCT_0031,9800,NEFT,2026-01-30 23:19:00,0
TXN_006969,FIR_0001,ACCT_0043,ACCT_0021,24000,IMPS,2026-08-18 03:17:00,0
TXN_006970,FIR_0023,ACCT_0056,ACCT_0042,49000,IMPS,2026-03-05 13:31:00,1
TXN_006971,FIR_0024,ACCT_0034,ACCT_0048,49000,cash_deposit,2026-07-30 21:29:00,1
TXN_006972,FIR_0010,ACCT_0053,ACCT_0032,125000,IMPS,2026-06-19 15:57:00,0
TXN_006973,FIR_0003,ACCT_0027,ACCT_0058,250000,NEFT,2026-02-06 09:42:00,0
TXN_006974,FIR_0006,ACCT_0030,ACCT_0041,9800,cash_deposit,2026-04-08 05:11:00,0
TXN_006975,FIR_0014,ACCT_0046,ACCT_0063,5000,IMPS,2026-06-25 22:39:00,0
TXN_006976,FIR_0028,ACCT_0052,ACCT_0050,9800,UPI,2026-07-23 15:06:00,0
TXN_006977,FIR_0022,ACCT_0018,ACCT_0035,1200,cash_deposit,2026-06-04 11:05:00,0
TXN_006978,FIR_0002,ACCT_0032,ACCT_0069,5000,NEFT,2026-02-07 17:35:00,0
TXN_006979,FIR_0018,ACCT_0041,ACCT_0012,5000,IMPS,2026-04-23 09:37:00,0
TXN_006980,FIR_0019,ACCT_0015,ACCT_0046,9800,NEFT,2026-07-24 19:23:00,0
TXN_006981,FIR_0019,ACCT_0039,ACCT_0038,1200,IMPS,2026-03-30 00:52:00,0
TXN_006982,FIR_0023,ACCT_0078,ACCT_0043,49000,UPI,2026-05-17 01:06:00,1
TXN_006983,FIR_0024,ACCT_0045,ACCT_0061,1200,NEFT,2026-07-20 23:05:00,0
TXN_006984,FIR_0005,ACCT_0078,ACCT_0073,48000,UPI,2026-07-26 03:46:00,1
TXN_006985,FIR_0017,ACCT_0076,ACCT_0065,125000,cash_deposit,2026-06-15 21:35:00,0
TXN_006986,FIR_0009,ACCT_0015,ACCT_0077,49000,UPI,2026-03-07 06:23:00,1
TXN_006987,FIR_0010,ACCT_0019,ACCT_0022,9800,cash_deposit,2026-08-05 11:16:00,0
TXN_006988,FIR_0005,ACCT_0016,ACCT_0056,48000,IMPS,2026-04-08 19:06:00,1
TXN_006989,FIR_0018,ACCT_0032,ACCT_0044,49000,NEFT,2026-08-14 09:52:00,1
TXN_006990,FIR_0010,ACCT_0046,ACCT_0047,48000,NEFT,2026-06-01 11:36:00,1
TXN_006991,FIR_0019,ACCT_0016,ACCT_0036,9800,NEFT,2026-01-04 08:40:00,0
TXN_006992,FIR_0017,ACCT_0058,ACCT_0036,48000,IMPS,2026-06-16 20:20:00,1
TXN_006993,FIR_0013,ACCT_0066,ACCT_0074,75000,cash_deposit,2026-08-27 23:33:00,0
TXN_006994,FIR_0012,ACCT_0032,ACCT_0071,1200,UPI,2026-03-21 09:09:00,0
TXN_006995,FIR_0006,ACCT_0030,ACCT_0070,24000,UPI,2026-06-03 13:59:00,0
TXN_006996,FIR_0026,ACCT_0057,ACCT_0033,125000,cash_deposit,2026-03-30 12:25:00,0
TXN_006997,FIR_0002,ACCT_0066,ACCT_0078,5000,NEFT,2026-07-01 17:32:00,0
TXN_006998,FIR_0015,ACCT_0050,ACCT_0024,49000,NEFT,2026-07-18 12:57:00,1
TXN_006999,FIR_0015,ACCT_0066,ACCT_0041,9800,UPI,2026-02-10 23:17:00,0
TXN_007000,FIR_0021,ACCT_0054,ACCT_0032,9800,IMPS,2026-08-20 01:01:00,0
TXN_007001,FIR_0023,ACCT_0034,ACCT_0078,5000,NEFT,2026-05-25 02:59:00,0
TXN_007002,FIR_0003,ACCT_0062,ACCT_0077,250000,IMPS,2026-08-11 12:35:00,0
TXN_007003,FIR_0008,ACCT_0015,ACCT_0052,75000,IMPS,2026-07-09 14:16:00,0
TXN_007004,FIR_0017,ACCT_0077,ACCT_0078,5000,UPI,2026-01-23 20:36:00,0
TXN_007005,FIR_0024,ACCT_0040,ACCT_0037,48000,cash_deposit,2026-08-20 19:46:00,1
TXN_007006,FIR_0009,ACCT_0046,ACCT_0027,49000,IMPS,2026-08-26 18:33:00,1
TXN_007007,FIR_0024,ACCT_0041,ACCT_0067,5000,IMPS,2026-04-21 13:09:00,0
TXN_007008,FIR_0004,ACCT_0061,ACCT_0050,5000,IMPS,2026-01-22 08:57:00,0
TXN_007009,FIR_0006,ACCT_0031,ACCT_0024,1200,UPI,2026-01-05 13:31:00,0
TXN_007010,FIR_0016,ACCT_0012,ACCT_0008,24000,NEFT,2026-07-25 07:49:00,0
TXN_007011,FIR_0011,ACCT_0028,ACCT_0053,125000,NEFT,2026-04-19 03:32:00,0
TXN_007012,FIR_0025,ACCT_0014,ACCT_0080,9800,cash_deposit,2026-04-30 10:39:00,0
TXN_007013,FIR_0005,ACCT_0033,ACCT_0051,48000,cash_deposit,2026-07-26 16:47:00,1
TXN_007014,FIR_0024,ACCT_0002,ACCT_0034,250000,UPI,2026-07-05 12:29:00,0
TXN_007015,FIR_0028,ACCT_0070,ACCT_0050,1200,IMPS,2026-05-27 21:34:00,0
TXN_007016,FIR_0022,ACCT_0040,ACCT_0006,48000,IMPS,2026-08-21 23:44:00,1
TXN_007017,FIR_0030,ACCT_0008,ACCT_0004,125000,NEFT,2026-01-24 03:53:00,0
TXN_007018,FIR_0030,ACCT_0079,ACCT_0026,1200,cash_deposit,2026-01-08 12:41:00,0
TXN_007019,FIR_0007,ACCT_0010,ACCT_0007,48000,IMPS,2026-07-30 02:53:00,1
TXN_007020,FIR_0017,ACCT_0029,ACCT_0011,125000,NEFT,2026-08-24 17:08:00,0
TXN_007021,FIR_0022,ACCT_0029,ACCT_0004,24000,IMPS,2026-04-27 20:41:00,0
TXN_007022,FIR_0016,ACCT_0019,ACCT_0043,24000,cash_deposit,2026-05-22 08:11:00,0
TXN_007023,FIR_0018,ACCT_0074,ACCT_0066,5000,NEFT,2026-04-09 14:40:00,0
TXN_007024,FIR_0011,ACCT_0001,ACCT_0011,75000,UPI,2026-03-03 19:03:00,0
TXN_007025,FIR_0022,ACCT_0079,ACCT_0027,75000,UPI,2026-05-08 19:07:00,0
TXN_007026,FIR_0024,ACCT_0042,ACCT_0063,125000,cash_deposit,2026-04-01 20:49:00,0
TXN_007027,FIR_0017,ACCT_0004,ACCT_0045,48000,NEFT,2026-03-04 02:24:00,1
TXN_007028,FIR_0030,ACCT_0037,ACCT_0006,49000,IMPS,2026-07-02 15:05:00,1
TXN_007029,FIR_0015,ACCT_0073,ACCT_0031,250000,NEFT,2026-07-13 16:46:00,0
TXN_007030,FIR_0013,ACCT_0064,ACCT_0052,125000,IMPS,2026-02-21 15:49:00,0
TXN_007031,FIR_0030,ACCT_0008,ACCT_0038,1200,UPI,2026-06-20 13:10:00,0
TXN_007032,FIR_0021,ACCT_0039,ACCT_0054,125000,UPI,2026-08-13 08:06:00,0
TXN_007033,FIR_0002,ACCT_0039,ACCT_0058,1200,cash_deposit,2026-04-05 07:11:00,0
TXN_007034,FIR_0016,ACCT_0053,ACCT_0036,125000,NEFT,2026-05-20 20:41:00,0
TXN_007035,FIR_0017,ACCT_0069,ACCT_0072,5000,IMPS,2026-05-28 19:31:00,0
TXN_007036,FIR_0002,ACCT_0058,ACCT_0080,75000,cash_deposit,2026-08-16 00:00:00,0
TXN_007037,FIR_0027,ACCT_0067,ACCT_0073,5000,NEFT,2026-05-14 21:23:00,0
TXN_007038,FIR_0005,ACCT_0078,ACCT_0050,48000,cash_deposit,2026-05-13 23:16:00,1
TXN_007039,FIR_0019,ACCT_0040,ACCT_0061,5000,NEFT,2026-02-22 01:32:00,0
TXN_007040,FIR_0026,ACCT_0037,ACCT_0060,48000,cash_deposit,2026-08-05 01:17:00,1
TXN_007041,FIR_0013,ACCT_0061,ACCT_0070,1200,UPI,2026-06-24 07:12:00,0
TXN_007042,FIR_0007,ACCT_0002,ACCT_0055,75000,cash_deposit,2026-07-13 03:07:00,0
TXN_007043,FIR_0028,ACCT_0038,ACCT_0034,9800,NEFT,2026-07-04 12:30:00,0
TXN_007044,FIR_0026,ACCT_0016,ACCT_0079,48000,cash_deposit,2026-08-30 22:38:00,1
TXN_007045,FIR_0010,ACCT_0034,ACCT_0041,9800,IMPS,2026-06-09 22:55:00,0
TXN_007046,FIR_0013,ACCT_0042,ACCT_0059,48000,NEFT,2026-01-24 00:05:00,1
TXN_007047,FIR_0002,ACCT_0064,ACCT_0052,75000,UPI,2026-01-02 14:31:00,0
TXN_007048,FIR_0019,ACCT_0009,ACCT_0025,1200,cash_deposit,2026-07-20 07:29:00,0
TXN_007049,FIR_0019,ACCT_0033,ACCT_0027,48000,IMPS,2026-08-25 14:42:00,1
TXN_007050,FIR_0026,ACCT_0070,ACCT_0012,75000,UPI,2026-01-02 07:10:00,0
TXN_007051,FIR_0027,ACCT_0059,ACCT_0007,125000,cash_deposit,2026-07-13 14:50:00,0
TXN_007052,FIR_0002,ACCT_0005,ACCT_0043,5000,cash_deposit,2026-08-24 09:17:00,0
TXN_007053,FIR_0018,ACCT_0004,ACCT_0072,250000,NEFT,2026-04-14 01:04:00,0
TXN_007054,FIR_0027,ACCT_0020,ACCT_0079,75000,NEFT,2026-03-10 14:13:00,0
TXN_007055,FIR_0017,ACCT_0074,ACCT_0057,75000,IMPS,2026-04-16 07:05:00,0
TXN_007056,FIR_0011,ACCT_0078,ACCT_0038,125000,cash_deposit,2026-08-22 14:49:00,0
TXN_007057,FIR_0022,ACCT_0005,ACCT_0073,1200,NEFT,2026-01-27 01:08:00,0
TXN_007058,FIR_0018,ACCT_0073,ACCT_0034,24000,NEFT,2026-02-27 13:52:00,0
TXN_007059,FIR_0008,ACCT_0031,ACCT_0046,24000,IMPS,2026-05-12 21:33:00,0
TXN_007060,FIR_0026,ACCT_0074,ACCT_0069,5000,NEFT,2026-06-17 14:04:00,0
TXN_007061,FIR_0004,ACCT_0048,ACCT_0055,250000,UPI,2026-07-31 07:55:00,0
TXN_007062,FIR_0002,ACCT_0074,ACCT_0039,49000,IMPS,2026-01-27 01:35:00,1
TXN_007063,FIR_0011,ACCT_0040,ACCT_0014,49000,IMPS,2026-04-10 23:35:00,1
TXN_007064,FIR_0022,ACCT_0028,ACCT_0008,5000,IMPS,2026-05-07 11:31:00,0
TXN_007065,FIR_0025,ACCT_0071,ACCT_0051,24000,cash_deposit,2026-01-29 13:28:00,0
TXN_007066,FIR_0002,ACCT_0059,ACCT_0010,1200,IMPS,2026-07-23 07:37:00,0
TXN_007067,FIR_0003,ACCT_0079,ACCT_0022,49000,IMPS,2026-05-13 17:15:00,1
TXN_007068,FIR_0005,ACCT_0052,ACCT_0019,48000,NEFT,2026-08-27 11:29:00,1
TXN_007069,FIR_0012,ACCT_0001,ACCT_0048,5000,NEFT,2026-01-29 23:58:00,0
TXN_007070,FIR_0016,ACCT_0002,ACCT_0059,125000,IMPS,2026-06-24 03:53:00,0
TXN_007071,FIR_0017,ACCT_0045,ACCT_0069,250000,UPI,2026-08-17 23:59:00,0
TXN_007072,FIR_0004,ACCT_0040,ACCT_0050,24000,UPI,2026-04-01 16:36:00,0
TXN_007073,FIR_0003,ACCT_0001,ACCT_0070,24000,NEFT,2026-04-23 07:10:00,0
TXN_007074,FIR_0019,ACCT_0023,ACCT_0031,48000,cash_deposit,2026-04-27 06:23:00,1
TXN_007075,FIR_0012,ACCT_0016,ACCT_0031,1200,IMPS,2026-08-15 07:15:00,0
TXN_007076,FIR_0026,ACCT_0045,ACCT_0078,49000,UPI,2026-04-23 05:48:00,1
TXN_007077,FIR_0030,ACCT_0038,ACCT_0066,5000,IMPS,2026-02-04 17:47:00,0
TXN_007078,FIR_0006,ACCT_0070,ACCT_0005,1200,NEFT,2026-06-29 05:51:00,0
TXN_007079,FIR_0006,ACCT_0045,ACCT_0011,49000,cash_deposit,2026-03-14 12:32:00,1
TXN_007080,FIR_0004,ACCT_0024,ACCT_0007,5000,NEFT,2026-05-14 03:48:00,0
TXN_007081,FIR_0027,ACCT_0039,ACCT_0065,75000,UPI,2026-08-20 19:14:00,0
TXN_007082,FIR_0016,ACCT_0046,ACCT_0041,5000,UPI,2026-06-08 20:25:00,0
TXN_007083,FIR_0023,ACCT_0018,ACCT_0041,49000,UPI,2026-01-02 18:20:00,1
TXN_007084,FIR_0005,ACCT_0076,ACCT_0037,49000,NEFT,2026-07-11 08:58:00,1
TXN_007085,FIR_0028,ACCT_0009,ACCT_0077,5000,UPI,2026-05-15 11:03:00,0
TXN_007086,FIR_0019,ACCT_0077,ACCT_0032,48000,NEFT,2026-04-13 09:49:00,1
TXN_007087,FIR_0010,ACCT_0045,ACCT_0080,250000,IMPS,2026-03-29 19:34:00,0
TXN_007088,FIR_0003,ACCT_0034,ACCT_0001,75000,cash_deposit,2026-01-30 05:41:00,0
TXN_007089,FIR_0014,ACCT_0074,ACCT_0065,75000,cash_deposit,2026-01-05 02:40:00,0
TXN_007090,FIR_0017,ACCT_0023,ACCT_0048,24000,cash_deposit,2026-02-20 23:34:00,0
TXN_007091,FIR_0013,ACCT_0012,ACCT_0035,9800,IMPS,2026-04-10 01:34:00,0
TXN_007092,FIR_0026,ACCT_0072,ACCT_0028,48000,NEFT,2026-05-18 11:52:00,1
TXN_007093,FIR_0019,ACCT_0018,ACCT_0051,9800,IMPS,2026-08-23 19:35:00,0
TXN_007094,FIR_0011,ACCT_0019,ACCT_0059,5000,NEFT,2026-08-03 22:00:00,0
TXN_007095,FIR_0010,ACCT_0031,ACCT_0062,49000,UPI,2026-01-16 12:14:00,1
TXN_007096,FIR_0005,ACCT_0016,ACCT_0067,75000,UPI,2026-08-08 21:29:00,0
TXN_007097,FIR_0003,ACCT_0009,ACCT_0017,250000,IMPS,2026-03-28 07:07:00,0
TXN_007098,FIR_0023,ACCT_0038,ACCT_0001,24000,UPI,2026-05-24 09:51:00,0
TXN_007099,FIR_0022,ACCT_0006,ACCT_0077,125000,IMPS,2026-04-03 19:12:00,0
TXN_007100,FIR_0001,ACCT_0072,ACCT_0035,5000,NEFT,2026-06-21 13:48:00,0
TXN_007101,FIR_0009,ACCT_0049,ACCT_0072,9800,cash_deposit,2026-04-28 14:57:00,0
TXN_007102,FIR_0024,ACCT_0080,ACCT_0036,48000,NEFT,2026-03-01 15:37:00,1
TXN_007103,FIR_0009,ACCT_0004,ACCT_0076,1200,NEFT,2026-07-13 04:51:00,0
TXN_007104,FIR_0019,ACCT_0011,ACCT_0075,48000,cash_deposit,2026-04-17 09:57:00,1
TXN_007105,FIR_0005,ACCT_0063,ACCT_0018,1200,IMPS,2026-08-22 22:59:00,0
TXN_007106,FIR_0012,ACCT_0019,ACCT_0046,49000,NEFT,2026-06-23 10:23:00,1
TXN_007107,FIR_0028,ACCT_0076,ACCT_0071,250000,NEFT,2026-04-07 15:20:00,0
TXN_007108,FIR_0029,ACCT_0030,ACCT_0012,49000,IMPS,2026-03-01 01:18:00,1
TXN_007109,FIR_0016,ACCT_0037,ACCT_0066,24000,UPI,2026-07-14 07:48:00,0
TXN_007110,FIR_0021,ACCT_0064,ACCT_0022,9800,IMPS,2026-07-10 05:18:00,0
TXN_007111,FIR_0010,ACCT_0040,ACCT_0068,49000,cash_deposit,2026-01-22 21:43:00,1
TXN_007112,FIR_0016,ACCT_0034,ACCT_0018,5000,NEFT,2026-04-16 04:02:00,0
TXN_007113,FIR_0015,ACCT_0006,ACCT_0047,9800,NEFT,2026-03-06 15:29:00,0
TXN_007114,FIR_0007,ACCT_0079,ACCT_0048,75000,NEFT,2026-03-15 13:29:00,0
TXN_007115,FIR_0006,ACCT_0032,ACCT_0060,48000,NEFT,2026-01-25 13:29:00,1
TXN_007116,FIR_0024,ACCT_0069,ACCT_0003,250000,cash_deposit,2026-05-16 20:56:00,0
TXN_007117,FIR_0027,ACCT_0037,ACCT_0018,250000,UPI,2026-07-09 20:46:00,0
TXN_007118,FIR_0024,ACCT_0025,ACCT_0014,5000,IMPS,2026-01-24 03:53:00,0
TXN_007119,FIR_0013,ACCT_0047,ACCT_0045,5000,UPI,2026-02-14 13:38:00,0
TXN_007120,FIR_0019,ACCT_0022,ACCT_0055,75000,IMPS,2026-01-04 23:43:00,0
TXN_007121,FIR_0006,ACCT_0071,ACCT_0008,5000,UPI,2026-03-12 17:52:00,0
TXN_007122,FIR_0018,ACCT_0013,ACCT_0076,75000,IMPS,2026-03-09 03:07:00,0
TXN_007123,FIR_0001,ACCT_0069,ACCT_0010,5000,NEFT,2026-04-30 19:56:00,0
TXN_007124,FIR_0006,ACCT_0040,ACCT_0072,250000,NEFT,2026-03-11 05:43:00,0
TXN_007125,FIR_0005,ACCT_0060,ACCT_0057,250000,IMPS,2026-04-22 06:42:00,0
TXN_007126,FIR_0008,ACCT_0021,ACCT_0001,9800,cash_deposit,2026-06-09 15:15:00,0
TXN_007127,FIR_0025,ACCT_0050,ACCT_0037,250000,UPI,2026-06-12 21:54:00,0
TXN_007128,FIR_0003,ACCT_0040,ACCT_0022,24000,IMPS,2026-01-22 21:11:00,0
TXN_007129,FIR_0029,ACCT_0073,ACCT_0062,1200,UPI,2026-07-21 18:23:00,0
TXN_007130,FIR_0005,ACCT_0066,ACCT_0051,24000,cash_deposit,2026-07-18 21:33:00,0
TXN_007131,FIR_0003,ACCT_0040,ACCT_0066,125000,IMPS,2026-07-26 03:43:00,0
TXN_007132,FIR_0024,ACCT_0021,ACCT_0018,5000,NEFT,2026-05-06 23:11:00,0
TXN_007133,FIR_0001,ACCT_0051,ACCT_0068,48000,NEFT,2026-04-08 02:36:00,1
TXN_007134,FIR_0012,ACCT_0047,ACCT_0046,250000,NEFT,2026-03-06 01:12:00,0
TXN_007135,FIR_0002,ACCT_0029,ACCT_0012,5000,IMPS,2026-06-02 12:46:00,0
TXN_007136,FIR_0009,ACCT_0016,ACCT_0053,125000,IMPS,2026-06-30 02:07:00,0
TXN_007137,FIR_0013,ACCT_0016,ACCT_0042,1200,NEFT,2026-01-21 16:16:00,0
TXN_007138,FIR_0013,ACCT_0041,ACCT_0031,48000,cash_deposit,2026-06-28 15:12:00,1
TXN_007139,FIR_0001,ACCT_0042,ACCT_0005,9800,cash_deposit,2026-06-14 13:36:00,0
TXN_007140,FIR_0007,ACCT_0052,ACCT_0019,24000,IMPS,2026-02-11 05:29:00,0
TXN_007141,FIR_0004,ACCT_0039,ACCT_0061,5000,cash_deposit,2026-05-07 13:16:00,0
TXN_007142,FIR_0024,ACCT_0051,ACCT_0004,24000,cash_deposit,2026-05-24 08:35:00,0
TXN_007143,FIR_0019,ACCT_0019,ACCT_0078,1200,NEFT,2026-02-23 03:16:00,0
TXN_007144,FIR_0007,ACCT_0078,ACCT_0052,48000,IMPS,2026-03-05 22:14:00,1
TXN_007145,FIR_0010,ACCT_0070,ACCT_0054,5000,cash_deposit,2026-02-07 10:22:00,0
TXN_007146,FIR_0025,ACCT_0078,ACCT_0030,75000,NEFT,2026-04-28 05:36:00,0
TXN_007147,FIR_0001,ACCT_0028,ACCT_0004,1200,UPI,2026-08-27 07:28:00,0
TXN_007148,FIR_0005,ACCT_0055,ACCT_0011,24000,NEFT,2026-08-05 07:17:00,0
TXN_007149,FIR_0014,ACCT_0022,ACCT_0007,5000,NEFT,2026-06-22 12:04:00,0
TXN_007150,FIR_0001,ACCT_0004,ACCT_0077,250000,NEFT,2026-07-23 22:38:00,0
TXN_007151,FIR_0006,ACCT_0009,ACCT_0016,1200,IMPS,2026-07-20 04:53:00,0
TXN_007152,FIR_0010,ACCT_0010,ACCT_0033,1200,IMPS,2026-05-21 06:09:00,0
TXN_007153,FIR_0013,ACCT_0065,ACCT_0062,24000,UPI,2026-04-07 08:17:00,0
TXN_007154,FIR_0009,ACCT_0011,ACCT_0062,48000,IMPS,2026-01-19 10:21:00,1
TXN_007155,FIR_0008,ACCT_0037,ACCT_0005,5000,UPI,2026-08-31 00:17:00,0
TXN_007156,FIR_0015,ACCT_0044,ACCT_0025,9800,IMPS,2026-05-27 05:48:00,0
TXN_007157,FIR_0030,ACCT_0002,ACCT_0071,49000,NEFT,2026-05-11 18:14:00,1
TXN_007158,FIR_0002,ACCT_0001,ACCT_0015,250000,UPI,2026-04-13 14:43:00,0
TXN_007159,FIR_0001,ACCT_0024,ACCT_0001,48000,IMPS,2026-03-08 21:44:00,1
TXN_007160,FIR_0017,ACCT_0048,ACCT_0067,5000,cash_deposit,2026-06-17 14:09:00,0
TXN_007161,FIR_0026,ACCT_0035,ACCT_0062,1200,IMPS,2026-08-31 11:51:00,0
TXN_007162,FIR_0021,ACCT_0016,ACCT_0048,48000,NEFT,2026-08-08 00:39:00,1
TXN_007163,FIR_0001,ACCT_0048,ACCT_0011,24000,IMPS,2026-04-26 03:05:00,0
TXN_007164,FIR_0007,ACCT_0023,ACCT_0048,75000,cash_deposit,2026-02-10 10:24:00,0
TXN_007165,FIR_0009,ACCT_0016,ACCT_0043,125000,cash_deposit,2026-07-25 09:07:00,0
TXN_007166,FIR_0004,ACCT_0031,ACCT_0067,24000,cash_deposit,2026-08-08 09:52:00,0
TXN_007167,FIR_0030,ACCT_0041,ACCT_0051,9800,IMPS,2026-01-27 18:25:00,0
TXN_007168,FIR_0017,ACCT_0059,ACCT_0068,1200,NEFT,2026-04-02 03:49:00,0
TXN_007169,FIR_0024,ACCT_0013,ACCT_0020,250000,NEFT,2026-07-11 14:50:00,0
TXN_007170,FIR_0023,ACCT_0075,ACCT_0008,125000,cash_deposit,2026-05-28 17:46:00,0
TXN_007171,FIR_0012,ACCT_0052,ACCT_0073,1200,IMPS,2026-02-12 09:23:00,0
TXN_007172,FIR_0001,ACCT_0022,ACCT_0019,9800,UPI,2026-03-15 03:27:00,0
TXN_007173,FIR_0022,ACCT_0075,ACCT_0047,48000,cash_deposit,2026-02-10 20:21:00,1
TXN_007174,FIR_0020,ACCT_0057,ACCT_0042,49000,NEFT,2026-06-12 04:50:00,1
TXN_007175,FIR_0029,ACCT_0022,ACCT_0063,75000,cash_deposit,2026-08-05 17:17:00,0
TXN_007176,FIR_0017,ACCT_0009,ACCT_0066,5000,NEFT,2026-04-28 02:26:00,0
TXN_007177,FIR_0007,ACCT_0008,ACCT_0001,125000,cash_deposit,2026-01-10 05:49:00,0
TXN_007178,FIR_0021,ACCT_0080,ACCT_0058,48000,cash_deposit,2026-05-10 06:36:00,1
TXN_007179,FIR_0020,ACCT_0007,ACCT_0017,48000,IMPS,2026-05-06 02:31:00,1
TXN_007180,FIR_0017,ACCT_0014,ACCT_0005,75000,cash_deposit,2026-05-21 15:48:00,0
TXN_007181,FIR_0027,ACCT_0065,ACCT_0055,24000,NEFT,2026-01-31 07:37:00,0
TXN_007182,FIR_0002,ACCT_0017,ACCT_0052,5000,UPI,2026-08-01 13:21:00,0
TXN_007183,FIR_0001,ACCT_0049,ACCT_0042,75000,UPI,2026-01-09 22:57:00,0
TXN_007184,FIR_0019,ACCT_0027,ACCT_0079,48000,IMPS,2026-07-27 23:47:00,1
TXN_007185,FIR_0026,ACCT_0023,ACCT_0025,125000,NEFT,2026-07-13 13:58:00,0
TXN_007186,FIR_0017,ACCT_0017,ACCT_0044,5000,IMPS,2026-02-07 09:21:00,0
TXN_007187,FIR_0002,ACCT_0024,ACCT_0063,24000,cash_deposit,2026-08-20 12:09:00,0
TXN_007188,FIR_0007,ACCT_0068,ACCT_0074,24000,cash_deposit,2026-07-29 12:20:00,0
TXN_007189,FIR_0002,ACCT_0027,ACCT_0006,5000,cash_deposit,2026-06-24 01:29:00,0
TXN_007190,FIR_0008,ACCT_0039,ACCT_0021,24000,NEFT,2026-05-12 03:45:00,0
TXN_007191,FIR_0008,ACCT_0073,ACCT_0080,125000,cash_deposit,2026-07-14 15:49:00,0
TXN_007192,FIR_0024,ACCT_0052,ACCT_0054,9800,IMPS,2026-01-11 14:25:00,0
TXN_007193,FIR_0026,ACCT_0024,ACCT_0039,5000,NEFT,2026-04-30 02:26:00,0
TXN_007194,FIR_0001,ACCT_0069,ACCT_0076,1200,cash_deposit,2026-06-10 14:33:00,0
TXN_007195,FIR_0019,ACCT_0017,ACCT_0024,24000,NEFT,2026-04-07 02:06:00,0
TXN_007196,FIR_0002,ACCT_0053,ACCT_0041,75000,cash_deposit,2026-02-15 16:41:00,0
TXN_007197,FIR_0004,ACCT_0042,ACCT_0076,49000,IMPS,2026-03-28 14:40:00,1
TXN_007198,FIR_0011,ACCT_0061,ACCT_0017,75000,UPI,2026-07-17 06:14:00,0
TXN_007199,FIR_0028,ACCT_0026,ACCT_0035,9800,NEFT,2026-01-21 10:22:00,0
TXN_007200,FIR_0018,ACCT_0040,ACCT_0057,24000,IMPS,2026-06-17 00:00:00,0
TXN_007201,FIR_0030,ACCT_0015,ACCT_0070,75000,IMPS,2026-06-21 09:54:00,0
TXN_007202,FIR_0015,ACCT_0047,ACCT_0038,48000,cash_deposit,2026-02-18 15:42:00,1
TXN_007203,FIR_0017,ACCT_0020,ACCT_0041,48000,NEFT,2026-06-10 13:47:00,1
TXN_007204,FIR_0012,ACCT_0044,ACCT_0065,75000,UPI,2026-06-16 20:05:00,0
TXN_007205,FIR_0001,ACCT_0006,ACCT_0049,49000,UPI,2026-08-11 15:23:00,1
TXN_007206,FIR_0008,ACCT_0071,ACCT_0048,9800,cash_deposit,2026-04-10 21:11:00,0
TXN_007207,FIR_0024,ACCT_0004,ACCT_0029,48000,cash_deposit,2026-01-04 13:44:00,1
TXN_007208,FIR_0004,ACCT_0045,ACCT_0022,49000,cash_deposit,2026-06-30 18:16:00,1
TXN_007209,FIR_0002,ACCT_0025,ACCT_0062,9800,NEFT,2026-03-15 20:27:00,0
TXN_007210,FIR_0022,ACCT_0040,ACCT_0078,24000,IMPS,2026-04-21 17:23:00,0
TXN_007211,FIR_0007,ACCT_0039,ACCT_0046,48000,NEFT,2026-05-07 10:37:00,1
TXN_007212,FIR_0020,ACCT_0028,ACCT_0064,125000,IMPS,2026-03-14 21:00:00,0
TXN_007213,FIR_0018,ACCT_0078,ACCT_0027,250000,cash_deposit,2026-02-10 09:30:00,0
TXN_007214,FIR_0028,ACCT_0043,ACCT_0068,9800,NEFT,2026-08-30 13:37:00,0
TXN_007215,FIR_0028,ACCT_0058,ACCT_0069,5000,UPI,2026-03-03 15:58:00,0
TXN_007216,FIR_0025,ACCT_0053,ACCT_0072,250000,cash_deposit,2026-03-25 04:50:00,0
TXN_007217,FIR_0009,ACCT_0011,ACCT_0021,5000,IMPS,2026-06-11 01:07:00,0
TXN_007218,FIR_0005,ACCT_0050,ACCT_0030,75000,NEFT,2026-02-27 07:13:00,0
TXN_007219,FIR_0016,ACCT_0033,ACCT_0062,125000,UPI,2026-02-05 08:02:00,0
TXN_007220,FIR_0010,ACCT_0062,ACCT_0004,250000,IMPS,2026-04-17 14:28:00,0
TXN_007221,FIR_0017,ACCT_0069,ACCT_0013,49000,UPI,2026-08-20 04:26:00,1
TXN_007222,FIR_0018,ACCT_0080,ACCT_0070,250000,IMPS,2026-08-25 18:33:00,0
TXN_007223,FIR_0013,ACCT_0008,ACCT_0002,1200,IMPS,2026-01-25 08:52:00,0
TXN_007224,FIR_0025,ACCT_0011,ACCT_0018,5000,NEFT,2026-05-06 03:34:00,0
TXN_007225,FIR_0024,ACCT_0064,ACCT_0051,250000,UPI,2026-05-19 17:17:00,0
TXN_007226,FIR_0001,ACCT_0065,ACCT_0071,5000,cash_deposit,2026-06-12 01:38:00,0
TXN_007227,FIR_0004,ACCT_0035,ACCT_0024,24000,cash_deposit,2026-05-07 06:27:00,0
TXN_007228,FIR_0030,ACCT_0042,ACCT_0032,125000,IMPS,2026-05-21 07:42:00,0
TXN_007229,FIR_0020,ACCT_0064,ACCT_0062,5000,UPI,2026-04-16 23:35:00,0
TXN_007230,FIR_0015,ACCT_0057,ACCT_0028,125000,cash_deposit,2026-08-31 20:00:00,0
TXN_007231,FIR_0022,ACCT_0048,ACCT_0025,125000,cash_deposit,2026-03-07 22:50:00,0
TXN_007232,FIR_0013,ACCT_0065,ACCT_0039,250000,NEFT,2026-02-28 23:45:00,0
TXN_007233,FIR_0024,ACCT_0074,ACCT_0005,5000,IMPS,2026-08-20 07:55:00,0
TXN_007234,FIR_0005,ACCT_0060,ACCT_0052,5000,IMPS,2026-01-19 10:00:00,0
TXN_007235,FIR_0011,ACCT_0009,ACCT_0034,1200,cash_deposit,2026-03-09 18:43:00,0
TXN_007236,FIR_0021,ACCT_0017,ACCT_0019,9800,IMPS,2026-01-20 06:07:00,0
TXN_007237,FIR_0019,ACCT_0059,ACCT_0042,250000,IMPS,2026-04-11 18:37:00,0
TXN_007238,FIR_0020,ACCT_0062,ACCT_0040,75000,cash_deposit,2026-02-22 16:29:00,0
TXN_007239,FIR_0020,ACCT_0032,ACCT_0010,9800,cash_deposit,2026-08-07 09:23:00,0
TXN_007240,FIR_0019,ACCT_0068,ACCT_0050,1200,IMPS,2026-07-02 19:18:00,0
TXN_007241,FIR_0030,ACCT_0058,ACCT_0021,24000,UPI,2026-02-10 00:20:00,0
TXN_007242,FIR_0013,ACCT_0067,ACCT_0012,1200,NEFT,2026-04-27 06:20:00,0
TXN_007243,FIR_0004,ACCT_0050,ACCT_0066,125000,NEFT,2026-04-25 12:00:00,0
TXN_007244,FIR_0026,ACCT_0029,ACCT_0016,48000,NEFT,2026-07-22 00:00:00,1
TXN_007245,FIR_0010,ACCT_0011,ACCT_0059,9800,cash_deposit,2026-08-09 22:07:00,0
TXN_007246,FIR_0017,ACCT_0008,ACCT_0013,48000,cash_deposit,2026-02-08 01:07:00,1
TXN_007247,FIR_0008,ACCT_0052,ACCT_0037,125000,cash_deposit,2026-08-22 05:09:00,0
TXN_007248,FIR_0026,ACCT_0053,ACCT_0021,49000,NEFT,2026-04-17 02:18:00,1
TXN_007249,FIR_0030,ACCT_0073,ACCT_0076,48000,cash_deposit,2026-05-15 20:56:00,1
TXN_007250,FIR_0026,ACCT_0032,ACCT_0010,125000,NEFT,2026-02-22 21:16:00,0
TXN_007251,FIR_0029,ACCT_0002,ACCT_0033,48000,UPI,2026-01-03 20:01:00,1
TXN_007252,FIR_0030,ACCT_0064,ACCT_0012,250000,IMPS,2026-01-21 01:17:00,0
TXN_007253,FIR_0011,ACCT_0050,ACCT_0019,5000,IMPS,2026-07-04 12:21:00,0
TXN_007254,FIR_0003,ACCT_0068,ACCT_0063,9800,UPI,2026-05-20 20:31:00,0
TXN_007255,FIR_0024,ACCT_0037,ACCT_0047,250000,cash_deposit,2026-03-26 16:33:00,0
TXN_007256,FIR_0001,ACCT_0003,ACCT_0058,1200,NEFT,2026-07-11 23:18:00,0
TXN_007257,FIR_0026,ACCT_0078,ACCT_0043,24000,cash_deposit,2026-03-27 10:33:00,0
TXN_007258,FIR_0002,ACCT_0009,ACCT_0015,9800,UPI,2026-02-20 08:31:00,0
TXN_007259,FIR_0007,ACCT_0001,ACCT_0021,9800,cash_deposit,2026-07-07 21:13:00,0
TXN_007260,FIR_0021,ACCT_0052,ACCT_0039,1200,NEFT,2026-06-19 13:51:00,0
TXN_007261,FIR_0011,ACCT_0062,ACCT_0071,75000,IMPS,2026-03-18 04:18:00,0
TXN_007262,FIR_0003,ACCT_0054,ACCT_0079,75000,cash_deposit,2026-01-17 11:50:00,0
TXN_007263,FIR_0011,ACCT_0072,ACCT_0031,250000,cash_deposit,2026-03-08 11:40:00,0
TXN_007264,FIR_0020,ACCT_0032,ACCT_0035,75000,IMPS,2026-07-03 12:34:00,0
TXN_007265,FIR_0022,ACCT_0001,ACCT_0023,1200,cash_deposit,2026-01-21 23:30:00,0
TXN_007266,FIR_0020,ACCT_0055,ACCT_0059,1200,cash_deposit,2026-03-31 03:24:00,0
TXN_007267,FIR_0002,ACCT_0012,ACCT_0035,5000,NEFT,2026-04-07 03:00:00,0
TXN_007268,FIR_0007,ACCT_0009,ACCT_0047,9800,IMPS,2026-08-12 08:09:00,0
TXN_007269,FIR_0028,ACCT_0075,ACCT_0020,125000,cash_deposit,2026-06-19 12:05:00,0
TXN_007270,FIR_0013,ACCT_0078,ACCT_0004,24000,UPI,2026-05-20 06:55:00,0
TXN_007271,FIR_0010,ACCT_0029,ACCT_0050,9800,IMPS,2026-04-05 15:46:00,0
TXN_007272,FIR_0007,ACCT_0020,ACCT_0044,125000,NEFT,2026-08-03 18:19:00,0
TXN_007273,FIR_0030,ACCT_0025,ACCT_0048,75000,IMPS,2026-02-05 17:44:00,0
TXN_007274,FIR_0001,ACCT_0067,ACCT_0025,9800,UPI,2026-06-10 22:38:00,0
TXN_007275,FIR_0018,ACCT_0046,ACCT_0037,9800,IMPS,2026-08-20 20:39:00,0
TXN_007276,FIR_0025,ACCT_0020,ACCT_0053,49000,UPI,2026-08-09 09:32:00,1
TXN_007277,FIR_0025,ACCT_0058,ACCT_0064,24000,cash_deposit,2026-05-23 03:46:00,0
TXN_007278,FIR_0026,ACCT_0054,ACCT_0060,75000,cash_deposit,2026-04-09 05:36:00,0
TXN_007279,FIR_0030,ACCT_0046,ACCT_0019,5000,NEFT,2026-08-21 04:18:00,0
TXN_007280,FIR_0019,ACCT_0045,ACCT_0069,24000,NEFT,2026-02-02 06:06:00,0
TXN_007281,FIR_0024,ACCT_0037,ACCT_0027,49000,cash_deposit,2026-08-18 01:49:00,1
TXN_007282,FIR_0005,ACCT_0027,ACCT_0075,9800,cash_deposit,2026-06-20 17:07:00,0
TXN_007283,FIR_0021,ACCT_0066,ACCT_0015,24000,NEFT,2026-03-31 07:07:00,0
TXN_007284,FIR_0002,ACCT_0007,ACCT_0042,5000,UPI,2026-05-15 17:25:00,0
TXN_007285,FIR_0009,ACCT_0016,ACCT_0080,125000,cash_deposit,2026-05-16 14:33:00,0
TXN_007286,FIR_0006,ACCT_0019,ACCT_0053,125000,UPI,2026-07-31 04:35:00,0
TXN_007287,FIR_0011,ACCT_0011,ACCT_0068,250000,IMPS,2026-06-21 16:50:00,0
TXN_007288,FIR_0018,ACCT_0069,ACCT_0067,250000,cash_deposit,2026-03-25 21:02:00,0
TXN_007289,FIR_0010,ACCT_0066,ACCT_0076,125000,NEFT,2026-04-16 23:43:00,0
TXN_007290,FIR_0021,ACCT_0013,ACCT_0017,1200,cash_deposit,2026-08-18 11:47:00,0
TXN_007291,FIR_0030,ACCT_0069,ACCT_0057,1200,cash_deposit,2026-06-02 21:25:00,0
TXN_007292,FIR_0008,ACCT_0029,ACCT_0020,75000,cash_deposit,2026-01-09 03:20:00,0
TXN_007293,FIR_0006,ACCT_0015,ACCT_0012,48000,UPI,2026-04-18 21:27:00,1
TXN_007294,FIR_0002,ACCT_0037,ACCT_0018,9800,NEFT,2026-07-02 01:11:00,0
TXN_007295,FIR_0017,ACCT_0003,ACCT_0034,9800,IMPS,2026-05-02 12:56:00,0
TXN_007296,FIR_0028,ACCT_0073,ACCT_0070,49000,IMPS,2026-03-05 13:38:00,1
TXN_007297,FIR_0005,ACCT_0045,ACCT_0077,75000,IMPS,2026-06-11 09:47:00,0
TXN_007298,FIR_0010,ACCT_0019,ACCT_0058,5000,NEFT,2026-05-31 06:07:00,0
TXN_007299,FIR_0004,ACCT_0046,ACCT_0072,5000,UPI,2026-07-04 14:01:00,0
TXN_007300,FIR_0001,ACCT_0024,ACCT_0012,1200,UPI,2026-05-18 20:27:00,0
TXN_007301,FIR_0009,ACCT_0077,ACCT_0044,24000,UPI,2026-01-09 08:21:00,0
TXN_007302,FIR_0020,ACCT_0073,ACCT_0060,1200,cash_deposit,2026-04-01 01:08:00,0
TXN_007303,FIR_0005,ACCT_0002,ACCT_0016,48000,UPI,2026-02-08 19:59:00,1
TXN_007304,FIR_0004,ACCT_0060,ACCT_0003,48000,NEFT,2026-08-20 02:54:00,1
TXN_007305,FIR_0028,ACCT_0044,ACCT_0015,49000,UPI,2026-06-14 10:22:00,1
TXN_007306,FIR_0010,ACCT_0047,ACCT_0035,48000,NEFT,2026-03-04 21:48:00,1
TXN_007307,FIR_0016,ACCT_0010,ACCT_0007,125000,cash_deposit,2026-06-29 04:06:00,0
TXN_007308,FIR_0025,ACCT_0005,ACCT_0030,48000,NEFT,2026-01-17 03:07:00,1
TXN_007309,FIR_0017,ACCT_0027,ACCT_0036,250000,IMPS,2026-02-19 16:16:00,0
TXN_007310,FIR_0020,ACCT_0054,ACCT_0016,75000,cash_deposit,2026-08-20 05:33:00,0
TXN_007311,FIR_0029,ACCT_0057,ACCT_0042,250000,IMPS,2026-07-08 12:00:00,0
TXN_007312,FIR_0025,ACCT_0058,ACCT_0072,75000,IMPS,2026-01-11 06:02:00,0
TXN_007313,FIR_0018,ACCT_0057,ACCT_0013,9800,UPI,2026-08-31 16:30:00,0
TXN_007314,FIR_0001,ACCT_0076,ACCT_0016,1200,IMPS,2026-04-27 19:30:00,0
TXN_007315,FIR_0012,ACCT_0003,ACCT_0016,24000,cash_deposit,2026-07-06 22:00:00,0
TXN_007316,FIR_0010,ACCT_0052,ACCT_0059,250000,cash_deposit,2026-06-23 19:23:00,0
TXN_007317,FIR_0002,ACCT_0033,ACCT_0046,1200,UPI,2026-01-14 14:34:00,0
TXN_007318,FIR_0010,ACCT_0077,ACCT_0072,250000,IMPS,2026-05-23 02:13:00,0
TXN_007319,FIR_0024,ACCT_0049,ACCT_0024,5000,cash_deposit,2026-08-18 04:27:00,0
TXN_007320,FIR_0024,ACCT_0060,ACCT_0046,48000,IMPS,2026-05-22 12:32:00,1
TXN_007321,FIR_0017,ACCT_0021,ACCT_0025,49000,NEFT,2026-04-15 20:55:00,1
TXN_007322,FIR_0026,ACCT_0023,ACCT_0002,48000,IMPS,2026-02-05 01:50:00,1
TXN_007323,FIR_0009,ACCT_0052,ACCT_0012,49000,cash_deposit,2026-03-25 18:46:00,1
TXN_007324,FIR_0014,ACCT_0072,ACCT_0045,48000,IMPS,2026-04-16 03:43:00,1
TXN_007325,FIR_0004,ACCT_0053,ACCT_0037,125000,cash_deposit,2026-01-16 12:01:00,0
TXN_007326,FIR_0007,ACCT_0059,ACCT_0002,24000,IMPS,2026-06-12 09:49:00,0
TXN_007327,FIR_0007,ACCT_0072,ACCT_0041,48000,cash_deposit,2026-07-10 15:27:00,1
TXN_007328,FIR_0009,ACCT_0055,ACCT_0024,1200,cash_deposit,2026-07-22 10:07:00,0
TXN_007329,FIR_0005,ACCT_0058,ACCT_0078,250000,IMPS,2026-05-06 03:16:00,0
TXN_007330,FIR_0019,ACCT_0063,ACCT_0040,125000,cash_deposit,2026-03-30 16:09:00,0
TXN_007331,FIR_0003,ACCT_0050,ACCT_0078,5000,NEFT,2026-03-26 10:46:00,0
TXN_007332,FIR_0006,ACCT_0019,ACCT_0005,48000,IMPS,2026-03-25 20:12:00,1
TXN_007333,FIR_0012,ACCT_0007,ACCT_0049,48000,NEFT,2026-06-14 19:10:00,1
TXN_007334,FIR_0002,ACCT_0009,ACCT_0011,1200,cash_deposit,2026-05-26 01:30:00,0
TXN_007335,FIR_0020,ACCT_0051,ACCT_0034,48000,NEFT,2026-03-01 15:16:00,1
TXN_007336,FIR_0016,ACCT_0025,ACCT_0017,48000,NEFT,2026-07-18 02:11:00,1
TXN_007337,FIR_0007,ACCT_0019,ACCT_0047,48000,IMPS,2026-07-24 19:10:00,1
TXN_007338,FIR_0001,ACCT_0004,ACCT_0065,5000,NEFT,2026-09-01 07:58:00,0
TXN_007339,FIR_0010,ACCT_0074,ACCT_0049,250000,IMPS,2026-06-09 20:25:00,0
TXN_007340,FIR_0026,ACCT_0024,ACCT_0003,5000,IMPS,2026-01-22 09:52:00,0
TXN_007341,FIR_0017,ACCT_0020,ACCT_0029,48000,cash_deposit,2026-02-17 11:00:00,1
TXN_007342,FIR_0013,ACCT_0061,ACCT_0077,9800,NEFT,2026-05-03 15:49:00,0
TXN_007343,FIR_0019,ACCT_0078,ACCT_0071,1200,IMPS,2026-01-19 02:59:00,0
TXN_007344,FIR_0008,ACCT_0019,ACCT_0020,75000,cash_deposit,2026-02-06 16:16:00,0
TXN_007345,FIR_0010,ACCT_0051,ACCT_0069,24000,UPI,2026-04-21 21:45:00,0
TXN_007346,FIR_0015,ACCT_0044,ACCT_0024,9800,IMPS,2026-06-18 19:55:00,0
TXN_007347,FIR_0003,ACCT_0006,ACCT_0043,24000,NEFT,2026-01-19 02:36:00,0
TXN_007348,FIR_0009,ACCT_0076,ACCT_0001,24000,IMPS,2026-02-18 22:33:00,0
TXN_007349,FIR_0020,ACCT_0061,ACCT_0074,49000,UPI,2026-04-22 04:21:00,1
TXN_007350,FIR_0010,ACCT_0052,ACCT_0062,250000,NEFT,2026-01-25 09:43:00,0
TXN_007351,FIR_0001,ACCT_0042,ACCT_0070,75000,IMPS,2026-04-11 12:23:00,0
TXN_007352,FIR_0008,ACCT_0049,ACCT_0007,24000,cash_deposit,2026-01-18 17:35:00,0
TXN_007353,FIR_0019,ACCT_0041,ACCT_0043,1200,UPI,2026-03-28 08:03:00,0
TXN_007354,FIR_0023,ACCT_0052,ACCT_0064,75000,cash_deposit,2026-02-01 07:01:00,0
TXN_007355,FIR_0003,ACCT_0019,ACCT_0024,5000,IMPS,2026-02-09 17:01:00,0
TXN_007356,FIR_0011,ACCT_0062,ACCT_0027,1200,UPI,2026-07-14 06:38:00,0
TXN_007357,FIR_0026,ACCT_0001,ACCT_0005,48000,UPI,2026-04-28 03:37:00,1
TXN_007358,FIR_0020,ACCT_0047,ACCT_0033,75000,cash_deposit,2026-01-09 12:02:00,0
TXN_007359,FIR_0028,ACCT_0032,ACCT_0057,250000,UPI,2026-07-03 17:04:00,0
TXN_007360,FIR_0010,ACCT_0054,ACCT_0013,1200,cash_deposit,2026-07-24 04:56:00,0
TXN_007361,FIR_0011,ACCT_0042,ACCT_0029,250000,cash_deposit,2026-08-28 06:05:00,0
TXN_007362,FIR_0024,ACCT_0075,ACCT_0017,9800,UPI,2026-01-03 18:11:00,0
TXN_007363,FIR_0024,ACCT_0030,ACCT_0073,125000,IMPS,2026-04-24 22:20:00,0
TXN_007364,FIR_0011,ACCT_0030,ACCT_0051,9800,NEFT,2026-03-16 17:41:00,0
TXN_007365,FIR_0024,ACCT_0062,ACCT_0015,49000,UPI,2026-03-15 16:19:00,1
TXN_007366,FIR_0024,ACCT_0073,ACCT_0070,5000,cash_deposit,2026-01-11 22:24:00,0
TXN_007367,FIR_0006,ACCT_0028,ACCT_0053,250000,UPI,2026-04-18 10:14:00,0
TXN_007368,FIR_0022,ACCT_0068,ACCT_0049,1200,cash_deposit,2026-03-12 10:36:00,0
TXN_007369,FIR_0008,ACCT_0053,ACCT_0012,48000,IMPS,2026-06-18 11:11:00,1
TXN_007370,FIR_0006,ACCT_0007,ACCT_0029,48000,NEFT,2026-04-25 12:45:00,1
TXN_007371,FIR_0017,ACCT_0035,ACCT_0019,250000,UPI,2026-03-15 12:27:00,0
TXN_007372,FIR_0004,ACCT_0035,ACCT_0049,48000,UPI,2026-06-06 04:49:00,1
TXN_007373,FIR_0021,ACCT_0030,ACCT_0077,9800,IMPS,2026-08-04 23:04:00,0
TXN_007374,FIR_0020,ACCT_0074,ACCT_0075,9800,UPI,2026-05-16 12:29:00,0
TXN_007375,FIR_0013,ACCT_0056,ACCT_0037,1200,UPI,2026-05-03 19:20:00,0
TXN_007376,FIR_0006,ACCT_0015,ACCT_0002,250000,UPI,2026-05-01 20:21:00,0
TXN_007377,FIR_0009,ACCT_0040,ACCT_0053,49000,IMPS,2026-05-08 17:06:00,1
TXN_007378,FIR_0012,ACCT_0012,ACCT_0035,75000,NEFT,2026-04-26 20:46:00,0
TXN_007379,FIR_0018,ACCT_0036,ACCT_0028,49000,UPI,2026-07-16 14:02:00,1
TXN_007380,FIR_0002,ACCT_0016,ACCT_0044,24000,UPI,2026-07-17 00:47:00,0
TXN_007381,FIR_0011,ACCT_0030,ACCT_0026,125000,cash_deposit,2026-07-11 12:58:00,0
TXN_007382,FIR_0005,ACCT_0029,ACCT_0032,5000,cash_deposit,2026-04-17 17:05:00,0
TXN_007383,FIR_0021,ACCT_0051,ACCT_0013,125000,NEFT,2026-01-01 16:50:00,0
TXN_007384,FIR_0005,ACCT_0060,ACCT_0035,9800,NEFT,2026-05-31 09:29:00,0
TXN_007385,FIR_0007,ACCT_0064,ACCT_0018,9800,UPI,2026-08-20 02:24:00,0
TXN_007386,FIR_0016,ACCT_0014,ACCT_0015,9800,IMPS,2026-08-13 23:34:00,0
TXN_007387,FIR_0012,ACCT_0033,ACCT_0034,24000,UPI,2026-06-08 23:20:00,0
TXN_007388,FIR_0006,ACCT_0023,ACCT_0022,48000,cash_deposit,2026-06-17 23:15:00,1
TXN_007389,FIR_0014,ACCT_0024,ACCT_0063,75000,UPI,2026-01-22 04:18:00,0
TXN_007390,FIR_0023,ACCT_0034,ACCT_0019,48000,cash_deposit,2026-07-14 06:08:00,1
TXN_007391,FIR_0020,ACCT_0064,ACCT_0075,1200,UPI,2026-01-17 20:17:00,0
TXN_007392,FIR_0021,ACCT_0063,ACCT_0050,250000,NEFT,2026-02-13 13:38:00,0
TXN_007393,FIR_0021,ACCT_0077,ACCT_0054,49000,cash_deposit,2026-04-03 00:27:00,1
TXN_007394,FIR_0005,ACCT_0052,ACCT_0062,48000,NEFT,2026-02-12 03:20:00,1
TXN_007395,FIR_0008,ACCT_0045,ACCT_0050,5000,cash_deposit,2026-01-08 12:08:00,0
TXN_007396,FIR_0029,ACCT_0057,ACCT_0022,75000,cash_deposit,2026-03-29 04:31:00,0
TXN_007397,FIR_0009,ACCT_0044,ACCT_0077,49000,cash_deposit,2026-05-28 13:24:00,1
TXN_007398,FIR_0013,ACCT_0068,ACCT_0030,24000,cash_deposit,2026-04-23 00:53:00,0
TXN_007399,FIR_0030,ACCT_0026,ACCT_0059,75000,cash_deposit,2026-01-21 23:35:00,0
TXN_007400,FIR_0013,ACCT_0076,ACCT_0074,9800,cash_deposit,2026-03-24 15:32:00,0
TXN_007401,FIR_0022,ACCT_0077,ACCT_0041,48000,NEFT,2026-02-06 22:58:00,1
TXN_007402,FIR_0006,ACCT_0049,ACCT_0078,250000,cash_deposit,2026-06-28 01:28:00,0
TXN_007403,FIR_0016,ACCT_0047,ACCT_0071,5000,IMPS,2026-02-04 23:45:00,0
TXN_007404,FIR_0002,ACCT_0025,ACCT_0010,75000,IMPS,2026-05-16 16:40:00,0
TXN_007405,FIR_0013,ACCT_0053,ACCT_0039,1200,UPI,2026-06-08 06:17:00,0
TXN_007406,FIR_0014,ACCT_0068,ACCT_0037,75000,IMPS,2026-01-10 10:12:00,0
TXN_007407,FIR_0018,ACCT_0070,ACCT_0006,250000,IMPS,2026-03-12 20:21:00,0
TXN_007408,FIR_0002,ACCT_0077,ACCT_0061,125000,NEFT,2026-03-12 22:07:00,0
TXN_007409,FIR_0014,ACCT_0005,ACCT_0057,9800,cash_deposit,2026-02-14 04:19:00,0
TXN_007410,FIR_0007,ACCT_0050,ACCT_0077,125000,cash_deposit,2026-04-19 01:18:00,0
TXN_007411,FIR_0028,ACCT_0080,ACCT_0003,49000,NEFT,2026-02-21 16:46:00,1
TXN_007412,FIR_0029,ACCT_0027,ACCT_0001,75000,cash_deposit,2026-02-11 05:50:00,0
TXN_007413,FIR_0022,ACCT_0033,ACCT_0079,24000,cash_deposit,2026-02-23 03:01:00,0
TXN_007414,FIR_0023,ACCT_0018,ACCT_0014,75000,IMPS,2026-08-05 16:18:00,0
TXN_007415,FIR_0001,ACCT_0049,ACCT_0041,48000,IMPS,2026-06-23 20:05:00,1
TXN_007416,FIR_0024,ACCT_0023,ACCT_0042,75000,NEFT,2026-08-18 12:03:00,0
TXN_007417,FIR_0018,ACCT_0068,ACCT_0062,250000,IMPS,2026-08-07 22:21:00,0
TXN_007418,FIR_0019,ACCT_0023,ACCT_0039,250000,UPI,2026-04-22 06:13:00,0
TXN_007419,FIR_0003,ACCT_0005,ACCT_0003,48000,IMPS,2026-03-10 11:21:00,1
TXN_007420,FIR_0016,ACCT_0005,ACCT_0075,1200,IMPS,2026-07-06 22:04:00,0
TXN_007421,FIR_0013,ACCT_0038,ACCT_0004,250000,UPI,2026-03-31 01:34:00,0
TXN_007422,FIR_0025,ACCT_0002,ACCT_0077,5000,NEFT,2026-05-10 21:42:00,0
TXN_007423,FIR_0017,ACCT_0069,ACCT_0074,48000,NEFT,2026-07-10 17:13:00,1
TXN_007424,FIR_0009,ACCT_0061,ACCT_0052,125000,NEFT,2026-06-20 00:00:00,0
TXN_007425,FIR_0007,ACCT_0023,ACCT_0035,5000,NEFT,2026-04-15 03:22:00,0
TXN_007426,FIR_0003,ACCT_0045,ACCT_0057,49000,NEFT,2026-04-15 22:32:00,1
TXN_007427,FIR_0023,ACCT_0029,ACCT_0066,24000,NEFT,2026-03-22 17:59:00,0
TXN_007428,FIR_0015,ACCT_0050,ACCT_0008,24000,IMPS,2026-07-03 05:02:00,0
TXN_007429,FIR_0030,ACCT_0072,ACCT_0049,5000,UPI,2026-05-14 05:40:00,0
TXN_007430,FIR_0016,ACCT_0012,ACCT_0027,75000,IMPS,2026-06-23 18:17:00,0
TXN_007431,FIR_0008,ACCT_0076,ACCT_0074,48000,NEFT,2026-07-08 11:27:00,1
TXN_007432,FIR_0029,ACCT_0023,ACCT_0046,49000,cash_deposit,2026-08-05 08:10:00,1
TXN_007433,FIR_0022,ACCT_0060,ACCT_0050,1200,IMPS,2026-03-29 03:40:00,0
TXN_007434,FIR_0001,ACCT_0016,ACCT_0057,9800,NEFT,2026-03-24 18:09:00,0
TXN_007435,FIR_0025,ACCT_0055,ACCT_0039,49000,IMPS,2026-06-22 19:20:00,1
TXN_007436,FIR_0029,ACCT_0027,ACCT_0044,125000,IMPS,2026-07-22 21:04:00,0
TXN_007437,FIR_0029,ACCT_0011,ACCT_0073,48000,IMPS,2026-06-15 09:34:00,1
TXN_007438,FIR_0006,ACCT_0040,ACCT_0035,48000,NEFT,2026-03-22 23:35:00,1
TXN_007439,FIR_0003,ACCT_0065,ACCT_0040,5000,NEFT,2026-01-15 11:59:00,0
TXN_007440,FIR_0029,ACCT_0021,ACCT_0020,49000,cash_deposit,2026-06-04 15:13:00,1
TXN_007441,FIR_0008,ACCT_0069,ACCT_0026,9800,UPI,2026-05-19 04:54:00,0
TXN_007442,FIR_0006,ACCT_0074,ACCT_0061,75000,NEFT,2026-07-19 17:51:00,0
TXN_007443,FIR_0024,ACCT_0023,ACCT_0033,48000,IMPS,2026-06-13 04:05:00,1
TXN_007444,FIR_0002,ACCT_0043,ACCT_0005,250000,IMPS,2026-02-21 19:47:00,0
TXN_007445,FIR_0023,ACCT_0051,ACCT_0060,5000,UPI,2026-06-09 11:14:00,0
TXN_007446,FIR_0026,ACCT_0076,ACCT_0011,1200,IMPS,2026-05-26 15:19:00,0
TXN_007447,FIR_0030,ACCT_0007,ACCT_0020,125000,IMPS,2026-07-22 15:58:00,0
TXN_007448,FIR_0010,ACCT_0051,ACCT_0062,5000,IMPS,2026-02-15 01:55:00,0
TXN_007449,FIR_0006,ACCT_0056,ACCT_0004,75000,UPI,2026-04-12 19:06:00,0
TXN_007450,FIR_0017,ACCT_0063,ACCT_0073,49000,UPI,2026-03-27 03:37:00,1
TXN_007451,FIR_0029,ACCT_0059,ACCT_0067,9800,UPI,2026-03-02 09:45:00,0
TXN_007452,FIR_0012,ACCT_0020,ACCT_0043,250000,UPI,2026-04-20 09:01:00,0
TXN_007453,FIR_0020,ACCT_0017,ACCT_0029,48000,NEFT,2026-04-22 05:45:00,1
TXN_007454,FIR_0006,ACCT_0065,ACCT_0045,125000,UPI,2026-01-10 23:19:00,0
TXN_007455,FIR_0025,ACCT_0041,ACCT_0042,49000,cash_deposit,2026-05-18 01:45:00,1
TXN_007456,FIR_0018,ACCT_0009,ACCT_0003,24000,NEFT,2026-07-01 05:03:00,0
TXN_007457,FIR_0029,ACCT_0048,ACCT_0021,125000,cash_deposit,2026-06-18 17:03:00,0
TXN_007458,FIR_0021,ACCT_0046,ACCT_0041,49000,NEFT,2026-02-26 17:51:00,1
TXN_007459,FIR_0019,ACCT_0017,ACCT_0046,49000,NEFT,2026-07-16 00:07:00,1
TXN_007460,FIR_0019,ACCT_0019,ACCT_0028,9800,NEFT,2026-08-06 12:27:00,0
TXN_007461,FIR_0004,ACCT_0030,ACCT_0023,48000,IMPS,2026-02-25 21:35:00,1
TXN_007462,FIR_0002,ACCT_0077,ACCT_0059,125000,IMPS,2026-01-03 12:13:00,0
TXN_007463,FIR_0014,ACCT_0073,ACCT_0035,48000,cash_deposit,2026-05-24 01:36:00,1
TXN_007464,FIR_0016,ACCT_0007,ACCT_0019,48000,cash_deposit,2026-08-13 13:58:00,1
TXN_007465,FIR_0026,ACCT_0044,ACCT_0038,49000,NEFT,2026-01-07 03:32:00,1
TXN_007466,FIR_0012,ACCT_0067,ACCT_0061,1200,IMPS,2026-08-21 02:48:00,0
TXN_007467,FIR_0029,ACCT_0014,ACCT_0007,24000,cash_deposit,2026-03-29 19:17:00,0
TXN_007468,FIR_0026,ACCT_0038,ACCT_0069,250000,cash_deposit,2026-07-11 09:38:00,0
TXN_007469,FIR_0027,ACCT_0005,ACCT_0055,5000,cash_deposit,2026-01-23 13:00:00,0
TXN_007470,FIR_0004,ACCT_0067,ACCT_0076,48000,UPI,2026-05-07 00:55:00,1
TXN_007471,FIR_0018,ACCT_0021,ACCT_0033,48000,IMPS,2026-05-15 18:37:00,1
TXN_007472,FIR_0018,ACCT_0040,ACCT_0019,9800,cash_deposit,2026-01-19 20:53:00,0
TXN_007473,FIR_0023,ACCT_0078,ACCT_0020,48000,IMPS,2026-06-03 20:24:00,1
TXN_007474,FIR_0004,ACCT_0048,ACCT_0041,1200,NEFT,2026-04-05 22:46:00,0
TXN_007475,FIR_0018,ACCT_0061,ACCT_0064,75000,cash_deposit,2026-08-21 12:47:00,0
TXN_007476,FIR_0012,ACCT_0017,ACCT_0007,1200,NEFT,2026-04-14 08:12:00,0
TXN_007477,FIR_0027,ACCT_0028,ACCT_0023,125000,UPI,2026-01-26 06:25:00,0
TXN_007478,FIR_0005,ACCT_0047,ACCT_0004,5000,cash_deposit,2026-07-06 03:54:00,0
TXN_007479,FIR_0019,ACCT_0008,ACCT_0016,250000,NEFT,2026-04-12 21:10:00,0
TXN_007480,FIR_0019,ACCT_0045,ACCT_0067,5000,NEFT,2026-07-21 21:31:00,0
TXN_007481,FIR_0015,ACCT_0056,ACCT_0038,24000,cash_deposit,2026-02-14 11:17:00,0
TXN_007482,FIR_0005,ACCT_0074,ACCT_0076,49000,IMPS,2026-08-30 00:28:00,1
TXN_007483,FIR_0020,ACCT_0036,ACCT_0021,49000,UPI,2026-07-19 14:21:00,1
TXN_007484,FIR_0016,ACCT_0015,ACCT_0024,49000,cash_deposit,2026-05-28 18:49:00,1
TXN_007485,FIR_0011,ACCT_0019,ACCT_0065,1200,cash_deposit,2026-02-24 17:00:00,0
TXN_007486,FIR_0021,ACCT_0043,ACCT_0016,9800,UPI,2026-05-01 03:31:00,0
TXN_007487,FIR_0022,ACCT_0009,ACCT_0034,24000,cash_deposit,2026-05-31 01:04:00,0
TXN_007488,FIR_0024,ACCT_0023,ACCT_0072,250000,UPI,2026-03-13 03:50:00,0
TXN_007489,FIR_0009,ACCT_0056,ACCT_0008,250000,UPI,2026-08-22 17:14:00,0
TXN_007490,FIR_0030,ACCT_0053,ACCT_0075,49000,NEFT,2026-01-03 09:42:00,1
TXN_007491,FIR_0028,ACCT_0073,ACCT_0029,1200,UPI,2026-02-11 04:02:00,0
TXN_007492,FIR_0027,ACCT_0057,ACCT_0002,75000,UPI,2026-02-05 23:26:00,0
TXN_007493,FIR_0027,ACCT_0003,ACCT_0069,1200,NEFT,2026-04-12 11:47:00,0
TXN_007494,FIR_0005,ACCT_0007,ACCT_0068,125000,NEFT,2026-03-04 00:32:00,0
TXN_007495,FIR_0004,ACCT_0079,ACCT_0049,5000,NEFT,2026-01-23 08:34:00,0
TXN_007496,FIR_0016,ACCT_0044,ACCT_0009,1200,cash_deposit,2026-05-02 19:06:00,0
TXN_007497,FIR_0001,ACCT_0029,ACCT_0035,75000,NEFT,2026-01-06 20:01:00,0
TXN_007498,FIR_0003,ACCT_0068,ACCT_0049,48000,cash_deposit,2026-08-24 16:17:00,1
TXN_007499,FIR_0001,ACCT_0060,ACCT_0074,48000,NEFT,2026-08-01 05:34:00,1
TXN_007500,FIR_0027,ACCT_0052,ACCT_0058,48000,IMPS,2026-03-14 23:05:00,1
TXN_007501,FIR_0024,ACCT_0035,ACCT_0059,5000,UPI,2026-01-21 13:36:00,0
TXN_007502,FIR_0017,ACCT_0059,ACCT_0041,9800,UPI,2026-08-12 06:32:00,0
TXN_007503,FIR_0013,ACCT_0041,ACCT_0022,49000,IMPS,2026-09-01 04:50:00,1
TXN_007504,FIR_0001,ACCT_0043,ACCT_0064,75000,IMPS,2026-05-17 15:20:00,0
TXN_007505,FIR_0021,ACCT_0044,ACCT_0065,49000,cash_deposit,2026-04-04 04:06:00,1
TXN_007506,FIR_0021,ACCT_0036,ACCT_0053,9800,UPI,2026-01-14 22:07:00,0
TXN_007507,FIR_0011,ACCT_0008,ACCT_0023,9800,IMPS,2026-04-24 06:52:00,0
TXN_007508,FIR_0024,ACCT_0025,ACCT_0065,75000,IMPS,2026-01-17 22:59:00,0
TXN_007509,FIR_0003,ACCT_0015,ACCT_0003,125000,NEFT,2026-04-03 17:01:00,0
TXN_007510,FIR_0017,ACCT_0033,ACCT_0069,1200,UPI,2026-05-29 17:51:00,0
TXN_007511,FIR_0015,ACCT_0052,ACCT_0018,125000,cash_deposit,2026-04-25 13:43:00,0
TXN_007512,FIR_0024,ACCT_0062,ACCT_0059,48000,IMPS,2026-04-01 05:12:00,1
TXN_007513,FIR_0002,ACCT_0056,ACCT_0075,48000,NEFT,2026-05-22 04:37:00,1
TXN_007514,FIR_0017,ACCT_0057,ACCT_0053,1200,IMPS,2026-06-09 20:50:00,0
TXN_007515,FIR_0006,ACCT_0051,ACCT_0074,48000,UPI,2026-04-01 04:35:00,1
TXN_007516,FIR_0028,ACCT_0002,ACCT_0017,5000,IMPS,2026-03-25 05:39:00,0
TXN_007517,FIR_0028,ACCT_0057,ACCT_0048,49000,UPI,2026-01-01 08:34:00,1
TXN_007518,FIR_0030,ACCT_0045,ACCT_0005,48000,IMPS,2026-01-14 11:49:00,1
TXN_007519,FIR_0018,ACCT_0012,ACCT_0034,250000,IMPS,2026-06-29 03:21:00,0
TXN_007520,FIR_0018,ACCT_0046,ACCT_0030,5000,cash_deposit,2026-05-03 12:28:00,0
TXN_007521,FIR_0005,ACCT_0029,ACCT_0065,75000,cash_deposit,2026-06-07 12:16:00,0
TXN_007522,FIR_0005,ACCT_0037,ACCT_0013,9800,UPI,2026-05-25 11:46:00,0
TXN_007523,FIR_0023,ACCT_0062,ACCT_0048,24000,UPI,2026-07-14 11:45:00,0
TXN_007524,FIR_0015,ACCT_0035,ACCT_0047,1200,IMPS,2026-06-29 10:40:00,0
TXN_007525,FIR_0028,ACCT_0009,ACCT_0047,9800,NEFT,2026-03-10 22:58:00,0
TXN_007526,FIR_0008,ACCT_0041,ACCT_0021,24000,UPI,2026-07-14 05:39:00,0
TXN_007527,FIR_0013,ACCT_0037,ACCT_0040,1200,IMPS,2026-04-27 04:00:00,0
TXN_007528,FIR_0027,ACCT_0068,ACCT_0026,250000,cash_deposit,2026-08-01 12:38:00,0
TXN_007529,FIR_0005,ACCT_0009,ACCT_0043,5000,cash_deposit,2026-07-17 18:00:00,0
TXN_007530,FIR_0018,ACCT_0049,ACCT_0072,75000,cash_deposit,2026-03-08 12:46:00,0
TXN_007531,FIR_0017,ACCT_0048,ACCT_0023,250000,UPI,2026-08-02 19:42:00,0
TXN_007532,FIR_0005,ACCT_0046,ACCT_0024,24000,NEFT,2026-05-07 19:07:00,0
TXN_007533,FIR_0009,ACCT_0033,ACCT_0053,49000,IMPS,2026-07-05 19:43:00,1
TXN_007534,FIR_0003,ACCT_0057,ACCT_0042,48000,NEFT,2026-02-17 07:38:00,1
TXN_007535,FIR_0006,ACCT_0036,ACCT_0071,9800,cash_deposit,2026-06-18 18:10:00,0
TXN_007536,FIR_0008,ACCT_0028,ACCT_0070,48000,IMPS,2026-02-20 00:16:00,1
TXN_007537,FIR_0028,ACCT_0020,ACCT_0072,125000,UPI,2026-07-23 19:36:00,0
TXN_007538,FIR_0011,ACCT_0055,ACCT_0045,24000,NEFT,2026-01-28 09:22:00,0
TXN_007539,FIR_0024,ACCT_0004,ACCT_0066,1200,cash_deposit,2026-08-03 23:49:00,0
TXN_007540,FIR_0007,ACCT_0010,ACCT_0006,75000,cash_deposit,2026-05-19 21:47:00,0
TXN_007541,FIR_0020,ACCT_0013,ACCT_0062,125000,cash_deposit,2026-02-08 09:00:00,0
TXN_007542,FIR_0005,ACCT_0072,ACCT_0009,9800,NEFT,2026-07-02 17:07:00,0
TXN_007543,FIR_0011,ACCT_0041,ACCT_0054,125000,UPI,2026-08-19 21:58:00,0
TXN_007544,FIR_0017,ACCT_0006,ACCT_0002,9800,NEFT,2026-07-29 19:49:00,0
TXN_007545,FIR_0024,ACCT_0052,ACCT_0040,9800,NEFT,2026-07-11 10:31:00,0
TXN_007546,FIR_0008,ACCT_0053,ACCT_0060,75000,cash_deposit,2026-07-22 04:52:00,0
TXN_007547,FIR_0007,ACCT_0048,ACCT_0011,5000,cash_deposit,2026-04-27 05:14:00,0
TXN_007548,FIR_0005,ACCT_0058,ACCT_0020,9800,NEFT,2026-07-20 08:52:00,0
TXN_007549,FIR_0011,ACCT_0003,ACCT_0068,24000,NEFT,2026-05-17 19:39:00,0
TXN_007550,FIR_0008,ACCT_0033,ACCT_0076,5000,cash_deposit,2026-07-31 04:20:00,0
TXN_007551,FIR_0027,ACCT_0073,ACCT_0071,48000,UPI,2026-08-02 21:55:00,1
TXN_007552,FIR_0013,ACCT_0036,ACCT_0040,75000,IMPS,2026-02-20 11:39:00,0
TXN_007553,FIR_0022,ACCT_0014,ACCT_0079,75000,IMPS,2026-06-14 04:59:00,0
TXN_007554,FIR_0001,ACCT_0056,ACCT_0054,9800,UPI,2026-01-14 07:21:00,0
TXN_007555,FIR_0001,ACCT_0049,ACCT_0035,250000,NEFT,2026-02-17 01:28:00,0
TXN_007556,FIR_0018,ACCT_0073,ACCT_0069,75000,NEFT,2026-07-14 10:33:00,0
TXN_007557,FIR_0026,ACCT_0055,ACCT_0010,75000,cash_deposit,2026-06-13 16:59:00,0
TXN_007558,FIR_0013,ACCT_0071,ACCT_0024,125000,IMPS,2026-05-30 02:21:00,0
TXN_007559,FIR_0015,ACCT_0059,ACCT_0076,1200,IMPS,2026-02-22 22:26:00,0
TXN_007560,FIR_0015,ACCT_0005,ACCT_0057,48000,IMPS,2026-04-11 20:30:00,1
TXN_007561,FIR_0001,ACCT_0052,ACCT_0051,250000,cash_deposit,2026-04-16 03:19:00,0
TXN_007562,FIR_0023,ACCT_0075,ACCT_0070,5000,IMPS,2026-04-08 17:51:00,0
TXN_007563,FIR_0007,ACCT_0048,ACCT_0055,1200,cash_deposit,2026-04-02 04:40:00,0
TXN_007564,FIR_0025,ACCT_0075,ACCT_0061,250000,IMPS,2026-05-09 02:29:00,0
TXN_007565,FIR_0019,ACCT_0044,ACCT_0078,1200,IMPS,2026-08-26 16:38:00,0
TXN_007566,FIR_0029,ACCT_0049,ACCT_0044,5000,UPI,2026-03-21 12:43:00,0
TXN_007567,FIR_0005,ACCT_0045,ACCT_0054,75000,NEFT,2026-05-17 07:43:00,0
TXN_007568,FIR_0009,ACCT_0037,ACCT_0012,250000,UPI,2026-03-13 09:31:00,0
TXN_007569,FIR_0014,ACCT_0049,ACCT_0005,250000,NEFT,2026-07-25 21:38:00,0
TXN_007570,FIR_0017,ACCT_0035,ACCT_0078,5000,IMPS,2026-01-11 19:43:00,0
TXN_007571,FIR_0009,ACCT_0039,ACCT_0008,5000,NEFT,2026-07-15 11:52:00,0
TXN_007572,FIR_0030,ACCT_0006,ACCT_0033,250000,IMPS,2026-03-23 22:21:00,0
TXN_007573,FIR_0009,ACCT_0071,ACCT_0038,5000,NEFT,2026-08-26 04:06:00,0
TXN_007574,FIR_0020,ACCT_0073,ACCT_0013,125000,cash_deposit,2026-07-03 14:45:00,0
TXN_007575,FIR_0027,ACCT_0001,ACCT_0069,48000,NEFT,2026-01-19 14:26:00,1
TXN_007576,FIR_0010,ACCT_0058,ACCT_0038,49000,NEFT,2026-06-20 04:58:00,1
TXN_007577,FIR_0018,ACCT_0075,ACCT_0038,5000,IMPS,2026-05-15 00:10:00,0
TXN_007578,FIR_0009,ACCT_0049,ACCT_0034,9800,NEFT,2026-03-20 22:10:00,0
TXN_007579,FIR_0019,ACCT_0059,ACCT_0030,1200,IMPS,2026-08-01 11:20:00,0
TXN_007580,FIR_0010,ACCT_0001,ACCT_0018,75000,IMPS,2026-05-28 14:32:00,0
TXN_007581,FIR_0011,ACCT_0078,ACCT_0071,75000,UPI,2026-01-17 09:29:00,0
TXN_007582,FIR_0023,ACCT_0047,ACCT_0013,5000,cash_deposit,2026-08-21 01:49:00,0
TXN_007583,FIR_0003,ACCT_0013,ACCT_0060,24000,cash_deposit,2026-04-26 03:52:00,0
TXN_007584,FIR_0007,ACCT_0071,ACCT_0063,24000,IMPS,2026-06-25 21:23:00,0
TXN_007585,FIR_0017,ACCT_0006,ACCT_0041,24000,NEFT,2026-06-09 03:49:00,0
TXN_007586,FIR_0011,ACCT_0039,ACCT_0032,24000,UPI,2026-04-10 17:22:00,0
TXN_007587,FIR_0015,ACCT_0015,ACCT_0051,75000,IMPS,2026-03-22 22:56:00,0
TXN_007588,FIR_0003,ACCT_0040,ACCT_0038,9800,UPI,2026-08-23 05:40:00,0
TXN_007589,FIR_0024,ACCT_0017,ACCT_0046,1200,cash_deposit,2026-01-30 23:54:00,0
TXN_007590,FIR_0009,ACCT_0044,ACCT_0013,250000,NEFT,2026-02-25 06:24:00,0
TXN_007591,FIR_0014,ACCT_0073,ACCT_0003,5000,cash_deposit,2026-07-12 05:00:00,0
TXN_007592,FIR_0026,ACCT_0032,ACCT_0043,49000,UPI,2026-02-07 00:59:00,1
TXN_007593,FIR_0025,ACCT_0064,ACCT_0040,9800,UPI,2026-05-01 06:49:00,0
TXN_007594,FIR_0022,ACCT_0046,ACCT_0060,9800,NEFT,2026-01-06 12:56:00,0
TXN_007595,FIR_0019,ACCT_0061,ACCT_0022,24000,NEFT,2026-03-03 07:45:00,0
TXN_007596,FIR_0011,ACCT_0048,ACCT_0005,75000,cash_deposit,2026-08-19 12:37:00,0
TXN_007597,FIR_0001,ACCT_0009,ACCT_0064,125000,NEFT,2026-05-24 09:15:00,0
TXN_007598,FIR_0014,ACCT_0072,ACCT_0026,125000,cash_deposit,2026-03-06 08:22:00,0
TXN_007599,FIR_0004,ACCT_0032,ACCT_0077,250000,NEFT,2026-05-22 22:31:00,0
TXN_007600,FIR_0021,ACCT_0074,ACCT_0054,5000,UPI,2026-05-22 13:27:00,0
TXN_007601,FIR_0012,ACCT_0023,ACCT_0006,9800,UPI,2026-08-29 04:18:00,0
TXN_007602,FIR_0016,ACCT_0048,ACCT_0080,125000,cash_deposit,2026-03-21 01:09:00,0
TXN_007603,FIR_0016,ACCT_0018,ACCT_0019,48000,UPI,2026-06-08 02:44:00,1
TXN_007604,FIR_0009,ACCT_0039,ACCT_0002,49000,cash_deposit,2026-04-03 07:55:00,1
TXN_007605,FIR_0029,ACCT_0023,ACCT_0052,75000,NEFT,2026-06-14 09:52:00,0
TXN_007606,FIR_0024,ACCT_0031,ACCT_0042,1200,cash_deposit,2026-03-17 11:12:00,0
TXN_007607,FIR_0015,ACCT_0074,ACCT_0048,250000,NEFT,2026-05-09 22:44:00,0
TXN_007608,FIR_0015,ACCT_0003,ACCT_0014,9800,IMPS,2026-06-19 02:53:00,0
TXN_007609,FIR_0001,ACCT_0064,ACCT_0018,9800,cash_deposit,2026-01-16 17:02:00,0
TXN_007610,FIR_0024,ACCT_0057,ACCT_0060,1200,cash_deposit,2026-05-06 10:28:00,0
TXN_007611,FIR_0004,ACCT_0006,ACCT_0015,5000,cash_deposit,2026-08-03 13:18:00,0
TXN_007612,FIR_0030,ACCT_0074,ACCT_0041,9800,NEFT,2026-05-01 01:11:00,0
TXN_007613,FIR_0020,ACCT_0004,ACCT_0071,5000,cash_deposit,2026-04-10 12:00:00,0
TXN_007614,FIR_0027,ACCT_0016,ACCT_0005,9800,IMPS,2026-02-26 03:19:00,0
TXN_007615,FIR_0002,ACCT_0042,ACCT_0066,125000,UPI,2026-05-24 13:45:00,0
TXN_007616,FIR_0009,ACCT_0020,ACCT_0070,75000,UPI,2026-05-18 18:36:00,0
TXN_007617,FIR_0020,ACCT_0048,ACCT_0067,9800,UPI,2026-02-02 03:33:00,0
TXN_007618,FIR_0021,ACCT_0028,ACCT_0011,9800,NEFT,2026-04-25 14:45:00,0
TXN_007619,FIR_0026,ACCT_0060,ACCT_0002,125000,IMPS,2026-05-27 21:00:00,0
TXN_007620,FIR_0010,ACCT_0073,ACCT_0057,48000,cash_deposit,2026-07-02 18:49:00,1
TXN_007621,FIR_0018,ACCT_0076,ACCT_0065,5000,UPI,2026-03-24 12:33:00,0
TXN_007622,FIR_0018,ACCT_0075,ACCT_0034,1200,NEFT,2026-03-12 09:53:00,0
TXN_007623,FIR_0028,ACCT_0007,ACCT_0078,9800,IMPS,2026-08-13 04:29:00,0
TXN_007624,FIR_0009,ACCT_0031,ACCT_0070,24000,IMPS,2026-05-23 23:00:00,0
TXN_007625,FIR_0007,ACCT_0010,ACCT_0073,48000,UPI,2026-05-17 16:31:00,1
TXN_007626,FIR_0006,ACCT_0056,ACCT_0042,49000,UPI,2026-05-25 03:37:00,1
TXN_007627,FIR_0009,ACCT_0030,ACCT_0046,75000,IMPS,2026-08-17 17:40:00,0
TXN_007628,FIR_0020,ACCT_0067,ACCT_0045,5000,NEFT,2026-03-10 12:28:00,0
TXN_007629,FIR_0015,ACCT_0030,ACCT_0062,24000,UPI,2026-06-10 23:48:00,0
TXN_007630,FIR_0026,ACCT_0047,ACCT_0052,24000,UPI,2026-05-06 02:36:00,0
TXN_007631,FIR_0004,ACCT_0057,ACCT_0043,48000,UPI,2026-08-26 09:41:00,1
TXN_007632,FIR_0030,ACCT_0030,ACCT_0024,9800,cash_deposit,2026-04-08 08:40:00,0
TXN_007633,FIR_0002,ACCT_0079,ACCT_0038,24000,UPI,2026-07-29 23:44:00,0
TXN_007634,FIR_0022,ACCT_0002,ACCT_0057,75000,UPI,2026-01-10 06:36:00,0
TXN_007635,FIR_0004,ACCT_0021,ACCT_0065,125000,cash_deposit,2026-02-22 17:58:00,0
TXN_007636,FIR_0027,ACCT_0046,ACCT_0043,5000,IMPS,2026-08-10 00:50:00,0
TXN_007637,FIR_0022,ACCT_0064,ACCT_0035,5000,UPI,2026-01-13 22:18:00,0
TXN_007638,FIR_0008,ACCT_0002,ACCT_0072,24000,UPI,2026-07-11 19:56:00,0
TXN_007639,FIR_0009,ACCT_0051,ACCT_0076,48000,IMPS,2026-05-11 17:40:00,1
TXN_007640,FIR_0017,ACCT_0033,ACCT_0025,75000,cash_deposit,2026-04-12 13:37:00,0
TXN_007641,FIR_0008,ACCT_0026,ACCT_0051,5000,NEFT,2026-04-13 22:10:00,0
TXN_007642,FIR_0021,ACCT_0064,ACCT_0022,1200,cash_deposit,2026-07-26 01:53:00,0
TXN_007643,FIR_0010,ACCT_0054,ACCT_0017,49000,IMPS,2026-01-16 21:14:00,1
TXN_007644,FIR_0005,ACCT_0058,ACCT_0054,250000,IMPS,2026-04-27 01:57:00,0
TXN_007645,FIR_0001,ACCT_0022,ACCT_0059,1200,UPI,2026-05-20 14:32:00,0
TXN_007646,FIR_0014,ACCT_0072,ACCT_0069,125000,cash_deposit,2026-08-05 14:08:00,0
TXN_007647,FIR_0001,ACCT_0052,ACCT_0004,125000,cash_deposit,2026-01-13 21:44:00,0
TXN_007648,FIR_0008,ACCT_0029,ACCT_0071,75000,NEFT,2026-07-29 10:38:00,0
TXN_007649,FIR_0013,ACCT_0065,ACCT_0025,5000,NEFT,2026-04-02 14:49:00,0
TXN_007650,FIR_0014,ACCT_0075,ACCT_0072,9800,UPI,2026-02-22 22:09:00,0
TXN_007651,FIR_0025,ACCT_0050,ACCT_0020,48000,UPI,2026-07-25 22:02:00,1
TXN_007652,FIR_0005,ACCT_0050,ACCT_0014,75000,IMPS,2026-04-09 13:18:00,0
TXN_007653,FIR_0020,ACCT_0037,ACCT_0044,5000,cash_deposit,2026-02-04 07:20:00,0
TXN_007654,FIR_0015,ACCT_0044,ACCT_0074,125000,UPI,2026-03-22 21:12:00,0
TXN_007655,FIR_0017,ACCT_0070,ACCT_0060,24000,IMPS,2026-02-13 05:19:00,0
TXN_007656,FIR_0008,ACCT_0023,ACCT_0070,5000,NEFT,2026-05-21 15:21:00,0
TXN_007657,FIR_0018,ACCT_0038,ACCT_0029,49000,cash_deposit,2026-03-03 20:40:00,1
TXN_007658,FIR_0017,ACCT_0061,ACCT_0004,9800,IMPS,2026-03-24 22:21:00,0
TXN_007659,FIR_0022,ACCT_0061,ACCT_0024,5000,UPI,2026-08-28 23:45:00,0
TXN_007660,FIR_0004,ACCT_0058,ACCT_0013,5000,cash_deposit,2026-01-25 23:38:00,0
TXN_007661,FIR_0029,ACCT_0061,ACCT_0062,48000,cash_deposit,2026-04-02 14:13:00,1
TXN_007662,FIR_0018,ACCT_0026,ACCT_0039,49000,IMPS,2026-03-12 10:30:00,1
TXN_007663,FIR_0005,ACCT_0065,ACCT_0076,250000,cash_deposit,2026-02-17 06:47:00,0
TXN_007664,FIR_0026,ACCT_0051,ACCT_0044,24000,IMPS,2026-03-31 11:58:00,0
TXN_007665,FIR_0027,ACCT_0059,ACCT_0001,24000,NEFT,2026-02-21 21:26:00,0
TXN_007666,FIR_0005,ACCT_0070,ACCT_0005,75000,cash_deposit,2026-02-28 02:34:00,0
TXN_007667,FIR_0003,ACCT_0073,ACCT_0059,48000,cash_deposit,2026-05-23 11:46:00,1
TXN_007668,FIR_0015,ACCT_0029,ACCT_0030,49000,NEFT,2026-02-18 02:14:00,1
TXN_007669,FIR_0019,ACCT_0080,ACCT_0005,1200,cash_deposit,2026-04-12 23:40:00,0
TXN_007670,FIR_0029,ACCT_0071,ACCT_0003,1200,cash_deposit,2026-03-19 19:37:00,0
TXN_007671,FIR_0020,ACCT_0068,ACCT_0032,48000,NEFT,2026-03-16 14:22:00,1
TXN_007672,FIR_0019,ACCT_0080,ACCT_0038,250000,UPI,2026-02-22 02:23:00,0
TXN_007673,FIR_0028,ACCT_0026,ACCT_0058,49000,cash_deposit,2026-02-13 07:46:00,1
TXN_007674,FIR_0028,ACCT_0008,ACCT_0057,75000,UPI,2026-03-26 06:17:00,0
TXN_007675,FIR_0023,ACCT_0059,ACCT_0017,24000,IMPS,2026-04-06 12:37:00,0
TXN_007676,FIR_0012,ACCT_0045,ACCT_0069,75000,UPI,2026-03-03 14:42:00,0
TXN_007677,FIR_0006,ACCT_0059,ACCT_0008,1200,UPI,2026-01-19 23:46:00,0
TXN_007678,FIR_0011,ACCT_0044,ACCT_0025,5000,UPI,2026-05-28 00:31:00,0
TXN_007679,FIR_0022,ACCT_0068,ACCT_0036,48000,NEFT,2026-07-21 04:42:00,1
TXN_007680,FIR_0005,ACCT_0027,ACCT_0060,24000,UPI,2026-01-20 22:33:00,0
TXN_007681,FIR_0016,ACCT_0042,ACCT_0007,24000,UPI,2026-08-04 23:19:00,0
TXN_007682,FIR_0013,ACCT_0042,ACCT_0074,49000,UPI,2026-02-06 01:40:00,1
TXN_007683,FIR_0030,ACCT_0020,ACCT_0075,49000,UPI,2026-01-13 22:30:00,1
TXN_007684,FIR_0027,ACCT_0008,ACCT_0036,48000,UPI,2026-04-28 04:31:00,1
TXN_007685,FIR_0012,ACCT_0073,ACCT_0004,48000,NEFT,2026-01-27 08:42:00,1
TXN_007686,FIR_0018,ACCT_0013,ACCT_0025,24000,UPI,2026-06-10 03:03:00,0
TXN_007687,FIR_0007,ACCT_0036,ACCT_0061,125000,IMPS,2026-03-03 18:06:00,0
TXN_007688,FIR_0002,ACCT_0080,ACCT_0051,48000,IMPS,2026-07-15 09:48:00,1
TXN_007689,FIR_0022,ACCT_0005,ACCT_0033,48000,UPI,2026-06-04 19:27:00,1
TXN_007690,FIR_0005,ACCT_0021,ACCT_0012,125000,IMPS,2026-01-18 18:56:00,0
TXN_007691,FIR_0027,ACCT_0065,ACCT_0077,1200,IMPS,2026-01-25 03:47:00,0
TXN_007692,FIR_0014,ACCT_0026,ACCT_0046,250000,UPI,2026-07-15 06:08:00,0
TXN_007693,FIR_0021,ACCT_0022,ACCT_0031,125000,NEFT,2026-04-20 21:30:00,0
TXN_007694,FIR_0016,ACCT_0032,ACCT_0041,49000,cash_deposit,2026-04-05 04:24:00,1
TXN_007695,FIR_0006,ACCT_0038,ACCT_0011,49000,UPI,2026-02-21 06:47:00,1
TXN_007696,FIR_0008,ACCT_0015,ACCT_0060,9800,IMPS,2026-04-26 23:16:00,0
TXN_007697,FIR_0018,ACCT_0002,ACCT_0064,24000,NEFT,2026-02-01 10:25:00,0
TXN_007698,FIR_0020,ACCT_0035,ACCT_0055,24000,NEFT,2026-07-09 15:29:00,0
TXN_007699,FIR_0024,ACCT_0059,ACCT_0062,9800,cash_deposit,2026-06-16 11:32:00,0
TXN_007700,FIR_0003,ACCT_0011,ACCT_0079,24000,NEFT,2026-04-27 15:34:00,0
TXN_007701,FIR_0001,ACCT_0073,ACCT_0042,9800,cash_deposit,2026-06-02 12:22:00,0
TXN_007702,FIR_0017,ACCT_0020,ACCT_0031,5000,cash_deposit,2026-02-11 06:56:00,0
TXN_007703,FIR_0017,ACCT_0009,ACCT_0051,125000,UPI,2026-01-17 17:36:00,0
TXN_007704,FIR_0012,ACCT_0016,ACCT_0013,1200,IMPS,2026-05-04 19:19:00,0
TXN_007705,FIR_0025,ACCT_0005,ACCT_0002,75000,IMPS,2026-03-07 22:00:00,0
TXN_007706,FIR_0024,ACCT_0003,ACCT_0064,24000,cash_deposit,2026-07-15 12:28:00,0
TXN_007707,FIR_0023,ACCT_0022,ACCT_0048,49000,cash_deposit,2026-03-06 23:04:00,1
TXN_007708,FIR_0013,ACCT_0033,ACCT_0069,49000,NEFT,2026-06-17 13:36:00,1
TXN_007709,FIR_0015,ACCT_0004,ACCT_0052,5000,cash_deposit,2026-03-18 08:17:00,0
TXN_007710,FIR_0014,ACCT_0075,ACCT_0050,48000,IMPS,2026-06-26 00:43:00,1
TXN_007711,FIR_0010,ACCT_0002,ACCT_0067,250000,IMPS,2026-08-11 08:28:00,0
TXN_007712,FIR_0012,ACCT_0017,ACCT_0062,24000,NEFT,2026-05-22 11:21:00,0
TXN_007713,FIR_0025,ACCT_0032,ACCT_0050,49000,UPI,2026-08-24 01:10:00,1
TXN_007714,FIR_0016,ACCT_0012,ACCT_0037,24000,IMPS,2026-08-28 13:05:00,0
TXN_007715,FIR_0027,ACCT_0015,ACCT_0070,48000,IMPS,2026-04-29 01:19:00,1
TXN_007716,FIR_0019,ACCT_0049,ACCT_0071,5000,NEFT,2026-02-05 00:03:00,0
TXN_007717,FIR_0009,ACCT_0035,ACCT_0068,9800,IMPS,2026-05-07 12:25:00,0
TXN_007718,FIR_0012,ACCT_0079,ACCT_0028,48000,IMPS,2026-04-16 21:17:00,1
TXN_007719,FIR_0013,ACCT_0041,ACCT_0029,1200,cash_deposit,2026-04-17 02:27:00,0
TXN_007720,FIR_0006,ACCT_0043,ACCT_0035,24000,NEFT,2026-06-01 06:51:00,0
TXN_007721,FIR_0004,ACCT_0052,ACCT_0006,125000,NEFT,2026-01-24 02:35:00,0
TXN_007722,FIR_0023,ACCT_0026,ACCT_0073,125000,IMPS,2026-08-08 05:16:00,0
TXN_007723,FIR_0027,ACCT_0005,ACCT_0011,24000,IMPS,2026-05-03 11:48:00,0
TXN_007724,FIR_0006,ACCT_0047,ACCT_0046,1200,IMPS,2026-02-03 04:24:00,0
TXN_007725,FIR_0025,ACCT_0021,ACCT_0013,9800,cash_deposit,2026-01-12 08:15:00,0
TXN_007726,FIR_0022,ACCT_0054,ACCT_0037,250000,UPI,2026-06-17 10:29:00,0
TXN_007727,FIR_0002,ACCT_0079,ACCT_0058,24000,cash_deposit,2026-08-27 20:53:00,0
TXN_007728,FIR_0012,ACCT_0067,ACCT_0058,5000,UPI,2026-01-06 04:50:00,0
TXN_007729,FIR_0006,ACCT_0031,ACCT_0076,9800,cash_deposit,2026-05-28 19:32:00,0
TXN_007730,FIR_0024,ACCT_0064,ACCT_0058,49000,cash_deposit,2026-05-01 23:29:00,1
TXN_007731,FIR_0021,ACCT_0051,ACCT_0012,75000,UPI,2026-08-01 06:50:00,0
TXN_007732,FIR_0017,ACCT_0047,ACCT_0017,125000,IMPS,2026-07-21 01:15:00,0
TXN_007733,FIR_0011,ACCT_0076,ACCT_0006,250000,NEFT,2026-04-05 21:46:00,0
TXN_007734,FIR_0015,ACCT_0036,ACCT_0050,49000,IMPS,2026-07-30 15:21:00,1
TXN_007735,FIR_0018,ACCT_0063,ACCT_0016,250000,IMPS,2026-06-04 03:42:00,0
TXN_007736,FIR_0007,ACCT_0072,ACCT_0048,75000,NEFT,2026-06-27 14:51:00,0
TXN_007737,FIR_0014,ACCT_0054,ACCT_0017,125000,UPI,2026-03-08 10:22:00,0
TXN_007738,FIR_0020,ACCT_0071,ACCT_0037,5000,IMPS,2026-06-11 20:30:00,0
TXN_007739,FIR_0030,ACCT_0048,ACCT_0030,5000,UPI,2026-02-16 15:15:00,0
TXN_007740,FIR_0023,ACCT_0048,ACCT_0002,48000,cash_deposit,2026-02-23 06:34:00,1
TXN_007741,FIR_0017,ACCT_0054,ACCT_0045,5000,cash_deposit,2026-07-05 10:27:00,0
TXN_007742,FIR_0030,ACCT_0010,ACCT_0030,9800,cash_deposit,2026-08-21 11:24:00,0
TXN_007743,FIR_0023,ACCT_0043,ACCT_0021,49000,NEFT,2026-08-31 15:46:00,1
TXN_007744,FIR_0016,ACCT_0065,ACCT_0076,125000,IMPS,2026-06-06 13:51:00,0
TXN_007745,FIR_0005,ACCT_0063,ACCT_0035,75000,cash_deposit,2026-06-04 16:01:00,0
TXN_007746,FIR_0004,ACCT_0025,ACCT_0051,125000,NEFT,2026-02-26 12:39:00,0
TXN_007747,FIR_0019,ACCT_0069,ACCT_0013,49000,IMPS,2026-03-28 20:11:00,1
TXN_007748,FIR_0008,ACCT_0060,ACCT_0079,24000,cash_deposit,2026-02-22 00:32:00,0
TXN_007749,FIR_0019,ACCT_0051,ACCT_0050,9800,IMPS,2026-06-30 02:00:00,0
TXN_007750,FIR_0028,ACCT_0011,ACCT_0039,75000,IMPS,2026-05-23 06:14:00,0
TXN_007751,FIR_0007,ACCT_0067,ACCT_0018,24000,IMPS,2026-08-23 14:52:00,0
TXN_007752,FIR_0022,ACCT_0010,ACCT_0076,48000,cash_deposit,2026-05-21 10:52:00,1
TXN_007753,FIR_0013,ACCT_0050,ACCT_0031,9800,NEFT,2026-01-21 16:33:00,0
TXN_007754,FIR_0019,ACCT_0072,ACCT_0035,9800,cash_deposit,2026-02-13 01:09:00,0
TXN_007755,FIR_0029,ACCT_0058,ACCT_0059,75000,IMPS,2026-02-10 08:17:00,0
TXN_007756,FIR_0018,ACCT_0043,ACCT_0021,24000,IMPS,2026-06-17 23:44:00,0
TXN_007757,FIR_0026,ACCT_0005,ACCT_0027,48000,IMPS,2026-04-27 03:03:00,1
TXN_007758,FIR_0006,ACCT_0005,ACCT_0015,125000,cash_deposit,2026-04-18 23:15:00,0
TXN_007759,FIR_0028,ACCT_0039,ACCT_0018,250000,IMPS,2026-06-04 13:03:00,0
TXN_007760,FIR_0019,ACCT_0020,ACCT_0002,24000,UPI,2026-04-03 13:10:00,0
TXN_007761,FIR_0004,ACCT_0008,ACCT_0051,9800,UPI,2026-03-30 05:16:00,0
TXN_007762,FIR_0011,ACCT_0055,ACCT_0031,250000,NEFT,2026-03-31 07:50:00,0
TXN_007763,FIR_0022,ACCT_0046,ACCT_0044,24000,NEFT,2026-04-05 15:18:00,0
TXN_007764,FIR_0015,ACCT_0074,ACCT_0008,1200,cash_deposit,2026-08-31 23:56:00,0
TXN_007765,FIR_0004,ACCT_0044,ACCT_0034,1200,UPI,2026-04-15 12:40:00,0
TXN_007766,FIR_0030,ACCT_0027,ACCT_0013,75000,UPI,2026-01-15 16:16:00,0
TXN_007767,FIR_0018,ACCT_0027,ACCT_0050,250000,NEFT,2026-01-11 07:47:00,0
TXN_007768,FIR_0030,ACCT_0066,ACCT_0071,125000,UPI,2026-03-18 03:31:00,0
TXN_007769,FIR_0008,ACCT_0034,ACCT_0025,5000,NEFT,2026-03-11 14:42:00,0
TXN_007770,FIR_0004,ACCT_0068,ACCT_0045,24000,cash_deposit,2026-05-21 04:28:00,0
TXN_007771,FIR_0025,ACCT_0051,ACCT_0036,9800,cash_deposit,2026-08-30 19:07:00,0
TXN_007772,FIR_0028,ACCT_0021,ACCT_0075,48000,IMPS,2026-03-31 13:27:00,1
TXN_007773,FIR_0012,ACCT_0031,ACCT_0068,75000,NEFT,2026-04-09 17:51:00,0
TXN_007774,FIR_0012,ACCT_0080,ACCT_0020,24000,NEFT,2026-04-03 13:35:00,0
TXN_007775,FIR_0021,ACCT_0078,ACCT_0071,24000,NEFT,2026-04-03 18:42:00,0
TXN_007776,FIR_0017,ACCT_0058,ACCT_0015,250000,NEFT,2026-08-29 01:07:00,0
TXN_007777,FIR_0029,ACCT_0045,ACCT_0034,75000,NEFT,2026-06-22 21:43:00,0
TXN_007778,FIR_0023,ACCT_0026,ACCT_0076,125000,IMPS,2026-03-11 21:56:00,0
TXN_007779,FIR_0009,ACCT_0015,ACCT_0070,1200,IMPS,2026-03-16 05:32:00,0
TXN_007780,FIR_0013,ACCT_0061,ACCT_0067,75000,UPI,2026-05-26 14:21:00,0
TXN_007781,FIR_0001,ACCT_0050,ACCT_0027,125000,IMPS,2026-06-08 00:46:00,0
TXN_007782,FIR_0024,ACCT_0038,ACCT_0078,125000,IMPS,2026-05-07 02:18:00,0
TXN_007783,FIR_0020,ACCT_0002,ACCT_0060,75000,cash_deposit,2026-08-21 02:37:00,0
TXN_007784,FIR_0028,ACCT_0017,ACCT_0062,24000,cash_deposit,2026-04-19 23:22:00,0
TXN_007785,FIR_0003,ACCT_0055,ACCT_0051,125000,NEFT,2026-04-04 14:42:00,0
TXN_007786,FIR_0023,ACCT_0065,ACCT_0004,49000,cash_deposit,2026-04-24 07:51:00,1
TXN_007787,FIR_0014,ACCT_0013,ACCT_0001,48000,cash_deposit,2026-06-05 09:34:00,1
TXN_007788,FIR_0009,ACCT_0076,ACCT_0073,49000,UPI,2026-07-13 20:22:00,1
TXN_007789,FIR_0009,ACCT_0012,ACCT_0038,75000,cash_deposit,2026-01-27 15:19:00,0
TXN_007790,FIR_0006,ACCT_0063,ACCT_0057,5000,NEFT,2026-04-18 06:34:00,0
TXN_007791,FIR_0002,ACCT_0018,ACCT_0050,49000,IMPS,2026-04-21 01:11:00,1
TXN_007792,FIR_0002,ACCT_0005,ACCT_0036,24000,NEFT,2026-04-24 23:27:00,0
TXN_007793,FIR_0003,ACCT_0025,ACCT_0033,5000,UPI,2026-08-19 04:14:00,0
TXN_007794,FIR_0024,ACCT_0047,ACCT_0024,9800,IMPS,2026-08-01 05:01:00,0
TXN_007795,FIR_0005,ACCT_0010,ACCT_0054,9800,IMPS,2026-03-11 19:53:00,0
TXN_007796,FIR_0004,ACCT_0014,ACCT_0045,49000,UPI,2026-03-27 15:44:00,1
TXN_007797,FIR_0015,ACCT_0050,ACCT_0004,49000,IMPS,2026-01-27 06:52:00,1
TXN_007798,FIR_0015,ACCT_0028,ACCT_0041,49000,UPI,2026-06-10 12:18:00,1
TXN_007799,FIR_0022,ACCT_0008,ACCT_0041,9800,cash_deposit,2026-03-20 15:37:00,0
TXN_007800,FIR_0027,ACCT_0049,ACCT_0021,250000,NEFT,2026-02-25 09:54:00,0
TXN_007801,FIR_0014,ACCT_0072,ACCT_0049,49000,IMPS,2026-01-07 02:58:00,1
TXN_007802,FIR_0018,ACCT_0030,ACCT_0011,48000,NEFT,2026-08-29 03:29:00,1
TXN_007803,FIR_0009,ACCT_0035,ACCT_0006,125000,IMPS,2026-03-10 07:15:00,0
TXN_007804,FIR_0027,ACCT_0061,ACCT_0031,1200,NEFT,2026-06-23 19:24:00,0
TXN_007805,FIR_0018,ACCT_0076,ACCT_0077,1200,cash_deposit,2026-06-12 22:32:00,0
TXN_007806,FIR_0021,ACCT_0018,ACCT_0008,49000,IMPS,2026-03-25 04:02:00,1
TXN_007807,FIR_0017,ACCT_0051,ACCT_0018,250000,UPI,2026-02-17 22:14:00,0
TXN_007808,FIR_0013,ACCT_0029,ACCT_0003,24000,cash_deposit,2026-04-27 05:16:00,0
TXN_007809,FIR_0015,ACCT_0066,ACCT_0060,250000,IMPS,2026-05-10 03:10:00,0
TXN_007810,FIR_0020,ACCT_0073,ACCT_0005,75000,UPI,2026-04-22 20:52:00,0
TXN_007811,FIR_0019,ACCT_0057,ACCT_0015,75000,IMPS,2026-04-13 02:23:00,0
TXN_007812,FIR_0020,ACCT_0004,ACCT_0020,49000,UPI,2026-04-17 11:34:00,1
TXN_007813,FIR_0030,ACCT_0050,ACCT_0030,250000,NEFT,2026-01-23 10:35:00,0
TXN_007814,FIR_0009,ACCT_0056,ACCT_0080,24000,IMPS,2026-04-18 08:32:00,0
TXN_007815,FIR_0030,ACCT_0003,ACCT_0005,24000,cash_deposit,2026-02-12 01:36:00,0
TXN_007816,FIR_0029,ACCT_0029,ACCT_0058,48000,IMPS,2026-05-17 09:47:00,1
TXN_007817,FIR_0030,ACCT_0025,ACCT_0016,48000,UPI,2026-03-05 22:48:00,1
TXN_007818,FIR_0024,ACCT_0062,ACCT_0056,48000,NEFT,2026-05-31 23:19:00,1
TXN_007819,FIR_0006,ACCT_0024,ACCT_0015,49000,UPI,2026-08-08 14:41:00,1
TXN_007820,FIR_0005,ACCT_0010,ACCT_0077,5000,IMPS,2026-02-27 15:05:00,0
TXN_007821,FIR_0030,ACCT_0029,ACCT_0011,48000,cash_deposit,2026-07-26 04:15:00,1
TXN_007822,FIR_0017,ACCT_0032,ACCT_0001,250000,UPI,2026-02-19 21:24:00,0
TXN_007823,FIR_0021,ACCT_0054,ACCT_0057,250000,NEFT,2026-03-24 15:01:00,0
TXN_007824,FIR_0025,ACCT_0032,ACCT_0016,1200,cash_deposit,2026-03-25 13:16:00,0
TXN_007825,FIR_0011,ACCT_0054,ACCT_0020,250000,UPI,2026-06-13 14:28:00,0
TXN_007826,FIR_0027,ACCT_0051,ACCT_0079,9800,IMPS,2026-07-22 21:36:00,0
TXN_007827,FIR_0015,ACCT_0046,ACCT_0062,5000,NEFT,2026-01-15 12:37:00,0
TXN_007828,FIR_0028,ACCT_0065,ACCT_0047,250000,NEFT,2026-02-08 05:09:00,0
TXN_007829,FIR_0010,ACCT_0042,ACCT_0026,1200,UPI,2026-02-12 07:28:00,0
TXN_007830,FIR_0007,ACCT_0030,ACCT_0064,1200,cash_deposit,2026-01-03 07:34:00,0
TXN_007831,FIR_0016,ACCT_0015,ACCT_0035,1200,cash_deposit,2026-03-10 11:26:00,0
TXN_007832,FIR_0023,ACCT_0056,ACCT_0018,125000,NEFT,2026-03-26 16:52:00,0
TXN_007833,FIR_0016,ACCT_0001,ACCT_0023,24000,UPI,2026-06-23 00:50:00,0
TXN_007834,FIR_0025,ACCT_0030,ACCT_0020,1200,NEFT,2026-07-15 06:06:00,0
TXN_007835,FIR_0011,ACCT_0034,ACCT_0055,125000,cash_deposit,2026-02-05 06:09:00,0
TXN_007836,FIR_0012,ACCT_0022,ACCT_0078,75000,cash_deposit,2026-07-13 16:23:00,0
TXN_007837,FIR_0019,ACCT_0042,ACCT_0033,9800,cash_deposit,2026-08-13 09:27:00,0
TXN_007838,FIR_0004,ACCT_0025,ACCT_0065,24000,NEFT,2026-01-24 05:56:00,0
TXN_007839,FIR_0010,ACCT_0047,ACCT_0010,125000,cash_deposit,2026-01-17 03:16:00,0
TXN_007840,FIR_0019,ACCT_0033,ACCT_0028,49000,NEFT,2026-04-27 11:49:00,1
TXN_007841,FIR_0016,ACCT_0063,ACCT_0025,48000,IMPS,2026-03-07 10:26:00,1
TXN_007842,FIR_0022,ACCT_0070,ACCT_0026,1200,UPI,2026-07-31 09:11:00,0
TXN_007843,FIR_0007,ACCT_0037,ACCT_0075,24000,cash_deposit,2026-08-07 11:14:00,0
TXN_007844,FIR_0003,ACCT_0078,ACCT_0066,48000,cash_deposit,2026-01-01 15:10:00,1
TXN_007845,FIR_0002,ACCT_0027,ACCT_0010,24000,IMPS,2026-08-19 11:18:00,0
TXN_007846,FIR_0007,ACCT_0034,ACCT_0020,9800,UPI,2026-01-30 15:25:00,0
TXN_007847,FIR_0007,ACCT_0072,ACCT_0073,5000,UPI,2026-01-22 10:42:00,0
TXN_007848,FIR_0029,ACCT_0076,ACCT_0005,24000,IMPS,2026-03-19 19:44:00,0
TXN_007849,FIR_0009,ACCT_0047,ACCT_0027,48000,cash_deposit,2026-06-12 10:48:00,1
TXN_007850,FIR_0017,ACCT_0006,ACCT_0041,1200,cash_deposit,2026-02-05 10:49:00,0
TXN_007851,FIR_0011,ACCT_0049,ACCT_0032,24000,cash_deposit,2026-07-11 11:15:00,0
TXN_007852,FIR_0002,ACCT_0018,ACCT_0024,24000,IMPS,2026-03-22 17:53:00,0
TXN_007853,FIR_0023,ACCT_0009,ACCT_0001,75000,IMPS,2026-08-29 03:37:00,0
TXN_007854,FIR_0015,ACCT_0074,ACCT_0080,1200,UPI,2026-07-27 15:31:00,0
TXN_007855,FIR_0005,ACCT_0001,ACCT_0025,49000,IMPS,2026-07-15 19:39:00,1
TXN_007856,FIR_0020,ACCT_0047,ACCT_0054,1200,cash_deposit,2026-05-29 16:33:00,0
TXN_007857,FIR_0021,ACCT_0016,ACCT_0002,5000,UPI,2026-03-22 19:56:00,0
TXN_007858,FIR_0030,ACCT_0032,ACCT_0009,250000,cash_deposit,2026-06-20 10:58:00,0
TXN_007859,FIR_0025,ACCT_0023,ACCT_0059,125000,IMPS,2026-01-08 00:48:00,0
TXN_007860,FIR_0030,ACCT_0077,ACCT_0013,1200,NEFT,2026-02-11 12:05:00,0
TXN_007861,FIR_0014,ACCT_0047,ACCT_0053,1200,UPI,2026-03-20 07:18:00,0
TXN_007862,FIR_0003,ACCT_0076,ACCT_0034,49000,NEFT,2026-07-21 21:11:00,1
TXN_007863,FIR_0023,ACCT_0032,ACCT_0059,75000,cash_deposit,2026-02-11 09:35:00,0
TXN_007864,FIR_0017,ACCT_0077,ACCT_0034,125000,IMPS,2026-08-11 14:07:00,0
TXN_007865,FIR_0002,ACCT_0020,ACCT_0032,5000,UPI,2026-05-21 14:02:00,0
TXN_007866,FIR_0027,ACCT_0017,ACCT_0051,125000,NEFT,2026-05-11 05:18:00,0
TXN_007867,FIR_0010,ACCT_0044,ACCT_0016,5000,IMPS,2026-07-19 07:05:00,0
TXN_007868,FIR_0001,ACCT_0035,ACCT_0036,49000,UPI,2026-04-09 19:04:00,1
TXN_007869,FIR_0029,ACCT_0046,ACCT_0013,24000,IMPS,2026-08-18 00:30:00,0
TXN_007870,FIR_0024,ACCT_0010,ACCT_0052,125000,NEFT,2026-03-22 21:24:00,0
TXN_007871,FIR_0026,ACCT_0061,ACCT_0075,75000,IMPS,2026-01-12 05:01:00,0
TXN_007872,FIR_0009,ACCT_0052,ACCT_0016,250000,NEFT,2026-02-02 12:32:00,0
TXN_007873,FIR_0019,ACCT_0009,ACCT_0051,125000,UPI,2026-02-08 13:58:00,0
TXN_007874,FIR_0020,ACCT_0014,ACCT_0040,1200,cash_deposit,2026-06-24 09:04:00,0
TXN_007875,FIR_0011,ACCT_0034,ACCT_0011,48000,UPI,2026-08-05 19:58:00,1
TXN_007876,FIR_0006,ACCT_0010,ACCT_0008,125000,NEFT,2026-07-20 19:59:00,0
TXN_007877,FIR_0028,ACCT_0047,ACCT_0073,48000,IMPS,2026-01-06 09:00:00,1
TXN_007878,FIR_0028,ACCT_0028,ACCT_0074,75000,NEFT,2026-05-27 15:04:00,0
TXN_007879,FIR_0007,ACCT_0018,ACCT_0077,49000,cash_deposit,2026-07-20 14:30:00,1
TXN_007880,FIR_0028,ACCT_0041,ACCT_0036,1200,UPI,2026-04-20 15:35:00,0
TXN_007881,FIR_0022,ACCT_0029,ACCT_0028,1200,UPI,2026-02-18 09:16:00,0
TXN_007882,FIR_0012,ACCT_0045,ACCT_0051,1200,NEFT,2026-04-29 01:27:00,0
TXN_007883,FIR_0024,ACCT_0069,ACCT_0002,49000,NEFT,2026-06-18 08:26:00,1
TXN_007884,FIR_0004,ACCT_0078,ACCT_0019,48000,IMPS,2026-08-30 13:01:00,1
TXN_007885,FIR_0008,ACCT_0072,ACCT_0010,250000,cash_deposit,2026-02-14 13:56:00,0
TXN_007886,FIR_0003,ACCT_0027,ACCT_0035,75000,cash_deposit,2026-02-16 16:15:00,0
TXN_007887,FIR_0012,ACCT_0031,ACCT_0001,250000,NEFT,2026-04-16 02:57:00,0
TXN_007888,FIR_0006,ACCT_0061,ACCT_0077,1200,cash_deposit,2026-03-25 03:00:00,0
TXN_007889,FIR_0028,ACCT_0048,ACCT_0079,24000,UPI,2026-02-27 16:50:00,0
TXN_007890,FIR_0029,ACCT_0075,ACCT_0027,48000,NEFT,2026-06-16 00:50:00,1
TXN_007891,FIR_0019,ACCT_0050,ACCT_0078,48000,NEFT,2026-03-06 14:11:00,1
TXN_007892,FIR_0020,ACCT_0076,ACCT_0004,48000,cash_deposit,2026-02-01 17:19:00,1
TXN_007893,FIR_0023,ACCT_0063,ACCT_0004,48000,NEFT,2026-08-05 10:05:00,1
TXN_007894,FIR_0027,ACCT_0058,ACCT_0064,49000,cash_deposit,2026-07-11 18:14:00,1
TXN_007895,FIR_0001,ACCT_0037,ACCT_0020,49000,UPI,2026-04-28 22:38:00,1
TXN_007896,FIR_0023,ACCT_0016,ACCT_0065,1200,NEFT,2026-05-09 17:56:00,0
TXN_007897,FIR_0012,ACCT_0018,ACCT_0040,75000,NEFT,2026-02-09 00:50:00,0
TXN_007898,FIR_0012,ACCT_0025,ACCT_0033,9800,NEFT,2026-08-19 12:12:00,0
TXN_007899,FIR_0028,ACCT_0033,ACCT_0052,24000,NEFT,2026-07-28 02:18:00,0
TXN_007900,FIR_0028,ACCT_0056,ACCT_0052,125000,NEFT,2026-06-29 11:48:00,0
TXN_007901,FIR_0011,ACCT_0059,ACCT_0066,250000,NEFT,2026-06-07 08:13:00,0
TXN_007902,FIR_0002,ACCT_0048,ACCT_0067,49000,NEFT,2026-05-12 18:31:00,1
TXN_007903,FIR_0010,ACCT_0020,ACCT_0044,75000,IMPS,2026-04-04 10:59:00,0
TXN_007904,FIR_0023,ACCT_0024,ACCT_0005,48000,IMPS,2026-03-27 06:11:00,1
TXN_007905,FIR_0029,ACCT_0080,ACCT_0060,1200,NEFT,2026-01-13 03:59:00,0
TXN_007906,FIR_0002,ACCT_0074,ACCT_0006,24000,NEFT,2026-02-18 21:08:00,0
TXN_007907,FIR_0026,ACCT_0017,ACCT_0010,24000,cash_deposit,2026-04-02 00:51:00,0
TXN_007908,FIR_0008,ACCT_0053,ACCT_0021,250000,NEFT,2026-02-16 11:41:00,0
TXN_007909,FIR_0004,ACCT_0020,ACCT_0068,9800,IMPS,2026-02-27 21:16:00,0
TXN_007910,FIR_0021,ACCT_0061,ACCT_0025,48000,NEFT,2026-04-16 02:40:00,1
TXN_007911,FIR_0029,ACCT_0013,ACCT_0036,49000,IMPS,2026-06-14 12:57:00,1
TXN_007912,FIR_0011,ACCT_0068,ACCT_0070,1200,UPI,2026-05-25 06:25:00,0
TXN_007913,FIR_0006,ACCT_0001,ACCT_0066,75000,IMPS,2026-04-11 07:10:00,0
TXN_007914,FIR_0023,ACCT_0044,ACCT_0013,9800,UPI,2026-07-12 09:55:00,0
TXN_007915,FIR_0025,ACCT_0074,ACCT_0040,24000,cash_deposit,2026-02-20 03:17:00,0
TXN_007916,FIR_0013,ACCT_0051,ACCT_0055,9800,UPI,2026-07-12 04:11:00,0
TXN_007917,FIR_0026,ACCT_0065,ACCT_0051,75000,cash_deposit,2026-05-04 00:04:00,0
TXN_007918,FIR_0012,ACCT_0016,ACCT_0056,49000,cash_deposit,2026-04-20 05:20:00,1
TXN_007919,FIR_0025,ACCT_0079,ACCT_0014,49000,cash_deposit,2026-04-16 02:53:00,1
TXN_007920,FIR_0029,ACCT_0053,ACCT_0051,250000,cash_deposit,2026-06-14 17:05:00,0
TXN_007921,FIR_0024,ACCT_0032,ACCT_0053,5000,IMPS,2026-04-23 15:22:00,0
TXN_007922,FIR_0028,ACCT_0060,ACCT_0065,24000,UPI,2026-06-19 07:01:00,0
TXN_007923,FIR_0005,ACCT_0027,ACCT_0069,24000,IMPS,2026-08-16 08:12:00,0
TXN_007924,FIR_0010,ACCT_0061,ACCT_0062,75000,IMPS,2026-07-26 01:06:00,0
TXN_007925,FIR_0028,ACCT_0056,ACCT_0021,9800,UPI,2026-05-29 09:10:00,0
TXN_007926,FIR_0015,ACCT_0061,ACCT_0070,1200,IMPS,2026-08-17 01:48:00,0
TXN_007927,FIR_0025,ACCT_0026,ACCT_0063,125000,NEFT,2026-06-05 00:05:00,0
TXN_007928,FIR_0029,ACCT_0072,ACCT_0050,48000,IMPS,2026-02-05 22:32:00,1
TXN_007929,FIR_0028,ACCT_0002,ACCT_0036,24000,UPI,2026-04-19 17:12:00,0
TXN_007930,FIR_0012,ACCT_0002,ACCT_0007,9800,cash_deposit,2026-02-27 08:58:00,0
TXN_007931,FIR_0018,ACCT_0011,ACCT_0044,125000,NEFT,2026-02-03 18:58:00,0
TXN_007932,FIR_0026,ACCT_0071,ACCT_0078,1200,UPI,2026-02-28 13:55:00,0
TXN_007933,FIR_0013,ACCT_0068,ACCT_0014,49000,cash_deposit,2026-03-24 03:49:00,1
TXN_007934,FIR_0001,ACCT_0074,ACCT_0033,250000,IMPS,2026-06-13 03:36:00,0
TXN_007935,FIR_0002,ACCT_0008,ACCT_0009,1200,UPI,2026-01-16 02:14:00,0
TXN_007936,FIR_0008,ACCT_0053,ACCT_0058,125000,IMPS,2026-04-15 11:30:00,0
TXN_007937,FIR_0017,ACCT_0042,ACCT_0056,125000,NEFT,2026-05-02 10:49:00,0
TXN_007938,FIR_0009,ACCT_0041,ACCT_0052,250000,NEFT,2026-02-25 19:34:00,0
TXN_007939,FIR_0013,ACCT_0048,ACCT_0014,1200,cash_deposit,2026-01-13 18:54:00,0
TXN_007940,FIR_0002,ACCT_0067,ACCT_0009,48000,UPI,2026-03-17 00:14:00,1
TXN_007941,FIR_0021,ACCT_0016,ACCT_0005,75000,NEFT,2026-06-05 19:37:00,0
TXN_007942,FIR_0003,ACCT_0076,ACCT_0067,75000,IMPS,2026-02-08 17:55:00,0
TXN_007943,FIR_0024,ACCT_0022,ACCT_0050,1200,UPI,2026-06-16 00:23:00,0
TXN_007944,FIR_0020,ACCT_0051,ACCT_0077,9800,IMPS,2026-03-19 07:53:00,0
TXN_007945,FIR_0002,ACCT_0062,ACCT_0071,75000,UPI,2026-05-21 19:45:00,0
TXN_007946,FIR_0011,ACCT_0045,ACCT_0041,1200,cash_deposit,2026-01-15 12:54:00,0
TXN_007947,FIR_0011,ACCT_0068,ACCT_0054,49000,IMPS,2026-03-08 13:02:00,1
TXN_007948,FIR_0008,ACCT_0051,ACCT_0061,1200,NEFT,2026-04-20 20:30:00,0
TXN_007949,FIR_0028,ACCT_0079,ACCT_0031,75000,cash_deposit,2026-02-01 17:03:00,0
TXN_007950,FIR_0015,ACCT_0028,ACCT_0004,48000,NEFT,2026-02-08 08:50:00,1
TXN_007951,FIR_0009,ACCT_0010,ACCT_0019,9800,cash_deposit,2026-06-30 11:09:00,0
TXN_007952,FIR_0007,ACCT_0029,ACCT_0048,9800,cash_deposit,2026-06-22 06:35:00,0
TXN_007953,FIR_0019,ACCT_0028,ACCT_0031,250000,UPI,2026-08-27 06:20:00,0
TXN_007954,FIR_0029,ACCT_0071,ACCT_0037,5000,IMPS,2026-04-06 05:55:00,0
TXN_007955,FIR_0022,ACCT_0074,ACCT_0037,48000,IMPS,2026-03-31 00:54:00,1
TXN_007956,FIR_0009,ACCT_0019,ACCT_0016,1200,IMPS,2026-08-29 11:59:00,0
TXN_007957,FIR_0008,ACCT_0036,ACCT_0005,48000,IMPS,2026-01-22 06:36:00,1
TXN_007958,FIR_0020,ACCT_0069,ACCT_0066,75000,cash_deposit,2026-03-19 00:40:00,0
TXN_007959,FIR_0009,ACCT_0079,ACCT_0075,125000,NEFT,2026-03-06 05:19:00,0
TXN_007960,FIR_0026,ACCT_0055,ACCT_0026,250000,cash_deposit,2026-06-06 07:56:00,0
TXN_007961,FIR_0025,ACCT_0006,ACCT_0029,1200,NEFT,2026-04-05 17:57:00,0
TXN_007962,FIR_0024,ACCT_0057,ACCT_0020,9800,NEFT,2026-08-04 18:29:00,0
TXN_007963,FIR_0013,ACCT_0002,ACCT_0041,5000,cash_deposit,2026-04-07 05:03:00,0
TXN_007964,FIR_0016,ACCT_0063,ACCT_0051,250000,NEFT,2026-03-24 23:00:00,0
TXN_007965,FIR_0003,ACCT_0029,ACCT_0035,75000,UPI,2026-01-07 01:03:00,0
TXN_007966,FIR_0003,ACCT_0026,ACCT_0050,75000,NEFT,2026-08-31 11:27:00,0
TXN_007967,FIR_0023,ACCT_0018,ACCT_0053,1200,NEFT,2026-04-03 08:19:00,0
TXN_007968,FIR_0016,ACCT_0058,ACCT_0063,48000,NEFT,2026-05-27 23:33:00,1
TXN_007969,FIR_0025,ACCT_0067,ACCT_0055,1200,IMPS,2026-05-25 04:58:00,0
TXN_007970,FIR_0013,ACCT_0062,ACCT_0043,125000,NEFT,2026-05-03 14:44:00,0
TXN_007971,FIR_0003,ACCT_0055,ACCT_0041,1200,IMPS,2026-06-24 17:57:00,0
TXN_007972,FIR_0030,ACCT_0013,ACCT_0043,125000,IMPS,2026-08-07 15:03:00,0
TXN_007973,FIR_0009,ACCT_0014,ACCT_0079,24000,IMPS,2026-01-31 07:37:00,0
TXN_007974,FIR_0028,ACCT_0041,ACCT_0050,24000,NEFT,2026-05-02 10:44:00,0
TXN_007975,FIR_0023,ACCT_0057,ACCT_0076,5000,IMPS,2026-07-12 20:46:00,0
TXN_007976,FIR_0022,ACCT_0059,ACCT_0066,48000,cash_deposit,2026-01-18 11:42:00,1
TXN_007977,FIR_0007,ACCT_0044,ACCT_0071,250000,IMPS,2026-06-13 14:44:00,0
TXN_007978,FIR_0001,ACCT_0076,ACCT_0024,250000,cash_deposit,2026-05-23 09:38:00,0
TXN_007979,FIR_0022,ACCT_0045,ACCT_0059,48000,UPI,2026-05-13 10:03:00,1
TXN_007980,FIR_0029,ACCT_0012,ACCT_0059,24000,cash_deposit,2026-02-05 17:58:00,0
TXN_007981,FIR_0012,ACCT_0021,ACCT_0010,75000,IMPS,2026-07-08 18:09:00,0
TXN_007982,FIR_0020,ACCT_0006,ACCT_0050,9800,NEFT,2026-07-10 16:07:00,0
TXN_007983,FIR_0022,ACCT_0043,ACCT_0056,75000,UPI,2026-01-14 23:01:00,0
TXN_007984,FIR_0008,ACCT_0073,ACCT_0012,49000,IMPS,2026-04-08 18:12:00,1
TXN_007985,FIR_0015,ACCT_0001,ACCT_0048,9800,NEFT,2026-04-29 21:59:00,0
TXN_007986,FIR_0019,ACCT_0015,ACCT_0009,48000,UPI,2026-03-21 06:31:00,1
TXN_007987,FIR_0030,ACCT_0045,ACCT_0076,250000,IMPS,2026-06-01 03:31:00,0
TXN_007988,FIR_0012,ACCT_0069,ACCT_0076,75000,UPI,2026-06-26 15:24:00,0
TXN_007989,FIR_0030,ACCT_0050,ACCT_0049,49000,IMPS,2026-05-13 08:48:00,1
TXN_007990,FIR_0009,ACCT_0028,ACCT_0015,75000,IMPS,2026-04-19 09:17:00,0
TXN_007991,FIR_0009,ACCT_0053,ACCT_0023,24000,IMPS,2026-08-15 07:03:00,0
TXN_007992,FIR_0010,ACCT_0045,ACCT_0020,24000,NEFT,2026-08-10 18:57:00,0
TXN_007993,FIR_0009,ACCT_0066,ACCT_0050,1200,IMPS,2026-07-07 18:03:00,0
TXN_007994,FIR_0014,ACCT_0037,ACCT_0022,125000,IMPS,2026-04-11 11:55:00,0
TXN_007995,FIR_0012,ACCT_0044,ACCT_0051,1200,NEFT,2026-06-13 00:40:00,0
TXN_007996,FIR_0020,ACCT_0024,ACCT_0009,1200,IMPS,2026-03-12 21:29:00,0
TXN_007997,FIR_0014,ACCT_0042,ACCT_0069,48000,IMPS,2026-05-30 14:37:00,1
TXN_007998,FIR_0025,ACCT_0068,ACCT_0063,1200,UPI,2026-05-23 10:04:00,0
TXN_007999,FIR_0005,ACCT_0026,ACCT_0002,49000,NEFT,2026-03-11 23:05:00,1
TXN_008000,FIR_0009,ACCT_0017,ACCT_0077,75000,UPI,2026-04-01 21:19:00,0
TXN_008001,FIR_0009,ACCT_0015,ACCT_0073,48000,UPI,2026-04-13 17:19:00,1
TXN_008002,FIR_0029,ACCT_0047,ACCT_0065,75000,IMPS,2026-04-23 15:50:00,0
TXN_008003,FIR_0006,ACCT_0018,ACCT_0031,5000,IMPS,2026-01-07 04:12:00,0
TXN_008004,FIR_0024,ACCT_0019,ACCT_0069,125000,IMPS,2026-05-16 07:13:00,0
TXN_008005,FIR_0005,ACCT_0059,ACCT_0024,250000,UPI,2026-02-08 19:48:00,0
TXN_008006,FIR_0026,ACCT_0015,ACCT_0050,49000,IMPS,2026-06-23 11:55:00,1
TXN_008007,FIR_0013,ACCT_0003,ACCT_0069,5000,IMPS,2026-06-16 10:35:00,0
TXN_008008,FIR_0016,ACCT_0012,ACCT_0017,24000,IMPS,2026-04-20 02:53:00,0
TXN_008009,FIR_0002,ACCT_0050,ACCT_0069,9800,IMPS,2026-05-20 11:05:00,0
TXN_008010,FIR_0004,ACCT_0011,ACCT_0078,5000,UPI,2026-08-29 15:27:00,0
TXN_008011,FIR_0002,ACCT_0080,ACCT_0070,48000,cash_deposit,2026-08-23 03:28:00,1
TXN_008012,FIR_0003,ACCT_0031,ACCT_0070,48000,NEFT,2026-04-11 02:59:00,1
TXN_008013,FIR_0001,ACCT_0030,ACCT_0011,48000,NEFT,2026-01-31 11:40:00,1
TXN_008014,FIR_0003,ACCT_0057,ACCT_0037,5000,cash_deposit,2026-07-24 14:19:00,0
TXN_008015,FIR_0003,ACCT_0066,ACCT_0062,5000,IMPS,2026-06-28 14:04:00,0
TXN_008016,FIR_0001,ACCT_0017,ACCT_0040,9800,UPI,2026-05-11 21:32:00,0
TXN_008017,FIR_0028,ACCT_0029,ACCT_0050,49000,IMPS,2026-07-06 18:50:00,1
TXN_008018,FIR_0009,ACCT_0046,ACCT_0041,75000,IMPS,2026-01-07 10:26:00,0
TXN_008019,FIR_0014,ACCT_0022,ACCT_0006,48000,IMPS,2026-05-20 00:14:00,1
TXN_008020,FIR_0013,ACCT_0022,ACCT_0059,9800,NEFT,2026-03-22 15:06:00,0
TXN_008021,FIR_0004,ACCT_0019,ACCT_0007,49000,UPI,2026-06-04 22:53:00,1
TXN_008022,FIR_0018,ACCT_0038,ACCT_0070,125000,NEFT,2026-05-03 16:00:00,0
TXN_008023,FIR_0025,ACCT_0002,ACCT_0062,75000,IMPS,2026-01-21 15:48:00,0
TXN_008024,FIR_0023,ACCT_0050,ACCT_0018,1200,cash_deposit,2026-02-08 06:52:00,0
TXN_008025,FIR_0021,ACCT_0062,ACCT_0037,1200,UPI,2026-08-19 13:24:00,0
TXN_008026,FIR_0019,ACCT_0007,ACCT_0005,49000,cash_deposit,2026-04-24 13:37:00,1
TXN_008027,FIR_0016,ACCT_0016,ACCT_0071,125000,IMPS,2026-08-10 19:41:00,0
TXN_008028,FIR_0014,ACCT_0068,ACCT_0002,5000,cash_deposit,2026-08-26 02:05:00,0
TXN_008029,FIR_0024,ACCT_0019,ACCT_0010,75000,IMPS,2026-08-23 14:47:00,0
TXN_008030,FIR_0024,ACCT_0033,ACCT_0042,250000,NEFT,2026-04-28 16:04:00,0
TXN_008031,FIR_0025,ACCT_0064,ACCT_0020,250000,IMPS,2026-06-07 11:38:00,0
TXN_008032,FIR_0025,ACCT_0051,ACCT_0069,125000,UPI,2026-02-07 08:23:00,0
TXN_008033,FIR_0025,ACCT_0047,ACCT_0038,125000,cash_deposit,2026-06-18 16:25:00,0
TXN_008034,FIR_0011,ACCT_0065,ACCT_0032,48000,cash_deposit,2026-06-17 08:49:00,1
TXN_008035,FIR_0014,ACCT_0001,ACCT_0071,48000,cash_deposit,2026-01-13 23:21:00,1
TXN_008036,FIR_0029,ACCT_0075,ACCT_0064,9800,cash_deposit,2026-08-13 19:55:00,0
TXN_008037,FIR_0015,ACCT_0079,ACCT_0056,49000,IMPS,2026-02-01 23:44:00,1
TXN_008038,FIR_0002,ACCT_0008,ACCT_0069,125000,IMPS,2026-01-26 12:44:00,0
TXN_008039,FIR_0024,ACCT_0031,ACCT_0040,48000,NEFT,2026-05-31 03:56:00,1
TXN_008040,FIR_0027,ACCT_0059,ACCT_0043,250000,IMPS,2026-02-23 09:24:00,0
TXN_008041,FIR_0004,ACCT_0043,ACCT_0051,48000,cash_deposit,2026-01-30 00:39:00,1
TXN_008042,FIR_0001,ACCT_0061,ACCT_0039,125000,NEFT,2026-08-13 09:42:00,0
TXN_008043,FIR_0027,ACCT_0015,ACCT_0005,5000,IMPS,2026-01-31 06:11:00,0
TXN_008044,FIR_0024,ACCT_0067,ACCT_0036,48000,NEFT,2026-04-25 17:34:00,1
TXN_008045,FIR_0001,ACCT_0014,ACCT_0002,1200,NEFT,2026-05-12 14:18:00,0
TXN_008046,FIR_0008,ACCT_0066,ACCT_0078,1200,NEFT,2026-05-24 21:29:00,0
TXN_008047,FIR_0010,ACCT_0031,ACCT_0056,1200,NEFT,2026-06-18 08:40:00,0
TXN_008048,FIR_0023,ACCT_0044,ACCT_0051,24000,UPI,2026-01-26 17:55:00,0
TXN_008049,FIR_0017,ACCT_0055,ACCT_0058,75000,IMPS,2026-06-30 11:44:00,0
TXN_008050,FIR_0009,ACCT_0052,ACCT_0025,9800,cash_deposit,2026-05-30 16:34:00,0
TXN_008051,FIR_0024,ACCT_0006,ACCT_0040,1200,IMPS,2026-03-16 15:10:00,0
TXN_008052,FIR_0008,ACCT_0019,ACCT_0066,250000,cash_deposit,2026-07-10 03:20:00,0
TXN_008053,FIR_0030,ACCT_0076,ACCT_0053,9800,IMPS,2026-02-14 17:50:00,0
TXN_008054,FIR_0010,ACCT_0048,ACCT_0041,250000,UPI,2026-08-04 07:11:00,0
TXN_008055,FIR_0016,ACCT_0054,ACCT_0022,49000,UPI,2026-07-24 13:21:00,1
TXN_008056,FIR_0027,ACCT_0010,ACCT_0015,1200,NEFT,2026-04-02 14:32:00,0
TXN_008057,FIR_0028,ACCT_0070,ACCT_0013,1200,IMPS,2026-03-04 08:00:00,0
TXN_008058,FIR_0023,ACCT_0031,ACCT_0044,250000,NEFT,2026-03-19 00:21:00,0
TXN_008059,FIR_0009,ACCT_0054,ACCT_0043,125000,IMPS,2026-08-12 05:11:00,0
TXN_008060,FIR_0017,ACCT_0053,ACCT_0007,24000,IMPS,2026-02-01 04:03:00,0
TXN_008061,FIR_0022,ACCT_0035,ACCT_0074,48000,NEFT,2026-03-30 17:14:00,1
TXN_008062,FIR_0023,ACCT_0026,ACCT_0011,48000,UPI,2026-02-09 18:29:00,1
TXN_008063,FIR_0016,ACCT_0015,ACCT_0077,75000,IMPS,2026-02-02 16:58:00,0
TXN_008064,FIR_0008,ACCT_0060,ACCT_0041,49000,IMPS,2026-08-04 14:09:00,1
TXN_008065,FIR_0017,ACCT_0046,ACCT_0047,75000,cash_deposit,2026-04-15 12:25:00,0
TXN_008066,FIR_0013,ACCT_0056,ACCT_0041,75000,NEFT,2026-02-14 08:00:00,0
TXN_008067,FIR_0029,ACCT_0067,ACCT_0011,9800,NEFT,2026-05-18 23:30:00,0
TXN_008068,FIR_0008,ACCT_0040,ACCT_0043,49000,cash_deposit,2026-02-25 17:35:00,1
TXN_008069,FIR_0017,ACCT_0002,ACCT_0032,49000,cash_deposit,2026-05-06 00:47:00,1
TXN_008070,FIR_0010,ACCT_0004,ACCT_0058,75000,IMPS,2026-02-24 23:26:00,0
TXN_008071,FIR_0026,ACCT_0003,ACCT_0026,250000,NEFT,2026-06-15 19:53:00,0
TXN_008072,FIR_0012,ACCT_0055,ACCT_0068,125000,IMPS,2026-01-08 07:19:00,0
TXN_008073,FIR_0014,ACCT_0072,ACCT_0046,5000,IMPS,2026-07-19 20:58:00,0
TXN_008074,FIR_0008,ACCT_0022,ACCT_0077,1200,UPI,2026-01-08 10:23:00,0
TXN_008075,FIR_0018,ACCT_0003,ACCT_0022,75000,cash_deposit,2026-04-09 14:00:00,0
TXN_008076,FIR_0026,ACCT_0014,ACCT_0024,49000,UPI,2026-06-02 06:58:00,1
TXN_008077,FIR_0007,ACCT_0065,ACCT_0005,24000,IMPS,2026-02-01 06:16:00,0
TXN_008078,FIR_0021,ACCT_0071,ACCT_0005,24000,UPI,2026-01-13 22:51:00,0
TXN_008079,FIR_0009,ACCT_0049,ACCT_0077,9800,IMPS,2026-07-25 02:18:00,0
TXN_008080,FIR_0004,ACCT_0023,ACCT_0071,250000,NEFT,2026-05-20 01:44:00,0
TXN_008081,FIR_0030,ACCT_0036,ACCT_0012,1200,IMPS,2026-07-28 11:46:00,0
TXN_008082,FIR_0003,ACCT_0015,ACCT_0079,1200,NEFT,2026-05-06 23:30:00,0
TXN_008083,FIR_0004,ACCT_0026,ACCT_0020,250000,IMPS,2026-01-18 09:15:00,0
TXN_008084,FIR_0027,ACCT_0004,ACCT_0044,5000,IMPS,2026-08-21 07:49:00,0
TXN_008085,FIR_0005,ACCT_0010,ACCT_0063,1200,NEFT,2026-02-17 07:51:00,0
TXN_008086,FIR_0001,ACCT_0055,ACCT_0010,9800,IMPS,2026-07-27 10:25:00,0
TXN_008087,FIR_0008,ACCT_0027,ACCT_0008,5000,NEFT,2026-06-12 01:45:00,0
TXN_008088,FIR_0008,ACCT_0048,ACCT_0077,75000,IMPS,2026-03-10 17:46:00,0
TXN_008089,FIR_0028,ACCT_0078,ACCT_0039,9800,NEFT,2026-01-22 23:46:00,0
TXN_008090,FIR_0002,ACCT_0001,ACCT_0038,24000,NEFT,2026-06-21 10:58:00,0
TXN_008091,FIR_0006,ACCT_0016,ACCT_0059,49000,IMPS,2026-02-25 18:49:00,1
TXN_008092,FIR_0015,ACCT_0064,ACCT_0068,24000,UPI,2026-08-15 00:28:00,0
TXN_008093,FIR_0005,ACCT_0068,ACCT_0078,9800,cash_deposit,2026-04-15 09:54:00,0
TXN_008094,FIR_0020,ACCT_0039,ACCT_0055,250000,IMPS,2026-02-01 07:57:00,0
TXN_008095,FIR_0009,ACCT_0030,ACCT_0075,48000,IMPS,2026-02-07 12:18:00,1
TXN_008096,FIR_0012,ACCT_0055,ACCT_0069,48000,UPI,2026-08-17 05:28:00,1
TXN_008097,FIR_0017,ACCT_0047,ACCT_0029,1200,UPI,2026-04-06 10:20:00,0
TXN_008098,FIR_0004,ACCT_0041,ACCT_0043,125000,NEFT,2026-07-22 14:36:00,0
TXN_008099,FIR_0015,ACCT_0035,ACCT_0056,24000,NEFT,2026-07-20 12:54:00,0
TXN_008100,FIR_0004,ACCT_0020,ACCT_0035,49000,UPI,2026-01-11 05:47:00,1
TXN_008101,FIR_0010,ACCT_0049,ACCT_0072,250000,NEFT,2026-03-17 14:10:00,0
TXN_008102,FIR_0016,ACCT_0042,ACCT_0028,49000,IMPS,2026-07-07 01:04:00,1
TXN_008103,FIR_0007,ACCT_0002,ACCT_0030,1200,cash_deposit,2026-04-06 09:22:00,0
TXN_008104,FIR_0027,ACCT_0048,ACCT_0063,125000,cash_deposit,2026-06-16 21:26:00,0
TXN_008105,FIR_0028,ACCT_0062,ACCT_0069,48000,IMPS,2026-05-08 15:14:00,1
TXN_008106,FIR_0004,ACCT_0003,ACCT_0022,5000,NEFT,2026-07-29 08:54:00,0
TXN_008107,FIR_0002,ACCT_0033,ACCT_0026,9800,NEFT,2026-03-09 13:28:00,0
TXN_008108,FIR_0026,ACCT_0016,ACCT_0012,1200,cash_deposit,2026-08-05 22:39:00,0
TXN_008109,FIR_0024,ACCT_0070,ACCT_0051,24000,cash_deposit,2026-08-06 07:45:00,0
TXN_008110,FIR_0026,ACCT_0019,ACCT_0056,9800,NEFT,2026-07-17 15:18:00,0
TXN_008111,FIR_0019,ACCT_0068,ACCT_0056,49000,NEFT,2026-04-21 22:40:00,1
TXN_008112,FIR_0018,ACCT_0036,ACCT_0032,125000,UPI,2026-07-10 16:31:00,0
TXN_008113,FIR_0011,ACCT_0024,ACCT_0026,125000,NEFT,2026-05-01 20:06:00,0
TXN_008114,FIR_0007,ACCT_0020,ACCT_0010,125000,IMPS,2026-04-01 11:46:00,0
TXN_008115,FIR_0006,ACCT_0068,ACCT_0057,48000,cash_deposit,2026-08-07 21:43:00,1
TXN_008116,FIR_0024,ACCT_0072,ACCT_0051,24000,cash_deposit,2026-07-07 13:54:00,0
TXN_008117,FIR_0024,ACCT_0027,ACCT_0043,9800,IMPS,2026-01-02 05:51:00,0
TXN_008118,FIR_0025,ACCT_0026,ACCT_0061,5000,NEFT,2026-08-21 02:29:00,0
TXN_008119,FIR_0016,ACCT_0065,ACCT_0043,125000,cash_deposit,2026-01-02 18:16:00,0
TXN_008120,FIR_0023,ACCT_0049,ACCT_0065,5000,UPI,2026-02-17 18:40:00,0
TXN_008121,FIR_0009,ACCT_0014,ACCT_0032,49000,IMPS,2026-04-09 16:48:00,1
TXN_008122,FIR_0026,ACCT_0049,ACCT_0065,250000,UPI,2026-04-10 16:03:00,0
TXN_008123,FIR_0021,ACCT_0010,ACCT_0056,75000,NEFT,2026-02-26 12:07:00,0
TXN_008124,FIR_0016,ACCT_0063,ACCT_0025,48000,UPI,2026-02-20 17:33:00,1
TXN_008125,FIR_0017,ACCT_0029,ACCT_0007,75000,NEFT,2026-02-01 10:40:00,0
TXN_008126,FIR_0014,ACCT_0074,ACCT_0009,5000,UPI,2026-04-16 21:42:00,0
TXN_008127,FIR_0030,ACCT_0050,ACCT_0042,24000,UPI,2026-02-21 02:19:00,0
TXN_008128,FIR_0026,ACCT_0038,ACCT_0064,48000,cash_deposit,2026-02-06 23:43:00,1
TXN_008129,FIR_0021,ACCT_0063,ACCT_0005,24000,IMPS,2026-02-01 09:48:00,0
TXN_008130,FIR_0019,ACCT_0045,ACCT_0061,1200,UPI,2026-05-29 13:21:00,0
TXN_008131,FIR_0004,ACCT_0038,ACCT_0019,48000,IMPS,2026-05-16 18:08:00,1
TXN_008132,FIR_0004,ACCT_0006,ACCT_0029,5000,cash_deposit,2026-07-17 04:50:00,0
TXN_008133,FIR_0016,ACCT_0040,ACCT_0011,48000,cash_deposit,2026-01-07 00:40:00,1
TXN_008134,FIR_0022,ACCT_0063,ACCT_0028,49000,UPI,2026-01-03 03:32:00,1
TXN_008135,FIR_0009,ACCT_0036,ACCT_0033,250000,IMPS,2026-04-21 08:12:00,0
TXN_008136,FIR_0010,ACCT_0052,ACCT_0075,250000,NEFT,2026-03-13 05:32:00,0
TXN_008137,FIR_0016,ACCT_0027,ACCT_0014,1200,cash_deposit,2026-08-15 01:33:00,0
TXN_008138,FIR_0017,ACCT_0030,ACCT_0033,1200,NEFT,2026-03-05 19:38:00,0
TXN_008139,FIR_0030,ACCT_0032,ACCT_0058,5000,IMPS,2026-06-17 02:13:00,0
TXN_008140,FIR_0002,ACCT_0012,ACCT_0034,250000,IMPS,2026-02-07 04:08:00,0
TXN_008141,FIR_0024,ACCT_0027,ACCT_0021,48000,IMPS,2026-04-15 01:57:00,1
TXN_008142,FIR_0005,ACCT_0070,ACCT_0077,5000,cash_deposit,2026-01-21 04:23:00,0
TXN_008143,FIR_0019,ACCT_0021,ACCT_0003,48000,cash_deposit,2026-01-21 23:01:00,1
TXN_008144,FIR_0026,ACCT_0003,ACCT_0010,75000,NEFT,2026-07-13 12:06:00,0
TXN_008145,FIR_0024,ACCT_0061,ACCT_0003,5000,cash_deposit,2026-05-13 01:57:00,0
TXN_008146,FIR_0028,ACCT_0070,ACCT_0003,48000,IMPS,2026-04-15 04:36:00,1
TXN_008147,FIR_0016,ACCT_0036,ACCT_0018,49000,UPI,2026-04-29 16:52:00,1
TXN_008148,FIR_0022,ACCT_0019,ACCT_0032,1200,cash_deposit,2026-02-03 08:46:00,0
TXN_008149,FIR_0025,ACCT_0009,ACCT_0024,49000,UPI,2026-05-14 04:37:00,1
TXN_008150,FIR_0003,ACCT_0073,ACCT_0060,49000,cash_deposit,2026-02-13 07:37:00,1
TXN_008151,FIR_0004,ACCT_0035,ACCT_0066,250000,UPI,2026-01-25 00:31:00,0
TXN_008152,FIR_0005,ACCT_0037,ACCT_0063,49000,NEFT,2026-04-15 22:45:00,1
TXN_008153,FIR_0025,ACCT_0024,ACCT_0021,24000,NEFT,2026-05-27 22:50:00,0
TXN_008154,FIR_0026,ACCT_0075,ACCT_0054,5000,IMPS,2026-07-29 21:49:00,0
TXN_008155,FIR_0027,ACCT_0010,ACCT_0072,48000,NEFT,2026-03-16 01:53:00,1
TXN_008156,FIR_0014,ACCT_0007,ACCT_0004,125000,UPI,2026-03-25 17:53:00,0
TXN_008157,FIR_0025,ACCT_0006,ACCT_0037,48000,cash_deposit,2026-08-07 22:52:00,1
TXN_008158,FIR_0021,ACCT_0002,ACCT_0055,1200,UPI,2026-03-25 12:26:00,0
TXN_008159,FIR_0018,ACCT_0056,ACCT_0016,24000,NEFT,2026-05-26 13:48:00,0
TXN_008160,FIR_0006,ACCT_0004,ACCT_0037,9800,NEFT,2026-05-21 17:12:00,0
TXN_008161,FIR_0010,ACCT_0071,ACCT_0014,75000,UPI,2026-04-29 23:21:00,0
TXN_008162,FIR_0005,ACCT_0076,ACCT_0033,48000,IMPS,2026-05-28 21:59:00,1
TXN_008163,FIR_0019,ACCT_0022,ACCT_0075,75000,UPI,2026-06-01 14:19:00,0
TXN_008164,FIR_0030,ACCT_0030,ACCT_0049,24000,cash_deposit,2026-04-21 16:24:00,0
TXN_008165,FIR_0023,ACCT_0045,ACCT_0040,9800,UPI,2026-07-05 13:38:00,0
TXN_008166,FIR_0029,ACCT_0009,ACCT_0052,250000,NEFT,2026-03-13 23:57:00,0
TXN_008167,FIR_0014,ACCT_0049,ACCT_0054,9800,NEFT,2026-08-09 14:54:00,0
TXN_008168,FIR_0029,ACCT_0072,ACCT_0036,24000,cash_deposit,2026-08-22 16:16:00,0
TXN_008169,FIR_0002,ACCT_0041,ACCT_0056,75000,NEFT,2026-04-27 06:41:00,0
TXN_008170,FIR_0025,ACCT_0052,ACCT_0055,5000,IMPS,2026-05-27 10:40:00,0
TXN_008171,FIR_0027,ACCT_0058,ACCT_0027,5000,UPI,2026-06-05 08:05:00,0
TXN_008172,FIR_0005,ACCT_0008,ACCT_0067,24000,UPI,2026-04-23 05:05:00,0
TXN_008173,FIR_0011,ACCT_0073,ACCT_0064,49000,IMPS,2026-06-24 20:13:00,1
TXN_008174,FIR_0017,ACCT_0025,ACCT_0061,9800,IMPS,2026-02-14 23:03:00,0
TXN_008175,FIR_0015,ACCT_0036,ACCT_0029,24000,cash_deposit,2026-05-13 10:32:00,0
TXN_008176,FIR_0022,ACCT_0039,ACCT_0037,9800,UPI,2026-06-09 00:39:00,0
TXN_008177,FIR_0019,ACCT_0070,ACCT_0016,24000,IMPS,2026-01-29 02:18:00,0
TXN_008178,FIR_0021,ACCT_0019,ACCT_0055,49000,cash_deposit,2026-08-30 20:08:00,1
TXN_008179,FIR_0014,ACCT_0039,ACCT_0070,5000,cash_deposit,2026-01-03 04:21:00,0
TXN_008180,FIR_0019,ACCT_0012,ACCT_0058,75000,cash_deposit,2026-03-28 07:24:00,0
TXN_008181,FIR_0003,ACCT_0072,ACCT_0038,75000,UPI,2026-01-06 03:49:00,0
TXN_008182,FIR_0015,ACCT_0026,ACCT_0058,49000,IMPS,2026-08-14 03:39:00,1
TXN_008183,FIR_0010,ACCT_0060,ACCT_0061,125000,cash_deposit,2026-08-23 08:05:00,0
TXN_008184,FIR_0004,ACCT_0013,ACCT_0010,9800,cash_deposit,2026-06-12 12:21:00,0
TXN_008185,FIR_0016,ACCT_0045,ACCT_0011,49000,NEFT,2026-04-12 03:34:00,1
TXN_008186,FIR_0014,ACCT_0059,ACCT_0036,24000,cash_deposit,2026-08-06 12:58:00,0
TXN_008187,FIR_0020,ACCT_0058,ACCT_0066,250000,IMPS,2026-02-13 16:24:00,0
TXN_008188,FIR_0021,ACCT_0029,ACCT_0046,9800,cash_deposit,2026-07-31 16:51:00,0
TXN_008189,FIR_0008,ACCT_0043,ACCT_0024,9800,UPI,2026-08-09 20:22:00,0
TXN_008190,FIR_0021,ACCT_0070,ACCT_0021,9800,cash_deposit,2026-07-13 14:57:00,0
TXN_008191,FIR_0013,ACCT_0060,ACCT_0034,125000,cash_deposit,2026-04-08 09:39:00,0
TXN_008192,FIR_0030,ACCT_0057,ACCT_0018,75000,cash_deposit,2026-01-12 05:57:00,0
TXN_008193,FIR_0029,ACCT_0075,ACCT_0022,5000,cash_deposit,2026-08-11 07:05:00,0
TXN_008194,FIR_0015,ACCT_0058,ACCT_0023,9800,UPI,2026-03-14 05:11:00,0
TXN_008195,FIR_0006,ACCT_0035,ACCT_0015,9800,IMPS,2026-08-17 00:26:00,0
TXN_008196,FIR_0026,ACCT_0061,ACCT_0029,125000,NEFT,2026-01-19 01:15:00,0
TXN_008197,FIR_0020,ACCT_0050,ACCT_0012,5000,IMPS,2026-05-26 10:04:00,0
TXN_008198,FIR_0011,ACCT_0064,ACCT_0053,9800,NEFT,2026-01-09 00:54:00,0
TXN_008199,FIR_0015,ACCT_0043,ACCT_0010,1200,IMPS,2026-08-30 07:11:00,0
TXN_008200,FIR_0019,ACCT_0060,ACCT_0078,48000,NEFT,2026-06-06 21:45:00,1
TXN_008201,FIR_0021,ACCT_0035,ACCT_0013,1200,NEFT,2026-06-14 13:06:00,0
TXN_008202,FIR_0019,ACCT_0073,ACCT_0004,5000,cash_deposit,2026-04-04 22:26:00,0
TXN_008203,FIR_0008,ACCT_0046,ACCT_0071,5000,UPI,2026-03-30 09:00:00,0
TXN_008204,FIR_0018,ACCT_0016,ACCT_0009,125000,UPI,2026-01-02 08:00:00,0
TXN_008205,FIR_0021,ACCT_0058,ACCT_0079,49000,IMPS,2026-03-12 01:31:00,1
TXN_008206,FIR_0025,ACCT_0018,ACCT_0001,9800,UPI,2026-03-14 18:55:00,0
TXN_008207,FIR_0018,ACCT_0062,ACCT_0044,125000,UPI,2026-06-25 07:19:00,0
TXN_008208,FIR_0016,ACCT_0031,ACCT_0041,75000,cash_deposit,2026-06-27 08:52:00,0
TXN_008209,FIR_0027,ACCT_0016,ACCT_0050,75000,UPI,2026-05-08 03:00:00,0
TXN_008210,FIR_0023,ACCT_0024,ACCT_0014,1200,UPI,2026-07-11 22:01:00,0
TXN_008211,FIR_0006,ACCT_0064,ACCT_0011,1200,cash_deposit,2026-06-16 16:25:00,0
TXN_008212,FIR_0030,ACCT_0015,ACCT_0074,75000,UPI,2026-04-15 07:04:00,0
TXN_008213,FIR_0009,ACCT_0038,ACCT_0055,250000,cash_deposit,2026-02-01 02:05:00,0
TXN_008214,FIR_0026,ACCT_0079,ACCT_0048,250000,IMPS,2026-06-04 03:46:00,0
TXN_008215,FIR_0026,ACCT_0012,ACCT_0052,49000,UPI,2026-05-02 20:40:00,1
TXN_008216,FIR_0015,ACCT_0056,ACCT_0012,49000,cash_deposit,2026-03-05 03:10:00,1
TXN_008217,FIR_0004,ACCT_0017,ACCT_0078,49000,cash_deposit,2026-05-24 16:25:00,1
TXN_008218,FIR_0018,ACCT_0004,ACCT_0075,9800,NEFT,2026-01-13 05:21:00,0
TXN_008219,FIR_0003,ACCT_0055,ACCT_0070,1200,IMPS,2026-03-11 05:03:00,0
TXN_008220,FIR_0021,ACCT_0060,ACCT_0031,75000,cash_deposit,2026-01-19 17:47:00,0
TXN_008221,FIR_0026,ACCT_0072,ACCT_0038,75000,cash_deposit,2026-08-23 03:31:00,0
TXN_008222,FIR_0030,ACCT_0009,ACCT_0078,125000,IMPS,2026-07-16 03:47:00,0
TXN_008223,FIR_0025,ACCT_0014,ACCT_0058,48000,NEFT,2026-04-22 14:52:00,1
TXN_008224,FIR_0001,ACCT_0033,ACCT_0020,48000,IMPS,2026-03-21 08:44:00,1
TXN_008225,FIR_0021,ACCT_0033,ACCT_0036,1200,NEFT,2026-03-12 17:06:00,0
TXN_008226,FIR_0004,ACCT_0062,ACCT_0039,125000,IMPS,2026-01-20 11:27:00,0
TXN_008227,FIR_0019,ACCT_0032,ACCT_0077,250000,UPI,2026-07-21 06:18:00,0
TXN_008228,FIR_0005,ACCT_0065,ACCT_0073,49000,NEFT,2026-07-25 09:12:00,1
TXN_008229,FIR_0021,ACCT_0080,ACCT_0069,48000,cash_deposit,2026-01-01 09:04:00,1
TXN_008230,FIR_0009,ACCT_0026,ACCT_0015,24000,cash_deposit,2026-05-03 03:14:00,0
TXN_008231,FIR_0010,ACCT_0072,ACCT_0062,48000,cash_deposit,2026-04-28 19:51:00,1
TXN_008232,FIR_0007,ACCT_0076,ACCT_0029,9800,cash_deposit,2026-07-19 15:24:00,0
TXN_008233,FIR_0018,ACCT_0076,ACCT_0018,24000,NEFT,2026-07-28 13:29:00,0
TXN_008234,FIR_0013,ACCT_0026,ACCT_0024,125000,IMPS,2026-07-24 14:47:00,0
TXN_008235,FIR_0014,ACCT_0004,ACCT_0080,250000,NEFT,2026-07-27 04:44:00,0
TXN_008236,FIR_0004,ACCT_0008,ACCT_0050,75000,cash_deposit,2026-07-08 08:02:00,0
TXN_008237,FIR_0010,ACCT_0056,ACCT_0054,125000,cash_deposit,2026-08-11 09:46:00,0
TXN_008238,FIR_0028,ACCT_0035,ACCT_0029,1200,NEFT,2026-07-23 20:09:00,0
TXN_008239,FIR_0008,ACCT_0051,ACCT_0058,1200,cash_deposit,2026-06-18 07:04:00,0
TXN_008240,FIR_0016,ACCT_0070,ACCT_0052,75000,cash_deposit,2026-01-14 17:44:00,0
TXN_008241,FIR_0018,ACCT_0030,ACCT_0054,1200,NEFT,2026-04-30 07:49:00,0
TXN_008242,FIR_0013,ACCT_0013,ACCT_0078,48000,IMPS,2026-01-22 23:36:00,1
TXN_008243,FIR_0011,ACCT_0034,ACCT_0009,250000,cash_deposit,2026-04-13 15:59:00,0
TXN_008244,FIR_0014,ACCT_0071,ACCT_0040,1200,IMPS,2026-08-05 04:52:00,0
TXN_008245,FIR_0030,ACCT_0001,ACCT_0035,5000,UPI,2026-07-19 04:38:00,0
TXN_008246,FIR_0030,ACCT_0069,ACCT_0015,5000,cash_deposit,2026-08-28 15:22:00,0
TXN_008247,FIR_0028,ACCT_0030,ACCT_0006,49000,UPI,2026-02-11 20:54:00,1
TXN_008248,FIR_0022,ACCT_0051,ACCT_0040,125000,NEFT,2026-04-27 18:12:00,0
TXN_008249,FIR_0020,ACCT_0028,ACCT_0070,48000,NEFT,2026-04-15 02:15:00,1
TXN_008250,FIR_0005,ACCT_0073,ACCT_0030,75000,cash_deposit,2026-04-27 12:53:00,0
TXN_008251,FIR_0016,ACCT_0075,ACCT_0039,9800,NEFT,2026-04-10 13:21:00,0
TXN_008252,FIR_0026,ACCT_0063,ACCT_0005,125000,IMPS,2026-02-16 00:48:00,0
TXN_008253,FIR_0015,ACCT_0023,ACCT_0031,250000,IMPS,2026-06-12 16:25:00,0
TXN_008254,FIR_0012,ACCT_0010,ACCT_0034,125000,UPI,2026-03-26 11:14:00,0
TXN_008255,FIR_0013,ACCT_0065,ACCT_0064,75000,cash_deposit,2026-01-25 01:56:00,0
TXN_008256,FIR_0013,ACCT_0065,ACCT_0029,9800,NEFT,2026-03-23 19:19:00,0
TXN_008257,FIR_0006,ACCT_0069,ACCT_0014,5000,IMPS,2026-06-07 03:30:00,0
TXN_008258,FIR_0005,ACCT_0005,ACCT_0080,1200,UPI,2026-01-18 11:22:00,0
TXN_008259,FIR_0016,ACCT_0052,ACCT_0033,75000,IMPS,2026-08-19 18:49:00,0
TXN_008260,FIR_0022,ACCT_0035,ACCT_0018,9800,cash_deposit,2026-05-23 09:09:00,0
TXN_008261,FIR_0013,ACCT_0047,ACCT_0008,5000,UPI,2026-01-08 13:18:00,0
TXN_008262,FIR_0001,ACCT_0031,ACCT_0052,5000,IMPS,2026-08-28 17:23:00,0
TXN_008263,FIR_0013,ACCT_0012,ACCT_0047,1200,NEFT,2026-03-20 15:27:00,0
TXN_008264,FIR_0013,ACCT_0057,ACCT_0006,49000,NEFT,2026-03-20 13:57:00,1
TXN_008265,FIR_0022,ACCT_0043,ACCT_0002,1200,NEFT,2026-01-05 06:44:00,0
TXN_008266,FIR_0024,ACCT_0062,ACCT_0075,1200,UPI,2026-04-17 14:37:00,0
TXN_008267,FIR_0013,ACCT_0039,ACCT_0080,49000,cash_deposit,2026-04-08 16:09:00,1
TXN_008268,FIR_0001,ACCT_0069,ACCT_0058,48000,IMPS,2026-07-14 12:11:00,1
TXN_008269,FIR_0008,ACCT_0080,ACCT_0023,49000,IMPS,2026-03-10 09:47:00,1
TXN_008270,FIR_0020,ACCT_0057,ACCT_0010,24000,IMPS,2026-05-19 01:15:00,0
TXN_008271,FIR_0030,ACCT_0062,ACCT_0055,9800,IMPS,2026-07-06 03:22:00,0
TXN_008272,FIR_0030,ACCT_0038,ACCT_0075,5000,cash_deposit,2026-07-08 18:37:00,0
TXN_008273,FIR_0006,ACCT_0069,ACCT_0047,48000,NEFT,2026-05-23 20:54:00,1
TXN_008274,FIR_0001,ACCT_0078,ACCT_0046,75000,IMPS,2026-05-27 16:26:00,0
TXN_008275,FIR_0008,ACCT_0034,ACCT_0001,125000,IMPS,2026-08-02 16:51:00,0
TXN_008276,FIR_0021,ACCT_0041,ACCT_0073,125000,IMPS,2026-08-13 09:06:00,0
TXN_008277,FIR_0018,ACCT_0049,ACCT_0021,125000,cash_deposit,2026-06-27 14:57:00,0
TXN_008278,FIR_0006,ACCT_0011,ACCT_0056,75000,IMPS,2026-03-03 20:31:00,0
TXN_008279,FIR_0003,ACCT_0060,ACCT_0027,1200,NEFT,2026-08-10 08:18:00,0
TXN_008280,FIR_0010,ACCT_0023,ACCT_0015,5000,UPI,2026-06-01 07:47:00,0
TXN_008281,FIR_0008,ACCT_0066,ACCT_0059,49000,UPI,2026-04-10 02:20:00,1
TXN_008282,FIR_0018,ACCT_0076,ACCT_0075,1200,cash_deposit,2026-02-06 14:15:00,0
TXN_008283,FIR_0013,ACCT_0008,ACCT_0045,250000,cash_deposit,2026-04-16 23:57:00,0
TXN_008284,FIR_0022,ACCT_0015,ACCT_0013,9800,UPI,2026-02-20 07:29:00,0
TXN_008285,FIR_0016,ACCT_0008,ACCT_0072,48000,NEFT,2026-05-15 11:16:00,1
TXN_008286,FIR_0021,ACCT_0008,ACCT_0015,48000,NEFT,2026-08-01 23:49:00,1
TXN_008287,FIR_0001,ACCT_0033,ACCT_0077,9800,cash_deposit,2026-01-15 13:15:00,0
TXN_008288,FIR_0014,ACCT_0030,ACCT_0047,48000,UPI,2026-01-05 07:51:00,1
TXN_008289,FIR_0002,ACCT_0047,ACCT_0032,48000,IMPS,2026-03-20 08:21:00,1
TXN_008290,FIR_0009,ACCT_0025,ACCT_0033,9800,NEFT,2026-02-26 02:26:00,0
TXN_008291,FIR_0027,ACCT_0043,ACCT_0076,75000,NEFT,2026-07-12 02:38:00,0
TXN_008292,FIR_0005,ACCT_0058,ACCT_0045,125000,NEFT,2026-01-13 03:30:00,0
TXN_008293,FIR_0018,ACCT_0009,ACCT_0063,49000,cash_deposit,2026-06-19 21:09:00,1
TXN_008294,FIR_0020,ACCT_0071,ACCT_0038,75000,IMPS,2026-05-22 03:49:00,0
TXN_008295,FIR_0026,ACCT_0005,ACCT_0035,125000,IMPS,2026-01-24 01:59:00,0
TXN_008296,FIR_0021,ACCT_0050,ACCT_0016,250000,NEFT,2026-04-28 14:38:00,0
TXN_008297,FIR_0002,ACCT_0049,ACCT_0045,125000,cash_deposit,2026-05-25 19:35:00,0
TXN_008298,FIR_0007,ACCT_0006,ACCT_0003,9800,cash_deposit,2026-07-06 18:59:00,0
TXN_008299,FIR_0009,ACCT_0062,ACCT_0080,49000,UPI,2026-08-05 04:01:00,1
TXN_008300,FIR_0020,ACCT_0057,ACCT_0032,9800,IMPS,2026-01-12 22:24:00,0
TXN_008301,FIR_0016,ACCT_0039,ACCT_0058,24000,IMPS,2026-05-14 07:01:00,0
TXN_008302,FIR_0027,ACCT_0079,ACCT_0050,9800,NEFT,2026-06-17 23:45:00,0
TXN_008303,FIR_0021,ACCT_0059,ACCT_0022,5000,IMPS,2026-06-07 00:10:00,0
TXN_008304,FIR_0026,ACCT_0023,ACCT_0004,5000,UPI,2026-03-25 15:27:00,0
TXN_008305,FIR_0003,ACCT_0057,ACCT_0075,49000,NEFT,2026-05-25 10:50:00,1
TXN_008306,FIR_0030,ACCT_0080,ACCT_0013,125000,IMPS,2026-05-14 22:18:00,0
TXN_008307,FIR_0015,ACCT_0024,ACCT_0046,5000,UPI,2026-06-22 19:35:00,0
TXN_008308,FIR_0001,ACCT_0076,ACCT_0026,9800,UPI,2026-06-07 12:30:00,0
TXN_008309,FIR_0003,ACCT_0070,ACCT_0026,49000,NEFT,2026-06-05 20:26:00,1
TXN_008310,FIR_0002,ACCT_0056,ACCT_0057,24000,NEFT,2026-03-30 12:18:00,0
TXN_008311,FIR_0012,ACCT_0009,ACCT_0011,125000,IMPS,2026-02-21 15:03:00,0
TXN_008312,FIR_0008,ACCT_0076,ACCT_0061,9800,NEFT,2026-01-15 23:56:00,0
TXN_008313,FIR_0009,ACCT_0012,ACCT_0049,48000,NEFT,2026-07-14 12:45:00,1
TXN_008314,FIR_0023,ACCT_0055,ACCT_0059,49000,IMPS,2026-04-16 06:37:00,1
TXN_008315,FIR_0004,ACCT_0037,ACCT_0057,48000,IMPS,2026-06-22 16:19:00,1
TXN_008316,FIR_0008,ACCT_0050,ACCT_0041,49000,NEFT,2026-05-05 12:49:00,1
TXN_008317,FIR_0026,ACCT_0055,ACCT_0022,48000,UPI,2026-07-07 23:35:00,1
TXN_008318,FIR_0018,ACCT_0050,ACCT_0061,5000,NEFT,2026-03-21 05:05:00,0
TXN_008319,FIR_0008,ACCT_0049,ACCT_0040,75000,NEFT,2026-07-15 06:15:00,0
TXN_008320,FIR_0029,ACCT_0021,ACCT_0004,1200,UPI,2026-06-01 15:09:00,0
TXN_008321,FIR_0012,ACCT_0009,ACCT_0012,125000,cash_deposit,2026-01-15 17:31:00,0
TXN_008322,FIR_0007,ACCT_0053,ACCT_0066,5000,cash_deposit,2026-01-13 01:34:00,0
TXN_008323,FIR_0005,ACCT_0043,ACCT_0041,75000,IMPS,2026-02-22 19:20:00,0
TXN_008324,FIR_0002,ACCT_0057,ACCT_0041,250000,IMPS,2026-06-15 21:20:00,0
TXN_008325,FIR_0010,ACCT_0058,ACCT_0065,24000,cash_deposit,2026-08-23 08:09:00,0
TXN_008326,FIR_0027,ACCT_0050,ACCT_0069,5000,IMPS,2026-01-09 16:56:00,0
TXN_008327,FIR_0027,ACCT_0060,ACCT_0040,250000,IMPS,2026-06-06 03:46:00,0
TXN_008328,FIR_0027,ACCT_0044,ACCT_0007,125000,UPI,2026-04-18 14:17:00,0
TXN_008329,FIR_0013,ACCT_0013,ACCT_0072,49000,NEFT,2026-07-08 18:09:00,1
TXN_008330,FIR_0025,ACCT_0054,ACCT_0045,75000,cash_deposit,2026-05-02 15:34:00,0
TXN_008331,FIR_0012,ACCT_0062,ACCT_0078,5000,cash_deposit,2026-06-15 08:46:00,0
TXN_008332,FIR_0006,ACCT_0057,ACCT_0006,24000,cash_deposit,2026-04-30 04:20:00,0
TXN_008333,FIR_0009,ACCT_0034,ACCT_0065,5000,cash_deposit,2026-08-04 06:35:00,0
TXN_008334,FIR_0009,ACCT_0069,ACCT_0048,24000,UPI,2026-07-16 04:11:00,0
TXN_008335,FIR_0030,ACCT_0008,ACCT_0031,24000,IMPS,2026-03-02 10:00:00,0
TXN_008336,FIR_0020,ACCT_0074,ACCT_0063,9800,UPI,2026-05-19 08:54:00,0
TXN_008337,FIR_0027,ACCT_0061,ACCT_0071,24000,UPI,2026-07-23 14:27:00,0
TXN_008338,FIR_0006,ACCT_0073,ACCT_0078,49000,IMPS,2026-01-25 12:21:00,1
TXN_008339,FIR_0017,ACCT_0050,ACCT_0060,48000,cash_deposit,2026-03-05 03:31:00,1
TXN_008340,FIR_0011,ACCT_0034,ACCT_0036,24000,NEFT,2026-04-28 14:23:00,0
TXN_008341,FIR_0022,ACCT_0041,ACCT_0063,48000,UPI,2026-07-26 06:10:00,1
TXN_008342,FIR_0020,ACCT_0036,ACCT_0007,5000,UPI,2026-06-17 19:11:00,0
TXN_008343,FIR_0028,ACCT_0049,ACCT_0037,125000,IMPS,2026-04-04 07:07:00,0
TXN_008344,FIR_0020,ACCT_0071,ACCT_0059,125000,NEFT,2026-02-07 12:23:00,0
TXN_008345,FIR_0002,ACCT_0037,ACCT_0004,250000,cash_deposit,2026-08-25 19:23:00,0
TXN_008346,FIR_0026,ACCT_0012,ACCT_0037,9800,cash_deposit,2026-07-22 04:45:00,0
TXN_008347,FIR_0024,ACCT_0029,ACCT_0014,1200,NEFT,2026-07-10 22:28:00,0
TXN_008348,FIR_0001,ACCT_0061,ACCT_0036,125000,UPI,2026-03-16 15:11:00,0
TXN_008349,FIR_0021,ACCT_0036,ACCT_0032,5000,cash_deposit,2026-04-05 13:19:00,0
TXN_008350,FIR_0026,ACCT_0061,ACCT_0062,48000,NEFT,2026-04-05 12:04:00,1
TXN_008351,FIR_0005,ACCT_0065,ACCT_0060,24000,IMPS,2026-07-07 17:35:00,0
TXN_008352,FIR_0015,ACCT_0005,ACCT_0053,5000,cash_deposit,2026-01-02 23:15:00,0
TXN_008353,FIR_0025,ACCT_0064,ACCT_0041,125000,NEFT,2026-01-28 10:23:00,0
TXN_008354,FIR_0019,ACCT_0048,ACCT_0038,24000,cash_deposit,2026-03-01 09:13:00,0
TXN_008355,FIR_0005,ACCT_0031,ACCT_0047,5000,UPI,2026-06-02 06:19:00,0
TXN_008356,FIR_0001,ACCT_0038,ACCT_0066,9800,UPI,2026-01-02 14:20:00,0
TXN_008357,FIR_0023,ACCT_0004,ACCT_0043,49000,NEFT,2026-08-12 09:52:00,1
TXN_008358,FIR_0021,ACCT_0042,ACCT_0065,125000,UPI,2026-06-16 02:48:00,0
TXN_008359,FIR_0024,ACCT_0023,ACCT_0078,1200,cash_deposit,2026-06-24 21:50:00,0
TXN_008360,FIR_0023,ACCT_0039,ACCT_0058,250000,IMPS,2026-05-29 14:58:00,0
TXN_008361,FIR_0023,ACCT_0009,ACCT_0019,5000,cash_deposit,2026-05-30 09:40:00,0
TXN_008362,FIR_0030,ACCT_0037,ACCT_0079,5000,cash_deposit,2026-01-02 14:36:00,0
TXN_008363,FIR_0002,ACCT_0020,ACCT_0073,5000,cash_deposit,2026-08-29 22:46:00,0
TXN_008364,FIR_0005,ACCT_0048,ACCT_0055,5000,cash_deposit,2026-02-11 03:45:00,0
TXN_008365,FIR_0029,ACCT_0022,ACCT_0078,250000,UPI,2026-08-02 20:34:00,0
TXN_008366,FIR_0020,ACCT_0040,ACCT_0031,49000,IMPS,2026-01-25 19:17:00,1
TXN_008367,FIR_0021,ACCT_0016,ACCT_0054,5000,IMPS,2026-08-13 01:34:00,0
TXN_008368,FIR_0024,ACCT_0071,ACCT_0049,9800,cash_deposit,2026-03-16 15:43:00,0
TXN_008369,FIR_0020,ACCT_0026,ACCT_0037,24000,NEFT,2026-07-22 06:49:00,0
TXN_008370,FIR_0017,ACCT_0077,ACCT_0005,24000,IMPS,2026-06-18 12:32:00,0
TXN_008371,FIR_0019,ACCT_0030,ACCT_0011,250000,NEFT,2026-07-14 08:35:00,0
TXN_008372,FIR_0016,ACCT_0074,ACCT_0080,125000,NEFT,2026-08-17 12:58:00,0
TXN_008373,FIR_0001,ACCT_0073,ACCT_0017,250000,NEFT,2026-03-16 11:59:00,0
TXN_008374,FIR_0030,ACCT_0002,ACCT_0080,49000,cash_deposit,2026-02-21 06:47:00,1
TXN_008375,FIR_0009,ACCT_0062,ACCT_0028,24000,IMPS,2026-08-05 10:38:00,0
TXN_008376,FIR_0012,ACCT_0062,ACCT_0059,250000,NEFT,2026-02-20 13:15:00,0
TXN_008377,FIR_0024,ACCT_0065,ACCT_0040,125000,UPI,2026-05-16 18:15:00,0
TXN_008378,FIR_0026,ACCT_0002,ACCT_0063,75000,IMPS,2026-05-11 09:10:00,0
TXN_008379,FIR_0009,ACCT_0005,ACCT_0002,5000,UPI,2026-08-28 20:32:00,0
TXN_008380,FIR_0004,ACCT_0041,ACCT_0051,5000,NEFT,2026-05-16 16:35:00,0
TXN_008381,FIR_0017,ACCT_0078,ACCT_0012,1200,NEFT,2026-04-09 14:34:00,0
TXN_008382,FIR_0011,ACCT_0027,ACCT_0065,125000,UPI,2026-07-13 01:19:00,0
TXN_008383,FIR_0026,ACCT_0076,ACCT_0006,9800,NEFT,2026-03-31 06:06:00,0
TXN_008384,FIR_0027,ACCT_0019,ACCT_0074,250000,IMPS,2026-07-14 17:01:00,0
TXN_008385,FIR_0028,ACCT_0065,ACCT_0001,48000,NEFT,2026-06-26 11:28:00,1
TXN_008386,FIR_0013,ACCT_0060,ACCT_0035,1200,UPI,2026-04-15 19:30:00,0
TXN_008387,FIR_0016,ACCT_0051,ACCT_0015,9800,cash_deposit,2026-05-05 08:04:00,0
TXN_008388,FIR_0030,ACCT_0059,ACCT_0072,49000,NEFT,2026-08-21 01:27:00,1
TXN_008389,FIR_0010,ACCT_0029,ACCT_0001,49000,IMPS,2026-08-12 12:59:00,1
TXN_008390,FIR_0019,ACCT_0041,ACCT_0072,75000,IMPS,2026-01-31 15:40:00,0
TXN_008391,FIR_0014,ACCT_0046,ACCT_0011,48000,UPI,2026-01-26 10:09:00,1
TXN_008392,FIR_0003,ACCT_0013,ACCT_0062,1200,NEFT,2026-07-06 05:07:00,0
TXN_008393,FIR_0008,ACCT_0079,ACCT_0012,24000,cash_deposit,2026-07-05 11:06:00,0
TXN_008394,FIR_0028,ACCT_0065,ACCT_0019,125000,cash_deposit,2026-05-09 21:42:00,0
TXN_008395,FIR_0028,ACCT_0039,ACCT_0008,24000,IMPS,2026-06-01 12:16:00,0
TXN_008396,FIR_0025,ACCT_0079,ACCT_0039,75000,IMPS,2026-01-07 22:49:00,0
TXN_008397,FIR_0013,ACCT_0039,ACCT_0042,1200,cash_deposit,2026-04-10 14:57:00,0
TXN_008398,FIR_0009,ACCT_0023,ACCT_0011,24000,NEFT,2026-01-07 18:57:00,0
TXN_008399,FIR_0017,ACCT_0052,ACCT_0029,1200,NEFT,2026-06-19 05:55:00,0
TXN_008400,FIR_0028,ACCT_0020,ACCT_0075,125000,cash_deposit,2026-03-22 10:04:00,0
TXN_008401,FIR_0003,ACCT_0053,ACCT_0067,9800,UPI,2026-02-13 21:41:00,0
TXN_008402,FIR_0030,ACCT_0040,ACCT_0008,24000,UPI,2026-05-12 08:14:00,0
TXN_008403,FIR_0020,ACCT_0079,ACCT_0029,9800,IMPS,2026-07-12 05:28:00,0
TXN_008404,FIR_0028,ACCT_0024,ACCT_0060,5000,UPI,2026-01-07 13:08:00,0
TXN_008405,FIR_0001,ACCT_0062,ACCT_0022,125000,cash_deposit,2026-03-08 02:49:00,0
TXN_008406,FIR_0020,ACCT_0032,ACCT_0036,49000,IMPS,2026-06-09 23:26:00,1
TXN_008407,FIR_0026,ACCT_0077,ACCT_0032,75000,cash_deposit,2026-03-15 09:02:00,0
TXN_008408,FIR_0017,ACCT_0034,ACCT_0050,5000,UPI,2026-02-14 20:41:00,0
TXN_008409,FIR_0008,ACCT_0057,ACCT_0024,250000,cash_deposit,2026-01-29 15:15:00,0
TXN_008410,FIR_0016,ACCT_0017,ACCT_0071,5000,cash_deposit,2026-08-05 01:07:00,0
TXN_008411,FIR_0027,ACCT_0050,ACCT_0013,1200,IMPS,2026-07-22 21:20:00,0
TXN_008412,FIR_0023,ACCT_0025,ACCT_0036,250000,NEFT,2026-03-23 22:22:00,0
TXN_008413,FIR_0017,ACCT_0074,ACCT_0011,250000,NEFT,2026-01-07 15:58:00,0
TXN_008414,FIR_0003,ACCT_0056,ACCT_0003,1200,UPI,2026-07-10 20:29:00,0
TXN_008415,FIR_0019,ACCT_0011,ACCT_0077,49000,UPI,2026-08-16 07:42:00,1
TXN_008416,FIR_0011,ACCT_0043,ACCT_0040,49000,cash_deposit,2026-02-14 07:35:00,1
TXN_008417,FIR_0017,ACCT_0076,ACCT_0053,5000,UPI,2026-03-09 01:10:00,0
TXN_008418,FIR_0019,ACCT_0007,ACCT_0033,75000,UPI,2026-07-05 00:28:00,0
TXN_008419,FIR_0005,ACCT_0007,ACCT_0012,5000,cash_deposit,2026-07-11 09:31:00,0
TXN_008420,FIR_0015,ACCT_0078,ACCT_0080,5000,UPI,2026-05-30 18:53:00,0
TXN_008421,FIR_0006,ACCT_0006,ACCT_0012,5000,cash_deposit,2026-05-13 13:07:00,0
TXN_008422,FIR_0023,ACCT_0035,ACCT_0073,5000,NEFT,2026-01-03 00:38:00,0
TXN_008423,FIR_0008,ACCT_0078,ACCT_0034,75000,IMPS,2026-04-04 14:21:00,0
TXN_008424,FIR_0025,ACCT_0008,ACCT_0015,5000,UPI,2026-08-23 11:53:00,0
TXN_008425,FIR_0016,ACCT_0065,ACCT_0042,1200,cash_deposit,2026-09-01 03:04:00,0
TXN_008426,FIR_0029,ACCT_0004,ACCT_0008,49000,cash_deposit,2026-04-30 02:22:00,1
TXN_008427,FIR_0004,ACCT_0041,ACCT_0002,48000,IMPS,2026-03-25 19:06:00,1
TXN_008428,FIR_0029,ACCT_0016,ACCT_0013,24000,cash_deposit,2026-07-22 18:22:00,0
TXN_008429,FIR_0009,ACCT_0001,ACCT_0059,75000,IMPS,2026-05-08 08:33:00,0
TXN_008430,FIR_0002,ACCT_0016,ACCT_0071,24000,UPI,2026-04-20 14:33:00,0
TXN_008431,FIR_0013,ACCT_0001,ACCT_0028,1200,NEFT,2026-07-23 13:05:00,0
TXN_008432,FIR_0022,ACCT_0067,ACCT_0040,250000,IMPS,2026-08-31 23:05:00,0
TXN_008433,FIR_0018,ACCT_0045,ACCT_0025,9800,UPI,2026-05-10 07:04:00,0
TXN_008434,FIR_0010,ACCT_0037,ACCT_0043,24000,UPI,2026-05-30 12:05:00,0
TXN_008435,FIR_0023,ACCT_0013,ACCT_0033,125000,IMPS,2026-07-17 08:57:00,0
TXN_008436,FIR_0028,ACCT_0016,ACCT_0073,75000,IMPS,2026-08-02 16:44:00,0
TXN_008437,FIR_0013,ACCT_0011,ACCT_0020,5000,NEFT,2026-05-08 10:08:00,0
TXN_008438,FIR_0016,ACCT_0052,ACCT_0058,24000,cash_deposit,2026-06-13 11:38:00,0
TXN_008439,FIR_0003,ACCT_0043,ACCT_0009,1200,UPI,2026-01-30 00:28:00,0
TXN_008440,FIR_0007,ACCT_0065,ACCT_0044,75000,NEFT,2026-01-22 15:11:00,0
TXN_008441,FIR_0019,ACCT_0077,ACCT_0028,49000,cash_deposit,2026-01-04 08:14:00,1
TXN_008442,FIR_0027,ACCT_0073,ACCT_0066,75000,cash_deposit,2026-03-30 23:19:00,0
TXN_008443,FIR_0006,ACCT_0057,ACCT_0022,48000,UPI,2026-01-02 15:41:00,1
TXN_008444,FIR_0008,ACCT_0077,ACCT_0027,125000,NEFT,2026-03-09 09:17:00,0
TXN_008445,FIR_0018,ACCT_0005,ACCT_0066,5000,UPI,2026-05-30 05:22:00,0
TXN_008446,FIR_0005,ACCT_0055,ACCT_0038,24000,UPI,2026-04-24 14:46:00,0
TXN_008447,FIR_0009,ACCT_0015,ACCT_0080,5000,NEFT,2026-08-02 20:43:00,0
TXN_008448,FIR_0009,ACCT_0059,ACCT_0078,5000,UPI,2026-03-30 16:50:00,0
TXN_008449,FIR_0025,ACCT_0034,ACCT_0012,1200,cash_deposit,2026-01-27 10:53:00,0
TXN_008450,FIR_0003,ACCT_0051,ACCT_0069,125000,cash_deposit,2026-04-02 08:59:00,0
TXN_008451,FIR_0002,ACCT_0010,ACCT_0037,9800,UPI,2026-05-22 19:34:00,0
TXN_008452,FIR_0025,ACCT_0027,ACCT_0072,24000,NEFT,2026-06-22 21:12:00,0
TXN_008453,FIR_0011,ACCT_0037,ACCT_0035,75000,cash_deposit,2026-01-17 05:36:00,0
TXN_008454,FIR_0015,ACCT_0011,ACCT_0035,49000,IMPS,2026-07-31 23:28:00,1
TXN_008455,FIR_0015,ACCT_0023,ACCT_0028,75000,cash_deposit,2026-08-11 19:06:00,0
TXN_008456,FIR_0029,ACCT_0001,ACCT_0068,24000,NEFT,2026-01-25 00:03:00,0
TXN_008457,FIR_0026,ACCT_0036,ACCT_0022,49000,UPI,2026-02-14 01:31:00,1
TXN_008458,FIR_0026,ACCT_0054,ACCT_0029,125000,UPI,2026-02-08 10:24:00,0
TXN_008459,FIR_0017,ACCT_0044,ACCT_0062,48000,NEFT,2026-08-02 11:19:00,1
TXN_008460,FIR_0023,ACCT_0073,ACCT_0016,5000,IMPS,2026-08-25 06:54:00,0
TXN_008461,FIR_0006,ACCT_0001,ACCT_0066,48000,IMPS,2026-06-18 00:08:00,1
TXN_008462,FIR_0017,ACCT_0067,ACCT_0013,1200,NEFT,2026-01-08 16:52:00,0
TXN_008463,FIR_0007,ACCT_0062,ACCT_0042,75000,cash_deposit,2026-02-17 00:50:00,0
TXN_008464,FIR_0002,ACCT_0031,ACCT_0043,24000,IMPS,2026-04-21 15:01:00,0
TXN_008465,FIR_0019,ACCT_0054,ACCT_0047,250000,IMPS,2026-08-25 23:05:00,0
TXN_008466,FIR_0010,ACCT_0056,ACCT_0012,5000,IMPS,2026-04-19 19:42:00,0
TXN_008467,FIR_0013,ACCT_0066,ACCT_0035,49000,IMPS,2026-08-14 22:23:00,1
TXN_008468,FIR_0021,ACCT_0008,ACCT_0064,250000,NEFT,2026-02-06 17:27:00,0
TXN_008469,FIR_0003,ACCT_0010,ACCT_0062,5000,cash_deposit,2026-03-13 12:04:00,0
TXN_008470,FIR_0012,ACCT_0062,ACCT_0046,75000,cash_deposit,2026-02-11 21:34:00,0
TXN_008471,FIR_0015,ACCT_0052,ACCT_0043,48000,UPI,2026-08-14 04:59:00,1
TXN_008472,FIR_0006,ACCT_0026,ACCT_0002,125000,NEFT,2026-02-27 04:31:00,0
TXN_008473,FIR_0007,ACCT_0079,ACCT_0012,250000,IMPS,2026-03-22 14:12:00,0
TXN_008474,FIR_0007,ACCT_0043,ACCT_0050,250000,cash_deposit,2026-04-17 09:29:00,0
TXN_008475,FIR_0025,ACCT_0068,ACCT_0016,48000,IMPS,2026-06-30 10:24:00,1
TXN_008476,FIR_0013,ACCT_0074,ACCT_0026,5000,cash_deposit,2026-07-04 01:24:00,0
TXN_008477,FIR_0004,ACCT_0077,ACCT_0061,75000,NEFT,2026-07-11 20:29:00,0
TXN_008478,FIR_0020,ACCT_0060,ACCT_0023,75000,IMPS,2026-02-04 16:58:00,0
TXN_008479,FIR_0027,ACCT_0041,ACCT_0062,49000,UPI,2026-02-17 01:56:00,1
TXN_008480,FIR_0018,ACCT_0037,ACCT_0029,49000,NEFT,2026-07-30 16:43:00,1
TXN_008481,FIR_0004,ACCT_0005,ACCT_0055,1200,UPI,2026-04-21 06:02:00,0
TXN_008482,FIR_0018,ACCT_0029,ACCT_0074,75000,NEFT,2026-02-17 18:17:00,0
TXN_008483,FIR_0020,ACCT_0014,ACCT_0019,1200,UPI,2026-05-28 13:49:00,0
TXN_008484,FIR_0029,ACCT_0014,ACCT_0024,125000,NEFT,2026-05-27 09:38:00,0
TXN_008485,FIR_0018,ACCT_0039,ACCT_0075,49000,IMPS,2026-06-27 05:40:00,1
TXN_008486,FIR_0019,ACCT_0007,ACCT_0040,5000,IMPS,2026-02-22 21:30:00,0
TXN_008487,FIR_0003,ACCT_0073,ACCT_0034,250000,UPI,2026-05-15 05:11:00,0
TXN_008488,FIR_0029,ACCT_0040,ACCT_0017,48000,IMPS,2026-01-13 21:13:00,1
TXN_008489,FIR_0021,ACCT_0059,ACCT_0030,75000,UPI,2026-07-04 16:19:00,0
TXN_008490,FIR_0026,ACCT_0049,ACCT_0005,24000,NEFT,2026-05-01 08:15:00,0
TXN_008491,FIR_0028,ACCT_0057,ACCT_0039,49000,IMPS,2026-06-01 20:28:00,1
TXN_008492,FIR_0026,ACCT_0074,ACCT_0053,49000,IMPS,2026-01-08 00:56:00,1
TXN_008493,FIR_0012,ACCT_0048,ACCT_0009,250000,cash_deposit,2026-06-10 17:03:00,0
TXN_008494,FIR_0004,ACCT_0043,ACCT_0020,125000,IMPS,2026-03-16 04:49:00,0
TXN_008495,FIR_0005,ACCT_0050,ACCT_0015,125000,cash_deposit,2026-08-13 22:00:00,0
TXN_008496,FIR_0019,ACCT_0023,ACCT_0056,5000,IMPS,2026-03-03 12:53:00,0
TXN_008497,FIR_0012,ACCT_0045,ACCT_0070,1200,NEFT,2026-07-26 03:00:00,0
TXN_008498,FIR_0015,ACCT_0071,ACCT_0048,24000,NEFT,2026-08-19 18:32:00,0
TXN_008499,FIR_0009,ACCT_0058,ACCT_0071,5000,UPI,2026-06-11 19:55:00,0
TXN_008500,FIR_0020,ACCT_0013,ACCT_0056,125000,UPI,2026-04-06 00:07:00,0
TXN_008501,FIR_0013,ACCT_0014,ACCT_0007,48000,UPI,2026-03-26 09:39:00,1
TXN_008502,FIR_0001,ACCT_0005,ACCT_0020,24000,cash_deposit,2026-08-06 03:31:00,0
TXN_008503,FIR_0014,ACCT_0057,ACCT_0044,1200,cash_deposit,2026-03-04 14:36:00,0
TXN_008504,FIR_0007,ACCT_0030,ACCT_0071,75000,cash_deposit,2026-08-23 03:12:00,0
TXN_008505,FIR_0030,ACCT_0014,ACCT_0020,48000,IMPS,2026-01-12 16:19:00,1
TXN_008506,FIR_0017,ACCT_0048,ACCT_0050,49000,cash_deposit,2026-02-25 06:15:00,1
TXN_008507,FIR_0011,ACCT_0060,ACCT_0038,49000,cash_deposit,2026-05-24 15:52:00,1
TXN_008508,FIR_0024,ACCT_0052,ACCT_0011,24000,IMPS,2026-01-19 13:58:00,0
TXN_008509,FIR_0006,ACCT_0054,ACCT_0035,125000,IMPS,2026-07-20 04:59:00,0
TXN_008510,FIR_0004,ACCT_0068,ACCT_0051,5000,cash_deposit,2026-04-01 04:51:00,0
TXN_008511,FIR_0006,ACCT_0034,ACCT_0043,24000,UPI,2026-05-27 21:43:00,0
TXN_008512,FIR_0024,ACCT_0031,ACCT_0042,49000,NEFT,2026-02-10 03:09:00,1
TXN_008513,FIR_0016,ACCT_0030,ACCT_0031,49000,cash_deposit,2026-03-17 15:20:00,1
TXN_008514,FIR_0028,ACCT_0042,ACCT_0052,1200,UPI,2026-03-30 20:58:00,0
TXN_008515,FIR_0023,ACCT_0076,ACCT_0019,250000,NEFT,2026-08-08 14:23:00,0
TXN_008516,FIR_0024,ACCT_0078,ACCT_0035,75000,cash_deposit,2026-05-10 12:29:00,0
TXN_008517,FIR_0012,ACCT_0032,ACCT_0043,5000,IMPS,2026-03-01 19:35:00,0
TXN_008518,FIR_0027,ACCT_0006,ACCT_0040,1200,cash_deposit,2026-06-15 08:15:00,0
TXN_008519,FIR_0024,ACCT_0018,ACCT_0073,75000,UPI,2026-04-21 11:11:00,0
TXN_008520,FIR_0004,ACCT_0004,ACCT_0025,9800,UPI,2026-01-21 17:22:00,0
TXN_008521,FIR_0029,ACCT_0058,ACCT_0023,49000,UPI,2026-02-13 02:32:00,1
TXN_008522,FIR_0017,ACCT_0064,ACCT_0034,49000,UPI,2026-01-21 04:05:00,1
TXN_008523,FIR_0027,ACCT_0005,ACCT_0069,48000,IMPS,2026-06-07 19:18:00,1
TXN_008524,FIR_0011,ACCT_0035,ACCT_0069,75000,IMPS,2026-05-03 20:00:00,0
TXN_008525,FIR_0005,ACCT_0048,ACCT_0043,48000,cash_deposit,2026-06-11 08:29:00,1
TXN_008526,FIR_0024,ACCT_0022,ACCT_0055,5000,cash_deposit,2026-07-22 09:45:00,0
TXN_008527,FIR_0023,ACCT_0028,ACCT_0066,9800,cash_deposit,2026-03-22 14:32:00,0
TXN_008528,FIR_0003,ACCT_0009,ACCT_0048,24000,NEFT,2026-06-29 09:48:00,0
TXN_008529,FIR_0012,ACCT_0074,ACCT_0056,1200,UPI,2026-01-24 12:57:00,0
TXN_008530,FIR_0017,ACCT_0004,ACCT_0051,125000,UPI,2026-01-22 18:18:00,0
TXN_008531,FIR_0011,ACCT_0079,ACCT_0047,48000,cash_deposit,2026-07-09 03:37:00,1
TXN_008532,FIR_0010,ACCT_0042,ACCT_0069,125000,UPI,2026-01-05 12:18:00,0
TXN_008533,FIR_0018,ACCT_0042,ACCT_0044,75000,UPI,2026-06-09 00:40:00,0
TXN_008534,FIR_0004,ACCT_0014,ACCT_0003,5000,cash_deposit,2026-04-11 23:09:00,0
TXN_008535,FIR_0028,ACCT_0042,ACCT_0048,5000,NEFT,2026-04-14 15:08:00,0
TXN_008536,FIR_0006,ACCT_0055,ACCT_0076,75000,NEFT,2026-08-01 07:04:00,0
TXN_008537,FIR_0028,ACCT_0053,ACCT_0069,49000,cash_deposit,2026-07-21 08:17:00,1
TXN_008538,FIR_0009,ACCT_0066,ACCT_0015,75000,NEFT,2026-01-11 09:55:00,0
TXN_008539,FIR_0017,ACCT_0079,ACCT_0020,9800,IMPS,2026-05-01 22:34:00,0
TXN_008540,FIR_0007,ACCT_0049,ACCT_0005,5000,IMPS,2026-06-08 08:09:00,0
TXN_008541,FIR_0013,ACCT_0033,ACCT_0080,48000,UPI,2026-06-28 07:27:00,1
TXN_008542,FIR_0030,ACCT_0078,ACCT_0038,1200,cash_deposit,2026-03-05 03:31:00,0
TXN_008543,FIR_0007,ACCT_0008,ACCT_0074,49000,NEFT,2026-08-19 03:15:00,1
TXN_008544,FIR_0008,ACCT_0003,ACCT_0051,125000,IMPS,2026-05-03 03:55:00,0
TXN_008545,FIR_0012,ACCT_0009,ACCT_0054,24000,IMPS,2026-01-11 22:45:00,0
TXN_008546,FIR_0023,ACCT_0064,ACCT_0008,24000,NEFT,2026-08-15 13:12:00,0
TXN_008547,FIR_0002,ACCT_0029,ACCT_0073,49000,IMPS,2026-02-18 19:27:00,1
TXN_008548,FIR_0023,ACCT_0040,ACCT_0025,49000,UPI,2026-05-14 14:27:00,1
TXN_008549,FIR_0003,ACCT_0040,ACCT_0064,125000,NEFT,2026-04-20 17:57:00,0
TXN_008550,FIR_0008,ACCT_0016,ACCT_0056,5000,NEFT,2026-05-08 17:35:00,0
TXN_008551,FIR_0014,ACCT_0002,ACCT_0054,75000,UPI,2026-01-01 08:21:00,0
TXN_008552,FIR_0012,ACCT_0057,ACCT_0024,5000,NEFT,2026-02-07 01:44:00,0
TXN_008553,FIR_0029,ACCT_0068,ACCT_0035,125000,UPI,2026-06-02 08:06:00,0
TXN_008554,FIR_0009,ACCT_0004,ACCT_0069,250000,NEFT,2026-01-13 19:44:00,0
TXN_008555,FIR_0012,ACCT_0005,ACCT_0035,24000,NEFT,2026-08-22 12:05:00,0
TXN_008556,FIR_0023,ACCT_0018,ACCT_0006,75000,NEFT,2026-03-15 03:16:00,0
TXN_008557,FIR_0021,ACCT_0037,ACCT_0063,250000,cash_deposit,2026-08-13 10:57:00,0
TXN_008558,FIR_0011,ACCT_0068,ACCT_0030,125000,NEFT,2026-02-02 19:17:00,0
TXN_008559,FIR_0002,ACCT_0036,ACCT_0020,24000,UPI,2026-06-06 23:37:00,0
TXN_008560,FIR_0018,ACCT_0018,ACCT_0077,1200,UPI,2026-08-23 14:22:00,0
TXN_008561,FIR_0007,ACCT_0015,ACCT_0021,49000,NEFT,2026-07-21 04:05:00,1
TXN_008562,FIR_0018,ACCT_0003,ACCT_0010,48000,UPI,2026-05-12 22:10:00,1
TXN_008563,FIR_0016,ACCT_0047,ACCT_0079,250000,UPI,2026-03-05 10:46:00,0
TXN_008564,FIR_0011,ACCT_0053,ACCT_0020,24000,cash_deposit,2026-08-18 02:26:00,0
TXN_008565,FIR_0021,ACCT_0036,ACCT_0037,9800,UPI,2026-03-22 02:14:00,0
TXN_008566,FIR_0028,ACCT_0049,ACCT_0031,250000,cash_deposit,2026-01-11 10:18:00,0
TXN_008567,FIR_0023,ACCT_0042,ACCT_0007,9800,NEFT,2026-07-18 11:33:00,0
TXN_008568,FIR_0019,ACCT_0059,ACCT_0077,1200,NEFT,2026-03-01 17:33:00,0
TXN_008569,FIR_0008,ACCT_0019,ACCT_0026,24000,IMPS,2026-05-19 19:00:00,0
TXN_008570,FIR_0001,ACCT_0062,ACCT_0072,48000,IMPS,2026-02-13 00:53:00,1
TXN_008571,FIR_0009,ACCT_0019,ACCT_0047,9800,NEFT,2026-08-07 10:35:00,0
TXN_008572,FIR_0014,ACCT_0007,ACCT_0065,24000,IMPS,2026-06-03 21:00:00,0
TXN_008573,FIR_0028,ACCT_0028,ACCT_0030,49000,UPI,2026-06-06 03:04:00,1
TXN_008574,FIR_0017,ACCT_0080,ACCT_0078,9800,UPI,2026-01-04 02:41:00,0
TXN_008575,FIR_0026,ACCT_0016,ACCT_0017,24000,cash_deposit,2026-05-06 04:39:00,0
TXN_008576,FIR_0001,ACCT_0016,ACCT_0056,250000,cash_deposit,2026-03-22 04:46:00,0
TXN_008577,FIR_0020,ACCT_0002,ACCT_0015,24000,IMPS,2026-03-11 11:28:00,0
TXN_008578,FIR_0001,ACCT_0077,ACCT_0080,48000,IMPS,2026-03-12 01:13:00,1
TXN_008579,FIR_0011,ACCT_0031,ACCT_0074,1200,NEFT,2026-08-02 10:35:00,0
TXN_008580,FIR_0026,ACCT_0003,ACCT_0055,125000,cash_deposit,2026-03-01 11:54:00,0
TXN_008581,FIR_0022,ACCT_0019,ACCT_0061,125000,IMPS,2026-06-08 10:08:00,0
TXN_008582,FIR_0030,ACCT_0027,ACCT_0080,75000,UPI,2026-04-28 20:30:00,0
TXN_008583,FIR_0010,ACCT_0058,ACCT_0019,1200,cash_deposit,2026-03-27 15:53:00,0
TXN_008584,FIR_0028,ACCT_0016,ACCT_0048,49000,cash_deposit,2026-04-16 22:55:00,1
TXN_008585,FIR_0007,ACCT_0044,ACCT_0073,24000,IMPS,2026-06-10 06:29:00,0
TXN_008586,FIR_0003,ACCT_0061,ACCT_0064,1200,cash_deposit,2026-07-16 09:22:00,0
TXN_008587,FIR_0006,ACCT_0015,ACCT_0036,75000,UPI,2026-03-14 23:59:00,0
TXN_008588,FIR_0005,ACCT_0078,ACCT_0052,125000,NEFT,2026-03-19 11:06:00,0
TXN_008589,FIR_0016,ACCT_0032,ACCT_0069,49000,IMPS,2026-02-14 02:50:00,1
TXN_008590,FIR_0018,ACCT_0043,ACCT_0068,75000,IMPS,2026-01-27 13:44:00,0
TXN_008591,FIR_0012,ACCT_0022,ACCT_0046,24000,UPI,2026-08-11 22:56:00,0
TXN_008592,FIR_0022,ACCT_0076,ACCT_0014,48000,NEFT,2026-02-24 05:59:00,1
TXN_008593,FIR_0016,ACCT_0038,ACCT_0074,49000,UPI,2026-08-30 23:31:00,1
TXN_008594,FIR_0023,ACCT_0066,ACCT_0030,1200,UPI,2026-02-19 09:21:00,0
TXN_008595,FIR_0011,ACCT_0067,ACCT_0050,75000,UPI,2026-07-24 04:55:00,0
TXN_008596,FIR_0021,ACCT_0012,ACCT_0056,24000,IMPS,2026-04-11 08:55:00,0
TXN_008597,FIR_0008,ACCT_0050,ACCT_0040,5000,cash_deposit,2026-04-19 14:45:00,0
TXN_008598,FIR_0014,ACCT_0021,ACCT_0011,9800,UPI,2026-01-26 01:53:00,0
TXN_008599,FIR_0030,ACCT_0077,ACCT_0030,24000,cash_deposit,2026-03-04 16:31:00,0
TXN_008600,FIR_0024,ACCT_0016,ACCT_0062,9800,cash_deposit,2026-08-23 15:35:00,0
TXN_008601,FIR_0008,ACCT_0047,ACCT_0056,48000,UPI,2026-06-13 10:11:00,1
TXN_008602,FIR_0001,ACCT_0030,ACCT_0072,24000,NEFT,2026-06-21 16:41:00,0
TXN_008603,FIR_0029,ACCT_0073,ACCT_0036,48000,IMPS,2026-01-31 20:05:00,1
TXN_008604,FIR_0018,ACCT_0056,ACCT_0026,125000,NEFT,2026-02-14 07:14:00,0
TXN_008605,FIR_0030,ACCT_0006,ACCT_0079,9800,IMPS,2026-06-05 07:17:00,0
TXN_008606,FIR_0010,ACCT_0002,ACCT_0057,250000,cash_deposit,2026-08-22 17:49:00,0
TXN_008607,FIR_0010,ACCT_0031,ACCT_0048,250000,cash_deposit,2026-01-02 07:03:00,0
TXN_008608,FIR_0019,ACCT_0015,ACCT_0028,125000,UPI,2026-05-11 14:39:00,0
TXN_008609,FIR_0029,ACCT_0033,ACCT_0044,250000,UPI,2026-04-09 22:01:00,0
TXN_008610,FIR_0005,ACCT_0009,ACCT_0026,49000,NEFT,2026-07-25 05:29:00,1
TXN_008611,FIR_0007,ACCT_0034,ACCT_0004,5000,UPI,2026-08-20 05:34:00,0
TXN_008612,FIR_0022,ACCT_0080,ACCT_0005,1200,NEFT,2026-03-26 23:40:00,0
TXN_008613,FIR_0024,ACCT_0040,ACCT_0067,9800,IMPS,2026-01-26 19:05:00,0
TXN_008614,FIR_0023,ACCT_0008,ACCT_0022,9800,IMPS,2026-07-14 12:58:00,0
TXN_008615,FIR_0002,ACCT_0013,ACCT_0046,250000,cash_deposit,2026-05-26 16:39:00,0
TXN_008616,FIR_0024,ACCT_0015,ACCT_0022,250000,IMPS,2026-07-06 09:45:00,0
TXN_008617,FIR_0019,ACCT_0024,ACCT_0004,1200,IMPS,2026-05-19 01:10:00,0
TXN_008618,FIR_0010,ACCT_0042,ACCT_0006,125000,NEFT,2026-07-12 12:06:00,0
TXN_008619,FIR_0004,ACCT_0039,ACCT_0051,125000,NEFT,2026-07-09 22:20:00,0
TXN_008620,FIR_0026,ACCT_0009,ACCT_0075,125000,UPI,2026-04-14 14:04:00,0
TXN_008621,FIR_0021,ACCT_0060,ACCT_0072,48000,UPI,2026-07-05 09:14:00,1
TXN_008622,FIR_0012,ACCT_0076,ACCT_0013,125000,UPI,2026-01-09 23:27:00,0
TXN_008623,FIR_0019,ACCT_0027,ACCT_0071,48000,IMPS,2026-01-14 22:44:00,1
TXN_008624,FIR_0024,ACCT_0037,ACCT_0067,9800,NEFT,2026-04-04 23:49:00,0
TXN_008625,FIR_0009,ACCT_0052,ACCT_0033,125000,cash_deposit,2026-04-17 18:04:00,0
TXN_008626,FIR_0020,ACCT_0062,ACCT_0057,49000,UPI,2026-05-19 01:21:00,1
TXN_008627,FIR_0002,ACCT_0071,ACCT_0044,5000,IMPS,2026-02-08 18:34:00,0
TXN_008628,FIR_0019,ACCT_0066,ACCT_0042,48000,cash_deposit,2026-05-06 00:25:00,1
TXN_008629,FIR_0021,ACCT_0023,ACCT_0061,49000,IMPS,2026-02-24 23:59:00,1
TXN_008630,FIR_0015,ACCT_0001,ACCT_0063,24000,cash_deposit,2026-02-13 06:26:00,0
TXN_008631,FIR_0004,ACCT_0026,ACCT_0059,48000,UPI,2026-06-18 20:01:00,1
TXN_008632,FIR_0007,ACCT_0042,ACCT_0051,24000,cash_deposit,2026-05-23 15:42:00,0
TXN_008633,FIR_0022,ACCT_0033,ACCT_0021,24000,IMPS,2026-05-26 18:26:00,0
TXN_008634,FIR_0021,ACCT_0026,ACCT_0060,5000,UPI,2026-07-20 18:15:00,0
TXN_008635,FIR_0019,ACCT_0021,ACCT_0005,24000,NEFT,2026-03-17 22:42:00,0
TXN_008636,FIR_0015,ACCT_0069,ACCT_0064,5000,cash_deposit,2026-06-15 13:25:00,0
TXN_008637,FIR_0007,ACCT_0050,ACCT_0008,49000,cash_deposit,2026-02-14 12:46:00,1
TXN_008638,FIR_0026,ACCT_0014,ACCT_0053,24000,UPI,2026-04-26 22:17:00,0
TXN_008639,FIR_0012,ACCT_0078,ACCT_0058,9800,cash_deposit,2026-07-17 06:28:00,0
TXN_008640,FIR_0012,ACCT_0025,ACCT_0044,125000,cash_deposit,2026-01-30 18:03:00,0
TXN_008641,FIR_0019,ACCT_0034,ACCT_0017,125000,cash_deposit,2026-01-15 19:07:00,0
TXN_008642,FIR_0015,ACCT_0046,ACCT_0075,24000,NEFT,2026-06-28 22:17:00,0
TXN_008643,FIR_0004,ACCT_0009,ACCT_0071,49000,cash_deposit,2026-01-28 08:19:00,1
TXN_008644,FIR_0029,ACCT_0046,ACCT_0016,75000,UPI,2026-05-18 01:36:00,0
TXN_008645,FIR_0026,ACCT_0022,ACCT_0057,1200,NEFT,2026-05-10 05:17:00,0
TXN_008646,FIR_0011,ACCT_0040,ACCT_0036,125000,IMPS,2026-01-01 08:01:00,0
TXN_008647,FIR_0019,ACCT_0051,ACCT_0010,125000,cash_deposit,2026-06-27 03:45:00,0
TXN_008648,FIR_0016,ACCT_0012,ACCT_0030,125000,UPI,2026-01-18 09:56:00,0
TXN_008649,FIR_0015,ACCT_0060,ACCT_0042,49000,IMPS,2026-05-16 13:56:00,1
TXN_008650,FIR_0023,ACCT_0076,ACCT_0041,9800,IMPS,2026-07-19 13:20:00,0
TXN_008651,FIR_0010,ACCT_0008,ACCT_0021,24000,IMPS,2026-03-13 09:03:00,0
TXN_008652,FIR_0030,ACCT_0008,ACCT_0062,75000,NEFT,2026-02-24 00:40:00,0
TXN_008653,FIR_0009,ACCT_0078,ACCT_0041,1200,NEFT,2026-01-23 18:40:00,0
TXN_008654,FIR_0001,ACCT_0059,ACCT_0003,49000,NEFT,2026-08-10 03:37:00,1
TXN_008655,FIR_0005,ACCT_0074,ACCT_0079,48000,UPI,2026-02-26 12:29:00,1
TXN_008656,FIR_0003,ACCT_0005,ACCT_0046,250000,IMPS,2026-04-19 16:56:00,0
TXN_008657,FIR_0025,ACCT_0024,ACCT_0058,1200,IMPS,2026-07-07 01:12:00,0
TXN_008658,FIR_0022,ACCT_0029,ACCT_0016,125000,NEFT,2026-06-21 07:40:00,0
TXN_008659,FIR_0030,ACCT_0014,ACCT_0067,1200,UPI,2026-07-17 22:14:00,0
TXN_008660,FIR_0015,ACCT_0064,ACCT_0025,125000,NEFT,2026-07-20 21:42:00,0
TXN_008661,FIR_0016,ACCT_0066,ACCT_0056,1200,UPI,2026-03-26 03:29:00,0
TXN_008662,FIR_0021,ACCT_0066,ACCT_0076,5000,IMPS,2026-04-10 08:35:00,0
TXN_008663,FIR_0021,ACCT_0044,ACCT_0061,9800,UPI,2026-07-20 23:32:00,0
TXN_008664,FIR_0022,ACCT_0019,ACCT_0006,9800,IMPS,2026-03-17 19:30:00,0
TXN_008665,FIR_0022,ACCT_0070,ACCT_0026,48000,NEFT,2026-02-09 07:56:00,1
TXN_008666,FIR_0013,ACCT_0074,ACCT_0058,49000,IMPS,2026-08-13 22:04:00,1
TXN_008667,FIR_0018,ACCT_0011,ACCT_0039,48000,NEFT,2026-01-01 15:55:00,1
TXN_008668,FIR_0019,ACCT_0048,ACCT_0041,1200,NEFT,2026-08-23 13:47:00,0
TXN_008669,FIR_0021,ACCT_0029,ACCT_0076,5000,UPI,2026-06-16 12:32:00,0
TXN_008670,FIR_0011,ACCT_0059,ACCT_0021,75000,UPI,2026-06-19 00:44:00,0
TXN_008671,FIR_0025,ACCT_0027,ACCT_0058,48000,cash_deposit,2026-07-07 20:01:00,1
TXN_008672,FIR_0027,ACCT_0041,ACCT_0038,48000,IMPS,2026-08-13 00:32:00,1
TXN_008673,FIR_0024,ACCT_0078,ACCT_0045,49000,NEFT,2026-08-22 15:21:00,1
TXN_008674,FIR_0009,ACCT_0012,ACCT_0025,75000,NEFT,2026-06-24 08:38:00,0
TXN_008675,FIR_0009,ACCT_0008,ACCT_0005,125000,IMPS,2026-04-07 06:22:00,0
TXN_008676,FIR_0009,ACCT_0051,ACCT_0037,75000,UPI,2026-03-10 14:28:00,0
TXN_008677,FIR_0019,ACCT_0005,ACCT_0075,250000,IMPS,2026-01-17 23:23:00,0
TXN_008678,FIR_0018,ACCT_0037,ACCT_0028,1200,UPI,2026-02-03 07:07:00,0
TXN_008679,FIR_0028,ACCT_0076,ACCT_0035,24000,cash_deposit,2026-08-27 13:14:00,0
TXN_008680,FIR_0026,ACCT_0016,ACCT_0017,9800,cash_deposit,2026-02-12 19:51:00,0
TXN_008681,FIR_0013,ACCT_0045,ACCT_0077,1200,UPI,2026-06-15 16:30:00,0
TXN_008682,FIR_0017,ACCT_0049,ACCT_0015,250000,NEFT,2026-07-24 07:43:00,0
TXN_008683,FIR_0030,ACCT_0073,ACCT_0016,75000,IMPS,2026-06-17 21:42:00,0
TXN_008684,FIR_0007,ACCT_0051,ACCT_0067,1200,NEFT,2026-04-04 09:26:00,0
TXN_008685,FIR_0003,ACCT_0021,ACCT_0007,48000,UPI,2026-05-14 12:41:00,1
TXN_008686,FIR_0002,ACCT_0046,ACCT_0017,24000,UPI,2026-02-14 13:33:00,0
TXN_008687,FIR_0008,ACCT_0039,ACCT_0077,125000,cash_deposit,2026-03-09 17:21:00,0
TXN_008688,FIR_0006,ACCT_0071,ACCT_0046,1200,IMPS,2026-02-22 16:43:00,0
TXN_008689,FIR_0027,ACCT_0061,ACCT_0062,75000,IMPS,2026-01-08 04:00:00,0
TXN_008690,FIR_0007,ACCT_0005,ACCT_0059,75000,IMPS,2026-01-05 05:25:00,0
TXN_008691,FIR_0025,ACCT_0018,ACCT_0058,1200,cash_deposit,2026-03-14 00:42:00,0
TXN_008692,FIR_0027,ACCT_0016,ACCT_0036,75000,cash_deposit,2026-03-21 01:41:00,0
TXN_008693,FIR_0024,ACCT_0061,ACCT_0030,48000,NEFT,2026-07-14 14:44:00,1
TXN_008694,FIR_0022,ACCT_0005,ACCT_0010,5000,UPI,2026-02-03 02:20:00,0
TXN_008695,FIR_0015,ACCT_0020,ACCT_0010,125000,UPI,2026-01-09 22:22:00,0
TXN_008696,FIR_0022,ACCT_0008,ACCT_0013,5000,NEFT,2026-04-22 02:32:00,0
TXN_008697,FIR_0010,ACCT_0026,ACCT_0068,250000,NEFT,2026-05-29 22:18:00,0
TXN_008698,FIR_0026,ACCT_0058,ACCT_0031,49000,NEFT,2026-07-22 19:15:00,1
TXN_008699,FIR_0018,ACCT_0046,ACCT_0005,250000,UPI,2026-08-25 14:32:00,0
TXN_008700,FIR_0003,ACCT_0052,ACCT_0060,125000,IMPS,2026-09-01 04:10:00,0
TXN_008701,FIR_0009,ACCT_0012,ACCT_0049,1200,NEFT,2026-01-25 09:03:00,0
TXN_008702,FIR_0021,ACCT_0022,ACCT_0010,24000,IMPS,2026-06-20 05:33:00,0
TXN_008703,FIR_0002,ACCT_0042,ACCT_0005,250000,IMPS,2026-07-25 21:00:00,0
TXN_008704,FIR_0011,ACCT_0045,ACCT_0020,1200,IMPS,2026-07-06 12:08:00,0
TXN_008705,FIR_0011,ACCT_0046,ACCT_0014,1200,UPI,2026-07-08 11:10:00,0
TXN_008706,FIR_0010,ACCT_0071,ACCT_0011,5000,NEFT,2026-04-21 03:37:00,0
TXN_008707,FIR_0027,ACCT_0060,ACCT_0074,49000,UPI,2026-06-29 14:25:00,1
TXN_008708,FIR_0026,ACCT_0069,ACCT_0062,125000,UPI,2026-04-02 04:43:00,0
TXN_008709,FIR_0009,ACCT_0049,ACCT_0043,24000,NEFT,2026-06-16 09:40:00,0
TXN_008710,FIR_0014,ACCT_0060,ACCT_0054,24000,IMPS,2026-07-07 08:54:00,0
TXN_008711,FIR_0012,ACCT_0020,ACCT_0030,75000,UPI,2026-04-11 19:11:00,0
TXN_008712,FIR_0016,ACCT_0021,ACCT_0042,125000,UPI,2026-08-14 11:25:00,0
TXN_008713,FIR_0027,ACCT_0010,ACCT_0048,250000,NEFT,2026-04-18 20:22:00,0
TXN_008714,FIR_0004,ACCT_0074,ACCT_0023,1200,cash_deposit,2026-07-07 07:59:00,0
TXN_008715,FIR_0020,ACCT_0045,ACCT_0009,75000,UPI,2026-03-06 20:39:00,0
TXN_008716,FIR_0007,ACCT_0027,ACCT_0079,1200,UPI,2026-02-01 21:57:00,0
TXN_008717,FIR_0016,ACCT_0029,ACCT_0006,5000,cash_deposit,2026-07-12 12:30:00,0
TXN_008718,FIR_0020,ACCT_0075,ACCT_0057,9800,NEFT,2026-04-15 09:26:00,0
TXN_008719,FIR_0016,ACCT_0018,ACCT_0070,75000,UPI,2026-07-20 06:52:00,0
TXN_008720,FIR_0015,ACCT_0068,ACCT_0031,1200,NEFT,2026-06-01 22:49:00,0
TXN_008721,FIR_0013,ACCT_0046,ACCT_0018,75000,IMPS,2026-04-05 10:04:00,0
TXN_008722,FIR_0025,ACCT_0079,ACCT_0019,49000,NEFT,2026-01-17 01:43:00,1
TXN_008723,FIR_0004,ACCT_0080,ACCT_0034,125000,UPI,2026-07-07 04:25:00,0
TXN_008724,FIR_0028,ACCT_0064,ACCT_0057,125000,NEFT,2026-04-16 03:51:00,0
TXN_008725,FIR_0025,ACCT_0029,ACCT_0003,9800,cash_deposit,2026-03-27 02:13:00,0
TXN_008726,FIR_0019,ACCT_0062,ACCT_0072,9800,IMPS,2026-05-21 00:08:00,0
TXN_008727,FIR_0025,ACCT_0071,ACCT_0031,75000,UPI,2026-05-19 15:43:00,0
TXN_008728,FIR_0019,ACCT_0080,ACCT_0042,125000,IMPS,2026-05-14 02:09:00,0
TXN_008729,FIR_0029,ACCT_0043,ACCT_0027,75000,UPI,2026-02-07 02:16:00,0
TXN_008730,FIR_0013,ACCT_0079,ACCT_0009,49000,UPI,2026-02-02 00:01:00,1
TXN_008731,FIR_0026,ACCT_0079,ACCT_0049,5000,IMPS,2026-06-27 11:05:00,0
TXN_008732,FIR_0009,ACCT_0057,ACCT_0054,24000,NEFT,2026-08-24 15:26:00,0
TXN_008733,FIR_0021,ACCT_0011,ACCT_0048,24000,IMPS,2026-06-02 03:58:00,0
TXN_008734,FIR_0012,ACCT_0033,ACCT_0025,125000,UPI,2026-07-03 03:08:00,0
TXN_008735,FIR_0025,ACCT_0067,ACCT_0008,125000,UPI,2026-03-17 04:54:00,0
TXN_008736,FIR_0013,ACCT_0017,ACCT_0055,24000,NEFT,2026-03-24 13:40:00,0
TXN_008737,FIR_0029,ACCT_0005,ACCT_0057,48000,cash_deposit,2026-04-02 17:36:00,1
TXN_008738,FIR_0002,ACCT_0012,ACCT_0049,49000,NEFT,2026-03-26 22:48:00,1
TXN_008739,FIR_0006,ACCT_0013,ACCT_0004,49000,UPI,2026-05-25 06:35:00,1
TXN_008740,FIR_0030,ACCT_0011,ACCT_0024,9800,IMPS,2026-06-29 02:25:00,0
TXN_008741,FIR_0008,ACCT_0061,ACCT_0038,24000,NEFT,2026-07-08 15:17:00,0
TXN_008742,FIR_0014,ACCT_0017,ACCT_0050,1200,IMPS,2026-08-07 15:51:00,0
TXN_008743,FIR_0026,ACCT_0034,ACCT_0068,48000,IMPS,2026-07-29 19:01:00,1
TXN_008744,FIR_0022,ACCT_0020,ACCT_0016,24000,NEFT,2026-06-02 01:29:00,0
TXN_008745,FIR_0014,ACCT_0064,ACCT_0047,49000,IMPS,2026-06-08 14:11:00,1
TXN_008746,FIR_0011,ACCT_0006,ACCT_0066,1200,UPI,2026-02-21 05:49:00,0
TXN_008747,FIR_0027,ACCT_0004,ACCT_0051,9800,IMPS,2026-05-04 08:08:00,0
TXN_008748,FIR_0021,ACCT_0015,ACCT_0061,9800,NEFT,2026-03-09 20:38:00,0
TXN_008749,FIR_0004,ACCT_0010,ACCT_0003,1200,IMPS,2026-04-12 12:03:00,0
TXN_008750,FIR_0007,ACCT_0078,ACCT_0023,1200,UPI,2026-05-01 21:48:00,0
TXN_008751,FIR_0011,ACCT_0002,ACCT_0034,5000,IMPS,2026-04-05 05:51:00,0
TXN_008752,FIR_0025,ACCT_0080,ACCT_0004,125000,IMPS,2026-02-05 20:55:00,0
TXN_008753,FIR_0028,ACCT_0032,ACCT_0042,5000,NEFT,2026-01-19 11:30:00,0
TXN_008754,FIR_0010,ACCT_0027,ACCT_0014,75000,IMPS,2026-01-06 09:50:00,0
TXN_008755,FIR_0018,ACCT_0016,ACCT_0008,49000,cash_deposit,2026-06-15 17:40:00,1
TXN_008756,FIR_0027,ACCT_0035,ACCT_0072,9800,UPI,2026-04-19 05:30:00,0
TXN_008757,FIR_0016,ACCT_0010,ACCT_0024,125000,UPI,2026-05-18 11:07:00,0
TXN_008758,FIR_0013,ACCT_0045,ACCT_0017,75000,cash_deposit,2026-03-29 14:33:00,0
TXN_008759,FIR_0026,ACCT_0015,ACCT_0048,250000,NEFT,2026-03-22 02:48:00,0
TXN_008760,FIR_0008,ACCT_0064,ACCT_0074,48000,cash_deposit,2026-03-02 19:38:00,1
TXN_008761,FIR_0019,ACCT_0039,ACCT_0037,24000,IMPS,2026-06-06 14:53:00,0
TXN_008762,FIR_0030,ACCT_0076,ACCT_0042,24000,NEFT,2026-02-22 15:24:00,0
TXN_008763,FIR_0015,ACCT_0027,ACCT_0016,1200,IMPS,2026-06-12 04:34:00,0
TXN_008764,FIR_0003,ACCT_0024,ACCT_0028,250000,NEFT,2026-08-12 16:52:00,0
TXN_008765,FIR_0021,ACCT_0028,ACCT_0026,48000,UPI,2026-04-25 05:29:00,1
TXN_008766,FIR_0004,ACCT_0056,ACCT_0069,75000,cash_deposit,2026-03-02 13:43:00,0
TXN_008767,FIR_0026,ACCT_0021,ACCT_0031,49000,cash_deposit,2026-07-11 16:18:00,1
TXN_008768,FIR_0029,ACCT_0069,ACCT_0049,48000,cash_deposit,2026-01-22 06:31:00,1
TXN_008769,FIR_0013,ACCT_0016,ACCT_0011,1200,IMPS,2026-08-03 11:58:00,0
TXN_008770,FIR_0019,ACCT_0080,ACCT_0060,49000,IMPS,2026-02-12 20:35:00,1
TXN_008771,FIR_0020,ACCT_0024,ACCT_0002,9800,NEFT,2026-05-06 17:41:00,0
TXN_008772,FIR_0011,ACCT_0027,ACCT_0058,9800,IMPS,2026-05-08 07:38:00,0
TXN_008773,FIR_0028,ACCT_0029,ACCT_0040,24000,UPI,2026-07-27 08:17:00,0
TXN_008774,FIR_0012,ACCT_0033,ACCT_0046,125000,IMPS,2026-03-17 08:06:00,0
TXN_008775,FIR_0008,ACCT_0051,ACCT_0016,125000,UPI,2026-06-26 23:10:00,0
TXN_008776,FIR_0015,ACCT_0080,ACCT_0040,125000,UPI,2026-02-12 01:50:00,0
TXN_008777,FIR_0002,ACCT_0037,ACCT_0020,9800,UPI,2026-07-26 17:53:00,0
TXN_008778,FIR_0017,ACCT_0063,ACCT_0021,75000,NEFT,2026-01-19 10:36:00,0
TXN_008779,FIR_0024,ACCT_0033,ACCT_0028,250000,NEFT,2026-06-15 04:50:00,0
TXN_008780,FIR_0024,ACCT_0054,ACCT_0067,9800,IMPS,2026-06-15 22:07:00,0
TXN_008781,FIR_0024,ACCT_0020,ACCT_0054,48000,IMPS,2026-03-14 11:28:00,1
TXN_008782,FIR_0021,ACCT_0007,ACCT_0064,48000,IMPS,2026-06-04 02:30:00,1
TXN_008783,FIR_0006,ACCT_0050,ACCT_0010,49000,cash_deposit,2026-01-09 12:40:00,1
TXN_008784,FIR_0009,ACCT_0015,ACCT_0067,24000,IMPS,2026-03-11 07:59:00,0
TXN_008785,FIR_0029,ACCT_0001,ACCT_0066,24000,IMPS,2026-07-14 01:35:00,0
TXN_008786,FIR_0017,ACCT_0025,ACCT_0039,48000,cash_deposit,2026-03-13 15:20:00,1
TXN_008787,FIR_0026,ACCT_0017,ACCT_0044,125000,cash_deposit,2026-08-25 07:40:00,0
TXN_008788,FIR_0025,ACCT_0066,ACCT_0054,75000,IMPS,2026-01-11 10:58:00,0
TXN_008789,FIR_0019,ACCT_0058,ACCT_0067,5000,cash_deposit,2026-04-11 09:44:00,0
TXN_008790,FIR_0019,ACCT_0011,ACCT_0040,5000,IMPS,2026-04-13 08:53:00,0
TXN_008791,FIR_0003,ACCT_0018,ACCT_0046,48000,UPI,2026-07-02 22:49:00,1
TXN_008792,FIR_0026,ACCT_0043,ACCT_0070,5000,NEFT,2026-01-30 05:27:00,0
TXN_008793,FIR_0027,ACCT_0029,ACCT_0001,125000,cash_deposit,2026-06-10 17:30:00,0
TXN_008794,FIR_0020,ACCT_0022,ACCT_0018,250000,UPI,2026-07-05 10:28:00,0
TXN_008795,FIR_0016,ACCT_0075,ACCT_0066,9800,NEFT,2026-03-09 14:51:00,0
TXN_008796,FIR_0020,ACCT_0065,ACCT_0045,49000,UPI,2026-07-16 03:45:00,1
TXN_008797,FIR_0029,ACCT_0037,ACCT_0071,1200,IMPS,2026-06-12 13:22:00,0
TXN_008798,FIR_0015,ACCT_0070,ACCT_0056,75000,NEFT,2026-05-03 22:21:00,0
TXN_008799,FIR_0015,ACCT_0039,ACCT_0046,9800,UPI,2026-01-28 00:58:00,0
TXN_008800,FIR_0005,ACCT_0027,ACCT_0037,250000,NEFT,2026-02-28 13:46:00,0
TXN_008801,FIR_0025,ACCT_0067,ACCT_0024,250000,UPI,2026-04-13 01:20:00,0
TXN_008802,FIR_0009,ACCT_0001,ACCT_0008,48000,UPI,2026-02-27 02:25:00,1
TXN_008803,FIR_0019,ACCT_0061,ACCT_0033,48000,NEFT,2026-07-31 05:08:00,1
TXN_008804,FIR_0003,ACCT_0040,ACCT_0008,9800,IMPS,2026-02-27 17:04:00,0
TXN_008805,FIR_0024,ACCT_0037,ACCT_0026,48000,NEFT,2026-02-14 08:25:00,1
TXN_008806,FIR_0020,ACCT_0005,ACCT_0008,5000,NEFT,2026-07-02 03:53:00,0
TXN_008807,FIR_0006,ACCT_0006,ACCT_0026,75000,NEFT,2026-05-26 14:17:00,0
TXN_008808,FIR_0027,ACCT_0045,ACCT_0018,1200,IMPS,2026-07-17 04:26:00,0
TXN_008809,FIR_0020,ACCT_0030,ACCT_0009,75000,cash_deposit,2026-07-20 02:21:00,0
TXN_008810,FIR_0030,ACCT_0056,ACCT_0044,5000,UPI,2026-04-20 23:57:00,0
TXN_008811,FIR_0007,ACCT_0070,ACCT_0016,1200,UPI,2026-08-19 06:02:00,0
TXN_008812,FIR_0013,ACCT_0051,ACCT_0079,48000,UPI,2026-03-11 05:17:00,1
TXN_008813,FIR_0020,ACCT_0078,ACCT_0035,9800,NEFT,2026-02-04 05:48:00,0
TXN_008814,FIR_0014,ACCT_0058,ACCT_0017,9800,IMPS,2026-05-09 10:54:00,0
TXN_008815,FIR_0030,ACCT_0046,ACCT_0011,75000,UPI,2026-02-17 04:59:00,0
TXN_008816,FIR_0005,ACCT_0080,ACCT_0034,48000,IMPS,2026-02-21 19:33:00,1
TXN_008817,FIR_0013,ACCT_0048,ACCT_0061,48000,UPI,2026-04-12 14:02:00,1
TXN_008818,FIR_0028,ACCT_0065,ACCT_0044,9800,IMPS,2026-05-02 00:59:00,0
TXN_008819,FIR_0022,ACCT_0070,ACCT_0024,49000,IMPS,2026-07-27 21:18:00,1
TXN_008820,FIR_0006,ACCT_0066,ACCT_0017,75000,cash_deposit,2026-03-08 18:34:00,0
TXN_008821,FIR_0018,ACCT_0014,ACCT_0009,125000,UPI,2026-06-09 00:49:00,0
TXN_008822,FIR_0022,ACCT_0069,ACCT_0009,125000,cash_deposit,2026-08-02 21:58:00,0
TXN_008823,FIR_0024,ACCT_0012,ACCT_0053,49000,NEFT,2026-07-31 13:38:00,1
TXN_008824,FIR_0005,ACCT_0077,ACCT_0020,1200,NEFT,2026-01-09 05:18:00,0
TXN_008825,FIR_0006,ACCT_0040,ACCT_0018,75000,NEFT,2026-03-14 22:28:00,0
TXN_008826,FIR_0024,ACCT_0073,ACCT_0043,75000,NEFT,2026-06-10 23:48:00,0
TXN_008827,FIR_0028,ACCT_0064,ACCT_0007,250000,UPI,2026-03-02 20:59:00,0
TXN_008828,FIR_0011,ACCT_0080,ACCT_0003,125000,NEFT,2026-02-24 20:07:00,0
TXN_008829,FIR_0029,ACCT_0015,ACCT_0051,1200,NEFT,2026-03-21 00:32:00,0
TXN_008830,FIR_0012,ACCT_0072,ACCT_0060,24000,NEFT,2026-01-25 05:24:00,0
TXN_008831,FIR_0028,ACCT_0024,ACCT_0076,75000,NEFT,2026-05-31 06:28:00,0
TXN_008832,FIR_0025,ACCT_0021,ACCT_0077,5000,IMPS,2026-01-16 06:05:00,0
TXN_008833,FIR_0017,ACCT_0004,ACCT_0042,125000,UPI,2026-02-11 04:05:00,0
TXN_008834,FIR_0002,ACCT_0023,ACCT_0045,75000,IMPS,2026-08-22 05:05:00,0
TXN_008835,FIR_0015,ACCT_0057,ACCT_0060,24000,NEFT,2026-05-16 01:11:00,0
TXN_008836,FIR_0014,ACCT_0021,ACCT_0006,24000,cash_deposit,2026-01-19 18:16:00,0
TXN_008837,FIR_0030,ACCT_0057,ACCT_0037,5000,NEFT,2026-01-13 15:47:00,0
TXN_008838,FIR_0024,ACCT_0017,ACCT_0008,9800,NEFT,2026-08-31 10:45:00,0
TXN_008839,FIR_0013,ACCT_0038,ACCT_0034,24000,NEFT,2026-01-26 23:29:00,0
TXN_008840,FIR_0005,ACCT_0033,ACCT_0038,9800,NEFT,2026-05-28 03:27:00,0
TXN_008841,FIR_0018,ACCT_0079,ACCT_0022,125000,IMPS,2026-04-28 04:30:00,0
TXN_008842,FIR_0012,ACCT_0020,ACCT_0046,1200,cash_deposit,2026-01-31 13:01:00,0
TXN_008843,FIR_0002,ACCT_0052,ACCT_0078,49000,IMPS,2026-06-16 21:32:00,1
TXN_008844,FIR_0017,ACCT_0067,ACCT_0039,49000,UPI,2026-04-25 20:06:00,1
TXN_008845,FIR_0012,ACCT_0014,ACCT_0027,24000,NEFT,2026-05-16 14:12:00,0
TXN_008846,FIR_0019,ACCT_0065,ACCT_0055,5000,cash_deposit,2026-06-04 16:35:00,0
TXN_008847,FIR_0026,ACCT_0014,ACCT_0048,24000,UPI,2026-06-26 02:17:00,0
TXN_008848,FIR_0020,ACCT_0069,ACCT_0052,125000,cash_deposit,2026-02-28 16:24:00,0
TXN_008849,FIR_0018,ACCT_0009,ACCT_0041,250000,UPI,2026-07-13 18:12:00,0
TXN_008850,FIR_0009,ACCT_0047,ACCT_0068,125000,cash_deposit,2026-01-14 22:22:00,0
TXN_008851,FIR_0015,ACCT_0059,ACCT_0032,75000,UPI,2026-01-23 02:29:00,0
TXN_008852,FIR_0011,ACCT_0005,ACCT_0065,24000,IMPS,2026-06-15 01:26:00,0
TXN_008853,FIR_0022,ACCT_0080,ACCT_0027,49000,cash_deposit,2026-04-15 10:08:00,1
TXN_008854,FIR_0022,ACCT_0016,ACCT_0031,75000,NEFT,2026-01-31 10:58:00,0
TXN_008855,FIR_0030,ACCT_0063,ACCT_0059,75000,cash_deposit,2026-08-14 10:32:00,0
TXN_008856,FIR_0028,ACCT_0038,ACCT_0024,9800,NEFT,2026-04-15 13:32:00,0
TXN_008857,FIR_0011,ACCT_0013,ACCT_0026,24000,UPI,2026-01-24 06:54:00,0
TXN_008858,FIR_0030,ACCT_0039,ACCT_0063,75000,UPI,2026-02-24 10:33:00,0
TXN_008859,FIR_0025,ACCT_0031,ACCT_0038,125000,IMPS,2026-02-07 09:21:00,0
TXN_008860,FIR_0015,ACCT_0020,ACCT_0048,250000,UPI,2026-06-24 11:12:00,0
TXN_008861,FIR_0021,ACCT_0042,ACCT_0004,49000,cash_deposit,2026-06-26 10:28:00,1
TXN_008862,FIR_0005,ACCT_0025,ACCT_0006,125000,IMPS,2026-04-01 06:22:00,0
TXN_008863,FIR_0002,ACCT_0042,ACCT_0004,24000,IMPS,2026-03-09 08:37:00,0
TXN_008864,FIR_0005,ACCT_0030,ACCT_0020,125000,UPI,2026-05-22 15:43:00,0
TXN_008865,FIR_0030,ACCT_0032,ACCT_0028,24000,UPI,2026-02-22 02:10:00,0
TXN_008866,FIR_0025,ACCT_0027,ACCT_0074,48000,UPI,2026-06-04 18:30:00,1
TXN_008867,FIR_0018,ACCT_0030,ACCT_0046,125000,UPI,2026-03-24 19:31:00,0
TXN_008868,FIR_0019,ACCT_0044,ACCT_0046,48000,IMPS,2026-02-04 14:51:00,1
TXN_008869,FIR_0020,ACCT_0039,ACCT_0007,125000,UPI,2026-02-22 19:16:00,0
TXN_008870,FIR_0003,ACCT_0047,ACCT_0016,1200,UPI,2026-07-12 18:57:00,0
TXN_008871,FIR_0011,ACCT_0006,ACCT_0043,24000,cash_deposit,2026-03-30 07:19:00,0
TXN_008872,FIR_0012,ACCT_0022,ACCT_0052,125000,NEFT,2026-07-31 12:47:00,0
TXN_008873,FIR_0020,ACCT_0074,ACCT_0040,250000,cash_deposit,2026-01-08 19:04:00,0
TXN_008874,FIR_0005,ACCT_0030,ACCT_0080,75000,IMPS,2026-03-14 15:49:00,0
TXN_008875,FIR_0013,ACCT_0061,ACCT_0017,24000,cash_deposit,2026-07-08 08:02:00,0
TXN_008876,FIR_0004,ACCT_0032,ACCT_0034,49000,IMPS,2026-01-19 16:06:00,1
TXN_008877,FIR_0013,ACCT_0028,ACCT_0016,9800,NEFT,2026-06-29 01:34:00,0
TXN_008878,FIR_0002,ACCT_0058,ACCT_0031,48000,NEFT,2026-03-14 16:35:00,1
TXN_008879,FIR_0006,ACCT_0061,ACCT_0012,250000,UPI,2026-01-13 12:38:00,0
TXN_008880,FIR_0007,ACCT_0031,ACCT_0038,5000,NEFT,2026-08-09 02:39:00,0
TXN_008881,FIR_0025,ACCT_0020,ACCT_0027,1200,UPI,2026-04-10 04:55:00,0
TXN_008882,FIR_0012,ACCT_0043,ACCT_0075,24000,IMPS,2026-05-05 21:17:00,0
TXN_008883,FIR_0006,ACCT_0072,ACCT_0014,48000,IMPS,2026-02-06 13:12:00,1
TXN_008884,FIR_0024,ACCT_0003,ACCT_0031,49000,cash_deposit,2026-04-27 21:55:00,1
TXN_008885,FIR_0027,ACCT_0050,ACCT_0069,48000,cash_deposit,2026-05-06 02:13:00,1
TXN_008886,FIR_0012,ACCT_0064,ACCT_0068,24000,NEFT,2026-06-10 16:39:00,0
TXN_008887,FIR_0026,ACCT_0034,ACCT_0029,24000,NEFT,2026-08-15 20:42:00,0
TXN_008888,FIR_0013,ACCT_0029,ACCT_0040,5000,IMPS,2026-08-30 14:25:00,0
TXN_008889,FIR_0004,ACCT_0056,ACCT_0008,24000,UPI,2026-02-20 04:56:00,0
TXN_008890,FIR_0011,ACCT_0029,ACCT_0020,1200,cash_deposit,2026-05-06 14:56:00,0
TXN_008891,FIR_0005,ACCT_0044,ACCT_0027,48000,UPI,2026-07-14 04:45:00,1
TXN_008892,FIR_0013,ACCT_0074,ACCT_0071,5000,cash_deposit,2026-08-15 18:58:00,0
TXN_008893,FIR_0007,ACCT_0036,ACCT_0043,48000,UPI,2026-06-15 13:34:00,1
TXN_008894,FIR_0008,ACCT_0028,ACCT_0060,75000,IMPS,2026-01-01 13:20:00,0
TXN_008895,FIR_0025,ACCT_0008,ACCT_0027,5000,cash_deposit,2026-01-08 17:41:00,0
TXN_008896,FIR_0006,ACCT_0007,ACCT_0056,24000,NEFT,2026-02-08 08:14:00,0
TXN_008897,FIR_0017,ACCT_0026,ACCT_0070,48000,IMPS,2026-05-10 09:26:00,1
TXN_008898,FIR_0007,ACCT_0009,ACCT_0040,5000,NEFT,2026-04-23 09:10:00,0
TXN_008899,FIR_0025,ACCT_0064,ACCT_0066,125000,NEFT,2026-01-14 07:17:00,0
TXN_008900,FIR_0009,ACCT_0053,ACCT_0059,9800,UPI,2026-05-03 11:35:00,0
TXN_008901,FIR_0022,ACCT_0036,ACCT_0071,48000,cash_deposit,2026-06-18 02:53:00,1
TXN_008902,FIR_0004,ACCT_0013,ACCT_0039,24000,UPI,2026-07-19 12:39:00,0
TXN_008903,FIR_0008,ACCT_0019,ACCT_0024,24000,NEFT,2026-05-29 11:55:00,0
TXN_008904,FIR_0022,ACCT_0068,ACCT_0016,75000,UPI,2026-04-11 00:34:00,0
TXN_008905,FIR_0021,ACCT_0032,ACCT_0003,1200,UPI,2026-05-07 16:52:00,0
TXN_008906,FIR_0021,ACCT_0027,ACCT_0059,5000,UPI,2026-06-22 10:24:00,0
TXN_008907,FIR_0013,ACCT_0034,ACCT_0040,9800,IMPS,2026-07-01 10:55:00,0
TXN_008908,FIR_0001,ACCT_0037,ACCT_0034,1200,NEFT,2026-02-23 18:26:00,0
TXN_008909,FIR_0027,ACCT_0067,ACCT_0002,75000,IMPS,2026-08-21 10:58:00,0
TXN_008910,FIR_0025,ACCT_0035,ACCT_0047,250000,IMPS,2026-05-18 00:08:00,0
TXN_008911,FIR_0018,ACCT_0055,ACCT_0016,5000,NEFT,2026-04-27 20:20:00,0
TXN_008912,FIR_0018,ACCT_0068,ACCT_0074,9800,cash_deposit,2026-04-02 12:43:00,0
TXN_008913,FIR_0011,ACCT_0072,ACCT_0027,125000,cash_deposit,2026-07-14 14:39:00,0
TXN_008914,FIR_0017,ACCT_0016,ACCT_0030,5000,IMPS,2026-08-14 12:12:00,0
TXN_008915,FIR_0010,ACCT_0033,ACCT_0080,9800,IMPS,2026-03-26 11:57:00,0
TXN_008916,FIR_0023,ACCT_0020,ACCT_0042,9800,UPI,2026-02-18 15:06:00,0
TXN_008917,FIR_0005,ACCT_0043,ACCT_0060,24000,IMPS,2026-02-24 04:10:00,0
TXN_008918,FIR_0026,ACCT_0009,ACCT_0067,1200,IMPS,2026-02-26 22:47:00,0
TXN_008919,FIR_0012,ACCT_0018,ACCT_0073,125000,UPI,2026-08-17 15:24:00,0
TXN_008920,FIR_0027,ACCT_0064,ACCT_0010,125000,UPI,2026-01-15 17:01:00,0
TXN_008921,FIR_0029,ACCT_0052,ACCT_0058,48000,UPI,2026-02-11 03:20:00,1
TXN_008922,FIR_0002,ACCT_0024,ACCT_0016,250000,NEFT,2026-02-09 18:15:00,0
TXN_008923,FIR_0025,ACCT_0006,ACCT_0077,5000,IMPS,2026-02-13 00:24:00,0
TXN_008924,FIR_0013,ACCT_0018,ACCT_0066,1200,NEFT,2026-02-22 03:55:00,0
TXN_008925,FIR_0014,ACCT_0048,ACCT_0059,1200,UPI,2026-06-28 01:06:00,0
TXN_008926,FIR_0001,ACCT_0065,ACCT_0068,250000,IMPS,2026-01-14 23:03:00,0
TXN_008927,FIR_0013,ACCT_0074,ACCT_0067,250000,IMPS,2026-03-25 02:20:00,0
TXN_008928,FIR_0002,ACCT_0058,ACCT_0026,9800,UPI,2026-07-20 10:01:00,0
TXN_008929,FIR_0004,ACCT_0039,ACCT_0018,49000,IMPS,2026-01-21 02:06:00,1
TXN_008930,FIR_0014,ACCT_0007,ACCT_0052,75000,UPI,2026-04-24 15:55:00,0
TXN_008931,FIR_0002,ACCT_0058,ACCT_0023,48000,cash_deposit,2026-03-25 03:39:00,1
TXN_008932,FIR_0010,ACCT_0023,ACCT_0015,24000,IMPS,2026-06-14 17:43:00,0
TXN_008933,FIR_0017,ACCT_0045,ACCT_0073,5000,IMPS,2026-02-24 22:25:00,0
TXN_008934,FIR_0006,ACCT_0007,ACCT_0068,1200,cash_deposit,2026-08-20 18:36:00,0
TXN_008935,FIR_0028,ACCT_0074,ACCT_0067,24000,UPI,2026-08-21 05:19:00,0
TXN_008936,FIR_0006,ACCT_0027,ACCT_0037,5000,NEFT,2026-01-14 05:35:00,0
TXN_008937,FIR_0014,ACCT_0049,ACCT_0024,125000,UPI,2026-04-26 10:02:00,0
TXN_008938,FIR_0012,ACCT_0029,ACCT_0021,1200,UPI,2026-05-22 20:39:00,0
TXN_008939,FIR_0003,ACCT_0077,ACCT_0040,125000,IMPS,2026-01-18 08:11:00,0
TXN_008940,FIR_0027,ACCT_0055,ACCT_0053,125000,IMPS,2026-07-13 07:19:00,0
TXN_008941,FIR_0004,ACCT_0049,ACCT_0053,75000,UPI,2026-05-27 17:33:00,0
TXN_008942,FIR_0006,ACCT_0024,ACCT_0042,5000,UPI,2026-06-21 12:04:00,0
TXN_008943,FIR_0028,ACCT_0026,ACCT_0078,250000,NEFT,2026-04-26 03:18:00,0
TXN_008944,FIR_0013,ACCT_0036,ACCT_0007,9800,NEFT,2026-01-08 19:25:00,0
TXN_008945,FIR_0022,ACCT_0068,ACCT_0028,1200,NEFT,2026-06-27 21:39:00,0
TXN_008946,FIR_0026,ACCT_0063,ACCT_0021,75000,IMPS,2026-03-11 02:33:00,0
TXN_008947,FIR_0018,ACCT_0019,ACCT_0039,250000,IMPS,2026-08-31 09:54:00,0
TXN_008948,FIR_0011,ACCT_0017,ACCT_0005,250000,cash_deposit,2026-08-08 15:42:00,0
TXN_008949,FIR_0018,ACCT_0025,ACCT_0056,125000,NEFT,2026-05-21 21:04:00,0
TXN_008950,FIR_0008,ACCT_0028,ACCT_0055,5000,cash_deposit,2026-03-28 16:57:00,0
TXN_008951,FIR_0015,ACCT_0041,ACCT_0008,1200,UPI,2026-06-24 13:54:00,0
TXN_008952,FIR_0006,ACCT_0029,ACCT_0044,75000,IMPS,2026-06-26 09:36:00,0
TXN_008953,FIR_0026,ACCT_0065,ACCT_0038,1200,IMPS,2026-05-05 00:51:00,0
TXN_008954,FIR_0007,ACCT_0054,ACCT_0048,75000,IMPS,2026-03-27 09:40:00,0
TXN_008955,FIR_0019,ACCT_0034,ACCT_0011,1200,NEFT,2026-01-30 07:38:00,0
TXN_008956,FIR_0023,ACCT_0004,ACCT_0053,1200,cash_deposit,2026-06-23 14:32:00,0
TXN_008957,FIR_0019,ACCT_0046,ACCT_0025,24000,cash_deposit,2026-01-09 09:50:00,0
TXN_008958,FIR_0027,ACCT_0050,ACCT_0048,24000,cash_deposit,2026-02-03 21:34:00,0
TXN_008959,FIR_0012,ACCT_0049,ACCT_0069,125000,cash_deposit,2026-02-15 05:52:00,0
TXN_008960,FIR_0028,ACCT_0071,ACCT_0070,1200,IMPS,2026-08-15 00:41:00,0
TXN_008961,FIR_0020,ACCT_0056,ACCT_0014,125000,IMPS,2026-05-29 04:20:00,0
TXN_008962,FIR_0018,ACCT_0030,ACCT_0028,49000,cash_deposit,2026-02-08 21:11:00,1
TXN_008963,FIR_0004,ACCT_0012,ACCT_0038,125000,cash_deposit,2026-05-18 00:32:00,0
TXN_008964,FIR_0008,ACCT_0051,ACCT_0035,5000,NEFT,2026-06-19 04:41:00,0
TXN_008965,FIR_0013,ACCT_0008,ACCT_0057,75000,UPI,2026-05-09 19:53:00,0
TXN_008966,FIR_0023,ACCT_0038,ACCT_0069,1200,IMPS,2026-02-14 02:33:00,0
TXN_008967,FIR_0006,ACCT_0011,ACCT_0054,250000,UPI,2026-02-12 07:14:00,0
TXN_008968,FIR_0015,ACCT_0010,ACCT_0011,24000,NEFT,2026-08-25 13:05:00,0
TXN_008969,FIR_0005,ACCT_0052,ACCT_0005,250000,UPI,2026-06-03 23:02:00,0
TXN_008970,FIR_0016,ACCT_0073,ACCT_0023,75000,cash_deposit,2026-05-15 17:16:00,0
TXN_008971,FIR_0026,ACCT_0066,ACCT_0050,75000,IMPS,2026-04-01 20:07:00,0
TXN_008972,FIR_0020,ACCT_0050,ACCT_0007,125000,UPI,2026-07-03 01:55:00,0
TXN_008973,FIR_0027,ACCT_0012,ACCT_0043,24000,NEFT,2026-05-01 20:32:00,0
TXN_008974,FIR_0014,ACCT_0043,ACCT_0038,24000,NEFT,2026-06-27 05:37:00,0
TXN_008975,FIR_0030,ACCT_0073,ACCT_0054,75000,cash_deposit,2026-08-16 18:28:00,0
TXN_008976,FIR_0022,ACCT_0029,ACCT_0017,48000,cash_deposit,2026-05-30 08:46:00,1
TXN_008977,FIR_0027,ACCT_0080,ACCT_0067,24000,IMPS,2026-01-14 10:37:00,0
TXN_008978,FIR_0009,ACCT_0058,ACCT_0061,49000,cash_deposit,2026-06-15 01:36:00,1
TXN_008979,FIR_0022,ACCT_0071,ACCT_0025,5000,cash_deposit,2026-04-12 20:44:00,0
TXN_008980,FIR_0023,ACCT_0065,ACCT_0067,9800,NEFT,2026-08-29 02:52:00,0
TXN_008981,FIR_0004,ACCT_0001,ACCT_0035,9800,cash_deposit,2026-04-11 00:41:00,0
TXN_008982,FIR_0003,ACCT_0028,ACCT_0058,125000,cash_deposit,2026-02-14 12:44:00,0
TXN_008983,FIR_0016,ACCT_0030,ACCT_0050,48000,IMPS,2026-02-10 14:54:00,1
TXN_008984,FIR_0011,ACCT_0017,ACCT_0037,9800,NEFT,2026-02-23 20:40:00,0
TXN_008985,FIR_0016,ACCT_0051,ACCT_0065,75000,cash_deposit,2026-07-21 05:45:00,0
TXN_008986,FIR_0008,ACCT_0024,ACCT_0035,24000,IMPS,2026-06-11 09:05:00,0
TXN_008987,FIR_0030,ACCT_0009,ACCT_0064,48000,UPI,2026-08-21 15:18:00,1
TXN_008988,FIR_0010,ACCT_0014,ACCT_0028,125000,UPI,2026-08-23 17:17:00,0
TXN_008989,FIR_0024,ACCT_0060,ACCT_0034,125000,UPI,2026-01-19 17:39:00,0
TXN_008990,FIR_0009,ACCT_0061,ACCT_0071,250000,NEFT,2026-08-01 01:08:00,0
TXN_008991,FIR_0005,ACCT_0029,ACCT_0060,9800,NEFT,2026-02-15 21:50:00,0
TXN_008992,FIR_0002,ACCT_0031,ACCT_0029,49000,UPI,2026-08-25 08:50:00,1
TXN_008993,FIR_0028,ACCT_0028,ACCT_0034,48000,UPI,2026-08-23 18:17:00,1
TXN_008994,FIR_0015,ACCT_0042,ACCT_0001,5000,NEFT,2026-02-28 12:42:00,0
TXN_008995,FIR_0006,ACCT_0035,ACCT_0042,48000,IMPS,2026-02-17 19:00:00,1
TXN_008996,FIR_0020,ACCT_0014,ACCT_0080,250000,NEFT,2026-03-25 03:43:00,0
TXN_008997,FIR_0016,ACCT_0074,ACCT_0036,75000,cash_deposit,2026-06-24 04:34:00,0
TXN_008998,FIR_0008,ACCT_0038,ACCT_0019,250000,UPI,2026-01-29 05:00:00,0
TXN_008999,FIR_0009,ACCT_0059,ACCT_0061,250000,cash_deposit,2026-07-15 03:27:00,0
TXN_009000,FIR_0016,ACCT_0007,ACCT_0067,49000,cash_deposit,2026-01-08 11:53:00,1
TXN_009001,FIR_0010,ACCT_0044,ACCT_0033,125000,NEFT,2026-03-24 15:35:00,0
TXN_009002,FIR_0026,ACCT_0030,ACCT_0064,24000,IMPS,2026-02-20 13:04:00,0
TXN_009003,FIR_0029,ACCT_0054,ACCT_0032,125000,UPI,2026-02-17 00:57:00,0
TXN_009004,FIR_0017,ACCT_0005,ACCT_0039,125000,UPI,2026-01-18 16:50:00,0
TXN_009005,FIR_0018,ACCT_0043,ACCT_0007,125000,NEFT,2026-08-16 05:24:00,0
TXN_009006,FIR_0011,ACCT_0013,ACCT_0054,9800,IMPS,2026-08-21 12:37:00,0
TXN_009007,FIR_0006,ACCT_0060,ACCT_0067,75000,cash_deposit,2026-04-02 16:20:00,0
TXN_009008,FIR_0019,ACCT_0041,ACCT_0071,75000,cash_deposit,2026-08-11 09:46:00,0
TXN_009009,FIR_0012,ACCT_0011,ACCT_0072,75000,UPI,2026-01-17 08:25:00,0
TXN_009010,FIR_0018,ACCT_0012,ACCT_0011,250000,NEFT,2026-06-21 04:04:00,0
TXN_009011,FIR_0009,ACCT_0059,ACCT_0046,5000,IMPS,2026-04-23 23:30:00,0
TXN_009012,FIR_0006,ACCT_0031,ACCT_0038,125000,IMPS,2026-04-25 00:11:00,0
TXN_009013,FIR_0003,ACCT_0076,ACCT_0061,75000,cash_deposit,2026-05-28 20:39:00,0
TXN_009014,FIR_0030,ACCT_0039,ACCT_0031,24000,UPI,2026-05-24 11:55:00,0
TXN_009015,FIR_0009,ACCT_0061,ACCT_0039,250000,IMPS,2026-07-08 05:14:00,0
TXN_009016,FIR_0010,ACCT_0016,ACCT_0066,5000,IMPS,2026-07-30 20:43:00,0
TXN_009017,FIR_0008,ACCT_0014,ACCT_0005,1200,NEFT,2026-01-23 22:30:00,0
TXN_009018,FIR_0020,ACCT_0057,ACCT_0041,250000,NEFT,2026-04-12 06:20:00,0
TXN_009019,FIR_0010,ACCT_0080,ACCT_0023,1200,cash_deposit,2026-01-27 13:10:00,0
TXN_009020,FIR_0001,ACCT_0031,ACCT_0012,250000,cash_deposit,2026-06-29 07:39:00,0
TXN_009021,FIR_0025,ACCT_0075,ACCT_0070,48000,IMPS,2026-03-17 22:09:00,1
TXN_009022,FIR_0023,ACCT_0033,ACCT_0040,49000,IMPS,2026-05-04 03:32:00,1
TXN_009023,FIR_0003,ACCT_0074,ACCT_0045,1200,IMPS,2026-04-19 12:44:00,0
TXN_009024,FIR_0001,ACCT_0017,ACCT_0014,9800,UPI,2026-08-11 13:51:00,0
TXN_009025,FIR_0029,ACCT_0009,ACCT_0038,75000,IMPS,2026-02-03 21:57:00,0
TXN_009026,FIR_0028,ACCT_0079,ACCT_0046,125000,UPI,2026-04-04 07:06:00,0
TXN_009027,FIR_0014,ACCT_0059,ACCT_0057,75000,IMPS,2026-04-13 11:08:00,0
TXN_009028,FIR_0022,ACCT_0016,ACCT_0032,49000,cash_deposit,2026-08-11 17:38:00,1
TXN_009029,FIR_0028,ACCT_0013,ACCT_0039,250000,cash_deposit,2026-03-30 04:19:00,0
TXN_009030,FIR_0011,ACCT_0056,ACCT_0079,9800,IMPS,2026-07-10 10:48:00,0
TXN_009031,FIR_0004,ACCT_0019,ACCT_0002,49000,IMPS,2026-06-01 20:43:00,1
TXN_009032,FIR_0016,ACCT_0034,ACCT_0018,250000,IMPS,2026-04-11 18:21:00,0
TXN_009033,FIR_0027,ACCT_0008,ACCT_0069,9800,UPI,2026-08-30 02:02:00,0
TXN_009034,FIR_0021,ACCT_0004,ACCT_0068,1200,IMPS,2026-06-27 07:50:00,0
TXN_009035,FIR_0017,ACCT_0075,ACCT_0045,9800,cash_deposit,2026-01-06 02:16:00,0
TXN_009036,FIR_0016,ACCT_0012,ACCT_0009,125000,cash_deposit,2026-03-20 07:32:00,0
TXN_009037,FIR_0002,ACCT_0017,ACCT_0069,9800,IMPS,2026-06-21 15:51:00,0
TXN_009038,FIR_0015,ACCT_0025,ACCT_0034,75000,NEFT,2026-04-26 00:54:00,0
TXN_009039,FIR_0029,ACCT_0058,ACCT_0027,125000,UPI,2026-05-18 00:19:00,0
TXN_009040,FIR_0022,ACCT_0029,ACCT_0048,75000,UPI,2026-07-12 01:27:00,0
TXN_009041,FIR_0001,ACCT_0054,ACCT_0077,24000,UPI,2026-08-13 20:58:00,0
TXN_009042,FIR_0008,ACCT_0076,ACCT_0063,1200,NEFT,2026-05-03 09:06:00,0
TXN_009043,FIR_0022,ACCT_0071,ACCT_0024,9800,NEFT,2026-01-08 23:26:00,0
TXN_009044,FIR_0020,ACCT_0059,ACCT_0036,49000,UPI,2026-03-27 01:02:00,1
TXN_009045,FIR_0030,ACCT_0065,ACCT_0021,9800,NEFT,2026-08-27 20:57:00,0
TXN_009046,FIR_0014,ACCT_0064,ACCT_0073,49000,IMPS,2026-08-13 18:13:00,1
TXN_009047,FIR_0004,ACCT_0033,ACCT_0010,125000,IMPS,2026-01-16 14:40:00,0
TXN_009048,FIR_0002,ACCT_0064,ACCT_0065,9800,cash_deposit,2026-04-06 04:02:00,0
TXN_009049,FIR_0013,ACCT_0038,ACCT_0020,48000,IMPS,2026-08-09 00:40:00,1
TXN_009050,FIR_0003,ACCT_0009,ACCT_0027,75000,IMPS,2026-02-13 07:26:00,0
TXN_009051,FIR_0007,ACCT_0022,ACCT_0045,125000,IMPS,2026-05-26 04:52:00,0
TXN_009052,FIR_0010,ACCT_0078,ACCT_0052,9800,UPI,2026-02-11 00:26:00,0
TXN_009053,FIR_0011,ACCT_0073,ACCT_0076,49000,NEFT,2026-07-17 15:31:00,1
TXN_009054,FIR_0026,ACCT_0043,ACCT_0003,49000,NEFT,2026-02-19 19:53:00,1
TXN_009055,FIR_0009,ACCT_0067,ACCT_0038,1200,IMPS,2026-08-12 10:15:00,0
TXN_009056,FIR_0022,ACCT_0020,ACCT_0066,49000,cash_deposit,2026-07-11 20:18:00,1
TXN_009057,FIR_0004,ACCT_0018,ACCT_0059,125000,UPI,2026-06-11 22:57:00,0
TXN_009058,FIR_0002,ACCT_0077,ACCT_0042,250000,UPI,2026-01-20 10:48:00,0
TXN_009059,FIR_0015,ACCT_0049,ACCT_0050,1200,UPI,2026-08-27 21:40:00,0
TXN_009060,FIR_0021,ACCT_0069,ACCT_0065,125000,UPI,2026-07-26 20:20:00,0
TXN_009061,FIR_0022,ACCT_0051,ACCT_0055,5000,IMPS,2026-01-18 06:42:00,0
TXN_009062,FIR_0014,ACCT_0011,ACCT_0065,9800,UPI,2026-01-28 12:18:00,0
TXN_009063,FIR_0025,ACCT_0073,ACCT_0067,5000,UPI,2026-04-10 16:22:00,0
TXN_009064,FIR_0018,ACCT_0015,ACCT_0033,9800,cash_deposit,2026-05-05 12:16:00,0
TXN_009065,FIR_0009,ACCT_0020,ACCT_0049,250000,IMPS,2026-06-07 04:44:00,0
TXN_009066,FIR_0008,ACCT_0078,ACCT_0002,125000,NEFT,2026-05-06 05:52:00,0
TXN_009067,FIR_0025,ACCT_0044,ACCT_0005,250000,NEFT,2026-04-01 14:01:00,0
TXN_009068,FIR_0029,ACCT_0018,ACCT_0003,9800,IMPS,2026-05-10 23:09:00,0
TXN_009069,FIR_0015,ACCT_0017,ACCT_0016,5000,IMPS,2026-01-03 18:23:00,0
TXN_009070,FIR_0015,ACCT_0068,ACCT_0032,24000,IMPS,2026-02-21 17:58:00,0
TXN_009071,FIR_0020,ACCT_0047,ACCT_0035,9800,NEFT,2026-03-11 21:30:00,0
TXN_009072,FIR_0009,ACCT_0077,ACCT_0048,250000,NEFT,2026-02-04 21:16:00,0
TXN_009073,FIR_0005,ACCT_0071,ACCT_0013,250000,cash_deposit,2026-01-27 04:33:00,0
TXN_009074,FIR_0007,ACCT_0068,ACCT_0048,1200,cash_deposit,2026-05-18 11:42:00,0
TXN_009075,FIR_0001,ACCT_0025,ACCT_0049,48000,cash_deposit,2026-01-15 22:53:00,1
TXN_009076,FIR_0002,ACCT_0055,ACCT_0051,49000,NEFT,2026-07-07 03:26:00,1
TXN_009077,FIR_0015,ACCT_0022,ACCT_0075,49000,UPI,2026-04-10 12:11:00,1
TXN_009078,FIR_0013,ACCT_0019,ACCT_0066,250000,IMPS,2026-01-19 03:45:00,0
TXN_009079,FIR_0018,ACCT_0077,ACCT_0046,5000,IMPS,2026-08-12 13:04:00,0
TXN_009080,FIR_0024,ACCT_0002,ACCT_0042,49000,UPI,2026-04-10 04:31:00,1
TXN_009081,FIR_0001,ACCT_0051,ACCT_0049,1200,NEFT,2026-04-26 05:54:00,0
TXN_009082,FIR_0008,ACCT_0079,ACCT_0041,5000,IMPS,2026-01-26 16:29:00,0
TXN_009083,FIR_0014,ACCT_0037,ACCT_0068,9800,NEFT,2026-05-11 07:39:00,0
TXN_009084,FIR_0018,ACCT_0042,ACCT_0053,5000,NEFT,2026-04-27 19:13:00,0
TXN_009085,FIR_0002,ACCT_0065,ACCT_0079,75000,IMPS,2026-03-09 08:58:00,0
TXN_009086,FIR_0030,ACCT_0059,ACCT_0004,5000,NEFT,2026-03-13 07:20:00,0
TXN_009087,FIR_0011,ACCT_0019,ACCT_0009,1200,UPI,2026-02-25 02:12:00,0
TXN_009088,FIR_0026,ACCT_0073,ACCT_0075,48000,IMPS,2026-06-08 22:57:00,1
TXN_009089,FIR_0026,ACCT_0033,ACCT_0064,250000,cash_deposit,2026-04-08 04:46:00,0
TXN_009090,FIR_0014,ACCT_0041,ACCT_0032,250000,cash_deposit,2026-03-01 23:18:00,0
TXN_009091,FIR_0001,ACCT_0059,ACCT_0002,48000,NEFT,2026-05-14 01:20:00,1
TXN_009092,FIR_0002,ACCT_0066,ACCT_0052,24000,cash_deposit,2026-01-06 19:44:00,0
TXN_009093,FIR_0009,ACCT_0057,ACCT_0040,48000,cash_deposit,2026-07-12 10:19:00,1
TXN_009094,FIR_0020,ACCT_0080,ACCT_0006,75000,IMPS,2026-05-01 23:02:00,0
TXN_009095,FIR_0030,ACCT_0072,ACCT_0059,75000,cash_deposit,2026-02-11 06:37:00,0
TXN_009096,FIR_0021,ACCT_0009,ACCT_0003,250000,IMPS,2026-03-20 22:13:00,0
TXN_009097,FIR_0010,ACCT_0036,ACCT_0033,1200,IMPS,2026-05-11 19:54:00,0
TXN_009098,FIR_0018,ACCT_0053,ACCT_0050,48000,UPI,2026-01-27 06:51:00,1
TXN_009099,FIR_0017,ACCT_0007,ACCT_0075,9800,NEFT,2026-05-09 06:33:00,0
TXN_009100,FIR_0022,ACCT_0039,ACCT_0024,9800,IMPS,2026-03-22 18:04:00,0
TXN_009101,FIR_0002,ACCT_0019,ACCT_0049,24000,cash_deposit,2026-07-29 02:28:00,0
TXN_009102,FIR_0001,ACCT_0006,ACCT_0039,250000,UPI,2026-08-16 06:57:00,0
TXN_009103,FIR_0029,ACCT_0009,ACCT_0032,125000,IMPS,2026-04-05 17:05:00,0
TXN_009104,FIR_0025,ACCT_0049,ACCT_0077,250000,cash_deposit,2026-05-22 19:47:00,0
TXN_009105,FIR_0027,ACCT_0039,ACCT_0044,125000,NEFT,2026-04-21 21:31:00,0
TXN_009106,FIR_0001,ACCT_0075,ACCT_0071,49000,cash_deposit,2026-01-20 06:19:00,1
TXN_009107,FIR_0023,ACCT_0045,ACCT_0001,250000,cash_deposit,2026-06-03 23:49:00,0
TXN_009108,FIR_0029,ACCT_0008,ACCT_0001,125000,cash_deposit,2026-03-25 14:15:00,0
TXN_009109,FIR_0014,ACCT_0048,ACCT_0042,48000,cash_deposit,2026-03-12 05:54:00,1
TXN_009110,FIR_0011,ACCT_0044,ACCT_0061,75000,UPI,2026-03-14 14:40:00,0
TXN_009111,FIR_0004,ACCT_0062,ACCT_0068,75000,NEFT,2026-04-22 20:06:00,0
TXN_009112,FIR_0027,ACCT_0036,ACCT_0026,250000,UPI,2026-01-25 17:59:00,0
TXN_009113,FIR_0010,ACCT_0020,ACCT_0013,49000,cash_deposit,2026-04-18 17:41:00,1
TXN_009114,FIR_0002,ACCT_0012,ACCT_0005,24000,cash_deposit,2026-04-11 11:07:00,0
TXN_009115,FIR_0001,ACCT_0033,ACCT_0008,75000,UPI,2026-03-10 13:11:00,0
TXN_009116,FIR_0025,ACCT_0007,ACCT_0004,125000,UPI,2026-04-05 19:40:00,0
TXN_009117,FIR_0027,ACCT_0006,ACCT_0011,49000,IMPS,2026-02-21 14:33:00,1
TXN_009118,FIR_0019,ACCT_0075,ACCT_0025,75000,cash_deposit,2026-02-07 17:10:00,0
TXN_009119,FIR_0028,ACCT_0054,ACCT_0047,9800,UPI,2026-04-24 08:13:00,0
TXN_009120,FIR_0015,ACCT_0049,ACCT_0033,24000,UPI,2026-08-28 04:43:00,0
TXN_009121,FIR_0025,ACCT_0039,ACCT_0077,48000,cash_deposit,2026-02-28 07:40:00,1
TXN_009122,FIR_0010,ACCT_0047,ACCT_0053,9800,NEFT,2026-07-10 16:41:00,0
TXN_009123,FIR_0012,ACCT_0047,ACCT_0077,24000,NEFT,2026-03-02 22:01:00,0
TXN_009124,FIR_0022,ACCT_0042,ACCT_0015,75000,IMPS,2026-07-29 08:08:00,0
TXN_009125,FIR_0004,ACCT_0009,ACCT_0008,1200,cash_deposit,2026-04-16 11:34:00,0
TXN_009126,FIR_0008,ACCT_0001,ACCT_0069,5000,cash_deposit,2026-01-16 13:44:00,0
TXN_009127,FIR_0019,ACCT_0075,ACCT_0043,75000,NEFT,2026-06-14 01:01:00,0
TXN_009128,FIR_0006,ACCT_0031,ACCT_0019,49000,NEFT,2026-04-20 00:25:00,1
TXN_009129,FIR_0010,ACCT_0012,ACCT_0064,49000,UPI,2026-06-21 19:10:00,1
TXN_009130,FIR_0005,ACCT_0069,ACCT_0034,48000,cash_deposit,2026-03-01 12:13:00,1
TXN_009131,FIR_0007,ACCT_0034,ACCT_0001,9800,IMPS,2026-03-10 05:05:00,0
TXN_009132,FIR_0005,ACCT_0035,ACCT_0016,75000,NEFT,2026-06-23 21:51:00,0
TXN_009133,FIR_0016,ACCT_0041,ACCT_0018,250000,cash_deposit,2026-08-12 10:21:00,0
TXN_009134,FIR_0009,ACCT_0043,ACCT_0009,24000,UPI,2026-05-07 18:47:00,0
TXN_009135,FIR_0015,ACCT_0065,ACCT_0070,1200,cash_deposit,2026-05-18 08:59:00,0
TXN_009136,FIR_0003,ACCT_0026,ACCT_0046,250000,IMPS,2026-06-07 13:53:00,0
TXN_009137,FIR_0015,ACCT_0027,ACCT_0078,48000,UPI,2026-05-26 21:48:00,1
TXN_009138,FIR_0021,ACCT_0046,ACCT_0050,5000,IMPS,2026-05-01 05:19:00,0
TXN_009139,FIR_0026,ACCT_0043,ACCT_0006,75000,UPI,2026-02-05 07:48:00,0
TXN_009140,FIR_0016,ACCT_0057,ACCT_0080,49000,cash_deposit,2026-08-18 17:27:00,1
TXN_009141,FIR_0003,ACCT_0072,ACCT_0033,250000,cash_deposit,2026-07-30 07:14:00,0
TXN_009142,FIR_0015,ACCT_0028,ACCT_0040,1200,IMPS,2026-03-12 19:17:00,0
TXN_009143,FIR_0006,ACCT_0049,ACCT_0053,75000,cash_deposit,2026-05-07 00:48:00,0
TXN_009144,FIR_0013,ACCT_0022,ACCT_0047,250000,NEFT,2026-04-13 21:14:00,0
TXN_009145,FIR_0027,ACCT_0053,ACCT_0034,5000,IMPS,2026-04-07 05:47:00,0
TXN_009146,FIR_0011,ACCT_0056,ACCT_0005,49000,IMPS,2026-08-10 20:40:00,1
TXN_009147,FIR_0009,ACCT_0044,ACCT_0077,9800,IMPS,2026-06-05 23:50:00,0
TXN_009148,FIR_0028,ACCT_0033,ACCT_0056,75000,UPI,2026-05-18 07:24:00,0
TXN_009149,FIR_0023,ACCT_0075,ACCT_0063,1200,IMPS,2026-01-12 04:38:00,0
TXN_009150,FIR_0003,ACCT_0001,ACCT_0076,5000,NEFT,2026-07-09 00:39:00,0
TXN_009151,FIR_0017,ACCT_0048,ACCT_0071,49000,NEFT,2026-01-07 20:18:00,1
TXN_009152,FIR_0019,ACCT_0004,ACCT_0025,75000,IMPS,2026-03-29 03:21:00,0
TXN_009153,FIR_0009,ACCT_0064,ACCT_0039,250000,IMPS,2026-06-14 05:32:00,0
TXN_009154,FIR_0023,ACCT_0064,ACCT_0036,250000,NEFT,2026-05-28 14:54:00,0
TXN_009155,FIR_0009,ACCT_0006,ACCT_0019,1200,NEFT,2026-01-07 20:24:00,0
TXN_009156,FIR_0029,ACCT_0047,ACCT_0051,125000,cash_deposit,2026-08-16 13:22:00,0
TXN_009157,FIR_0003,ACCT_0051,ACCT_0077,125000,UPI,2026-07-02 16:05:00,0
TXN_009158,FIR_0014,ACCT_0003,ACCT_0047,9800,NEFT,2026-03-22 11:21:00,0
TXN_009159,FIR_0002,ACCT_0067,ACCT_0020,250000,UPI,2026-07-27 01:49:00,0
TXN_009160,FIR_0019,ACCT_0034,ACCT_0001,1200,cash_deposit,2026-08-02 06:10:00,0
TXN_009161,FIR_0013,ACCT_0015,ACCT_0069,5000,UPI,2026-05-02 10:45:00,0
TXN_009162,FIR_0010,ACCT_0057,ACCT_0075,9800,IMPS,2026-04-18 14:30:00,0
TXN_009163,FIR_0020,ACCT_0072,ACCT_0075,75000,cash_deposit,2026-01-21 08:42:00,0
TXN_009164,FIR_0020,ACCT_0066,ACCT_0011,49000,IMPS,2026-06-17 16:13:00,1
TXN_009165,FIR_0010,ACCT_0062,ACCT_0029,9800,cash_deposit,2026-04-07 03:22:00,0
TXN_009166,FIR_0004,ACCT_0032,ACCT_0063,9800,IMPS,2026-03-29 08:07:00,0
TXN_009167,FIR_0026,ACCT_0011,ACCT_0074,24000,UPI,2026-06-25 07:29:00,0
TXN_009168,FIR_0022,ACCT_0031,ACCT_0065,1200,NEFT,2026-06-12 14:31:00,0
TXN_009169,FIR_0028,ACCT_0025,ACCT_0028,24000,NEFT,2026-04-23 13:31:00,0
TXN_009170,FIR_0021,ACCT_0034,ACCT_0014,250000,NEFT,2026-02-05 14:49:00,0
TXN_009171,FIR_0016,ACCT_0016,ACCT_0007,250000,cash_deposit,2026-08-17 22:49:00,0
TXN_009172,FIR_0008,ACCT_0013,ACCT_0057,1200,cash_deposit,2026-08-05 11:18:00,0
TXN_009173,FIR_0029,ACCT_0059,ACCT_0004,1200,cash_deposit,2026-03-01 11:33:00,0
TXN_009174,FIR_0004,ACCT_0055,ACCT_0051,75000,UPI,2026-05-15 07:55:00,0
TXN_009175,FIR_0022,ACCT_0062,ACCT_0068,250000,cash_deposit,2026-04-27 09:05:00,0
TXN_009176,FIR_0003,ACCT_0050,ACCT_0029,24000,cash_deposit,2026-03-20 18:12:00,0
TXN_009177,FIR_0023,ACCT_0052,ACCT_0044,1200,IMPS,2026-08-02 04:04:00,0
TXN_009178,FIR_0021,ACCT_0001,ACCT_0013,24000,cash_deposit,2026-05-19 03:01:00,0
TXN_009179,FIR_0007,ACCT_0054,ACCT_0038,75000,UPI,2026-03-11 23:33:00,0
TXN_009180,FIR_0001,ACCT_0075,ACCT_0052,5000,IMPS,2026-04-26 21:42:00,0
TXN_009181,FIR_0027,ACCT_0073,ACCT_0022,75000,NEFT,2026-04-04 19:43:00,0
TXN_009182,FIR_0005,ACCT_0051,ACCT_0007,48000,IMPS,2026-08-12 01:34:00,1
TXN_009183,FIR_0012,ACCT_0048,ACCT_0067,125000,IMPS,2026-06-17 01:01:00,0
TXN_009184,FIR_0007,ACCT_0054,ACCT_0033,5000,IMPS,2026-03-04 06:36:00,0
TXN_009185,FIR_0003,ACCT_0059,ACCT_0043,9800,IMPS,2026-03-28 03:16:00,0
TXN_009186,FIR_0020,ACCT_0075,ACCT_0047,48000,IMPS,2026-03-06 01:49:00,1
TXN_009187,FIR_0014,ACCT_0025,ACCT_0057,250000,NEFT,2026-01-27 13:09:00,0
TXN_009188,FIR_0024,ACCT_0058,ACCT_0063,49000,cash_deposit,2026-06-13 02:13:00,1
TXN_009189,FIR_0014,ACCT_0051,ACCT_0011,250000,cash_deposit,2026-07-10 13:00:00,0
TXN_009190,FIR_0026,ACCT_0009,ACCT_0001,75000,IMPS,2026-02-13 18:59:00,0
TXN_009191,FIR_0013,ACCT_0046,ACCT_0050,75000,NEFT,2026-07-15 12:38:00,0
TXN_009192,FIR_0008,ACCT_0025,ACCT_0057,125000,NEFT,2026-01-23 05:31:00,0
TXN_009193,FIR_0027,ACCT_0076,ACCT_0023,5000,NEFT,2026-02-10 19:49:00,0
TXN_009194,FIR_0010,ACCT_0006,ACCT_0042,24000,NEFT,2026-05-29 14:08:00,0
TXN_009195,FIR_0007,ACCT_0060,ACCT_0001,48000,IMPS,2026-08-22 08:55:00,1
TXN_009196,FIR_0026,ACCT_0060,ACCT_0071,1200,IMPS,2026-04-13 19:59:00,0
TXN_009197,FIR_0001,ACCT_0024,ACCT_0049,9800,NEFT,2026-04-17 10:46:00,0
TXN_009198,FIR_0022,ACCT_0058,ACCT_0052,49000,cash_deposit,2026-04-17 19:04:00,1
TXN_009199,FIR_0022,ACCT_0034,ACCT_0014,48000,IMPS,2026-08-06 04:30:00,1
TXN_009200,FIR_0015,ACCT_0058,ACCT_0079,5000,NEFT,2026-08-15 21:05:00,0
TXN_009201,FIR_0030,ACCT_0061,ACCT_0029,250000,cash_deposit,2026-05-20 11:43:00,0
TXN_009202,FIR_0002,ACCT_0077,ACCT_0045,5000,UPI,2026-05-22 04:45:00,0
TXN_009203,FIR_0007,ACCT_0029,ACCT_0053,125000,IMPS,2026-01-21 07:20:00,0
TXN_009204,FIR_0023,ACCT_0055,ACCT_0045,9800,UPI,2026-03-10 18:32:00,0
TXN_009205,FIR_0009,ACCT_0060,ACCT_0061,125000,cash_deposit,2026-01-15 16:40:00,0
TXN_009206,FIR_0006,ACCT_0031,ACCT_0010,125000,UPI,2026-01-19 10:53:00,0
TXN_009207,FIR_0005,ACCT_0017,ACCT_0049,49000,NEFT,2026-08-08 12:26:00,1
TXN_009208,FIR_0014,ACCT_0060,ACCT_0049,24000,UPI,2026-08-25 13:56:00,0
TXN_009209,FIR_0028,ACCT_0072,ACCT_0024,48000,cash_deposit,2026-04-26 17:42:00,1
TXN_009210,FIR_0007,ACCT_0068,ACCT_0072,125000,cash_deposit,2026-06-08 13:38:00,0
TXN_009211,FIR_0015,ACCT_0021,ACCT_0024,24000,NEFT,2026-02-06 14:18:00,0
TXN_009212,FIR_0001,ACCT_0027,ACCT_0011,250000,UPI,2026-06-11 12:35:00,0
TXN_009213,FIR_0018,ACCT_0060,ACCT_0052,24000,cash_deposit,2026-02-08 03:30:00,0
TXN_009214,FIR_0014,ACCT_0020,ACCT_0077,125000,IMPS,2026-07-13 23:00:00,0
TXN_009215,FIR_0023,ACCT_0062,ACCT_0045,9800,NEFT,2026-04-12 16:02:00,0
TXN_009216,FIR_0008,ACCT_0060,ACCT_0035,48000,NEFT,2026-03-20 10:42:00,1
TXN_009217,FIR_0021,ACCT_0011,ACCT_0069,5000,UPI,2026-04-06 00:54:00,0
TXN_009218,FIR_0005,ACCT_0038,ACCT_0044,125000,cash_deposit,2026-04-07 12:35:00,0
TXN_009219,FIR_0008,ACCT_0043,ACCT_0072,250000,NEFT,2026-08-09 14:52:00,0
TXN_009220,FIR_0006,ACCT_0063,ACCT_0037,1200,UPI,2026-01-28 10:50:00,0
TXN_009221,FIR_0027,ACCT_0046,ACCT_0030,125000,IMPS,2026-02-08 20:47:00,0
TXN_009222,FIR_0022,ACCT_0079,ACCT_0016,75000,UPI,2026-07-16 08:19:00,0
TXN_009223,FIR_0026,ACCT_0033,ACCT_0029,75000,IMPS,2026-07-07 06:57:00,0
TXN_009224,FIR_0007,ACCT_0032,ACCT_0054,49000,IMPS,2026-05-30 13:42:00,1
TXN_009225,FIR_0028,ACCT_0036,ACCT_0026,125000,NEFT,2026-05-22 16:37:00,0
TXN_009226,FIR_0021,ACCT_0034,ACCT_0070,75000,cash_deposit,2026-02-23 01:08:00,0
TXN_009227,FIR_0019,ACCT_0042,ACCT_0019,5000,IMPS,2026-08-07 09:43:00,0
TXN_009228,FIR_0009,ACCT_0076,ACCT_0010,5000,NEFT,2026-02-10 00:18:00,0
TXN_009229,FIR_0020,ACCT_0054,ACCT_0048,48000,IMPS,2026-05-23 17:20:00,1
TXN_009230,FIR_0007,ACCT_0010,ACCT_0061,48000,IMPS,2026-06-12 19:32:00,1
TXN_009231,FIR_0027,ACCT_0078,ACCT_0010,48000,IMPS,2026-08-06 14:48:00,1
TXN_009232,FIR_0011,ACCT_0006,ACCT_0040,75000,cash_deposit,2026-08-13 21:27:00,0
TXN_009233,FIR_0009,ACCT_0026,ACCT_0019,24000,cash_deposit,2026-03-02 04:43:00,0
TXN_009234,FIR_0004,ACCT_0057,ACCT_0056,1200,NEFT,2026-07-18 11:11:00,0
TXN_009235,FIR_0029,ACCT_0046,ACCT_0077,250000,cash_deposit,2026-03-24 00:45:00,0
TXN_009236,FIR_0027,ACCT_0079,ACCT_0025,49000,NEFT,2026-01-14 03:26:00,1
TXN_009237,FIR_0008,ACCT_0003,ACCT_0053,125000,cash_deposit,2026-01-26 07:43:00,0
TXN_009238,FIR_0003,ACCT_0018,ACCT_0001,250000,cash_deposit,2026-02-23 17:25:00,0
TXN_009239,FIR_0028,ACCT_0023,ACCT_0027,5000,cash_deposit,2026-04-26 03:43:00,0
TXN_009240,FIR_0007,ACCT_0070,ACCT_0060,75000,IMPS,2026-05-06 08:47:00,0
TXN_009241,FIR_0015,ACCT_0068,ACCT_0039,49000,IMPS,2026-08-01 20:42:00,1
TXN_009242,FIR_0014,ACCT_0021,ACCT_0073,250000,IMPS,2026-03-29 20:26:00,0
TXN_009243,FIR_0006,ACCT_0065,ACCT_0045,250000,UPI,2026-06-03 16:05:00,0
TXN_009244,FIR_0030,ACCT_0079,ACCT_0055,9800,IMPS,2026-03-22 14:01:00,0
TXN_009245,FIR_0009,ACCT_0052,ACCT_0039,75000,UPI,2026-08-03 12:20:00,0
TXN_009246,FIR_0011,ACCT_0057,ACCT_0008,75000,UPI,2026-02-20 12:56:00,0
TXN_009247,FIR_0001,ACCT_0007,ACCT_0075,5000,NEFT,2026-02-22 17:11:00,0
TXN_009248,FIR_0027,ACCT_0045,ACCT_0014,1200,NEFT,2026-08-14 01:16:00,0
TXN_009249,FIR_0017,ACCT_0033,ACCT_0030,24000,IMPS,2026-08-29 23:17:00,0
TXN_009250,FIR_0018,ACCT_0013,ACCT_0066,49000,UPI,2026-01-28 09:55:00,1
TXN_009251,FIR_0004,ACCT_0001,ACCT_0009,49000,NEFT,2026-04-16 08:09:00,1
TXN_009252,FIR_0016,ACCT_0017,ACCT_0020,5000,cash_deposit,2026-08-02 18:51:00,0
TXN_009253,FIR_0026,ACCT_0078,ACCT_0062,48000,UPI,2026-05-04 07:50:00,1
TXN_009254,FIR_0002,ACCT_0042,ACCT_0015,250000,IMPS,2026-02-21 14:10:00,0
TXN_009255,FIR_0027,ACCT_0070,ACCT_0027,1200,UPI,2026-08-31 02:47:00,0
TXN_009256,FIR_0020,ACCT_0037,ACCT_0044,49000,UPI,2026-03-24 01:05:00,1
TXN_009257,FIR_0022,ACCT_0019,ACCT_0030,1200,NEFT,2026-03-28 14:56:00,0
TXN_009258,FIR_0018,ACCT_0030,ACCT_0051,5000,cash_deposit,2026-03-23 19:57:00,0
TXN_009259,FIR_0009,ACCT_0008,ACCT_0006,250000,cash_deposit,2026-03-02 20:01:00,0
TXN_009260,FIR_0019,ACCT_0024,ACCT_0072,250000,cash_deposit,2026-06-03 19:38:00,0
TXN_009261,FIR_0021,ACCT_0027,ACCT_0062,49000,UPI,2026-05-20 23:33:00,1
TXN_009262,FIR_0029,ACCT_0070,ACCT_0076,49000,IMPS,2026-05-12 04:00:00,1
TXN_009263,FIR_0014,ACCT_0073,ACCT_0048,1200,cash_deposit,2026-08-18 11:07:00,0
TXN_009264,FIR_0029,ACCT_0050,ACCT_0029,125000,cash_deposit,2026-08-04 15:47:00,0
TXN_009265,FIR_0029,ACCT_0010,ACCT_0013,49000,NEFT,2026-02-22 21:41:00,1
TXN_009266,FIR_0030,ACCT_0006,ACCT_0013,1200,UPI,2026-05-08 21:59:00,0
TXN_009267,FIR_0008,ACCT_0057,ACCT_0071,24000,NEFT,2026-07-04 14:50:00,0
TXN_009268,FIR_0011,ACCT_0069,ACCT_0031,5000,cash_deposit,2026-07-25 14:54:00,0
TXN_009269,FIR_0012,ACCT_0071,ACCT_0080,125000,UPI,2026-05-13 07:41:00,0
TXN_009270,FIR_0010,ACCT_0016,ACCT_0064,49000,NEFT,2026-06-08 03:18:00,1
TXN_009271,FIR_0026,ACCT_0023,ACCT_0040,5000,cash_deposit,2026-08-05 15:12:00,0
TXN_009272,FIR_0022,ACCT_0026,ACCT_0035,5000,IMPS,2026-02-18 18:07:00,0
TXN_009273,FIR_0018,ACCT_0024,ACCT_0030,75000,IMPS,2026-02-10 09:58:00,0
TXN_009274,FIR_0030,ACCT_0004,ACCT_0006,250000,IMPS,2026-01-22 10:58:00,0
TXN_009275,FIR_0019,ACCT_0055,ACCT_0037,49000,NEFT,2026-04-29 22:10:00,1
TXN_009276,FIR_0002,ACCT_0057,ACCT_0023,48000,IMPS,2026-04-06 02:10:00,1
TXN_009277,FIR_0017,ACCT_0035,ACCT_0034,9800,cash_deposit,2026-02-11 01:18:00,0
TXN_009278,FIR_0026,ACCT_0012,ACCT_0016,9800,IMPS,2026-04-05 06:04:00,0
TXN_009279,FIR_0001,ACCT_0064,ACCT_0010,24000,UPI,2026-02-08 11:20:00,0
TXN_009280,FIR_0018,ACCT_0031,ACCT_0023,49000,IMPS,2026-05-02 08:43:00,1
TXN_009281,FIR_0027,ACCT_0015,ACCT_0040,24000,NEFT,2026-06-23 09:34:00,0
TXN_009282,FIR_0007,ACCT_0066,ACCT_0046,250000,cash_deposit,2026-05-26 07:14:00,0
TXN_009283,FIR_0007,ACCT_0051,ACCT_0052,24000,cash_deposit,2026-02-25 15:51:00,0
TXN_009284,FIR_0002,ACCT_0065,ACCT_0079,75000,cash_deposit,2026-02-24 15:47:00,0
TXN_009285,FIR_0026,ACCT_0024,ACCT_0008,9800,UPI,2026-02-26 20:03:00,0
TXN_009286,FIR_0004,ACCT_0019,ACCT_0041,24000,NEFT,2026-04-28 07:02:00,0
TXN_009287,FIR_0009,ACCT_0075,ACCT_0036,48000,cash_deposit,2026-07-12 15:35:00,1
TXN_009288,FIR_0016,ACCT_0036,ACCT_0053,75000,IMPS,2026-01-30 08:08:00,0
TXN_009289,FIR_0025,ACCT_0054,ACCT_0065,9800,IMPS,2026-04-12 04:17:00,0
TXN_009290,FIR_0015,ACCT_0029,ACCT_0066,24000,IMPS,2026-07-28 21:47:00,0
TXN_009291,FIR_0026,ACCT_0036,ACCT_0079,24000,UPI,2026-06-14 05:36:00,0
TXN_009292,FIR_0012,ACCT_0011,ACCT_0052,125000,UPI,2026-01-19 00:26:00,0
TXN_009293,FIR_0023,ACCT_0080,ACCT_0040,24000,UPI,2026-01-01 11:15:00,0
TXN_009294,FIR_0028,ACCT_0056,ACCT_0054,250000,UPI,2026-03-27 19:42:00,0
TXN_009295,FIR_0022,ACCT_0069,ACCT_0028,48000,cash_deposit,2026-03-23 00:58:00,1
TXN_009296,FIR_0029,ACCT_0042,ACCT_0069,250000,UPI,2026-01-09 04:07:00,0
TXN_009297,FIR_0010,ACCT_0045,ACCT_0002,5000,IMPS,2026-06-24 01:21:00,0
TXN_009298,FIR_0019,ACCT_0031,ACCT_0061,250000,UPI,2026-02-12 19:27:00,0
TXN_009299,FIR_0017,ACCT_0061,ACCT_0042,48000,UPI,2026-06-13 05:05:00,1
TXN_009300,FIR_0026,ACCT_0056,ACCT_0071,9800,NEFT,2026-02-08 16:33:00,0
TXN_009301,FIR_0024,ACCT_0073,ACCT_0052,9800,IMPS,2026-08-15 01:48:00,0
TXN_009302,FIR_0022,ACCT_0019,ACCT_0065,24000,cash_deposit,2026-05-23 07:13:00,0
TXN_009303,FIR_0023,ACCT_0007,ACCT_0050,48000,NEFT,2026-02-26 01:45:00,1
TXN_009304,FIR_0013,ACCT_0003,ACCT_0026,49000,UPI,2026-02-20 14:18:00,1
TXN_009305,FIR_0025,ACCT_0071,ACCT_0056,9800,cash_deposit,2026-06-29 17:44:00,0
TXN_009306,FIR_0012,ACCT_0068,ACCT_0072,250000,UPI,2026-01-06 01:51:00,0
TXN_009307,FIR_0014,ACCT_0045,ACCT_0064,125000,IMPS,2026-06-25 05:34:00,0
TXN_009308,FIR_0014,ACCT_0012,ACCT_0026,49000,UPI,2026-01-20 22:43:00,1
TXN_009309,FIR_0017,ACCT_0033,ACCT_0061,5000,cash_deposit,2026-04-25 08:14:00,0
TXN_009310,FIR_0010,ACCT_0051,ACCT_0066,9800,UPI,2026-02-08 19:54:00,0
TXN_009311,FIR_0013,ACCT_0021,ACCT_0046,1200,NEFT,2026-02-14 09:34:00,0
TXN_009312,FIR_0029,ACCT_0046,ACCT_0025,75000,UPI,2026-08-20 18:42:00,0
TXN_009313,FIR_0021,ACCT_0041,ACCT_0002,24000,UPI,2026-08-26 04:40:00,0
TXN_009314,FIR_0012,ACCT_0003,ACCT_0028,5000,UPI,2026-03-21 11:21:00,0
TXN_009315,FIR_0014,ACCT_0063,ACCT_0019,9800,UPI,2026-02-15 04:35:00,0
TXN_009316,FIR_0013,ACCT_0032,ACCT_0072,24000,NEFT,2026-01-31 17:42:00,0
TXN_009317,FIR_0003,ACCT_0068,ACCT_0016,250000,NEFT,2026-01-17 13:34:00,0
TXN_009318,FIR_0016,ACCT_0009,ACCT_0007,250000,UPI,2026-08-15 21:00:00,0
TXN_009319,FIR_0002,ACCT_0067,ACCT_0062,24000,UPI,2026-06-10 18:27:00,0
TXN_009320,FIR_0007,ACCT_0022,ACCT_0072,48000,IMPS,2026-08-19 14:09:00,1
TXN_009321,FIR_0023,ACCT_0040,ACCT_0043,125000,NEFT,2026-07-18 09:45:00,0
TXN_009322,FIR_0014,ACCT_0030,ACCT_0041,48000,cash_deposit,2026-08-27 14:32:00,1
TXN_009323,FIR_0030,ACCT_0013,ACCT_0054,1200,UPI,2026-02-06 11:47:00,0
TXN_009324,FIR_0005,ACCT_0048,ACCT_0023,48000,cash_deposit,2026-07-06 22:06:00,1
TXN_009325,FIR_0028,ACCT_0022,ACCT_0033,75000,cash_deposit,2026-03-17 19:11:00,0
TXN_009326,FIR_0016,ACCT_0050,ACCT_0041,250000,cash_deposit,2026-05-07 08:29:00,0
TXN_009327,FIR_0024,ACCT_0039,ACCT_0035,24000,IMPS,2026-04-03 23:58:00,0
TXN_009328,FIR_0002,ACCT_0019,ACCT_0006,125000,NEFT,2026-03-20 07:01:00,0
TXN_009329,FIR_0022,ACCT_0072,ACCT_0061,250000,NEFT,2026-02-08 16:07:00,0
TXN_009330,FIR_0017,ACCT_0005,ACCT_0033,48000,IMPS,2026-02-18 15:18:00,1
TXN_009331,FIR_0024,ACCT_0012,ACCT_0080,250000,IMPS,2026-06-17 05:37:00,0
TXN_009332,FIR_0024,ACCT_0066,ACCT_0063,1200,UPI,2026-02-21 02:49:00,0
TXN_009333,FIR_0012,ACCT_0025,ACCT_0049,9800,UPI,2026-08-30 05:00:00,0
TXN_009334,FIR_0006,ACCT_0017,ACCT_0042,9800,NEFT,2026-01-28 03:55:00,0
TXN_009335,FIR_0014,ACCT_0012,ACCT_0017,24000,cash_deposit,2026-07-23 10:09:00,0
TXN_009336,FIR_0007,ACCT_0034,ACCT_0072,125000,NEFT,2026-04-15 21:54:00,0
TXN_009337,FIR_0026,ACCT_0037,ACCT_0022,49000,cash_deposit,2026-05-01 13:25:00,1
TXN_009338,FIR_0004,ACCT_0024,ACCT_0031,48000,UPI,2026-02-17 02:29:00,1
TXN_009339,FIR_0014,ACCT_0024,ACCT_0019,49000,NEFT,2026-04-08 00:47:00,1
TXN_009340,FIR_0008,ACCT_0005,ACCT_0006,250000,NEFT,2026-07-03 20:25:00,0
TXN_009341,FIR_0016,ACCT_0024,ACCT_0059,1200,UPI,2026-04-19 16:12:00,0
TXN_009342,FIR_0025,ACCT_0020,ACCT_0064,1200,cash_deposit,2026-03-20 03:02:00,0
TXN_009343,FIR_0021,ACCT_0005,ACCT_0043,1200,NEFT,2026-04-23 06:55:00,0
TXN_009344,FIR_0029,ACCT_0019,ACCT_0077,75000,UPI,2026-06-15 09:45:00,0
TXN_009345,FIR_0018,ACCT_0016,ACCT_0029,9800,IMPS,2026-07-23 08:42:00,0
TXN_009346,FIR_0025,ACCT_0017,ACCT_0077,75000,UPI,2026-04-10 23:46:00,0
TXN_009347,FIR_0009,ACCT_0078,ACCT_0038,49000,cash_deposit,2026-08-06 01:06:00,1
TXN_009348,FIR_0004,ACCT_0013,ACCT_0069,5000,cash_deposit,2026-02-10 03:40:00,0
TXN_009349,FIR_0016,ACCT_0019,ACCT_0038,125000,NEFT,2026-08-29 17:38:00,0
TXN_009350,FIR_0020,ACCT_0045,ACCT_0068,49000,UPI,2026-07-06 05:22:00,1
TXN_009351,FIR_0029,ACCT_0024,ACCT_0012,125000,cash_deposit,2026-06-27 21:40:00,0
TXN_009352,FIR_0004,ACCT_0065,ACCT_0035,24000,NEFT,2026-08-15 14:28:00,0
TXN_009353,FIR_0019,ACCT_0048,ACCT_0067,75000,cash_deposit,2026-07-24 01:32:00,0
TXN_009354,FIR_0017,ACCT_0032,ACCT_0056,49000,UPI,2026-05-26 21:40:00,1
TXN_009355,FIR_0022,ACCT_0020,ACCT_0005,5000,cash_deposit,2026-05-09 18:15:00,0
TXN_009356,FIR_0008,ACCT_0065,ACCT_0079,125000,UPI,2026-08-22 11:38:00,0
TXN_009357,FIR_0020,ACCT_0006,ACCT_0079,75000,IMPS,2026-01-01 11:41:00,0
TXN_009358,FIR_0015,ACCT_0042,ACCT_0073,75000,IMPS,2026-06-05 02:50:00,0
TXN_009359,FIR_0009,ACCT_0035,ACCT_0014,75000,NEFT,2026-09-01 04:12:00,0
TXN_009360,FIR_0004,ACCT_0005,ACCT_0070,49000,UPI,2026-04-25 16:14:00,1
TXN_009361,FIR_0021,ACCT_0015,ACCT_0058,24000,UPI,2026-08-09 13:28:00,0
TXN_009362,FIR_0008,ACCT_0055,ACCT_0030,75000,UPI,2026-07-26 06:09:00,0
TXN_009363,FIR_0025,ACCT_0041,ACCT_0035,125000,IMPS,2026-01-24 07:16:00,0
TXN_009364,FIR_0010,ACCT_0045,ACCT_0061,1200,cash_deposit,2026-04-21 16:13:00,0
TXN_009365,FIR_0015,ACCT_0035,ACCT_0008,250000,UPI,2026-02-19 16:52:00,0
TXN_009366,FIR_0019,ACCT_0020,ACCT_0013,75000,UPI,2026-07-26 23:19:00,0
TXN_009367,FIR_0020,ACCT_0011,ACCT_0022,49000,cash_deposit,2026-05-07 16:46:00,1
TXN_009368,FIR_0010,ACCT_0026,ACCT_0027,5000,UPI,2026-05-06 09:35:00,0
TXN_009369,FIR_0026,ACCT_0051,ACCT_0049,5000,NEFT,2026-04-10 05:39:00,0
TXN_009370,FIR_0012,ACCT_0009,ACCT_0005,250000,NEFT,2026-05-24 00:20:00,0
TXN_009371,FIR_0016,ACCT_0014,ACCT_0021,24000,cash_deposit,2026-03-29 12:15:00,0
TXN_009372,FIR_0009,ACCT_0070,ACCT_0080,1200,cash_deposit,2026-02-15 10:11:00,0
TXN_009373,FIR_0004,ACCT_0079,ACCT_0068,24000,cash_deposit,2026-07-26 03:02:00,0
TXN_009374,FIR_0009,ACCT_0039,ACCT_0012,9800,NEFT,2026-01-21 04:53:00,0
TXN_009375,FIR_0003,ACCT_0020,ACCT_0032,9800,NEFT,2026-01-28 22:12:00,0
TXN_009376,FIR_0017,ACCT_0020,ACCT_0019,125000,UPI,2026-03-19 20:19:00,0
TXN_009377,FIR_0004,ACCT_0062,ACCT_0040,75000,IMPS,2026-03-09 22:47:00,0
TXN_009378,FIR_0002,ACCT_0034,ACCT_0078,49000,IMPS,2026-06-17 18:37:00,1
TXN_009379,FIR_0009,ACCT_0041,ACCT_0008,9800,cash_deposit,2026-04-15 02:10:00,0
TXN_009380,FIR_0016,ACCT_0021,ACCT_0067,125000,UPI,2026-06-24 18:20:00,0
TXN_009381,FIR_0001,ACCT_0080,ACCT_0012,9800,NEFT,2026-07-04 18:06:00,0
TXN_009382,FIR_0009,ACCT_0060,ACCT_0071,24000,cash_deposit,2026-08-20 12:48:00,0
TXN_009383,FIR_0018,ACCT_0063,ACCT_0051,1200,cash_deposit,2026-06-19 04:46:00,0
TXN_009384,FIR_0030,ACCT_0010,ACCT_0071,1200,cash_deposit,2026-02-17 18:26:00,0
TXN_009385,FIR_0013,ACCT_0004,ACCT_0045,49000,UPI,2026-08-02 15:32:00,1
TXN_009386,FIR_0023,ACCT_0025,ACCT_0050,125000,IMPS,2026-04-18 02:49:00,0
TXN_009387,FIR_0023,ACCT_0026,ACCT_0037,75000,NEFT,2026-02-16 01:28:00,0
TXN_009388,FIR_0004,ACCT_0074,ACCT_0034,49000,UPI,2026-07-09 07:23:00,1
TXN_009389,FIR_0010,ACCT_0001,ACCT_0023,24000,cash_deposit,2026-05-05 16:45:00,0
TXN_009390,FIR_0021,ACCT_0021,ACCT_0064,1200,UPI,2026-08-30 02:26:00,0
TXN_009391,FIR_0001,ACCT_0068,ACCT_0027,9800,UPI,2026-02-07 08:17:00,0
TXN_009392,FIR_0016,ACCT_0001,ACCT_0046,125000,cash_deposit,2026-05-16 09:45:00,0
TXN_009393,FIR_0027,ACCT_0049,ACCT_0066,5000,UPI,2026-05-25 06:31:00,0
TXN_009394,FIR_0011,ACCT_0037,ACCT_0064,75000,cash_deposit,2026-02-07 01:10:00,0
TXN_009395,FIR_0018,ACCT_0063,ACCT_0047,250000,NEFT,2026-07-30 18:38:00,0
TXN_009396,FIR_0021,ACCT_0025,ACCT_0019,9800,cash_deposit,2026-04-25 10:54:00,0
TXN_009397,FIR_0017,ACCT_0032,ACCT_0020,5000,IMPS,2026-03-27 03:49:00,0
TXN_009398,FIR_0022,ACCT_0010,ACCT_0034,24000,IMPS,2026-05-15 22:55:00,0
TXN_009399,FIR_0003,ACCT_0012,ACCT_0014,24000,IMPS,2026-05-21 17:07:00,0
TXN_009400,FIR_0006,ACCT_0032,ACCT_0030,49000,NEFT,2026-07-18 11:04:00,1
TXN_009401,FIR_0009,ACCT_0067,ACCT_0031,125000,IMPS,2026-05-07 00:27:00,0
TXN_009402,FIR_0021,ACCT_0020,ACCT_0006,75000,cash_deposit,2026-06-17 05:18:00,0
TXN_009403,FIR_0008,ACCT_0069,ACCT_0032,250000,cash_deposit,2026-06-25 00:28:00,0
TXN_009404,FIR_0005,ACCT_0013,ACCT_0002,250000,UPI,2026-08-01 18:29:00,0
TXN_009405,FIR_0007,ACCT_0023,ACCT_0044,9800,UPI,2026-02-24 05:36:00,0
TXN_009406,FIR_0022,ACCT_0047,ACCT_0017,125000,UPI,2026-04-12 09:02:00,0
TXN_009407,FIR_0022,ACCT_0012,ACCT_0080,1200,IMPS,2026-05-04 08:24:00,0
TXN_009408,FIR_0012,ACCT_0034,ACCT_0037,24000,UPI,2026-01-24 01:50:00,0
TXN_009409,FIR_0015,ACCT_0013,ACCT_0071,49000,cash_deposit,2026-02-05 06:32:00,1
TXN_009410,FIR_0029,ACCT_0036,ACCT_0020,1200,IMPS,2026-04-17 08:15:00,0
TXN_009411,FIR_0011,ACCT_0001,ACCT_0007,24000,cash_deposit,2026-07-25 23:57:00,0
TXN_009412,FIR_0009,ACCT_0035,ACCT_0020,48000,IMPS,2026-05-28 23:30:00,1
TXN_009413,FIR_0005,ACCT_0022,ACCT_0050,1200,NEFT,2026-08-19 17:49:00,0
TXN_009414,FIR_0012,ACCT_0072,ACCT_0054,125000,UPI,2026-05-08 22:19:00,0
TXN_009415,FIR_0023,ACCT_0040,ACCT_0079,49000,NEFT,2026-07-24 23:04:00,1
TXN_009416,FIR_0017,ACCT_0071,ACCT_0060,5000,NEFT,2026-05-17 14:43:00,0
TXN_009417,FIR_0009,ACCT_0071,ACCT_0029,9800,UPI,2026-01-19 08:26:00,0
TXN_009418,FIR_0020,ACCT_0067,ACCT_0009,24000,NEFT,2026-07-05 13:16:00,0
TXN_009419,FIR_0016,ACCT_0063,ACCT_0050,1200,cash_deposit,2026-02-21 12:08:00,0
TXN_009420,FIR_0007,ACCT_0075,ACCT_0011,48000,cash_deposit,2026-05-19 19:09:00,1
TXN_009421,FIR_0005,ACCT_0048,ACCT_0045,1200,UPI,2026-05-25 01:27:00,0
TXN_009422,FIR_0019,ACCT_0069,ACCT_0051,125000,NEFT,2026-01-31 09:18:00,0
TXN_009423,FIR_0021,ACCT_0047,ACCT_0011,9800,cash_deposit,2026-03-24 15:57:00,0
TXN_009424,FIR_0001,ACCT_0015,ACCT_0021,5000,NEFT,2026-04-02 02:17:00,0
TXN_009425,FIR_0005,ACCT_0074,ACCT_0031,49000,NEFT,2026-02-28 17:47:00,1
TXN_009426,FIR_0027,ACCT_0067,ACCT_0048,24000,cash_deposit,2026-02-16 23:54:00,0
TXN_009427,FIR_0028,ACCT_0078,ACCT_0010,9800,NEFT,2026-03-20 21:20:00,0
TXN_009428,FIR_0012,ACCT_0039,ACCT_0004,125000,UPI,2026-08-23 06:48:00,0
TXN_009429,FIR_0024,ACCT_0075,ACCT_0007,75000,UPI,2026-07-24 17:45:00,0
TXN_009430,FIR_0027,ACCT_0002,ACCT_0043,250000,UPI,2026-05-13 22:08:00,0
TXN_009431,FIR_0012,ACCT_0033,ACCT_0014,125000,cash_deposit,2026-08-03 11:48:00,0
TXN_009432,FIR_0026,ACCT_0035,ACCT_0028,9800,NEFT,2026-04-04 05:32:00,0
TXN_009433,FIR_0010,ACCT_0028,ACCT_0062,5000,NEFT,2026-08-26 06:49:00,0
TXN_009434,FIR_0002,ACCT_0051,ACCT_0036,9800,IMPS,2026-05-12 00:27:00,0
TXN_009435,FIR_0008,ACCT_0024,ACCT_0015,125000,cash_deposit,2026-06-01 18:42:00,0
TXN_009436,FIR_0016,ACCT_0009,ACCT_0014,1200,UPI,2026-08-07 00:58:00,0
TXN_009437,FIR_0009,ACCT_0028,ACCT_0019,125000,IMPS,2026-01-27 16:19:00,0
TXN_009438,FIR_0018,ACCT_0007,ACCT_0060,125000,cash_deposit,2026-01-12 00:06:00,0
TXN_009439,FIR_0022,ACCT_0067,ACCT_0008,125000,UPI,2026-01-19 21:37:00,0
TXN_009440,FIR_0004,ACCT_0035,ACCT_0020,9800,NEFT,2026-04-06 15:17:00,0
TXN_009441,FIR_0027,ACCT_0006,ACCT_0051,125000,UPI,2026-08-14 17:44:00,0
TXN_009442,FIR_0024,ACCT_0078,ACCT_0010,5000,cash_deposit,2026-06-13 00:15:00,0
TXN_009443,FIR_0007,ACCT_0052,ACCT_0037,5000,UPI,2026-03-09 12:15:00,0
TXN_009444,FIR_0001,ACCT_0056,ACCT_0016,24000,cash_deposit,2026-03-18 19:46:00,0
TXN_009445,FIR_0018,ACCT_0022,ACCT_0005,125000,UPI,2026-01-24 14:41:00,0
TXN_009446,FIR_0013,ACCT_0041,ACCT_0011,48000,IMPS,2026-03-11 11:34:00,1
TXN_009447,FIR_0017,ACCT_0046,ACCT_0053,1200,IMPS,2026-07-30 16:49:00,0
TXN_009448,FIR_0026,ACCT_0078,ACCT_0032,24000,NEFT,2026-01-26 10:28:00,0
TXN_009449,FIR_0019,ACCT_0009,ACCT_0076,24000,NEFT,2026-07-29 12:43:00,0
TXN_009450,FIR_0002,ACCT_0075,ACCT_0023,125000,cash_deposit,2026-04-15 08:10:00,0
TXN_009451,FIR_0013,ACCT_0048,ACCT_0001,125000,NEFT,2026-05-12 10:03:00,0
TXN_009452,FIR_0007,ACCT_0047,ACCT_0008,24000,UPI,2026-01-07 08:44:00,0
TXN_009453,FIR_0014,ACCT_0002,ACCT_0060,125000,IMPS,2026-07-12 01:35:00,0
TXN_009454,FIR_0029,ACCT_0018,ACCT_0012,250000,UPI,2026-07-14 05:37:00,0
TXN_009455,FIR_0018,ACCT_0068,ACCT_0060,5000,IMPS,2026-03-22 05:19:00,0
TXN_009456,FIR_0029,ACCT_0029,ACCT_0064,5000,NEFT,2026-04-20 20:28:00,0
TXN_009457,FIR_0011,ACCT_0023,ACCT_0044,9800,IMPS,2026-07-19 11:42:00,0
TXN_009458,FIR_0024,ACCT_0040,ACCT_0069,1200,cash_deposit,2026-08-13 19:02:00,0
TXN_009459,FIR_0018,ACCT_0068,ACCT_0043,9800,IMPS,2026-06-10 02:37:00,0
TXN_009460,FIR_0013,ACCT_0001,ACCT_0040,5000,NEFT,2026-05-01 23:45:00,0
TXN_009461,FIR_0019,ACCT_0015,ACCT_0021,9800,NEFT,2026-03-21 02:48:00,0
TXN_009462,FIR_0030,ACCT_0031,ACCT_0010,1200,NEFT,2026-08-15 11:31:00,0
TXN_009463,FIR_0003,ACCT_0008,ACCT_0049,75000,NEFT,2026-07-01 13:02:00,0
TXN_009464,FIR_0005,ACCT_0051,ACCT_0052,75000,UPI,2026-01-26 04:19:00,0
TXN_009465,FIR_0025,ACCT_0014,ACCT_0031,1200,NEFT,2026-05-28 16:16:00,0
TXN_009466,FIR_0028,ACCT_0053,ACCT_0028,24000,NEFT,2026-02-09 21:17:00,0
TXN_009467,FIR_0029,ACCT_0021,ACCT_0073,9800,IMPS,2026-07-28 19:40:00,0
TXN_009468,FIR_0024,ACCT_0025,ACCT_0080,48000,cash_deposit,2026-04-04 06:12:00,1
TXN_009469,FIR_0024,ACCT_0055,ACCT_0042,24000,UPI,2026-03-04 16:22:00,0
TXN_009470,FIR_0014,ACCT_0019,ACCT_0014,49000,cash_deposit,2026-02-25 04:39:00,1
TXN_009471,FIR_0019,ACCT_0062,ACCT_0042,5000,IMPS,2026-06-11 05:08:00,0
TXN_009472,FIR_0007,ACCT_0062,ACCT_0031,24000,IMPS,2026-04-21 05:13:00,0
TXN_009473,FIR_0030,ACCT_0025,ACCT_0080,5000,cash_deposit,2026-03-02 12:24:00,0
TXN_009474,FIR_0030,ACCT_0052,ACCT_0011,24000,cash_deposit,2026-03-08 15:43:00,0
TXN_009475,FIR_0029,ACCT_0014,ACCT_0024,1200,UPI,2026-02-20 15:26:00,0
TXN_009476,FIR_0012,ACCT_0039,ACCT_0057,75000,IMPS,2026-07-30 04:17:00,0
TXN_009477,FIR_0018,ACCT_0027,ACCT_0023,250000,cash_deposit,2026-02-01 19:16:00,0
TXN_009478,FIR_0003,ACCT_0020,ACCT_0055,24000,UPI,2026-03-29 01:27:00,0
TXN_009479,FIR_0025,ACCT_0063,ACCT_0043,1200,cash_deposit,2026-03-02 18:53:00,0
TXN_009480,FIR_0026,ACCT_0038,ACCT_0050,1200,IMPS,2026-06-22 12:09:00,0
TXN_009481,FIR_0029,ACCT_0039,ACCT_0032,5000,NEFT,2026-03-08 17:50:00,0
TXN_009482,FIR_0018,ACCT_0024,ACCT_0028,9800,IMPS,2026-08-21 06:25:00,0
TXN_009483,FIR_0012,ACCT_0054,ACCT_0031,250000,UPI,2026-03-29 02:06:00,0
TXN_009484,FIR_0003,ACCT_0031,ACCT_0042,49000,NEFT,2026-04-09 02:49:00,1
TXN_009485,FIR_0008,ACCT_0077,ACCT_0020,1200,NEFT,2026-02-01 00:04:00,0
TXN_009486,FIR_0024,ACCT_0009,ACCT_0061,250000,cash_deposit,2026-07-11 16:14:00,0
TXN_009487,FIR_0027,ACCT_0014,ACCT_0058,5000,IMPS,2026-06-11 12:52:00,0
TXN_009488,FIR_0014,ACCT_0057,ACCT_0037,5000,UPI,2026-06-12 03:20:00,0
TXN_009489,FIR_0015,ACCT_0005,ACCT_0003,5000,cash_deposit,2026-08-16 21:09:00,0
TXN_009490,FIR_0022,ACCT_0035,ACCT_0023,75000,NEFT,2026-08-19 20:12:00,0
TXN_009491,FIR_0008,ACCT_0022,ACCT_0054,49000,NEFT,2026-02-20 00:45:00,1
TXN_009492,FIR_0008,ACCT_0007,ACCT_0052,48000,IMPS,2026-04-03 06:14:00,1
TXN_009493,FIR_0011,ACCT_0069,ACCT_0070,5000,IMPS,2026-04-09 16:32:00,0
TXN_009494,FIR_0024,ACCT_0065,ACCT_0002,9800,NEFT,2026-04-05 04:06:00,0
TXN_009495,FIR_0013,ACCT_0054,ACCT_0053,5000,cash_deposit,2026-01-17 20:10:00,0
TXN_009496,FIR_0021,ACCT_0052,ACCT_0039,75000,NEFT,2026-01-07 17:43:00,0
TXN_009497,FIR_0023,ACCT_0027,ACCT_0051,9800,UPI,2026-02-12 15:41:00,0
TXN_009498,FIR_0021,ACCT_0009,ACCT_0005,48000,UPI,2026-08-21 08:02:00,1
TXN_009499,FIR_0009,ACCT_0046,ACCT_0040,5000,IMPS,2026-02-12 10:30:00,0
TXN_009500,FIR_0004,ACCT_0055,ACCT_0029,1200,UPI,2026-02-22 09:34:00,0
TXN_009501,FIR_0026,ACCT_0002,ACCT_0022,75000,NEFT,2026-06-01 21:07:00,0
TXN_009502,FIR_0002,ACCT_0018,ACCT_0028,49000,UPI,2026-08-16 23:26:00,1
TXN_009503,FIR_0028,ACCT_0024,ACCT_0026,250000,UPI,2026-07-31 07:48:00,0
TXN_009504,FIR_0001,ACCT_0066,ACCT_0037,48000,IMPS,2026-05-09 04:43:00,1
TXN_009505,FIR_0024,ACCT_0073,ACCT_0068,9800,cash_deposit,2026-08-10 10:40:00,0
TXN_009506,FIR_0008,ACCT_0059,ACCT_0036,48000,cash_deposit,2026-05-07 02:19:00,1
TXN_009507,FIR_0016,ACCT_0063,ACCT_0062,1200,UPI,2026-02-18 05:12:00,0
TXN_009508,FIR_0029,ACCT_0038,ACCT_0022,49000,cash_deposit,2026-02-26 02:15:00,1
TXN_009509,FIR_0022,ACCT_0041,ACCT_0012,1200,NEFT,2026-01-05 22:32:00,0
TXN_009510,FIR_0016,ACCT_0001,ACCT_0075,48000,cash_deposit,2026-08-05 02:30:00,1
TXN_009511,FIR_0017,ACCT_0009,ACCT_0021,125000,NEFT,2026-07-23 20:51:00,0
TXN_009512,FIR_0023,ACCT_0032,ACCT_0016,5000,UPI,2026-07-24 13:59:00,0
TXN_009513,FIR_0022,ACCT_0006,ACCT_0079,49000,NEFT,2026-08-05 17:45:00,1
TXN_009514,FIR_0021,ACCT_0028,ACCT_0054,75000,UPI,2026-01-25 23:59:00,0
TXN_009515,FIR_0026,ACCT_0027,ACCT_0035,24000,NEFT,2026-05-07 13:22:00,0
TXN_009516,FIR_0010,ACCT_0023,ACCT_0017,250000,cash_deposit,2026-02-11 23:34:00,0
TXN_009517,FIR_0019,ACCT_0062,ACCT_0029,250000,IMPS,2026-02-09 04:47:00,0
TXN_009518,FIR_0001,ACCT_0039,ACCT_0030,5000,UPI,2026-02-18 03:58:00,0
TXN_009519,FIR_0012,ACCT_0003,ACCT_0020,250000,cash_deposit,2026-05-24 18:27:00,0
TXN_009520,FIR_0005,ACCT_0047,ACCT_0064,9800,UPI,2026-03-12 16:02:00,0
TXN_009521,FIR_0005,ACCT_0055,ACCT_0059,1200,UPI,2026-08-01 17:46:00,0
TXN_009522,FIR_0004,ACCT_0054,ACCT_0058,48000,cash_deposit,2026-01-03 04:40:00,1
TXN_009523,FIR_0006,ACCT_0077,ACCT_0015,48000,cash_deposit,2026-05-29 10:20:00,1
TXN_009524,FIR_0015,ACCT_0043,ACCT_0076,24000,UPI,2026-04-01 10:39:00,0
TXN_009525,FIR_0011,ACCT_0048,ACCT_0080,5000,UPI,2026-04-24 23:19:00,0
TXN_009526,FIR_0025,ACCT_0067,ACCT_0056,75000,NEFT,2026-02-22 18:23:00,0
TXN_009527,FIR_0025,ACCT_0033,ACCT_0078,125000,IMPS,2026-02-28 13:29:00,0
TXN_009528,FIR_0012,ACCT_0050,ACCT_0048,1200,IMPS,2026-05-19 06:28:00,0
TXN_009529,FIR_0014,ACCT_0022,ACCT_0007,5000,UPI,2026-02-23 23:18:00,0
TXN_009530,FIR_0019,ACCT_0040,ACCT_0062,75000,NEFT,2026-08-26 13:48:00,0
TXN_009531,FIR_0013,ACCT_0005,ACCT_0055,48000,IMPS,2026-08-13 14:44:00,1
TXN_009532,FIR_0026,ACCT_0054,ACCT_0012,250000,NEFT,2026-01-31 07:27:00,0
TXN_009533,FIR_0025,ACCT_0018,ACCT_0062,75000,NEFT,2026-06-17 15:17:00,0
TXN_009534,FIR_0012,ACCT_0004,ACCT_0003,250000,IMPS,2026-01-19 05:09:00,0
TXN_009535,FIR_0025,ACCT_0003,ACCT_0029,5000,cash_deposit,2026-04-28 15:35:00,0
TXN_009536,FIR_0024,ACCT_0023,ACCT_0007,75000,cash_deposit,2026-06-21 13:10:00,0
TXN_009537,FIR_0013,ACCT_0037,ACCT_0041,125000,cash_deposit,2026-01-23 20:52:00,0
TXN_009538,FIR_0007,ACCT_0020,ACCT_0064,125000,IMPS,2026-01-13 10:57:00,0
TXN_009539,FIR_0007,ACCT_0048,ACCT_0027,9800,IMPS,2026-04-24 07:10:00,0
TXN_009540,FIR_0006,ACCT_0033,ACCT_0026,9800,NEFT,2026-04-10 04:29:00,0
TXN_009541,FIR_0007,ACCT_0004,ACCT_0037,1200,UPI,2026-05-01 23:44:00,0
TXN_009542,FIR_0021,ACCT_0027,ACCT_0032,48000,UPI,2026-01-02 18:30:00,1
TXN_009543,FIR_0003,ACCT_0067,ACCT_0078,125000,IMPS,2026-04-29 15:44:00,0
TXN_009544,FIR_0014,ACCT_0017,ACCT_0024,5000,UPI,2026-04-28 13:44:00,0
TXN_009545,FIR_0017,ACCT_0017,ACCT_0035,5000,UPI,2026-06-22 21:24:00,0
TXN_009546,FIR_0005,ACCT_0050,ACCT_0041,49000,NEFT,2026-02-20 23:59:00,1
TXN_009547,FIR_0026,ACCT_0066,ACCT_0074,250000,NEFT,2026-05-08 04:23:00,0
TXN_009548,FIR_0007,ACCT_0061,ACCT_0042,5000,UPI,2026-04-16 13:03:00,0
TXN_009549,FIR_0025,ACCT_0054,ACCT_0056,9800,IMPS,2026-08-22 16:32:00,0
TXN_009550,FIR_0017,ACCT_0033,ACCT_0018,125000,NEFT,2026-04-03 20:30:00,0
TXN_009551,FIR_0005,ACCT_0079,ACCT_0056,125000,IMPS,2026-03-11 02:26:00,0
TXN_009552,FIR_0017,ACCT_0041,ACCT_0018,49000,NEFT,2026-01-11 04:55:00,1
TXN_009553,FIR_0028,ACCT_0025,ACCT_0002,24000,UPI,2026-03-23 20:32:00,0
TXN_009554,FIR_0022,ACCT_0068,ACCT_0034,48000,NEFT,2026-06-02 03:07:00,1
TXN_009555,FIR_0020,ACCT_0079,ACCT_0028,49000,UPI,2026-01-02 08:48:00,1
TXN_009556,FIR_0025,ACCT_0080,ACCT_0005,24000,NEFT,2026-05-29 01:52:00,0
TXN_009557,FIR_0016,ACCT_0074,ACCT_0052,5000,cash_deposit,2026-07-08 08:48:00,0
TXN_009558,FIR_0019,ACCT_0026,ACCT_0056,24000,IMPS,2026-04-05 00:24:00,0
TXN_009559,FIR_0027,ACCT_0006,ACCT_0032,1200,cash_deposit,2026-02-12 08:22:00,0
TXN_009560,FIR_0004,ACCT_0021,ACCT_0037,9800,NEFT,2026-07-26 19:19:00,0
TXN_009561,FIR_0011,ACCT_0013,ACCT_0063,250000,cash_deposit,2026-02-17 15:03:00,0
TXN_009562,FIR_0006,ACCT_0018,ACCT_0005,1200,UPI,2026-04-10 08:37:00,0
TXN_009563,FIR_0005,ACCT_0072,ACCT_0013,9800,IMPS,2026-01-17 13:02:00,0
TXN_009564,FIR_0024,ACCT_0062,ACCT_0027,75000,NEFT,2026-06-07 22:10:00,0
TXN_009565,FIR_0028,ACCT_0034,ACCT_0071,125000,IMPS,2026-08-09 22:54:00,0
TXN_009566,FIR_0013,ACCT_0026,ACCT_0065,75000,IMPS,2026-05-04 06:28:00,0
TXN_009567,FIR_0014,ACCT_0037,ACCT_0001,49000,cash_deposit,2026-05-15 21:50:00,1
TXN_009568,FIR_0020,ACCT_0005,ACCT_0076,9800,UPI,2026-07-02 21:39:00,0
TXN_009569,FIR_0026,ACCT_0061,ACCT_0024,49000,IMPS,2026-03-29 23:53:00,1
TXN_009570,FIR_0002,ACCT_0075,ACCT_0033,125000,NEFT,2026-01-01 10:18:00,0
TXN_009571,FIR_0002,ACCT_0023,ACCT_0012,125000,cash_deposit,2026-07-13 02:32:00,0
TXN_009572,FIR_0017,ACCT_0011,ACCT_0009,250000,cash_deposit,2026-08-10 13:16:00,0
TXN_009573,FIR_0019,ACCT_0020,ACCT_0060,125000,cash_deposit,2026-07-07 17:03:00,0
TXN_009574,FIR_0021,ACCT_0054,ACCT_0003,5000,NEFT,2026-05-30 01:20:00,0
TXN_009575,FIR_0015,ACCT_0035,ACCT_0077,250000,cash_deposit,2026-03-05 13:08:00,0
TXN_009576,FIR_0020,ACCT_0078,ACCT_0019,49000,NEFT,2026-02-27 00:09:00,1
TXN_009577,FIR_0022,ACCT_0035,ACCT_0009,5000,UPI,2026-07-13 00:49:00,0
TXN_009578,FIR_0024,ACCT_0075,ACCT_0076,1200,UPI,2026-02-11 16:00:00,0
TXN_009579,FIR_0024,ACCT_0031,ACCT_0037,9800,NEFT,2026-05-27 06:01:00,0
TXN_009580,FIR_0026,ACCT_0041,ACCT_0031,75000,NEFT,2026-04-11 11:06:00,0
TXN_009581,FIR_0009,ACCT_0079,ACCT_0015,5000,NEFT,2026-08-25 12:18:00,0
TXN_009582,FIR_0028,ACCT_0075,ACCT_0060,24000,cash_deposit,2026-06-04 00:42:00,0
TXN_009583,FIR_0029,ACCT_0002,ACCT_0070,1200,UPI,2026-01-17 07:26:00,0
TXN_009584,FIR_0024,ACCT_0033,ACCT_0073,9800,cash_deposit,2026-05-21 03:23:00,0
TXN_009585,FIR_0029,ACCT_0046,ACCT_0080,9800,NEFT,2026-01-20 19:06:00,0
TXN_009586,FIR_0001,ACCT_0036,ACCT_0007,125000,UPI,2026-06-26 05:58:00,0
TXN_009587,FIR_0025,ACCT_0070,ACCT_0066,49000,IMPS,2026-02-05 21:01:00,1
TXN_009588,FIR_0030,ACCT_0071,ACCT_0043,49000,NEFT,2026-03-18 19:31:00,1
TXN_009589,FIR_0010,ACCT_0076,ACCT_0041,24000,NEFT,2026-01-25 13:57:00,0
TXN_009590,FIR_0017,ACCT_0006,ACCT_0035,1200,IMPS,2026-01-19 07:46:00,0
TXN_009591,FIR_0023,ACCT_0007,ACCT_0057,24000,IMPS,2026-02-28 04:45:00,0
TXN_009592,FIR_0013,ACCT_0035,ACCT_0061,49000,cash_deposit,2026-01-06 07:24:00,1
TXN_009593,FIR_0014,ACCT_0050,ACCT_0067,1200,UPI,2026-02-21 18:19:00,0
TXN_009594,FIR_0030,ACCT_0076,ACCT_0043,1200,NEFT,2026-07-28 18:53:00,0
TXN_009595,FIR_0023,ACCT_0074,ACCT_0022,5000,UPI,2026-03-08 14:23:00,0
TXN_009596,FIR_0003,ACCT_0034,ACCT_0061,24000,NEFT,2026-06-19 06:01:00,0
TXN_009597,FIR_0015,ACCT_0052,ACCT_0005,9800,IMPS,2026-05-29 21:44:00,0
TXN_009598,FIR_0029,ACCT_0067,ACCT_0056,9800,IMPS,2026-05-06 17:10:00,0
TXN_009599,FIR_0009,ACCT_0060,ACCT_0011,250000,NEFT,2026-07-28 13:58:00,0
TXN_009600,FIR_0027,ACCT_0002,ACCT_0028,24000,cash_deposit,2026-02-11 11:26:00,0
TXN_009601,FIR_0023,ACCT_0075,ACCT_0013,48000,cash_deposit,2026-05-17 09:16:00,1
TXN_009602,FIR_0013,ACCT_0071,ACCT_0020,9800,cash_deposit,2026-01-01 20:26:00,0
TXN_009603,FIR_0022,ACCT_0060,ACCT_0045,5000,NEFT,2026-06-29 15:29:00,0
TXN_009604,FIR_0028,ACCT_0030,ACCT_0049,1200,IMPS,2026-01-31 08:43:00,0
TXN_009605,FIR_0030,ACCT_0077,ACCT_0072,9800,UPI,2026-06-16 21:09:00,0
TXN_009606,FIR_0020,ACCT_0041,ACCT_0007,48000,cash_deposit,2026-05-20 00:31:00,1
TXN_009607,FIR_0026,ACCT_0033,ACCT_0030,250000,IMPS,2026-08-25 20:27:00,0
TXN_009608,FIR_0028,ACCT_0025,ACCT_0072,9800,UPI,2026-05-25 14:05:00,0
TXN_009609,FIR_0015,ACCT_0050,ACCT_0032,5000,cash_deposit,2026-01-14 07:38:00,0
TXN_009610,FIR_0013,ACCT_0058,ACCT_0053,49000,cash_deposit,2026-07-09 08:25:00,1
TXN_009611,FIR_0008,ACCT_0035,ACCT_0071,1200,IMPS,2026-01-25 17:07:00,0
TXN_009612,FIR_0023,ACCT_0009,ACCT_0076,75000,UPI,2026-06-20 23:20:00,0
TXN_009613,FIR_0005,ACCT_0068,ACCT_0047,1200,cash_deposit,2026-08-06 14:05:00,0
TXN_009614,FIR_0027,ACCT_0001,ACCT_0079,125000,UPI,2026-07-17 23:38:00,0
TXN_009615,FIR_0020,ACCT_0025,ACCT_0045,9800,UPI,2026-06-22 20:19:00,0
TXN_009616,FIR_0001,ACCT_0040,ACCT_0041,1200,NEFT,2026-08-21 17:04:00,0
TXN_009617,FIR_0022,ACCT_0075,ACCT_0033,250000,cash_deposit,2026-07-23 07:40:00,0
TXN_009618,FIR_0011,ACCT_0061,ACCT_0056,125000,IMPS,2026-05-15 21:38:00,0
TXN_009619,FIR_0005,ACCT_0030,ACCT_0080,49000,IMPS,2026-04-21 23:28:00,1
TXN_009620,FIR_0002,ACCT_0020,ACCT_0080,125000,IMPS,2026-06-20 07:43:00,0
TXN_009621,FIR_0004,ACCT_0012,ACCT_0054,1200,NEFT,2026-05-26 19:02:00,0
TXN_009622,FIR_0017,ACCT_0013,ACCT_0005,75000,UPI,2026-01-12 03:58:00,0
TXN_009623,FIR_0001,ACCT_0001,ACCT_0070,1200,cash_deposit,2026-07-26 00:54:00,0
TXN_009624,FIR_0013,ACCT_0069,ACCT_0053,24000,UPI,2026-05-05 05:06:00,0
TXN_009625,FIR_0007,ACCT_0012,ACCT_0013,1200,UPI,2026-07-14 06:28:00,0
TXN_009626,FIR_0020,ACCT_0043,ACCT_0030,9800,IMPS,2026-02-24 01:52:00,0
TXN_009627,FIR_0003,ACCT_0073,ACCT_0064,250000,IMPS,2026-08-01 10:08:00,0
TXN_009628,FIR_0010,ACCT_0055,ACCT_0062,75000,cash_deposit,2026-01-03 05:29:00,0
TXN_009629,FIR_0010,ACCT_0060,ACCT_0017,125000,NEFT,2026-01-29 07:15:00,0
TXN_009630,FIR_0008,ACCT_0043,ACCT_0020,250000,UPI,2026-02-21 00:41:00,0
TXN_009631,FIR_0002,ACCT_0067,ACCT_0079,24000,UPI,2026-05-23 09:14:00,0
TXN_009632,FIR_0011,ACCT_0029,ACCT_0052,1200,IMPS,2026-05-10 00:33:00,0
TXN_009633,FIR_0009,ACCT_0029,ACCT_0011,75000,cash_deposit,2026-07-09 00:27:00,0
TXN_009634,FIR_0014,ACCT_0029,ACCT_0057,125000,cash_deposit,2026-07-05 01:54:00,0
TXN_009635,FIR_0027,ACCT_0023,ACCT_0045,125000,cash_deposit,2026-02-19 11:58:00,0
TXN_009636,FIR_0011,ACCT_0002,ACCT_0025,250000,NEFT,2026-06-17 10:15:00,0
TXN_009637,FIR_0026,ACCT_0050,ACCT_0021,9800,UPI,2026-04-03 07:37:00,0
TXN_009638,FIR_0005,ACCT_0040,ACCT_0045,48000,cash_deposit,2026-04-19 07:17:00,1
TXN_009639,FIR_0014,ACCT_0007,ACCT_0010,9800,IMPS,2026-08-02 09:31:00,0
TXN_009640,FIR_0004,ACCT_0077,ACCT_0042,48000,cash_deposit,2026-05-02 04:20:00,1
TXN_009641,FIR_0013,ACCT_0005,ACCT_0024,5000,cash_deposit,2026-01-11 08:30:00,0
TXN_009642,FIR_0011,ACCT_0052,ACCT_0061,49000,cash_deposit,2026-05-16 01:49:00,1
TXN_009643,FIR_0027,ACCT_0025,ACCT_0032,125000,IMPS,2026-04-09 13:17:00,0
TXN_009644,FIR_0026,ACCT_0038,ACCT_0039,1200,IMPS,2026-06-19 18:47:00,0
TXN_009645,FIR_0027,ACCT_0022,ACCT_0032,9800,UPI,2026-08-08 21:19:00,0
TXN_009646,FIR_0001,ACCT_0037,ACCT_0042,5000,IMPS,2026-03-01 15:18:00,0
TXN_009647,FIR_0024,ACCT_0059,ACCT_0035,9800,IMPS,2026-06-15 08:57:00,0
TXN_009648,FIR_0008,ACCT_0009,ACCT_0025,1200,IMPS,2026-05-10 03:32:00,0
TXN_009649,FIR_0029,ACCT_0005,ACCT_0015,48000,cash_deposit,2026-07-02 04:39:00,1
TXN_009650,FIR_0001,ACCT_0051,ACCT_0069,24000,UPI,2026-09-01 06:04:00,0
TXN_009651,FIR_0007,ACCT_0054,ACCT_0026,9800,UPI,2026-06-14 17:42:00,0
TXN_009652,FIR_0024,ACCT_0040,ACCT_0026,24000,IMPS,2026-07-10 12:02:00,0
TXN_009653,FIR_0017,ACCT_0010,ACCT_0057,9800,IMPS,2026-01-03 01:20:00,0
TXN_009654,FIR_0020,ACCT_0030,ACCT_0074,1200,cash_deposit,2026-06-07 11:32:00,0
TXN_009655,FIR_0024,ACCT_0080,ACCT_0010,9800,IMPS,2026-04-21 13:12:00,0
TXN_009656,FIR_0015,ACCT_0003,ACCT_0010,9800,UPI,2026-06-07 03:37:00,0
TXN_009657,FIR_0008,ACCT_0076,ACCT_0014,250000,NEFT,2026-04-04 01:12:00,0
TXN_009658,FIR_0020,ACCT_0038,ACCT_0058,125000,NEFT,2026-02-17 08:39:00,0
TXN_009659,FIR_0001,ACCT_0061,ACCT_0062,250000,UPI,2026-08-06 18:31:00,0
TXN_009660,FIR_0020,ACCT_0078,ACCT_0051,48000,cash_deposit,2026-03-10 19:44:00,1
TXN_009661,FIR_0001,ACCT_0063,ACCT_0009,250000,NEFT,2026-03-19 20:20:00,0
TXN_009662,FIR_0013,ACCT_0015,ACCT_0007,1200,cash_deposit,2026-08-08 16:30:00,0
TXN_009663,FIR_0028,ACCT_0012,ACCT_0047,5000,IMPS,2026-08-01 23:16:00,0
TXN_009664,FIR_0008,ACCT_0055,ACCT_0076,75000,NEFT,2026-05-24 14:26:00,0
TXN_009665,FIR_0010,ACCT_0011,ACCT_0077,49000,NEFT,2026-06-07 22:06:00,1
TXN_009666,FIR_0028,ACCT_0013,ACCT_0025,49000,NEFT,2026-02-20 09:14:00,1
TXN_009667,FIR_0019,ACCT_0072,ACCT_0019,49000,cash_deposit,2026-04-19 05:25:00,1
TXN_009668,FIR_0013,ACCT_0040,ACCT_0060,49000,cash_deposit,2026-04-01 23:49:00,1
TXN_009669,FIR_0002,ACCT_0058,ACCT_0068,75000,NEFT,2026-05-27 05:12:00,0
TXN_009670,FIR_0025,ACCT_0004,ACCT_0008,75000,NEFT,2026-08-20 12:43:00,0
TXN_009671,FIR_0003,ACCT_0019,ACCT_0029,5000,cash_deposit,2026-08-04 04:16:00,0
TXN_009672,FIR_0018,ACCT_0072,ACCT_0033,49000,UPI,2026-02-15 00:21:00,1
TXN_009673,FIR_0018,ACCT_0015,ACCT_0046,9800,UPI,2026-03-30 18:12:00,0
TXN_009674,FIR_0022,ACCT_0019,ACCT_0055,24000,UPI,2026-06-20 02:04:00,0
TXN_009675,FIR_0006,ACCT_0052,ACCT_0006,250000,NEFT,2026-05-01 17:01:00,0
TXN_009676,FIR_0024,ACCT_0022,ACCT_0079,9800,UPI,2026-07-05 05:50:00,0
TXN_009677,FIR_0018,ACCT_0021,ACCT_0013,125000,IMPS,2026-02-26 22:22:00,0
TXN_009678,FIR_0017,ACCT_0014,ACCT_0072,48000,NEFT,2026-01-02 16:21:00,1
TXN_009679,FIR_0015,ACCT_0033,ACCT_0069,125000,cash_deposit,2026-06-07 00:55:00,0
TXN_009680,FIR_0023,ACCT_0048,ACCT_0058,24000,NEFT,2026-02-11 03:17:00,0
TXN_009681,FIR_0022,ACCT_0071,ACCT_0001,75000,IMPS,2026-01-22 10:27:00,0
TXN_009682,FIR_0005,ACCT_0063,ACCT_0030,49000,cash_deposit,2026-07-12 06:20:00,1
TXN_009683,FIR_0008,ACCT_0019,ACCT_0066,250000,UPI,2026-01-18 19:26:00,0
TXN_009684,FIR_0002,ACCT_0021,ACCT_0070,250000,UPI,2026-03-14 14:11:00,0
TXN_009685,FIR_0017,ACCT_0053,ACCT_0015,49000,UPI,2026-07-05 02:37:00,1
TXN_009686,FIR_0027,ACCT_0066,ACCT_0032,49000,IMPS,2026-07-12 01:21:00,1
TXN_009687,FIR_0016,ACCT_0050,ACCT_0040,24000,cash_deposit,2026-03-15 17:01:00,0
TXN_009688,FIR_0021,ACCT_0023,ACCT_0006,9800,IMPS,2026-03-06 05:04:00,0
TXN_009689,FIR_0001,ACCT_0056,ACCT_0023,250000,cash_deposit,2026-06-13 20:40:00,0
TXN_009690,FIR_0024,ACCT_0050,ACCT_0032,1200,NEFT,2026-03-21 11:44:00,0
TXN_009691,FIR_0003,ACCT_0011,ACCT_0076,48000,NEFT,2026-08-15 16:53:00,1
TXN_009692,FIR_0012,ACCT_0053,ACCT_0035,1200,UPI,2026-08-11 19:54:00,0
TXN_009693,FIR_0001,ACCT_0015,ACCT_0041,9800,NEFT,2026-07-16 12:17:00,0
TXN_009694,FIR_0007,ACCT_0044,ACCT_0063,125000,cash_deposit,2026-04-24 14:24:00,0
TXN_009695,FIR_0001,ACCT_0021,ACCT_0079,49000,IMPS,2026-04-29 22:05:00,1
TXN_009696,FIR_0023,ACCT_0032,ACCT_0039,1200,NEFT,2026-08-23 15:06:00,0
TXN_009697,FIR_0019,ACCT_0018,ACCT_0054,5000,IMPS,2026-06-27 08:27:00,0
TXN_009698,FIR_0016,ACCT_0073,ACCT_0026,125000,NEFT,2026-03-10 17:06:00,0
TXN_009699,FIR_0028,ACCT_0048,ACCT_0054,1200,cash_deposit,2026-07-16 01:43:00,0
TXN_009700,FIR_0010,ACCT_0036,ACCT_0004,48000,NEFT,2026-06-14 20:00:00,1
TXN_009701,FIR_0029,ACCT_0045,ACCT_0035,9800,NEFT,2026-04-23 05:02:00,0
TXN_009702,FIR_0003,ACCT_0048,ACCT_0005,250000,cash_deposit,2026-01-29 07:25:00,0
TXN_009703,FIR_0014,ACCT_0023,ACCT_0027,250000,UPI,2026-02-04 04:51:00,0
TXN_009704,FIR_0029,ACCT_0059,ACCT_0008,1200,UPI,2026-02-21 03:43:00,0
TXN_009705,FIR_0010,ACCT_0020,ACCT_0030,125000,IMPS,2026-04-26 07:13:00,0
TXN_009706,FIR_0030,ACCT_0064,ACCT_0045,24000,cash_deposit,2026-07-04 17:06:00,0
TXN_009707,FIR_0006,ACCT_0050,ACCT_0027,24000,NEFT,2026-05-08 13:16:00,0
TXN_009708,FIR_0004,ACCT_0071,ACCT_0064,1200,NEFT,2026-01-30 15:17:00,0
TXN_009709,FIR_0028,ACCT_0011,ACCT_0012,75000,UPI,2026-06-07 10:25:00,0
TXN_009710,FIR_0014,ACCT_0055,ACCT_0072,250000,NEFT,2026-01-03 22:46:00,0
TXN_009711,FIR_0008,ACCT_0033,ACCT_0043,9800,cash_deposit,2026-01-12 15:36:00,0
TXN_009712,FIR_0029,ACCT_0052,ACCT_0063,24000,NEFT,2026-04-30 07:05:00,0
TXN_009713,FIR_0015,ACCT_0070,ACCT_0017,75000,UPI,2026-07-09 21:41:00,0
TXN_009714,FIR_0008,ACCT_0036,ACCT_0014,125000,cash_deposit,2026-06-18 16:14:00,0
TXN_009715,FIR_0030,ACCT_0038,ACCT_0049,75000,UPI,2026-01-16 22:02:00,0
TXN_009716,FIR_0002,ACCT_0010,ACCT_0031,5000,UPI,2026-06-24 13:46:00,0
TXN_009717,FIR_0007,ACCT_0055,ACCT_0025,125000,IMPS,2026-03-03 23:39:00,0
TXN_009718,FIR_0008,ACCT_0033,ACCT_0061,9800,UPI,2026-05-22 08:45:00,0
TXN_009719,FIR_0015,ACCT_0052,ACCT_0042,49000,UPI,2026-03-18 03:46:00,1
TXN_009720,FIR_0016,ACCT_0002,ACCT_0033,5000,UPI,2026-01-15 22:43:00,0
TXN_009721,FIR_0012,ACCT_0058,ACCT_0049,24000,IMPS,2026-07-16 14:25:00,0
TXN_009722,FIR_0001,ACCT_0078,ACCT_0017,125000,cash_deposit,2026-03-30 06:24:00,0
TXN_009723,FIR_0014,ACCT_0022,ACCT_0036,125000,UPI,2026-03-30 03:51:00,0
TXN_009724,FIR_0011,ACCT_0028,ACCT_0065,49000,NEFT,2026-07-01 18:06:00,1
TXN_009725,FIR_0005,ACCT_0063,ACCT_0001,48000,IMPS,2026-06-24 04:49:00,1
TXN_009726,FIR_0028,ACCT_0051,ACCT_0024,75000,IMPS,2026-06-02 01:02:00,0
TXN_009727,FIR_0012,ACCT_0028,ACCT_0016,250000,cash_deposit,2026-03-26 09:45:00,0
TXN_009728,FIR_0028,ACCT_0053,ACCT_0038,250000,cash_deposit,2026-08-19 00:43:00,0
TXN_009729,FIR_0016,ACCT_0075,ACCT_0051,125000,NEFT,2026-01-06 12:20:00,0
TXN_009730,FIR_0005,ACCT_0039,ACCT_0026,125000,NEFT,2026-05-31 23:44:00,0
TXN_009731,FIR_0002,ACCT_0034,ACCT_0022,48000,NEFT,2026-07-10 06:28:00,1
TXN_009732,FIR_0016,ACCT_0047,ACCT_0006,5000,cash_deposit,2026-03-05 07:17:00,0
TXN_009733,FIR_0010,ACCT_0039,ACCT_0037,5000,UPI,2026-03-27 15:03:00,0
TXN_009734,FIR_0015,ACCT_0017,ACCT_0047,125000,UPI,2026-08-13 23:37:00,0
TXN_009735,FIR_0016,ACCT_0016,ACCT_0067,49000,IMPS,2026-04-12 06:25:00,1
TXN_009736,FIR_0024,ACCT_0049,ACCT_0077,9800,IMPS,2026-09-01 03:11:00,0
TXN_009737,FIR_0019,ACCT_0043,ACCT_0035,49000,IMPS,2026-08-02 03:13:00,1
TXN_009738,FIR_0030,ACCT_0001,ACCT_0020,125000,UPI,2026-06-07 04:52:00,0
TXN_009739,FIR_0028,ACCT_0019,ACCT_0050,5000,NEFT,2026-07-02 00:41:00,0
TXN_009740,FIR_0025,ACCT_0055,ACCT_0069,49000,UPI,2026-05-26 05:31:00,1
TXN_009741,FIR_0012,ACCT_0020,ACCT_0012,125000,IMPS,2026-08-22 03:31:00,0
TXN_009742,FIR_0003,ACCT_0025,ACCT_0012,250000,IMPS,2026-02-15 05:10:00,0
TXN_009743,FIR_0001,ACCT_0008,ACCT_0005,125000,UPI,2026-06-16 09:43:00,0
TXN_009744,FIR_0010,ACCT_0046,ACCT_0025,24000,cash_deposit,2026-02-09 14:04:00,0
TXN_009745,FIR_0019,ACCT_0022,ACCT_0054,48000,IMPS,2026-06-28 20:05:00,1
TXN_009746,FIR_0030,ACCT_0068,ACCT_0042,9800,cash_deposit,2026-05-20 01:41:00,0
TXN_009747,FIR_0020,ACCT_0068,ACCT_0049,125000,NEFT,2026-04-17 22:46:00,0
TXN_009748,FIR_0002,ACCT_0047,ACCT_0076,125000,cash_deposit,2026-02-02 19:19:00,0
TXN_009749,FIR_0026,ACCT_0055,ACCT_0052,250000,NEFT,2026-01-02 07:31:00,0
TXN_009750,FIR_0023,ACCT_0011,ACCT_0008,75000,NEFT,2026-02-16 07:40:00,0
TXN_009751,FIR_0019,ACCT_0025,ACCT_0033,5000,cash_deposit,2026-06-23 01:37:00,0
TXN_009752,FIR_0013,ACCT_0040,ACCT_0020,48000,NEFT,2026-08-02 23:23:00,1
TXN_009753,FIR_0019,ACCT_0035,ACCT_0046,5000,UPI,2026-06-02 02:08:00,0
TXN_009754,FIR_0014,ACCT_0077,ACCT_0027,1200,UPI,2026-07-20 06:13:00,0
TXN_009755,FIR_0019,ACCT_0023,ACCT_0039,24000,UPI,2026-01-12 08:38:00,0
TXN_009756,FIR_0002,ACCT_0042,ACCT_0016,250000,UPI,2026-05-30 00:00:00,0
TXN_009757,FIR_0005,ACCT_0062,ACCT_0030,75000,UPI,2026-07-13 04:06:00,0
TXN_009758,FIR_0022,ACCT_0007,ACCT_0005,9800,UPI,2026-06-24 23:07:00,0
TXN_009759,FIR_0002,ACCT_0005,ACCT_0023,5000,IMPS,2026-01-24 02:01:00,0
TXN_009760,FIR_0006,ACCT_0050,ACCT_0036,75000,NEFT,2026-05-24 08:59:00,0
TXN_009761,FIR_0004,ACCT_0001,ACCT_0054,75000,UPI,2026-09-01 03:29:00,0
TXN_009762,FIR_0030,ACCT_0042,ACCT_0005,75000,IMPS,2026-07-17 17:46:00,0
TXN_009763,FIR_0002,ACCT_0007,ACCT_0033,125000,cash_deposit,2026-03-31 12:44:00,0
TXN_009764,FIR_0007,ACCT_0010,ACCT_0080,1200,UPI,2026-02-23 01:28:00,0
TXN_009765,FIR_0001,ACCT_0047,ACCT_0051,250000,NEFT,2026-07-17 06:39:00,0
TXN_009766,FIR_0020,ACCT_0032,ACCT_0019,9800,IMPS,2026-07-07 22:40:00,0
TXN_009767,FIR_0004,ACCT_0053,ACCT_0026,49000,UPI,2026-06-18 18:20:00,1
TXN_009768,FIR_0022,ACCT_0055,ACCT_0057,75000,UPI,2026-08-29 22:05:00,0
TXN_009769,FIR_0005,ACCT_0049,ACCT_0011,49000,NEFT,2026-04-17 09:03:00,1
TXN_009770,FIR_0025,ACCT_0015,ACCT_0073,49000,cash_deposit,2026-07-16 16:10:00,1
TXN_009771,FIR_0010,ACCT_0038,ACCT_0047,125000,IMPS,2026-04-14 18:48:00,0
TXN_009772,FIR_0029,ACCT_0021,ACCT_0033,49000,UPI,2026-03-06 16:18:00,1
TXN_009773,FIR_0008,ACCT_0022,ACCT_0051,24000,UPI,2026-03-08 00:03:00,0
TXN_009774,FIR_0005,ACCT_0075,ACCT_0045,250000,NEFT,2026-08-22 13:12:00,0
TXN_009775,FIR_0018,ACCT_0077,ACCT_0005,49000,IMPS,2026-01-28 18:41:00,1
TXN_009776,FIR_0020,ACCT_0009,ACCT_0030,75000,IMPS,2026-07-25 02:19:00,0
TXN_009777,FIR_0020,ACCT_0067,ACCT_0052,125000,NEFT,2026-01-18 23:28:00,0
TXN_009778,FIR_0017,ACCT_0018,ACCT_0058,49000,IMPS,2026-05-02 03:46:00,1
TXN_009779,FIR_0014,ACCT_0018,ACCT_0024,1200,UPI,2026-07-02 08:48:00,0
TXN_009780,FIR_0017,ACCT_0004,ACCT_0053,48000,cash_deposit,2026-08-10 23:00:00,1
TXN_009781,FIR_0026,ACCT_0029,ACCT_0074,48000,IMPS,2026-08-14 09:41:00,1
TXN_009782,FIR_0002,ACCT_0013,ACCT_0066,48000,IMPS,2026-05-03 07:56:00,1
TXN_009783,FIR_0023,ACCT_0030,ACCT_0040,49000,IMPS,2026-04-16 05:38:00,1
TXN_009784,FIR_0020,ACCT_0076,ACCT_0002,75000,NEFT,2026-01-20 11:42:00,0
TXN_009785,FIR_0006,ACCT_0004,ACCT_0077,5000,cash_deposit,2026-01-29 20:01:00,0
TXN_009786,FIR_0005,ACCT_0056,ACCT_0053,49000,IMPS,2026-04-21 19:24:00,1
TXN_009787,FIR_0003,ACCT_0060,ACCT_0070,75000,UPI,2026-05-02 00:59:00,0
TXN_009788,FIR_0020,ACCT_0021,ACCT_0066,250000,IMPS,2026-08-13 13:03:00,0
TXN_009789,FIR_0007,ACCT_0019,ACCT_0044,24000,cash_deposit,2026-06-28 19:49:00,0
TXN_009790,FIR_0011,ACCT_0034,ACCT_0059,5000,UPI,2026-05-04 19:44:00,0
TXN_009791,FIR_0020,ACCT_0056,ACCT_0033,250000,cash_deposit,2026-08-31 14:24:00,0
TXN_009792,FIR_0012,ACCT_0079,ACCT_0025,24000,cash_deposit,2026-04-01 07:20:00,0
TXN_009793,FIR_0027,ACCT_0024,ACCT_0055,24000,NEFT,2026-07-16 09:58:00,0
TXN_009794,FIR_0013,ACCT_0078,ACCT_0036,48000,cash_deposit,2026-04-04 09:42:00,1
TXN_009795,FIR_0016,ACCT_0035,ACCT_0066,9800,NEFT,2026-05-17 02:13:00,0
TXN_009796,FIR_0025,ACCT_0046,ACCT_0059,125000,IMPS,2026-07-11 19:46:00,0
TXN_009797,FIR_0025,ACCT_0074,ACCT_0035,24000,IMPS,2026-07-28 02:03:00,0
TXN_009798,FIR_0030,ACCT_0061,ACCT_0078,9800,IMPS,2026-04-10 00:45:00,0
TXN_009799,FIR_0009,ACCT_0069,ACCT_0002,75000,UPI,2026-01-07 06:42:00,0
TXN_009800,FIR_0024,ACCT_0041,ACCT_0075,49000,cash_deposit,2026-07-08 05:00:00,1
TXN_009801,FIR_0012,ACCT_0028,ACCT_0074,48000,NEFT,2026-06-17 03:23:00,1
TXN_009802,FIR_0005,ACCT_0070,ACCT_0025,75000,cash_deposit,2026-03-27 03:04:00,0
TXN_009803,FIR_0015,ACCT_0004,ACCT_0015,49000,cash_deposit,2026-04-08 00:56:00,1
TXN_009804,FIR_0030,ACCT_0054,ACCT_0061,75000,UPI,2026-05-24 08:39:00,0
TXN_009805,FIR_0025,ACCT_0016,ACCT_0074,9800,UPI,2026-05-21 09:00:00,0
TXN_009806,FIR_0019,ACCT_0003,ACCT_0065,49000,IMPS,2026-01-30 04:21:00,1
TXN_009807,FIR_0015,ACCT_0074,ACCT_0014,48000,IMPS,2026-03-17 04:16:00,1
TXN_009808,FIR_0030,ACCT_0024,ACCT_0018,49000,NEFT,2026-02-26 07:04:00,1
TXN_009809,FIR_0022,ACCT_0021,ACCT_0004,48000,UPI,2026-04-04 23:29:00,1
TXN_009810,FIR_0014,ACCT_0050,ACCT_0004,1200,NEFT,2026-07-22 00:12:00,0
TXN_009811,FIR_0017,ACCT_0013,ACCT_0001,49000,cash_deposit,2026-02-07 12:06:00,1
TXN_009812,FIR_0018,ACCT_0076,ACCT_0045,125000,IMPS,2026-04-20 09:34:00,0
TXN_009813,FIR_0019,ACCT_0015,ACCT_0051,24000,NEFT,2026-07-14 13:36:00,0
TXN_009814,FIR_0016,ACCT_0006,ACCT_0055,5000,NEFT,2026-02-27 17:17:00,0
TXN_009815,FIR_0026,ACCT_0068,ACCT_0080,5000,NEFT,2026-04-12 19:17:00,0
TXN_009816,FIR_0018,ACCT_0012,ACCT_0011,1200,cash_deposit,2026-04-18 18:24:00,0
TXN_009817,FIR_0016,ACCT_0005,ACCT_0038,125000,cash_deposit,2026-05-16 09:15:00,0
TXN_009818,FIR_0022,ACCT_0042,ACCT_0004,24000,NEFT,2026-05-13 13:48:00,0
TXN_009819,FIR_0019,ACCT_0024,ACCT_0020,49000,IMPS,2026-04-16 00:46:00,1
TXN_009820,FIR_0014,ACCT_0018,ACCT_0075,250000,IMPS,2026-02-28 21:37:00,0
TXN_009821,FIR_0018,ACCT_0047,ACCT_0001,48000,cash_deposit,2026-04-07 17:45:00,1
TXN_009822,FIR_0017,ACCT_0028,ACCT_0059,5000,cash_deposit,2026-08-27 19:53:00,0
TXN_009823,FIR_0014,ACCT_0075,ACCT_0055,24000,cash_deposit,2026-08-30 18:09:00,0
TXN_009824,FIR_0026,ACCT_0048,ACCT_0066,24000,NEFT,2026-04-09 18:39:00,0
TXN_009825,FIR_0022,ACCT_0069,ACCT_0045,125000,NEFT,2026-03-07 00:55:00,0
TXN_009826,FIR_0027,ACCT_0024,ACCT_0041,24000,IMPS,2026-06-01 18:23:00,0
TXN_009827,FIR_0011,ACCT_0017,ACCT_0047,24000,cash_deposit,2026-05-29 09:15:00,0
TXN_009828,FIR_0030,ACCT_0012,ACCT_0053,5000,IMPS,2026-02-19 04:43:00,0
TXN_009829,FIR_0019,ACCT_0066,ACCT_0056,125000,NEFT,2026-06-16 23:38:00,0
TXN_009830,FIR_0029,ACCT_0059,ACCT_0066,24000,IMPS,2026-04-11 01:45:00,0
TXN_009831,FIR_0010,ACCT_0076,ACCT_0046,48000,IMPS,2026-04-04 03:59:00,1
TXN_009832,FIR_0030,ACCT_0061,ACCT_0001,125000,NEFT,2026-03-17 14:50:00,0
TXN_009833,FIR_0003,ACCT_0075,ACCT_0041,75000,UPI,2026-05-21 04:19:00,0
TXN_009834,FIR_0030,ACCT_0041,ACCT_0063,1200,NEFT,2026-03-10 20:42:00,0
TXN_009835,FIR_0029,ACCT_0073,ACCT_0026,5000,IMPS,2026-07-11 02:53:00,0
TXN_009836,FIR_0011,ACCT_0002,ACCT_0023,1200,UPI,2026-06-09 18:38:00,0
TXN_009837,FIR_0004,ACCT_0012,ACCT_0068,5000,IMPS,2026-02-03 08:38:00,0
TXN_009838,FIR_0001,ACCT_0037,ACCT_0017,1200,IMPS,2026-04-05 18:29:00,0
TXN_009839,FIR_0011,ACCT_0080,ACCT_0038,75000,cash_deposit,2026-05-02 05:40:00,0
TXN_009840,FIR_0021,ACCT_0024,ACCT_0014,75000,cash_deposit,2026-07-03 16:29:00,0
TXN_009841,FIR_0028,ACCT_0005,ACCT_0043,125000,NEFT,2026-07-01 01:22:00,0
TXN_009842,FIR_0010,ACCT_0050,ACCT_0022,24000,IMPS,2026-07-30 19:51:00,0
TXN_009843,FIR_0016,ACCT_0033,ACCT_0046,5000,UPI,2026-02-02 21:43:00,0
TXN_009844,FIR_0023,ACCT_0055,ACCT_0012,250000,IMPS,2026-03-22 14:58:00,0
TXN_009845,FIR_0005,ACCT_0002,ACCT_0078,75000,IMPS,2026-08-02 10:59:00,0
TXN_009846,FIR_0019,ACCT_0079,ACCT_0033,125000,IMPS,2026-03-23 02:08:00,0
TXN_009847,FIR_0011,ACCT_0073,ACCT_0018,250000,NEFT,2026-05-31 11:39:00,0
TXN_009848,FIR_0011,ACCT_0015,ACCT_0049,1200,UPI,2026-04-11 16:13:00,0
TXN_009849,FIR_0008,ACCT_0068,ACCT_0022,48000,cash_deposit,2026-08-17 07:43:00,1
TXN_009850,FIR_0012,ACCT_0058,ACCT_0024,9800,IMPS,2026-06-21 05:28:00,0
TXN_009851,FIR_0014,ACCT_0069,ACCT_0039,49000,UPI,2026-04-07 13:56:00,1
TXN_009852,FIR_0024,ACCT_0057,ACCT_0051,75000,IMPS,2026-05-06 02:02:00,0
TXN_009853,FIR_0012,ACCT_0025,ACCT_0055,250000,NEFT,2026-02-18 03:22:00,0
TXN_009854,FIR_0003,ACCT_0042,ACCT_0040,5000,NEFT,2026-01-05 18:38:00,0
TXN_009855,FIR_0002,ACCT_0072,ACCT_0062,48000,cash_deposit,2026-08-13 20:20:00,1
TXN_009856,FIR_0029,ACCT_0077,ACCT_0062,125000,IMPS,2026-05-13 12:47:00,0
TXN_009857,FIR_0021,ACCT_0020,ACCT_0007,125000,NEFT,2026-05-01 09:15:00,0
TXN_009858,FIR_0001,ACCT_0043,ACCT_0020,9800,UPI,2026-01-01 14:08:00,0
TXN_009859,FIR_0009,ACCT_0026,ACCT_0004,5000,IMPS,2026-01-28 02:13:00,0
TXN_009860,FIR_0029,ACCT_0045,ACCT_0027,48000,IMPS,2026-05-12 19:36:00,1
TXN_009861,FIR_0016,ACCT_0002,ACCT_0039,48000,IMPS,2026-06-11 17:31:00,1
TXN_009862,FIR_0004,ACCT_0043,ACCT_0052,1200,IMPS,2026-05-27 11:49:00,0
TXN_009863,FIR_0008,ACCT_0016,ACCT_0035,75000,UPI,2026-01-09 02:35:00,0
TXN_009864,FIR_0026,ACCT_0023,ACCT_0018,9800,UPI,2026-01-04 14:38:00,0
TXN_009865,FIR_0029,ACCT_0045,ACCT_0071,1200,cash_deposit,2026-07-10 22:03:00,0
TXN_009866,FIR_0025,ACCT_0045,ACCT_0011,5000,cash_deposit,2026-03-22 04:49:00,0
TXN_009867,FIR_0013,ACCT_0041,ACCT_0068,48000,NEFT,2026-01-05 18:32:00,1
TXN_009868,FIR_0009,ACCT_0057,ACCT_0049,24000,cash_deposit,2026-06-01 02:15:00,0
TXN_009869,FIR_0023,ACCT_0031,ACCT_0004,125000,cash_deposit,2026-01-24 02:08:00,0
TXN_009870,FIR_0028,ACCT_0007,ACCT_0012,250000,NEFT,2026-05-04 05:15:00,0
TXN_009871,FIR_0026,ACCT_0075,ACCT_0073,5000,NEFT,2026-02-06 08:44:00,0
TXN_009872,FIR_0004,ACCT_0035,ACCT_0018,1200,cash_deposit,2026-08-11 04:40:00,0
TXN_009873,FIR_0002,ACCT_0080,ACCT_0037,48000,NEFT,2026-07-23 13:30:00,1
TXN_009874,FIR_0014,ACCT_0073,ACCT_0042,24000,UPI,2026-03-30 01:15:00,0
TXN_009875,FIR_0005,ACCT_0032,ACCT_0027,125000,IMPS,2026-03-07 05:37:00,0
TXN_009876,FIR_0026,ACCT_0022,ACCT_0005,24000,cash_deposit,2026-07-29 12:33:00,0
TXN_009877,FIR_0025,ACCT_0068,ACCT_0021,75000,NEFT,2026-03-19 13:10:00,0
TXN_009878,FIR_0008,ACCT_0056,ACCT_0012,24000,IMPS,2026-04-02 22:15:00,0
TXN_009879,FIR_0025,ACCT_0061,ACCT_0047,5000,UPI,2026-05-12 09:51:00,0
TXN_009880,FIR_0001,ACCT_0037,ACCT_0064,49000,cash_deposit,2026-04-13 08:06:00,1
TXN_009881,FIR_0029,ACCT_0020,ACCT_0019,1200,UPI,2026-06-23 17:35:00,0
TXN_009882,FIR_0026,ACCT_0020,ACCT_0005,49000,IMPS,2026-04-11 09:07:00,1
TXN_009883,FIR_0018,ACCT_0002,ACCT_0073,5000,NEFT,2026-06-27 01:20:00,0
TXN_009884,FIR_0024,ACCT_0007,ACCT_0002,1200,IMPS,2026-06-23 04:59:00,0
TXN_009885,FIR_0019,ACCT_0037,ACCT_0012,49000,cash_deposit,2026-07-15 16:15:00,1
TXN_009886,FIR_0014,ACCT_0034,ACCT_0073,48000,UPI,2026-02-23 04:59:00,1
TXN_009887,FIR_0001,ACCT_0025,ACCT_0034,75000,IMPS,2026-04-02 16:48:00,0
TXN_009888,FIR_0009,ACCT_0012,ACCT_0008,5000,NEFT,2026-06-09 12:31:00,0
TXN_009889,FIR_0011,ACCT_0078,ACCT_0067,125000,NEFT,2026-04-02 11:04:00,0
TXN_009890,FIR_0022,ACCT_0077,ACCT_0073,9800,UPI,2026-02-16 16:56:00,0
TXN_009891,FIR_0005,ACCT_0074,ACCT_0051,24000,cash_deposit,2026-05-08 02:03:00,0
TXN_009892,FIR_0009,ACCT_0078,ACCT_0038,48000,UPI,2026-03-14 07:46:00,1
TXN_009893,FIR_0011,ACCT_0074,ACCT_0070,49000,IMPS,2026-08-10 12:28:00,1
TXN_009894,FIR_0027,ACCT_0071,ACCT_0048,9800,IMPS,2026-01-05 17:03:00,0
TXN_009895,FIR_0001,ACCT_0033,ACCT_0026,48000,NEFT,2026-08-04 22:43:00,1
TXN_009896,FIR_0011,ACCT_0041,ACCT_0058,1200,cash_deposit,2026-02-01 01:18:00,0
TXN_009897,FIR_0020,ACCT_0015,ACCT_0069,1200,cash_deposit,2026-05-27 04:49:00,0
TXN_009898,FIR_0005,ACCT_0050,ACCT_0026,9800,IMPS,2026-05-20 21:57:00,0
TXN_009899,FIR_0007,ACCT_0039,ACCT_0026,9800,UPI,2026-05-18 19:51:00,0
TXN_009900,FIR_0029,ACCT_0010,ACCT_0066,5000,NEFT,2026-06-15 11:06:00,0
TXN_009901,FIR_0016,ACCT_0008,ACCT_0031,48000,cash_deposit,2026-02-22 15:47:00,1
TXN_009902,FIR_0022,ACCT_0056,ACCT_0062,9800,IMPS,2026-02-26 19:21:00,0
TXN_009903,FIR_0018,ACCT_0043,ACCT_0077,24000,NEFT,2026-03-24 10:06:00,0
TXN_009904,FIR_0023,ACCT_0070,ACCT_0012,250000,UPI,2026-06-14 13:10:00,0
TXN_009905,FIR_0030,ACCT_0080,ACCT_0009,250000,NEFT,2026-03-13 10:28:00,0
TXN_009906,FIR_0002,ACCT_0018,ACCT_0030,125000,cash_deposit,2026-01-14 13:50:00,0
TXN_009907,FIR_0001,ACCT_0055,ACCT_0006,48000,IMPS,2026-04-05 20:34:00,1
TXN_009908,FIR_0020,ACCT_0074,ACCT_0044,1200,NEFT,2026-02-20 13:38:00,0
TXN_009909,FIR_0019,ACCT_0062,ACCT_0059,9800,IMPS,2026-07-31 21:57:00,0
TXN_009910,FIR_0019,ACCT_0006,ACCT_0018,1200,UPI,2026-01-25 06:36:00,0
TXN_009911,FIR_0014,ACCT_0016,ACCT_0002,1200,cash_deposit,2026-04-06 06:01:00,0
TXN_009912,FIR_0015,ACCT_0058,ACCT_0072,250000,cash_deposit,2026-07-11 18:08:00,0
TXN_009913,FIR_0019,ACCT_0049,ACCT_0020,125000,IMPS,2026-02-11 13:25:00,0
TXN_009914,FIR_0025,ACCT_0015,ACCT_0006,75000,IMPS,2026-03-12 00:55:00,0
TXN_009915,FIR_0006,ACCT_0072,ACCT_0077,48000,NEFT,2026-03-20 03:38:00,1
TXN_009916,FIR_0020,ACCT_0022,ACCT_0026,48000,cash_deposit,2026-08-15 07:02:00,1
TXN_009917,FIR_0018,ACCT_0055,ACCT_0008,48000,NEFT,2026-03-16 18:37:00,1
TXN_009918,FIR_0011,ACCT_0034,ACCT_0046,5000,cash_deposit,2026-06-19 06:51:00,0
TXN_009919,FIR_0025,ACCT_0028,ACCT_0061,49000,NEFT,2026-03-17 22:33:00,1
TXN_009920,FIR_0011,ACCT_0054,ACCT_0010,250000,UPI,2026-01-11 02:37:00,0
TXN_009921,FIR_0021,ACCT_0002,ACCT_0024,5000,UPI,2026-05-29 20:20:00,0
TXN_009922,FIR_0024,ACCT_0054,ACCT_0013,49000,UPI,2026-03-28 03:46:00,1
TXN_009923,FIR_0020,ACCT_0051,ACCT_0056,125000,IMPS,2026-07-04 21:17:00,0
TXN_009924,FIR_0013,ACCT_0016,ACCT_0006,9800,IMPS,2026-05-26 20:43:00,0
TXN_009925,FIR_0017,ACCT_0019,ACCT_0006,75000,UPI,2026-05-18 17:11:00,0
TXN_009926,FIR_0001,ACCT_0058,ACCT_0036,250000,UPI,2026-02-15 19:52:00,0
TXN_009927,FIR_0005,ACCT_0074,ACCT_0028,5000,UPI,2026-02-22 03:06:00,0
TXN_009928,FIR_0018,ACCT_0067,ACCT_0041,49000,NEFT,2026-06-01 04:38:00,1
TXN_009929,FIR_0006,ACCT_0022,ACCT_0045,24000,NEFT,2026-08-06 12:57:00,0
TXN_009930,FIR_0007,ACCT_0028,ACCT_0070,5000,NEFT,2026-04-13 17:17:00,0
TXN_009931,FIR_0008,ACCT_0019,ACCT_0046,24000,UPI,2026-07-26 06:03:00,0
TXN_009932,FIR_0023,ACCT_0071,ACCT_0002,75000,NEFT,2026-03-10 03:57:00,0
TXN_009933,FIR_0022,ACCT_0063,ACCT_0040,5000,UPI,2026-07-29 20:02:00,0
TXN_009934,FIR_0017,ACCT_0017,ACCT_0005,75000,IMPS,2026-08-02 17:19:00,0
TXN_009935,FIR_0009,ACCT_0015,ACCT_0013,49000,cash_deposit,2026-07-25 05:18:00,1
TXN_009936,FIR_0002,ACCT_0073,ACCT_0024,75000,IMPS,2026-08-19 07:21:00,0
TXN_009937,FIR_0007,ACCT_0060,ACCT_0077,1200,cash_deposit,2026-04-18 10:58:00,0
TXN_009938,FIR_0004,ACCT_0037,ACCT_0061,250000,cash_deposit,2026-03-04 13:32:00,0
TXN_009939,FIR_0006,ACCT_0019,ACCT_0009,75000,IMPS,2026-06-12 17:53:00,0
TXN_009940,FIR_0030,ACCT_0067,ACCT_0043,48000,cash_deposit,2026-07-01 21:24:00,1
TXN_009941,FIR_0030,ACCT_0061,ACCT_0049,75000,UPI,2026-04-17 12:46:00,0
TXN_009942,FIR_0025,ACCT_0047,ACCT_0063,125000,IMPS,2026-06-27 00:05:00,0
TXN_009943,FIR_0016,ACCT_0007,ACCT_0075,9800,IMPS,2026-01-21 04:03:00,0
TXN_009944,FIR_0023,ACCT_0002,ACCT_0025,9800,UPI,2026-01-20 15:12:00,0
TXN_009945,FIR_0021,ACCT_0013,ACCT_0001,48000,UPI,2026-05-09 06:01:00,1
TXN_009946,FIR_0021,ACCT_0025,ACCT_0001,5000,UPI,2026-04-06 08:18:00,0
TXN_009947,FIR_0023,ACCT_0054,ACCT_0048,1200,UPI,2026-08-29 07:20:00,0
TXN_009948,FIR_0015,ACCT_0069,ACCT_0030,48000,IMPS,2026-01-20 22:14:00,1
TXN_009949,FIR_0003,ACCT_0030,ACCT_0014,9800,cash_deposit,2026-05-03 04:28:00,0
TXN_009950,FIR_0018,ACCT_0076,ACCT_0071,9800,cash_deposit,2026-08-07 21:16:00,0
TXN_009951,FIR_0023,ACCT_0051,ACCT_0075,49000,IMPS,2026-04-27 15:29:00,1
TXN_009952,FIR_0022,ACCT_0080,ACCT_0004,49000,UPI,2026-03-12 14:08:00,1
TXN_009953,FIR_0008,ACCT_0005,ACCT_0041,24000,cash_deposit,2026-08-13 07:41:00,0
TXN_009954,FIR_0024,ACCT_0036,ACCT_0075,5000,IMPS,2026-06-20 23:12:00,0
TXN_009955,FIR_0014,ACCT_0052,ACCT_0033,24000,IMPS,2026-05-27 07:09:00,0
TXN_009956,FIR_0008,ACCT_0066,ACCT_0080,48000,UPI,2026-07-31 17:51:00,1
TXN_009957,FIR_0020,ACCT_0080,ACCT_0057,125000,cash_deposit,2026-07-03 03:04:00,0
TXN_009958,FIR_0023,ACCT_0035,ACCT_0068,125000,cash_deposit,2026-02-21 21:39:00,0
TXN_009959,FIR_0002,ACCT_0042,ACCT_0080,48000,cash_deposit,2026-08-09 07:34:00,1
TXN_009960,FIR_0028,ACCT_0009,ACCT_0049,49000,IMPS,2026-07-26 21:51:00,1
TXN_009961,FIR_0009,ACCT_0051,ACCT_0034,75000,IMPS,2026-03-28 21:53:00,0
TXN_009962,FIR_0013,ACCT_0040,ACCT_0061,9800,UPI,2026-05-27 03:14:00,0
TXN_009963,FIR_0001,ACCT_0058,ACCT_0036,24000,NEFT,2026-08-17 03:44:00,0
TXN_009964,FIR_0016,ACCT_0064,ACCT_0071,75000,cash_deposit,2026-01-03 18:20:00,0
TXN_009965,FIR_0014,ACCT_0023,ACCT_0037,9800,UPI,2026-06-20 15:14:00,0
TXN_009966,FIR_0012,ACCT_0031,ACCT_0073,24000,UPI,2026-03-23 12:34:00,0
TXN_009967,FIR_0010,ACCT_0057,ACCT_0050,125000,cash_deposit,2026-04-19 07:53:00,0
TXN_009968,FIR_0021,ACCT_0076,ACCT_0066,24000,UPI,2026-02-21 13:10:00,0
TXN_009969,FIR_0023,ACCT_0070,ACCT_0043,75000,UPI,2026-08-08 06:35:00,0
TXN_009970,FIR_0004,ACCT_0069,ACCT_0064,250000,NEFT,2026-04-19 10:15:00,0
TXN_009971,FIR_0009,ACCT_0012,ACCT_0037,49000,cash_deposit,2026-05-18 17:58:00,1
TXN_009972,FIR_0002,ACCT_0066,ACCT_0034,48000,cash_deposit,2026-03-04 23:44:00,1
TXN_009973,FIR_0030,ACCT_0046,ACCT_0057,48000,IMPS,2026-08-09 13:34:00,1
TXN_009974,FIR_0025,ACCT_0052,ACCT_0015,250000,NEFT,2026-06-17 11:18:00,0
TXN_009975,FIR_0027,ACCT_0054,ACCT_0005,5000,IMPS,2026-05-15 01:23:00,0
TXN_009976,FIR_0015,ACCT_0045,ACCT_0067,75000,IMPS,2026-06-10 16:42:00,0
TXN_009977,FIR_0028,ACCT_0019,ACCT_0040,5000,NEFT,2026-07-18 16:46:00,0
TXN_009978,FIR_0012,ACCT_0030,ACCT_0079,48000,UPI,2026-01-24 08:36:00,1
TXN_009979,FIR_0011,ACCT_0047,ACCT_0016,49000,UPI,2026-03-04 14:16:00,1
TXN_009980,FIR_0009,ACCT_0067,ACCT_0074,250000,UPI,2026-01-07 18:02:00,0
TXN_009981,FIR_0014,ACCT_0042,ACCT_0041,75000,cash_deposit,2026-02-17 15:12:00,0
TXN_009982,FIR_0016,ACCT_0051,ACCT_0015,24000,cash_deposit,2026-06-22 04:01:00,0
TXN_009983,FIR_0009,ACCT_0060,ACCT_0038,1200,UPI,2026-03-11 13:40:00,0
TXN_009984,FIR_0014,ACCT_0075,ACCT_0029,49000,UPI,2026-07-13 14:15:00,1
TXN_009985,FIR_0007,ACCT_0020,ACCT_0027,48000,UPI,2026-07-08 04:54:00,1
TXN_009986,FIR_0022,ACCT_0007,ACCT_0055,250000,UPI,2026-03-25 10:39:00,0
TXN_009987,FIR_0006,ACCT_0053,ACCT_0019,1200,UPI,2026-02-19 02:50:00,0
TXN_009988,FIR_0007,ACCT_0052,ACCT_0005,49000,NEFT,2026-06-25 05:04:00,1
TXN_009989,FIR_0025,ACCT_0070,ACCT_0065,5000,UPI,2026-06-10 10:24:00,0
TXN_009990,FIR_0003,ACCT_0007,ACCT_0013,48000,NEFT,2026-07-04 04:11:00,1
TXN_009991,FIR_0015,ACCT_0031,ACCT_0051,125000,IMPS,2026-07-15 12:39:00,0
TXN_009992,FIR_0013,ACCT_0030,ACCT_0072,9800,cash_deposit,2026-05-03 09:37:00,0
TXN_009993,FIR_0025,ACCT_0022,ACCT_0023,24000,IMPS,2026-04-19 17:53:00,0
TXN_009994,FIR_0020,ACCT_0028,ACCT_0005,250000,cash_deposit,2026-02-22 04:29:00,0
TXN_009995,FIR_0003,ACCT_0047,ACCT_0052,125000,IMPS,2026-03-14 02:54:00,0
TXN_009996,FIR_0021,ACCT_0001,ACCT_0049,5000,UPI,2026-05-12 16:36:00,0
TXN_009997,FIR_0012,ACCT_0017,ACCT_0036,250000,cash_deposit,2026-02-27 07:41:00,0
TXN_009998,FIR_0016,ACCT_0068,ACCT_0036,125000,IMPS,2026-03-24 14:40:00,0
TXN_009999,FIR_0028,ACCT_0026,ACCT_0019,1200,NEFT,2026-04-30 19:39:00,0
TXN_010000,FIR_0017,ACCT_0071,ACCT_0026,5000,IMPS,2026-05-18 12:29:00,0
